<?xml version="1.0" encoding="UTF-8" standalone="no"?>


<!DOCTYPE paula SYSTEM "paula_mark.dtd">
<paula version="1.0">

<header paula_id="exmaralda.85DEU-B01TDT-00X9100_glossSeg"/>

<markList xmlns:xlink="http://www.w3.org/1999/xlink" type="glossSeg" xml:base="exmaralda.85DEU-B01TDT-00X9100.tok.xml">

<mark id="glossSeg_1" xlink:href="#tok_1"/><!-- Was -->
<mark id="glossSeg_2" xlink:href="#tok_3"/><!-- hat -->
<mark id="glossSeg_3" xlink:href="#tok_4"/><!-- die -->
<mark id="glossSeg_4" xlink:href="#tok_5"/><!-- Frau -->
<mark id="glossSeg_5" xlink:href="#tok_6"/><!-- getan -->
<mark id="glossSeg_6" xlink:href="#tok_8"/><!-- Die -->
<mark id="glossSeg_7" xlink:href="#tok_9"/><!-- Frau -->
<mark id="glossSeg_8" xlink:href="#tok_10"/><!-- hat -->
<mark id="glossSeg_9" xlink:href="#tok_11"/><!-- Lammcurry -->
<mark id="glossSeg_10" xlink:href="#tok_12"/><!-- gekocht -->
</markList>

</paula>
