<?xml version="1.0" encoding="UTF-8" standalone="no"?>


<!DOCTYPE paula SYSTEM "paula_feat.dtd">
<paula version="1.0">

<header paula_id="exmaralda.85DEU-B01TDT-00X9100_pos"/>

<featList xmlns:xlink="http://www.w3.org/1999/xlink" type="pos" xml:base="exmaralda.85DEU-B01TDT-00X9100.posSeg.xml">

<feat xlink:href="#posSeg_1" value="PRONINT"/><!-- Was -->
<feat xlink:href="#posSeg_2" value="VAUX"/><!-- hat -->
<feat xlink:href="#posSeg_3" value="DET"/><!-- die -->
<feat xlink:href="#posSeg_4" value="NCOM"/><!-- Frau -->
<feat xlink:href="#posSeg_5" value="VTR"/><!-- getan -->
<feat xlink:href="#posSeg_6" value="DET"/><!-- Die -->
<feat xlink:href="#posSeg_7" value="NCOM"/><!-- Frau -->
<feat xlink:href="#posSeg_8" value="VAUX"/><!-- hat -->
<feat xlink:href="#posSeg_9" value="NCOM"/><!-- Lammcurry -->
<feat xlink:href="#posSeg_10" value="VTR"/><!-- gekocht -->
</featList>

</paula>
