<?xml version="1.0" encoding="UTF-8" standalone="no"?>


<!DOCTYPE paula SYSTEM "paula_feat.dtd">
<paula version="1.0">

<header paula_id="exmaralda.85DEU-B01TDT-00X9100_gloss"/>

<featList xmlns:xlink="http://www.w3.org/1999/xlink" type="gloss" xml:base="exmaralda.85DEU-B01TDT-00X9100.glossSeg.xml">

<feat xlink:href="#glossSeg_1" value="what.SG[ACC]"/><!-- Was -->
<feat xlink:href="#glossSeg_2" value="have:3.SG"/><!-- hat -->
<feat xlink:href="#glossSeg_3" value="DEF:F.SG.NOM"/><!-- die -->
<feat xlink:href="#glossSeg_4" value="woman.F[SG.NOM]"/><!-- Frau -->
<feat xlink:href="#glossSeg_5" value="do:PTCP.PRF"/><!-- getan -->
<feat xlink:href="#glossSeg_6" value="DEF:F.SG.NOM"/><!-- Die -->
<feat xlink:href="#glossSeg_7" value="woman.F[SG.NOM]"/><!-- Frau -->
<feat xlink:href="#glossSeg_8" value="have:3.SG"/><!-- hat -->
<feat xlink:href="#glossSeg_9" value="lamb-curry.N[SG.ACC]"/><!-- Lammcurry -->
<feat xlink:href="#glossSeg_10" value="PTCP.PRF_1-cook-_1"/><!-- gekocht -->
</featList>

</paula>
