<?xml version="1.0" encoding="UTF-8" standalone="no"?>


<!DOCTYPE paula SYSTEM "paula_feat.dtd">
<paula version="1.0">

<header paula_id="exmaralda.85DEU-B01TDT-00X9100_stress"/>

<featList xmlns:xlink="http://www.w3.org/1999/xlink" type="stress" xml:base="exmaralda.85DEU-B01TDT-00X9100.stressSeg.xml">

<feat xlink:href="#stressSeg_1" value="1"/><!-- Was -->
<feat xlink:href="#stressSeg_2" value="1"/><!-- Frau -->
<feat xlink:href="#stressSeg_3" value="0#1"/><!-- getan -->
<feat xlink:href="#stressSeg_4" value="1"/><!-- Frau -->
<feat xlink:href="#stressSeg_5" value="1#2#0"/><!-- Lammcurry -->
<feat xlink:href="#stressSeg_6" value="0#1"/><!-- gekocht -->
</featList>

</paula>
