<?xml version="1.0" encoding="UTF-8" standalone="no"?>


<!DOCTYPE paula SYSTEM "paula_mark.dtd">
<paula version="1.0">

<header paula_id="exmaralda.85DEU-B01TDT-00X9100_accentSeg"/>

<markList xmlns:xlink="http://www.w3.org/1999/xlink" type="accentSeg" xml:base="exmaralda.85DEU-B01TDT-00X9100.tok.xml">

<mark id="accentSeg_1" xlink:href="#tok_1"/><!-- Was -->
<mark id="accentSeg_2" xlink:href="#tok_5"/><!-- Frau -->
<mark id="accentSeg_3" xlink:href="#tok_6"/><!-- getan -->
<mark id="accentSeg_4" xlink:href="#tok_11"/><!-- Lammcurry -->
<mark id="accentSeg_5" xlink:href="#tok_12"/><!-- gekocht -->
</markList>

</paula>
