<?xml version="1.0" encoding="UTF-8" standalone="no"?>


<!DOCTYPE paula SYSTEM "paula_mark.dtd">
<paula version="1.0">

<header paula_id="exmaralda.85DEU-B01TDT-00X9100_cs1Seg"/>

<markList xmlns:xlink="http://www.w3.org/1999/xlink" type="cs1Seg" xml:base="exmaralda.85DEU-B01TDT-00X9100.tok.xml">

<mark id="cs1Seg_1" xlink:href="#tok_1"/><!-- Was -->
<mark id="cs1Seg_2" xlink:href="#xpointer(id('tok_4')/range-to(id('tok_5')))"/><!-- die...Frau -->
<mark id="cs1Seg_3" xlink:href="#tok_6"/><!-- getan -->
<mark id="cs1Seg_4" xlink:href="#xpointer(id('tok_8')/range-to(id('tok_9')))"/><!-- Die...Frau -->
<mark id="cs1Seg_5" xlink:href="#tok_11"/><!-- Lammcurry -->
<mark id="cs1Seg_6" xlink:href="#tok_12"/><!-- gekocht -->
</markList>

</paula>
