<?xml version="1.0" standalone="no"?>
<!DOCTYPE paula SYSTEM "paula_mark.dtd">


<paula version="1.0">
<header paula_id="exmaralda.85DEU-B01TDT-00X9100_tok"/>

<markList xmlns:xlink="http://www.w3.org/1999/xlink" type="tok" xml:base="exmaralda.85DEU-B01TDT-00X9100.text.xml">
<mark id="tok_1" xlink:href="#xpointer(string-range(//body,'',1,3))"/><!-- Was -->
<mark id="tok_2" xlink:href="#xpointer(string-range(//body,'',5,0))"/><!--  -->
<mark id="tok_3" xlink:href="#xpointer(string-range(//body,'',6,3))"/><!-- hat -->
<mark id="tok_4" xlink:href="#xpointer(string-range(//body,'',10,3))"/><!-- die -->
<mark id="tok_5" xlink:href="#xpointer(string-range(//body,'',14,4))"/><!-- Frau -->
<mark id="tok_6" xlink:href="#xpointer(string-range(//body,'',19,5))"/><!-- getan -->
<mark id="tok_7" xlink:href="#xpointer(string-range(//body,'',25,1))"/><!-- ? -->
<mark id="tok_8" xlink:href="#xpointer(string-range(//body,'',27,3))"/><!-- Die -->
<mark id="tok_9" xlink:href="#xpointer(string-range(//body,'',31,4))"/><!-- Frau -->
<mark id="tok_10" xlink:href="#xpointer(string-range(//body,'',36,3))"/><!-- hat -->
<mark id="tok_11" xlink:href="#xpointer(string-range(//body,'',40,9))"/><!-- Lammcurry -->
<mark id="tok_12" xlink:href="#xpointer(string-range(//body,'',50,7))"/><!-- gekocht -->
<mark id="tok_13" xlink:href="#xpointer(string-range(//body,'',58,1))"/><!-- . -->
</markList>
</paula>
