<?xml version="1.0" encoding="UTF-8" standalone="no"?>


<!DOCTYPE paula SYSTEM "paula_feat.dtd">
<paula version="1.0">

<header paula_id="exmaralda.85DEU-B01TDT-00X9100_cs1"/>

<featList xmlns:xlink="http://www.w3.org/1999/xlink" type="cs1" xml:base="exmaralda.85DEU-B01TDT-00X9100.cs1Seg.xml">

<feat xlink:href="#cs1Seg_1" value="NP"/><!-- Was -->
<feat xlink:href="#cs1Seg_2" value="NP"/><!-- die...Frau -->
<feat xlink:href="#cs1Seg_3" value="V"/><!-- getan -->
<feat xlink:href="#cs1Seg_4" value="NP"/><!-- Die...Frau -->
<feat xlink:href="#cs1Seg_5" value="NP"/><!-- Lammcurry -->
<feat xlink:href="#cs1Seg_6" value="V"/><!-- gekocht -->
</featList>

</paula>
