<?xml version="1.0" encoding="UTF-8" standalone="no"?>


<!DOCTYPE paula SYSTEM "paula_mark.dtd">
<paula version="1.0">

<header paula_id="exmaralda.85DEU-B01TDT-00X9100_posSeg"/>

<markList xmlns:xlink="http://www.w3.org/1999/xlink" type="posSeg" xml:base="exmaralda.85DEU-B01TDT-00X9100.tok.xml">

<mark id="posSeg_1" xlink:href="#tok_1"/><!-- Was -->
<mark id="posSeg_2" xlink:href="#tok_3"/><!-- hat -->
<mark id="posSeg_3" xlink:href="#tok_4"/><!-- die -->
<mark id="posSeg_4" xlink:href="#tok_5"/><!-- Frau -->
<mark id="posSeg_5" xlink:href="#tok_6"/><!-- getan -->
<mark id="posSeg_6" xlink:href="#tok_8"/><!-- Die -->
<mark id="posSeg_7" xlink:href="#tok_9"/><!-- Frau -->
<mark id="posSeg_8" xlink:href="#tok_10"/><!-- hat -->
<mark id="posSeg_9" xlink:href="#tok_11"/><!-- Lammcurry -->
<mark id="posSeg_10" xlink:href="#tok_12"/><!-- gekocht -->
</markList>

</paula>
