<?xml version="1.0" encoding="UTF-8" standalone="no"?>


<!DOCTYPE paula SYSTEM "paula_feat.dtd">
<paula version="1.0">

<header paula_id="exmaralda.85DEU-B01TDT-00X9100_accent"/>

<featList xmlns:xlink="http://www.w3.org/1999/xlink" type="accent" xml:base="exmaralda.85DEU-B01TDT-00X9100.accentSeg.xml">

<feat xlink:href="#accentSeg_1" value="1"/><!-- Was -->
<feat xlink:href="#accentSeg_2" value="1"/><!-- Frau -->
<feat xlink:href="#accentSeg_3" value="0#2"/><!-- getan -->
<feat xlink:href="#accentSeg_4" value="1#0#0"/><!-- Lammcurry -->
<feat xlink:href="#accentSeg_5" value="0#2"/><!-- gekocht -->
</featList>

</paula>
