<?xml version="1.0" encoding="UTF-8" standalone="no"?>


<!DOCTYPE paula SYSTEM "paula_feat.dtd">
<paula version="1.0">

<header paula_id="exmaralda.85DEU-B01TDT-00X9100_phones"/>

<featList xmlns:xlink="http://www.w3.org/1999/xlink" type="phones" xml:base="exmaralda.85DEU-B01TDT-00X9100.phonesSeg.xml">

<feat xlink:href="#phonesSeg_1" value="vas"/><!-- Was -->
<feat xlink:href="#phonesSeg_2" value="hat"/><!-- hat -->
<feat xlink:href="#phonesSeg_3" value="di:"/><!-- die -->
<feat xlink:href="#phonesSeg_4" value="fRaU"/><!-- Frau -->
<feat xlink:href="#phonesSeg_5" value="g@#ta:n"/><!-- getan -->
<feat xlink:href="#phonesSeg_6" value="di:"/><!-- Die -->
<feat xlink:href="#phonesSeg_7" value="fRaU"/><!-- Frau -->
<feat xlink:href="#phonesSeg_8" value="hat"/><!-- hat -->
<feat xlink:href="#phonesSeg_9" value="lam#k9#Ri"/><!-- Lammcurry -->
<feat xlink:href="#phonesSeg_10" value="g@#kOXt"/><!-- gekocht -->
</featList>

</paula>
