<?xml version="1.0" encoding="UTF-8" standalone="no"?>


<!DOCTYPE paula SYSTEM "paula_feat.dtd">
<paula version="1.0">

<header paula_id="exmaralda.85DEU-B01TDT-00X9100_morph"/>

<featList xmlns:xlink="http://www.w3.org/1999/xlink" type="morph" xml:base="exmaralda.85DEU-B01TDT-00X9100.morphSeg.xml">

<feat xlink:href="#morphSeg_1" value="Was"/><!-- Was -->
<feat xlink:href="#morphSeg_2" value="hat"/><!-- hat -->
<feat xlink:href="#morphSeg_3" value="die"/><!-- die -->
<feat xlink:href="#morphSeg_4" value="Frau"/><!-- Frau -->
<feat xlink:href="#morphSeg_5" value="getan"/><!-- getan -->
<feat xlink:href="#morphSeg_6" value="Die"/><!-- Die -->
<feat xlink:href="#morphSeg_7" value="Frau"/><!-- Frau -->
<feat xlink:href="#morphSeg_8" value="hat"/><!-- hat -->
<feat xlink:href="#morphSeg_9" value="Lamm-curry"/><!-- Lammcurry -->
<feat xlink:href="#morphSeg_10" value="ge-koch-t"/><!-- gekocht -->
</featList>

</paula>
