<?xml version="1.0" encoding="UTF-8" standalone="no"?>


<!DOCTYPE paula SYSTEM "paula_mark.dtd">
<paula version="1.0">

<header paula_id="exmaralda.85DEU-B01TDT-00X9100_stressSeg"/>

<markList xmlns:xlink="http://www.w3.org/1999/xlink" type="stressSeg" xml:base="exmaralda.85DEU-B01TDT-00X9100.tok.xml">

<mark id="stressSeg_1" xlink:href="#tok_1"/><!-- Was -->
<mark id="stressSeg_2" xlink:href="#tok_5"/><!-- Frau -->
<mark id="stressSeg_3" xlink:href="#tok_6"/><!-- getan -->
<mark id="stressSeg_4" xlink:href="#tok_9"/><!-- Frau -->
<mark id="stressSeg_5" xlink:href="#tok_11"/><!-- Lammcurry -->
<mark id="stressSeg_6" xlink:href="#tok_12"/><!-- gekocht -->
</markList>

</paula>
