<?xml version="1.0" encoding="UTF-8" standalone="no"?>


<!DOCTYPE paula SYSTEM "paula_mark.dtd">
<paula version="1.0">

<header paula_id="exmaralda.85DEU-B01TDT-00X9100_int-tonesSeg"/>

<markList xmlns:xlink="http://www.w3.org/1999/xlink" type="int-tonesSeg" xml:base="exmaralda.85DEU-B01TDT-00X9100.tok.xml">

<mark id="int-tonesSeg_1" xlink:href="#tok_1"/><!-- Was -->
<mark id="int-tonesSeg_2" xlink:href="#tok_2"/><!--  -->
<mark id="int-tonesSeg_3" xlink:href="#tok_6"/><!-- getan -->
<mark id="int-tonesSeg_4" xlink:href="#tok_7"/><!-- ? -->
<mark id="int-tonesSeg_5" xlink:href="#tok_11"/><!-- Lammcurry -->
<mark id="int-tonesSeg_6" xlink:href="#tok_13"/><!-- . -->
</markList>

</paula>
