<?xml version="1.0" encoding="UTF-8" standalone="no"?>


<!DOCTYPE paula SYSTEM "paula_mark.dtd">
<paula version="1.0">

<header paula_id="exmaralda.85DEU-B01TDT-00X9100_phonesSeg"/>

<markList xmlns:xlink="http://www.w3.org/1999/xlink" type="phonesSeg" xml:base="exmaralda.85DEU-B01TDT-00X9100.tok.xml">

<mark id="phonesSeg_1" xlink:href="#tok_1"/><!-- Was -->
<mark id="phonesSeg_2" xlink:href="#tok_3"/><!-- hat -->
<mark id="phonesSeg_3" xlink:href="#tok_4"/><!-- die -->
<mark id="phonesSeg_4" xlink:href="#tok_5"/><!-- Frau -->
<mark id="phonesSeg_5" xlink:href="#tok_6"/><!-- getan -->
<mark id="phonesSeg_6" xlink:href="#tok_8"/><!-- Die -->
<mark id="phonesSeg_7" xlink:href="#tok_9"/><!-- Frau -->
<mark id="phonesSeg_8" xlink:href="#tok_10"/><!-- hat -->
<mark id="phonesSeg_9" xlink:href="#tok_11"/><!-- Lammcurry -->
<mark id="phonesSeg_10" xlink:href="#tok_12"/><!-- gekocht -->
</markList>

</paula>
