<?xml version="1.0" encoding="UTF-8" standalone="no"?>
<!DOCTYPE paula SYSTEM "paula_feat.dtd">
<paula version="1.0">


<header paula_id="exmaralda.85DEU-B01TDT-00X9100.Instructor_anonymized"/>

<featList xmlns:xlink="http://www.w3.org/1999/xlink" type="Instructor_anonymized" xml:base="exmaralda.85DEU-B01TDT-00X9100.anno.xml">

<feat xlink:href="#anno_1" value="yes"/>
<feat xlink:href="#anno_2" value="yes"/>
<feat xlink:href="#anno_3" value="yes"/>
<feat xlink:href="#anno_4" value="yes"/>
<feat xlink:href="#anno_5" value="yes"/>
<feat xlink:href="#anno_6" value="yes"/>
<feat xlink:href="#anno_7" value="yes"/>
<feat xlink:href="#anno_8" value="yes"/>
<feat xlink:href="#anno_9" value="yes"/>
<feat xlink:href="#anno_10" value="yes"/>
<feat xlink:href="#anno_11" value="yes"/>
<feat xlink:href="#anno_12" value="yes"/>
<feat xlink:href="#anno_13" value="yes"/>
<feat xlink:href="#anno_14" value="yes"/>
<feat xlink:href="#anno_15" value="yes"/>
<feat xlink:href="#anno_16" value="yes"/>
<feat xlink:href="#anno_17" value="yes"/>
<feat xlink:href="#anno_18" value="yes"/>
<feat xlink:href="#anno_19" value="yes"/>
<feat xlink:href="#anno_20" value="yes"/>
<feat xlink:href="#anno_21" value="yes"/>
<feat xlink:href="#anno_22" value="yes"/>
<feat xlink:href="#anno_23" value="yes"/>
<feat xlink:href="#anno_24" value="yes"/>
<feat xlink:href="#anno_25" value="yes"/>
<feat xlink:href="#anno_26" value="yes"/>
<feat xlink:href="#anno_27" value="yes"/>
<feat xlink:href="#anno_28" value="yes"/>
<feat xlink:href="#anno_29" value="yes"/>
<feat xlink:href="#anno_30" value="yes"/>

</featList>
</paula>
