<?xml version="1.0" encoding="iso-8859-1"?>		
<!DOCTYPE annotypensatz SYSTEM "annotypensatz.dtd">

<annotypensatz name="pcc11-is" ordnung="Schichtung" autostil="false">
		 <!-- optional: Stil, der allen typ-individuellen Stilen hinzugef�gt wird -->
	<!-- <stil>border-bottom:1px solid</stil> -->
  <!--        <typ name="tok" verbergen="ja"/> -->


  <typ name="tok" verbergen="ja"/> 

  <typ name="Topic" verbergen="nein"/> 
  <typ name="Sent" verbergen="nein"/> 
  <typ name="Inf-Stat" verbergen="nein"/> 

  <typ name="NP" verbergen="nein"/> 
  <typ name="PP" verbergen="nein"/> 


</annotypensatz>
