<?xml version="1.0" encoding="iso-8859-1"?>		
<!DOCTYPE annotypensatz SYSTEM "annotypensatz.dtd">

<annotypensatz name="pcc11-tiger" ordnung="Dominanz" autostil="false">
		 <!-- optional: Stil, der allen typ-individuellen Stilen hinzugef�gt wird -->
	<!-- <stil>border-bottom:1px solid</stil> -->
  <!--        <typ name="tok" verbergen="ja"/> -->

  <typ name="lemma" verbergen="nein"/> 


  <typ name="const" verbergen="ja"/> 
  <typ name="rel" verbergen="ja"/> 
  <typ name="tok" verbergen="ja"/> 


  <typ name="func">
<!--    <stil>background-color:#ffcc99</stil>-->
    <stil>background-color:#cccccc</stil>
    <erlaeuterung>edges of the tree</erlaeuterung>
 </typ>


  <typ name="root">
    <stil>background-color:#ffcc00</stil>
    <erlaeuterung>the root of the tree</erlaeuterung>
  </typ>

  <typ name="cat">
    <stil>background-color:#ffcc00</stil>
    <erlaeuterung>nodes of the tree</erlaeuterung>
  </typ>


  <typ name="pos">
    <schicht>201</schicht>
    <stil>background-color:#ffcc00</stil>
    <erlaeuterung>links into the stts-hierarchy</erlaeuterung>
  </typ>


<!--  <typ name="lemma">
     <schicht>200</schicht>
    <erlaeuterung>tokens representing terminal nodes of the tree</erlaeuterung>
  </typ>
-->





</annotypensatz>
