<?xml version="1.0" encoding="iso-8859-1"?>		
<!DOCTYPE annotypensatz SYSTEM "annotypensatz.dtd">

<annotypensatz name="pcc11-rst" ordnung="Dominanz" autostil="false">
		 <!-- optional: Stil, der allen typ-individuellen Stilen hinzugef�gt wird -->
	<!-- <stil>border-bottom:1px solid</stil> -->
  <!--        <typ name="tok" verbergen="ja"/> -->
  <typ name="pos" verbergen="ja"/> 


  <typ name="rst_relation">
    <stil>background-color:#99cc99</stil>
    <erlaeuterung>nodes of the tree</erlaeuterung>
  </typ>

  <typ name="func">
    <stil>background-color:#cccccc</stil>
  </typ>

  <typ name="const" verbergen="ja"/> 
  <typ name="rel" verbergen="ja"/> 
  <typ name="seg" verbergen="ja"/> 
  <typ name="pos" verbergen="ja"/> 
  <typ name="tok" verbergen="ja"/> 



</annotypensatz>