<?xml version="1.0" encoding="iso-8859-1"?>		
<!DOCTYPE annotypensatz SYSTEM "annotypensatz.dtd">

<annotypensatz name="pcc11-coref" ordnung="Schichtung" autostil="false">
		 <!-- optional: Stil, der allen typ-individuellen Stilen hinzugef�gt wird -->
	<!-- <stil>border-bottom:1px solid</stil> -->
  <!--        <typ name="tok" verbergen="ja"/> -->

<!-- verbergen -->
  <typ name="TLI" verbergen="ja"/> 
  <typ name="tok" verbergen="ja"/> 
  <typ name="primmarkSeg" verbergen="ja"/> 
  <typ name="secmarkSeg" verbergen="ja"/> 

<!-- zeigen -->

  <typ name="comment" verbergen="nein"/> 
  <typ name="groupsSeg" verbergen="nein"/> 
  <typ name="sentence" verbergen="nein"/> 
  <typ name="ambiguity" verbergen="nein"/> <!-- veraendert! -->
  <typ name="dir_speech" verbergen="nein"/> 
  <typ name="referentiality" verbergen="nein"/> <!-- veraendert! -->

  <typ name="phrase_type" verbergen="nein"/> 
  <typ name="complex_np" verbergen="nein"/> <!-- veraendert! -->

  <typ name="type" verbergen="nein"/> 

  <typ name="np_form" verbergen="nein"/> 
  <typ name="grammatical_role" verbergen="nein"/> 

  <typ name="anaphor_antecedent" verbergen="nein"/> <!-- veraendert! -->
  <typ name="anaphor_type" verbergen="nein"/>

</annotypensatz>
