<?xml version="1.0" standalone="no"?>
<!DOCTYPE sfb632_standard SYSTEM "sfb632_struct.dtd">


<sfb632_standard version="1.0">
<header sfb_id="tiger.ID_maz-4181_const" type="const"/>

<structList xmlns:xlink="http://www.w3.org/1999/xlink" type="const">

<struct id="const_1">
<rel id="rel_1" type="edge" xlink:href="tiger.ID_maz-4181.tok.xml#tok_2"/><!-- Der -->
<rel id="rel_2" type="edge" xlink:href="tiger.ID_maz-4181.tok.xml#tok_3"/><!-- Euro -->
</struct>

<struct id="const_2">
<rel id="rel_3" type="edge" xlink:href="tiger.ID_maz-4181.tok.xml#tok_6"/><!-- schon -->
<rel id="rel_4" type="edge" xlink:href="tiger.ID_maz-4181.tok.xml#tok_7"/><!-- bald -->
</struct>

<struct id="const_3">
<rel id="rel_5" type="edge" xlink:href="tiger.ID_maz-4181.tok.xml#tok_4"/><!-- kommt -->
<rel id="rel_6" type="edge" xlink:href="const_1"/>
<rel id="rel_7" type="edge" xlink:href="const_2"/>
</struct>

<struct id="const_4">
<rel id="rel_8" type="edge" xlink:href="tiger.ID_maz-4181.tok.xml#tok_9"/><!-- Manche -->
<rel id="rel_9" type="edge" xlink:href="tiger.ID_maz-4181.tok.xml#tok_10"/><!-- GeschÃ¤ftsleute -->
</struct>

<struct id="const_5">
<rel id="rel_10" type="edge" xlink:href="tiger.ID_maz-4181.tok.xml#tok_13"/><!-- auf -->
<rel id="rel_11" type="edge" xlink:href="tiger.ID_maz-4181.tok.xml#tok_14"/><!-- die -->
<rel id="rel_12" type="edge" xlink:href="tiger.ID_maz-4181.tok.xml#tok_15"/><!-- WÃ¤hrungsumstellung -->
</struct>

<struct id="const_6">
<rel id="rel_13" type="edge" xlink:href="tiger.ID_maz-4181.tok.xml#tok_11"/><!-- bereiten -->
<rel id="rel_14" type="edge" xlink:href="tiger.ID_maz-4181.tok.xml#tok_12"/><!-- sich -->
<rel id="rel_15" type="edge" xlink:href="tiger.ID_maz-4181.tok.xml#tok_16"/><!-- vor -->
<rel id="rel_16" type="edge" xlink:href="const_4"/>
<rel id="rel_17" type="edge" xlink:href="const_5"/>
</struct>

<struct id="const_7">
<rel id="rel_18" type="edge" xlink:href="tiger.ID_maz-4181.tok.xml#tok_24"/><!-- von -->
<rel id="rel_19" type="edge" xlink:href="tiger.ID_maz-4181.tok.xml#tok_25"/><!-- der -->
<rel id="rel_20" type="edge" xlink:href="tiger.ID_maz-4181.tok.xml#tok_26"/><!-- Handwerkskammer -->
</struct>

<struct id="const_8">
<rel id="rel_21" type="edge" xlink:href="tiger.ID_maz-4181.tok.xml#tok_22"/><!-- wie -->
<rel id="rel_22" type="edge" xlink:href="tiger.ID_maz-4181.tok.xml#tok_27"/><!-- veranstaltet -->
<rel id="rel_23" type="edge" xlink:href="const_7"/>
</struct>

<struct id="const_9">
<rel id="rel_24" type="edge" xlink:href="tiger.ID_maz-4181.tok.xml#tok_23"/><!-- sie -->
<rel id="rel_25" type="edge" xlink:href="tiger.ID_maz-4181.tok.xml#tok_28"/><!-- werden -->
<rel id="rel_26" type="edge" xlink:href="const_8"/>
</struct>

<struct id="const_10">
<rel id="rel_27" type="edge" xlink:href="tiger.ID_maz-4181.tok.xml#tok_20"/><!-- Informationsveranstaltungen -->
<rel id="rel_28" type="edge" xlink:href="const_9"/>
</struct>

<struct id="const_11">
<rel id="rel_29" type="edge" xlink:href="tiger.ID_maz-4181.tok.xml#tok_18"/><!-- Sie -->
<rel id="rel_30" type="edge" xlink:href="tiger.ID_maz-4181.tok.xml#tok_19"/><!-- besuchen -->
<rel id="rel_31" type="edge" xlink:href="const_10"/>
</struct>

<struct id="const_12">
<rel id="rel_32" type="edge" xlink:href="tiger.ID_maz-4181.tok.xml#tok_32"/><!-- die -->
<rel id="rel_33" type="edge" xlink:href="tiger.ID_maz-4181.tok.xml#tok_33"/><!-- Dienstleister -->
</struct>

<struct id="const_13">
<rel id="rel_34" type="edge" xlink:href="tiger.ID_maz-4181.tok.xml#tok_42"/><!-- nicht -->
<rel id="rel_35" type="edge" xlink:href="tiger.ID_maz-4181.tok.xml#tok_43"/><!-- rechtzeitig -->
</struct>

<struct id="const_14">
<rel id="rel_36" type="edge" xlink:href="tiger.ID_maz-4181.tok.xml#tok_44"/><!-- auf -->
<rel id="rel_37" type="edge" xlink:href="tiger.ID_maz-4181.tok.xml#tok_45"/><!-- die -->
<rel id="rel_38" type="edge" xlink:href="tiger.ID_maz-4181.tok.xml#tok_46"/><!-- EuroeinfÃ¼hrung -->
</struct>

<struct id="const_15">
<rel id="rel_39" type="edge" xlink:href="tiger.ID_maz-4181.tok.xml#tok_51"/><!-- eventuell -->
<rel id="rel_40" type="edge" xlink:href="tiger.ID_maz-4181.tok.xml#tok_52"/><!-- das -->
<rel id="rel_41" type="edge" xlink:href="tiger.ID_maz-4181.tok.xml#tok_53"/><!-- Aus -->
</struct>

<struct id="const_16">
<rel id="rel_42" type="edge" xlink:href="tiger.ID_maz-4181.tok.xml#tok_39"/><!-- wenn -->
<rel id="rel_43" type="edge" xlink:href="tiger.ID_maz-4181.tok.xml#tok_40"/><!-- sie -->
<rel id="rel_44" type="edge" xlink:href="tiger.ID_maz-4181.tok.xml#tok_41"/><!-- sich -->
<rel id="rel_45" type="edge" xlink:href="tiger.ID_maz-4181.tok.xml#tok_47"/><!-- vorbereiten -->
<rel id="rel_46" type="edge" xlink:href="const_13"/>
<rel id="rel_47" type="edge" xlink:href="const_14"/>
</struct>

<struct id="const_17">
<rel id="rel_48" type="edge" xlink:href="tiger.ID_maz-4181.tok.xml#tok_49"/><!-- Chaos -->
<rel id="rel_49" type="edge" xlink:href="tiger.ID_maz-4181.tok.xml#tok_50"/><!-- und -->
<rel id="rel_50" type="edge" xlink:href="const_15"/>
</struct>

<struct id="const_18">
<rel id="rel_51" type="edge" xlink:href="tiger.ID_maz-4181.tok.xml#tok_35"/><!-- was -->
<rel id="rel_52" type="edge" xlink:href="const_17"/>
</struct>

<struct id="const_19">
<rel id="rel_53" type="edge" xlink:href="tiger.ID_maz-4181.tok.xml#tok_36"/><!-- sie -->
<rel id="rel_54" type="edge" xlink:href="tiger.ID_maz-4181.tok.xml#tok_37"/><!-- erwartet -->
<rel id="rel_55" type="edge" xlink:href="const_16"/>
<rel id="rel_56" type="edge" xlink:href="const_18"/>
</struct>

<struct id="const_20">
<rel id="rel_57" type="edge" xlink:href="tiger.ID_maz-4181.tok.xml#tok_30"/><!-- Dort -->
<rel id="rel_58" type="edge" xlink:href="tiger.ID_maz-4181.tok.xml#tok_31"/><!-- erfahren -->
<rel id="rel_59" type="edge" xlink:href="const_12"/>
<rel id="rel_60" type="edge" xlink:href="const_19"/>
</struct>

<struct id="const_21">
<rel id="rel_61" type="edge" xlink:href="tiger.ID_maz-4181.tok.xml#tok_56"/><!-- zu -->
<rel id="rel_62" type="edge" xlink:href="tiger.ID_maz-4181.tok.xml#tok_57"/><!-- beachten -->
</struct>

<struct id="const_22">
<rel id="rel_63" type="edge" xlink:href="tiger.ID_maz-4181.tok.xml#tok_64"/><!-- der -->
<rel id="rel_64" type="edge" xlink:href="tiger.ID_maz-4181.tok.xml#tok_65"/><!-- Waren -->
</struct>

<struct id="const_23">
<rel id="rel_65" type="edge" xlink:href="tiger.ID_maz-4181.tok.xml#tok_73"/><!-- von -->
<rel id="rel_66" type="edge" xlink:href="tiger.ID_maz-4181.tok.xml#tok_74"/><!-- Mark -->
</struct>

<struct id="const_24">
<rel id="rel_67" type="edge" xlink:href="tiger.ID_maz-4181.tok.xml#tok_75"/><!-- in -->
<rel id="rel_68" type="edge" xlink:href="tiger.ID_maz-4181.tok.xml#tok_76"/><!-- Euro -->
</struct>

<struct id="const_25">
<rel id="rel_69" type="edge" xlink:href="tiger.ID_maz-4181.tok.xml#tok_60"/><!-- neben -->
<rel id="rel_70" type="edge" xlink:href="tiger.ID_maz-4181.tok.xml#tok_61"/><!-- der -->
<rel id="rel_71" type="edge" xlink:href="tiger.ID_maz-4181.tok.xml#tok_62"/><!-- eindeutigen -->
<rel id="rel_72" type="edge" xlink:href="tiger.ID_maz-4181.tok.xml#tok_63"/><!-- Auszeichnung -->
<rel id="rel_73" type="edge" xlink:href="const_22"/>
</struct>

<struct id="const_26">
<rel id="rel_74" type="edge" xlink:href="tiger.ID_maz-4181.tok.xml#tok_67"/><!-- auch -->
<rel id="rel_75" type="edge" xlink:href="tiger.ID_maz-4181.tok.xml#tok_68"/><!-- die -->
<rel id="rel_76" type="edge" xlink:href="tiger.ID_maz-4181.tok.xml#tok_70"/><!-- richtige -->
<rel id="rel_77" type="edge" xlink:href="tiger.ID_maz-4181.tok.xml#tok_72"/><!-- Umrechnung -->
<rel id="rel_78" type="edge" xlink:href="const_23"/>
<rel id="rel_79" type="edge" xlink:href="const_24"/>
<rel id="rel_80" type="edge" xlink:href="const_25"/>
</struct>

<struct id="const_27">
<rel id="rel_81" type="edge" xlink:href="tiger.ID_maz-4181.tok.xml#tok_55"/><!-- Denn -->
<rel id="rel_82" type="edge" xlink:href="tiger.ID_maz-4181.tok.xml#tok_58"/><!-- ist -->
<rel id="rel_83" type="edge" xlink:href="const_21"/>
<rel id="rel_84" type="edge" xlink:href="const_26"/>
</struct>

<struct id="const_28">
<rel id="rel_85" type="edge" xlink:href="tiger.ID_maz-4181.tok.xml#tok_80"/><!-- fÃ¼r -->
<rel id="rel_86" type="edge" xlink:href="tiger.ID_maz-4181.tok.xml#tok_81"/><!-- den -->
<rel id="rel_87" type="edge" xlink:href="tiger.ID_maz-4181.tok.xml#tok_82"/><!-- Euro -->
</struct>

<struct id="const_29">
<rel id="rel_88" type="edge" xlink:href="tiger.ID_maz-4181.tok.xml#tok_78"/><!-- Der -->
<rel id="rel_89" type="edge" xlink:href="tiger.ID_maz-4181.tok.xml#tok_79"/><!-- Umrechnungskurs -->
<rel id="rel_90" type="edge" xlink:href="const_28"/>
</struct>

<struct id="const_30">
<rel id="rel_91" type="edge" xlink:href="tiger.ID_maz-4181.tok.xml#tok_83"/><!-- steht -->
<rel id="rel_92" type="edge" xlink:href="tiger.ID_maz-4181.tok.xml#tok_84"/><!-- fest -->
<rel id="rel_93" type="edge" xlink:href="const_29"/>
</struct>

<struct id="const_31">
<rel id="rel_94" type="edge" xlink:href="tiger.ID_maz-4181.tok.xml#tok_86"/><!-- Daran -->
<rel id="rel_95" type="edge" xlink:href="tiger.ID_maz-4181.tok.xml#tok_89"/><!-- gerÃ¼ttelt -->
</struct>

<struct id="const_32">
<rel id="rel_96" type="edge" xlink:href="tiger.ID_maz-4181.tok.xml#tok_90"/><!-- werden -->
<rel id="rel_97" type="edge" xlink:href="const_31"/>
</struct>

<struct id="const_33">
<rel id="rel_98" type="edge" xlink:href="tiger.ID_maz-4181.tok.xml#tok_87"/><!-- darf -->
<rel id="rel_99" type="edge" xlink:href="tiger.ID_maz-4181.tok.xml#tok_88"/><!-- nicht -->
<rel id="rel_100" type="edge" xlink:href="const_32"/>
</struct>

<struct id="const_34">
<rel id="rel_101" type="edge" xlink:href="tiger.ID_maz-4181.tok.xml#tok_92"/><!-- Auf_ -->
<rel id="rel_102" type="edge" xlink:href="tiger.ID_maz-4181.tok.xml#tok_93"/><!-- und -->
<rel id="rel_103" type="edge" xlink:href="tiger.ID_maz-4181.tok.xml#tok_94"/><!-- abgerundet -->
</struct>

<struct id="const_35">
<rel id="rel_104" type="edge" xlink:href="tiger.ID_maz-4181.tok.xml#tok_98"/><!-- hinter -->
<rel id="rel_105" type="edge" xlink:href="tiger.ID_maz-4181.tok.xml#tok_99"/><!-- dem -->
<rel id="rel_106" type="edge" xlink:href="tiger.ID_maz-4181.tok.xml#tok_100"/><!-- Komma -->
</struct>

<struct id="const_36">
<rel id="rel_107" type="edge" xlink:href="tiger.ID_maz-4181.tok.xml#tok_102"/><!-- nach -->
<rel id="rel_108" type="edge" xlink:href="tiger.ID_maz-4181.tok.xml#tok_103"/><!-- kaufmÃ¤nnischem -->
<rel id="rel_109" type="edge" xlink:href="tiger.ID_maz-4181.tok.xml#tok_104"/><!-- Prinzip -->
</struct>

<struct id="const_37">
<rel id="rel_110" type="edge" xlink:href="tiger.ID_maz-4181.tok.xml#tok_96"/><!-- zwei -->
<rel id="rel_111" type="edge" xlink:href="tiger.ID_maz-4181.tok.xml#tok_97"/><!-- Stellen -->
<rel id="rel_112" type="edge" xlink:href="const_35"/>
</struct>

<struct id="const_38">
<rel id="rel_113" type="edge" xlink:href="const_34"/>
<rel id="rel_114" type="edge" xlink:href="const_36"/>
<rel id="rel_115" type="edge" xlink:href="const_37"/>
</struct>

<struct id="const_39">
<rel id="rel_116" type="edge" xlink:href="tiger.ID_maz-4181.tok.xml#tok_95"/><!-- wird -->
<rel id="rel_117" type="edge" xlink:href="const_38"/>
</struct>

<struct id="const_40">
<rel id="rel_118" type="edge" xlink:href="tiger.ID_maz-4181.tok.xml#tok_109"/><!-- bei -->
<rel id="rel_119" type="edge" xlink:href="tiger.ID_maz-4181.tok.xml#tok_110"/><!-- den -->
<rel id="rel_120" type="edge" xlink:href="tiger.ID_maz-4181.tok.xml#tok_111"/><!-- Gewerbetreibenden -->
</struct>

<struct id="const_41">
<rel id="rel_121" type="edge" xlink:href="tiger.ID_maz-4181.tok.xml#tok_112"/><!-- zu -->
<rel id="rel_122" type="edge" xlink:href="tiger.ID_maz-4181.tok.xml#tok_113"/><!-- Einnahmeverlusten -->
</struct>

<struct id="const_42">
<rel id="rel_123" type="edge" xlink:href="tiger.ID_maz-4181.tok.xml#tok_114"/><!-- fÃ¼hren -->
<rel id="rel_124" type="edge" xlink:href="const_41"/>
</struct>

<struct id="const_43">
<rel id="rel_125" type="edge" xlink:href="tiger.ID_maz-4181.tok.xml#tok_106"/><!-- Dies -->
<rel id="rel_126" type="edge" xlink:href="tiger.ID_maz-4181.tok.xml#tok_107"/><!-- kann -->
<rel id="rel_127" type="edge" xlink:href="tiger.ID_maz-4181.tok.xml#tok_108"/><!-- jedoch -->
<rel id="rel_128" type="edge" xlink:href="const_40"/>
<rel id="rel_129" type="edge" xlink:href="const_42"/>
</struct>

<struct id="const_44">
<rel id="rel_130" type="edge" xlink:href="tiger.ID_maz-4181.tok.xml#tok_117"/><!-- auch -->
<rel id="rel_131" type="edge" xlink:href="tiger.ID_maz-4181.tok.xml#tok_118"/><!-- Kleinvieh -->
</struct>

<struct id="const_45">
<rel id="rel_132" type="edge" xlink:href="tiger.ID_maz-4181.tok.xml#tok_116"/><!-- Denn -->
<rel id="rel_133" type="edge" xlink:href="tiger.ID_maz-4181.tok.xml#tok_119"/><!-- macht -->
<rel id="rel_134" type="edge" xlink:href="tiger.ID_maz-4181.tok.xml#tok_120"/><!-- ja -->
<rel id="rel_135" type="edge" xlink:href="tiger.ID_maz-4181.tok.xml#tok_121"/><!-- bekanntlich -->
<rel id="rel_136" type="edge" xlink:href="tiger.ID_maz-4181.tok.xml#tok_122"/><!-- Mist -->
<rel id="rel_137" type="edge" xlink:href="const_44"/>
</struct>

<struct id="const_46">
<rel id="rel_138" type="edge" xlink:href="tiger.ID_maz-4181.tok.xml#tok_124"/><!-- Gut -->
<rel id="rel_139" type="edge" xlink:href="tiger.ID_maz-4181.tok.xml#tok_125"/><!-- beraten -->
</struct>

<struct id="const_47">
<rel id="rel_140" type="edge" xlink:href="tiger.ID_maz-4181.tok.xml#tok_131"/><!-- schon -->
<rel id="rel_141" type="edge" xlink:href="tiger.ID_maz-4181.tok.xml#tok_132"/><!-- rechtzeitig -->
</struct>

<struct id="const_48">
<rel id="rel_142" type="edge" xlink:href="tiger.ID_maz-4181.tok.xml#tok_133"/><!-- mit -->
<rel id="rel_143" type="edge" xlink:href="tiger.ID_maz-4181.tok.xml#tok_134"/><!-- der -->
<rel id="rel_144" type="edge" xlink:href="tiger.ID_maz-4181.tok.xml#tok_135"/><!-- Rechnerei -->
</struct>

<struct id="const_49">
<rel id="rel_145" type="edge" xlink:href="tiger.ID_maz-4181.tok.xml#tok_129"/><!-- wer -->
<rel id="rel_146" type="edge" xlink:href="tiger.ID_maz-4181.tok.xml#tok_130"/><!-- sich -->
<rel id="rel_147" type="edge" xlink:href="tiger.ID_maz-4181.tok.xml#tok_136"/><!-- beschÃ¤ftigt -->
<rel id="rel_148" type="edge" xlink:href="const_47"/>
<rel id="rel_149" type="edge" xlink:href="const_48"/>
</struct>

<struct id="const_50">
<rel id="rel_150" type="edge" xlink:href="tiger.ID_maz-4181.tok.xml#tok_126"/><!-- ist -->
<rel id="rel_151" type="edge" xlink:href="tiger.ID_maz-4181.tok.xml#tok_127"/><!-- deshalb -->
<rel id="rel_152" type="edge" xlink:href="const_46"/>
<rel id="rel_153" type="edge" xlink:href="const_49"/>
</struct>

<struct id="const_51">
<rel id="rel_154" type="edge" xlink:href="tiger.ID_maz-4181.tok.xml#tok_141"/><!-- der -->
<rel id="rel_155" type="edge" xlink:href="tiger.ID_maz-4181.tok.xml#tok_142"/><!-- abgerundete -->
<rel id="rel_156" type="edge" xlink:href="tiger.ID_maz-4181.tok.xml#tok_143"/><!-- Bonbonpreis -->
</struct>

<struct id="const_52">
<rel id="rel_157" type="edge" xlink:href="tiger.ID_maz-4181.tok.xml#tok_144"/><!-- durch -->
<rel id="rel_158" type="edge" xlink:href="tiger.ID_maz-4181.tok.xml#tok_145"/><!-- den -->
<rel id="rel_159" type="edge" xlink:href="tiger.ID_maz-4181.tok.xml#tok_146"/><!-- aufgerundeten -->
<rel id="rel_160" type="edge" xlink:href="tiger.ID_maz-4181.tok.xml#tok_147"/><!-- Schokoladenpreis -->
</struct>

<struct id="const_53">
<rel id="rel_161" type="edge" xlink:href="tiger.ID_maz-4181.tok.xml#tok_138"/><!-- Vielleicht -->
<rel id="rel_162" type="edge" xlink:href="tiger.ID_maz-4181.tok.xml#tok_140"/><!-- ja -->
<rel id="rel_163" type="edge" xlink:href="tiger.ID_maz-4181.tok.xml#tok_148"/><!-- wieder -->
<rel id="rel_164" type="edge" xlink:href="tiger.ID_maz-4181.tok.xml#tok_149"/><!-- wettgemacht -->
<rel id="rel_165" type="edge" xlink:href="const_52"/>
</struct>

<struct id="const_54">
<rel id="rel_166" type="edge" xlink:href="tiger.ID_maz-4181.tok.xml#tok_139"/><!-- wird -->
<rel id="rel_167" type="edge" xlink:href="const_51"/>
<rel id="rel_168" type="edge" xlink:href="const_53"/>
</struct>

<struct id="const_55">
<rel id="rel_169" type="edge" xlink:href="tiger.ID_maz-4181.tok.xml#tok_151"/><!-- UnbegrÃ¼ndete -->
<rel id="rel_170" type="edge" xlink:href="tiger.ID_maz-4181.tok.xml#tok_152"/><!-- und -->
<rel id="rel_171" type="edge" xlink:href="tiger.ID_maz-4181.tok.xml#tok_153"/><!-- panische -->
</struct>

<struct id="const_56">
<rel id="rel_172" type="edge" xlink:href="tiger.ID_maz-4181.tok.xml#tok_157"/><!-- die -->
<rel id="rel_173" type="edge" xlink:href="tiger.ID_maz-4181.tok.xml#tok_158"/><!-- Kunden -->
</struct>

<struct id="const_57">
<rel id="rel_174" type="edge" xlink:href="tiger.ID_maz-4181.tok.xml#tok_154"/><!-- PreiserhÃ¶hungen -->
<rel id="rel_175" type="edge" xlink:href="const_55"/>
</struct>

<struct id="const_58">
<rel id="rel_176" type="edge" xlink:href="tiger.ID_maz-4181.tok.xml#tok_155"/><!-- vergraulen -->
<rel id="rel_177" type="edge" xlink:href="tiger.ID_maz-4181.tok.xml#tok_156"/><!-- nur -->
<rel id="rel_178" type="edge" xlink:href="const_56"/>
<rel id="rel_179" type="edge" xlink:href="const_57"/>
</struct>

<struct id="const_59">
<rel id="rel_180" type="edge" xlink:href="tiger.ID_maz-4181.tok.xml#tok_162"/><!-- zu -->
<rel id="rel_181" type="edge" xlink:href="tiger.ID_maz-4181.tok.xml#tok_163"/><!-- lange -->
</struct>

<struct id="const_60">
<rel id="rel_182" type="edge" xlink:href="tiger.ID_maz-4181.tok.xml#tok_168"/><!-- mit -->
<rel id="rel_183" type="edge" xlink:href="tiger.ID_maz-4181.tok.xml#tok_169"/><!-- den -->
<rel id="rel_184" type="edge" xlink:href="tiger.ID_maz-4181.tok.xml#tok_170"/><!-- Rechnereien -->
</struct>

<struct id="const_61">
<rel id="rel_185" type="edge" xlink:href="tiger.ID_maz-4181.tok.xml#tok_171"/><!-- zu -->
<rel id="rel_186" type="edge" xlink:href="tiger.ID_maz-4181.tok.xml#tok_172"/><!-- beschÃ¤ftigen -->
</struct>

<struct id="const_62">
<rel id="rel_187" type="edge" xlink:href="tiger.ID_maz-4181.tok.xml#tok_175"/><!-- bei -->
<rel id="rel_188" type="edge" xlink:href="tiger.ID_maz-4181.tok.xml#tok_176"/><!-- der -->
<rel id="rel_189" type="edge" xlink:href="tiger.ID_maz-4181.tok.xml#tok_177"/><!-- Euroumstellung -->
</struct>

<struct id="const_63">
<rel id="rel_190" type="edge" xlink:href="tiger.ID_maz-4181.tok.xml#tok_178"/><!-- den -->
<rel id="rel_191" type="edge" xlink:href="tiger.ID_maz-4181.tok.xml#tok_179"/><!-- Ãberblick -->
</struct>

<struct id="const_64">
<rel id="rel_192" type="edge" xlink:href="tiger.ID_maz-4181.tok.xml#tok_166"/><!-- um -->
<rel id="rel_193" type="edge" xlink:href="tiger.ID_maz-4181.tok.xml#tok_167"/><!-- sich -->
<rel id="rel_194" type="edge" xlink:href="const_60"/>
<rel id="rel_195" type="edge" xlink:href="const_61"/>
</struct>

<struct id="const_65">
<rel id="rel_196" type="edge" xlink:href="tiger.ID_maz-4181.tok.xml#tok_160"/><!-- Doch -->
<rel id="rel_197" type="edge" xlink:href="tiger.ID_maz-4181.tok.xml#tok_161"/><!-- wer -->
<rel id="rel_198" type="edge" xlink:href="tiger.ID_maz-4181.tok.xml#tok_164"/><!-- wartet -->
<rel id="rel_199" type="edge" xlink:href="const_59"/>
<rel id="rel_200" type="edge" xlink:href="const_64"/>
</struct>

<struct id="const_66">
<rel id="rel_201" type="edge" xlink:href="tiger.ID_maz-4181.tok.xml#tok_174"/><!-- verliert -->
<rel id="rel_202" type="edge" xlink:href="const_62"/>
<rel id="rel_203" type="edge" xlink:href="const_63"/>
<rel id="rel_204" type="edge" xlink:href="const_65"/>
</struct>

<struct id="const_67">
<rel id="rel_205" type="edge" xlink:href="tiger.ID_maz-4181.tok.xml#tok_186"/><!-- seiner -->
<rel id="rel_206" type="edge" xlink:href="tiger.ID_maz-4181.tok.xml#tok_187"/><!-- Kunden -->
</struct>

<struct id="const_68">
<rel id="rel_207" type="edge" xlink:href="tiger.ID_maz-4181.tok.xml#tok_184"/><!-- das -->
<rel id="rel_208" type="edge" xlink:href="tiger.ID_maz-4181.tok.xml#tok_185"/><!-- Vertrauen -->
<rel id="rel_209" type="edge" xlink:href="const_67"/>
</struct>

<struct id="const_69">
<rel id="rel_210" type="edge" xlink:href="tiger.ID_maz-4181.tok.xml#tok_181"/><!-- Und -->
<rel id="rel_211" type="edge" xlink:href="tiger.ID_maz-4181.tok.xml#tok_182"/><!-- riskiert -->
<rel id="rel_212" type="edge" xlink:href="tiger.ID_maz-4181.tok.xml#tok_183"/><!-- damit -->
<rel id="rel_213" type="edge" xlink:href="const_68"/>
</struct>

</structList>
</sfb632_standard>
