<?xml version="1.0" standalone="no"?>


<!DOCTYPE sfb632_standard SYSTEM "sfb632_feat.dtd">
<sfb632_standard version="1.0">

<header sfb_id="tiger.ID_maz-4181_pos" type="pos"/>

<featList xmlns:xlink="http://www.w3.org/1999/xlink" type="pos" xml:base="tiger.ID_maz-4181.tok.xml">

<feat xlink:href="#tok_1" value="stts.type_pos.xml#NN"/><!-- FingerspitzengefÃ¼hl -->
<feat xlink:href="#tok_2" value="stts.type_pos.xml#ART"/><!-- Der -->
<feat xlink:href="#tok_3" value="stts.type_pos.xml#NN"/><!-- Euro -->
<feat xlink:href="#tok_4" value="stts.type_pos.xml#VVFIN"/><!-- kommt -->
<feat xlink:href="#tok_5" value="stts.type_pos.xml#DOLLAR_OPENPAREN"/><!-- _ -->
<feat xlink:href="#tok_6" value="stts.type_pos.xml#ADV"/><!-- schon -->
<feat xlink:href="#tok_7" value="stts.type_pos.xml#ADV"/><!-- bald -->
<feat xlink:href="#tok_8" value="stts.type_pos.xml#DOLLAR_PERIOD"/><!-- . -->
<feat xlink:href="#tok_9" value="stts.type_pos.xml#PIAT"/><!-- Manche -->
<feat xlink:href="#tok_10" value="stts.type_pos.xml#NN"/><!-- GeschÃ¤ftsleute -->
<feat xlink:href="#tok_11" value="stts.type_pos.xml#VVFIN"/><!-- bereiten -->
<feat xlink:href="#tok_12" value="stts.type_pos.xml#PRF"/><!-- sich -->
<feat xlink:href="#tok_13" value="stts.type_pos.xml#APPR"/><!-- auf -->
<feat xlink:href="#tok_14" value="stts.type_pos.xml#ART"/><!-- die -->
<feat xlink:href="#tok_15" value="stts.type_pos.xml#NN"/><!-- WÃ¤hrungsumstellung -->
<feat xlink:href="#tok_16" value="stts.type_pos.xml#PTKVZ"/><!-- vor -->
<feat xlink:href="#tok_17" value="stts.type_pos.xml#DOLLAR_PERIOD"/><!-- . -->
<feat xlink:href="#tok_18" value="stts.type_pos.xml#PPER"/><!-- Sie -->
<feat xlink:href="#tok_19" value="stts.type_pos.xml#VVFIN"/><!-- besuchen -->
<feat xlink:href="#tok_20" value="stts.type_pos.xml#NN"/><!-- Informationsveranstaltungen -->
<feat xlink:href="#tok_21" value="stts.type_pos.xml#DOLLAR_COMMA"/><!-- , -->
<feat xlink:href="#tok_22" value="stts.type_pos.xml#PWAV"/><!-- wie -->
<feat xlink:href="#tok_23" value="stts.type_pos.xml#PPER"/><!-- sie -->
<feat xlink:href="#tok_24" value="stts.type_pos.xml#APPR"/><!-- von -->
<feat xlink:href="#tok_25" value="stts.type_pos.xml#ART"/><!-- der -->
<feat xlink:href="#tok_26" value="stts.type_pos.xml#NN"/><!-- Handwerkskammer -->
<feat xlink:href="#tok_27" value="stts.type_pos.xml#VVPP"/><!-- veranstaltet -->
<feat xlink:href="#tok_28" value="stts.type_pos.xml#VAFIN"/><!-- werden -->
<feat xlink:href="#tok_29" value="stts.type_pos.xml#DOLLAR_PERIOD"/><!-- . -->
<feat xlink:href="#tok_30" value="stts.type_pos.xml#ADV"/><!-- Dort -->
<feat xlink:href="#tok_31" value="stts.type_pos.xml#VVFIN"/><!-- erfahren -->
<feat xlink:href="#tok_32" value="stts.type_pos.xml#ART"/><!-- die -->
<feat xlink:href="#tok_33" value="stts.type_pos.xml#NN"/><!-- Dienstleister -->
<feat xlink:href="#tok_34" value="stts.type_pos.xml#DOLLAR_COMMA"/><!-- , -->
<feat xlink:href="#tok_35" value="stts.type_pos.xml#PWS"/><!-- was -->
<feat xlink:href="#tok_36" value="stts.type_pos.xml#PPER"/><!-- sie -->
<feat xlink:href="#tok_37" value="stts.type_pos.xml#VVFIN"/><!-- erwartet -->
<feat xlink:href="#tok_38" value="stts.type_pos.xml#DOLLAR_COMMA"/><!-- , -->
<feat xlink:href="#tok_39" value="stts.type_pos.xml#KOUS"/><!-- wenn -->
<feat xlink:href="#tok_40" value="stts.type_pos.xml#PPER"/><!-- sie -->
<feat xlink:href="#tok_41" value="stts.type_pos.xml#PRF"/><!-- sich -->
<feat xlink:href="#tok_42" value="stts.type_pos.xml#PTKNEG"/><!-- nicht -->
<feat xlink:href="#tok_43" value="stts.type_pos.xml#ADJD"/><!-- rechtzeitig -->
<feat xlink:href="#tok_44" value="stts.type_pos.xml#APPR"/><!-- auf -->
<feat xlink:href="#tok_45" value="stts.type_pos.xml#ART"/><!-- die -->
<feat xlink:href="#tok_46" value="stts.type_pos.xml#NN"/><!-- EuroeinfÃ¼hrung -->
<feat xlink:href="#tok_47" value="stts.type_pos.xml#VVFIN"/><!-- vorbereiten -->
<feat xlink:href="#tok_48" value="stts.type_pos.xml#DOLLAR_PERIOD"/><!-- : -->
<feat xlink:href="#tok_49" value="stts.type_pos.xml#NN"/><!-- Chaos -->
<feat xlink:href="#tok_50" value="stts.type_pos.xml#KON"/><!-- und -->
<feat xlink:href="#tok_51" value="stts.type_pos.xml#ADJD"/><!-- eventuell -->
<feat xlink:href="#tok_52" value="stts.type_pos.xml#ART"/><!-- das -->
<feat xlink:href="#tok_53" value="stts.type_pos.xml#NN"/><!-- Aus -->
<feat xlink:href="#tok_54" value="stts.type_pos.xml#DOLLAR_PERIOD"/><!-- . -->
<feat xlink:href="#tok_55" value="stts.type_pos.xml#KON"/><!-- Denn -->
<feat xlink:href="#tok_56" value="stts.type_pos.xml#PTKZU"/><!-- zu -->
<feat xlink:href="#tok_57" value="stts.type_pos.xml#VVINF"/><!-- beachten -->
<feat xlink:href="#tok_58" value="stts.type_pos.xml#VAFIN"/><!-- ist -->
<feat xlink:href="#tok_59" value="stts.type_pos.xml#DOLLAR_OPENPAREN"/><!-- _ -->
<feat xlink:href="#tok_60" value="stts.type_pos.xml#APPR"/><!-- neben -->
<feat xlink:href="#tok_61" value="stts.type_pos.xml#ART"/><!-- der -->
<feat xlink:href="#tok_62" value="stts.type_pos.xml#ADJA"/><!-- eindeutigen -->
<feat xlink:href="#tok_63" value="stts.type_pos.xml#NN"/><!-- Auszeichnung -->
<feat xlink:href="#tok_64" value="stts.type_pos.xml#ART"/><!-- der -->
<feat xlink:href="#tok_65" value="stts.type_pos.xml#NN"/><!-- Waren -->
<feat xlink:href="#tok_66" value="stts.type_pos.xml#DOLLAR_OPENPAREN"/><!-- _ -->
<feat xlink:href="#tok_67" value="stts.type_pos.xml#ADV"/><!-- auch -->
<feat xlink:href="#tok_68" value="stts.type_pos.xml#ART"/><!-- die -->
<feat xlink:href="#tok_69" value="stts.type_pos.xml#DOLLAR_OPENPAREN"/><!-- " -->
<feat xlink:href="#tok_70" value="stts.type_pos.xml#ADJA"/><!-- richtige -->
<feat xlink:href="#tok_71" value="stts.type_pos.xml#DOLLAR_OPENPAREN"/><!-- " -->
<feat xlink:href="#tok_72" value="stts.type_pos.xml#NN"/><!-- Umrechnung -->
<feat xlink:href="#tok_73" value="stts.type_pos.xml#APPR"/><!-- von -->
<feat xlink:href="#tok_74" value="stts.type_pos.xml#NN"/><!-- Mark -->
<feat xlink:href="#tok_75" value="stts.type_pos.xml#APPR"/><!-- in -->
<feat xlink:href="#tok_76" value="stts.type_pos.xml#NN"/><!-- Euro -->
<feat xlink:href="#tok_77" value="stts.type_pos.xml#DOLLAR_PERIOD"/><!-- . -->
<feat xlink:href="#tok_78" value="stts.type_pos.xml#ART"/><!-- Der -->
<feat xlink:href="#tok_79" value="stts.type_pos.xml#NN"/><!-- Umrechnungskurs -->
<feat xlink:href="#tok_80" value="stts.type_pos.xml#APPR"/><!-- fÃ¼r -->
<feat xlink:href="#tok_81" value="stts.type_pos.xml#ART"/><!-- den -->
<feat xlink:href="#tok_82" value="stts.type_pos.xml#NN"/><!-- Euro -->
<feat xlink:href="#tok_83" value="stts.type_pos.xml#VVFIN"/><!-- steht -->
<feat xlink:href="#tok_84" value="stts.type_pos.xml#PTKVZ"/><!-- fest -->
<feat xlink:href="#tok_85" value="stts.type_pos.xml#DOLLAR_PERIOD"/><!-- . -->
<feat xlink:href="#tok_86" value="stts.type_pos.xml#PROAV"/><!-- Daran -->
<feat xlink:href="#tok_87" value="stts.type_pos.xml#VMFIN"/><!-- darf -->
<feat xlink:href="#tok_88" value="stts.type_pos.xml#PTKNEG"/><!-- nicht -->
<feat xlink:href="#tok_89" value="stts.type_pos.xml#VVPP"/><!-- gerÃ¼ttelt -->
<feat xlink:href="#tok_90" value="stts.type_pos.xml#VAINF"/><!-- werden -->
<feat xlink:href="#tok_91" value="stts.type_pos.xml#DOLLAR_PERIOD"/><!-- . -->
<feat xlink:href="#tok_92" value="stts.type_pos.xml#TRUNC"/><!-- Auf_ -->
<feat xlink:href="#tok_93" value="stts.type_pos.xml#KON"/><!-- und -->
<feat xlink:href="#tok_94" value="stts.type_pos.xml#VVPP"/><!-- abgerundet -->
<feat xlink:href="#tok_95" value="stts.type_pos.xml#VAFIN"/><!-- wird -->
<feat xlink:href="#tok_96" value="stts.type_pos.xml#CARD"/><!-- zwei -->
<feat xlink:href="#tok_97" value="stts.type_pos.xml#NN"/><!-- Stellen -->
<feat xlink:href="#tok_98" value="stts.type_pos.xml#APPR"/><!-- hinter -->
<feat xlink:href="#tok_99" value="stts.type_pos.xml#ART"/><!-- dem -->
<feat xlink:href="#tok_100" value="stts.type_pos.xml#NN"/><!-- Komma -->
<feat xlink:href="#tok_101" value="stts.type_pos.xml#DOLLAR_OPENPAREN"/><!-- _ -->
<feat xlink:href="#tok_102" value="stts.type_pos.xml#APPR"/><!-- nach -->
<feat xlink:href="#tok_103" value="stts.type_pos.xml#ADJA"/><!-- kaufmÃ¤nnischem -->
<feat xlink:href="#tok_104" value="stts.type_pos.xml#NN"/><!-- Prinzip -->
<feat xlink:href="#tok_105" value="stts.type_pos.xml#DOLLAR_PERIOD"/><!-- . -->
<feat xlink:href="#tok_106" value="stts.type_pos.xml#PDS"/><!-- Dies -->
<feat xlink:href="#tok_107" value="stts.type_pos.xml#VMFIN"/><!-- kann -->
<feat xlink:href="#tok_108" value="stts.type_pos.xml#ADV"/><!-- jedoch -->
<feat xlink:href="#tok_109" value="stts.type_pos.xml#APPR"/><!-- bei -->
<feat xlink:href="#tok_110" value="stts.type_pos.xml#ART"/><!-- den -->
<feat xlink:href="#tok_111" value="stts.type_pos.xml#NN"/><!-- Gewerbetreibenden -->
<feat xlink:href="#tok_112" value="stts.type_pos.xml#APPR"/><!-- zu -->
<feat xlink:href="#tok_113" value="stts.type_pos.xml#NN"/><!-- Einnahmeverlusten -->
<feat xlink:href="#tok_114" value="stts.type_pos.xml#VVINF"/><!-- fÃ¼hren -->
<feat xlink:href="#tok_115" value="stts.type_pos.xml#DOLLAR_PERIOD"/><!-- . -->
<feat xlink:href="#tok_116" value="stts.type_pos.xml#KON"/><!-- Denn -->
<feat xlink:href="#tok_117" value="stts.type_pos.xml#ADV"/><!-- auch -->
<feat xlink:href="#tok_118" value="stts.type_pos.xml#NN"/><!-- Kleinvieh -->
<feat xlink:href="#tok_119" value="stts.type_pos.xml#VVFIN"/><!-- macht -->
<feat xlink:href="#tok_120" value="stts.type_pos.xml#ADV"/><!-- ja -->
<feat xlink:href="#tok_121" value="stts.type_pos.xml#ADV"/><!-- bekanntlich -->
<feat xlink:href="#tok_122" value="stts.type_pos.xml#NN"/><!-- Mist -->
<feat xlink:href="#tok_123" value="stts.type_pos.xml#DOLLAR_PERIOD"/><!-- . -->
<feat xlink:href="#tok_124" value="stts.type_pos.xml#ADJD"/><!-- Gut -->
<feat xlink:href="#tok_125" value="stts.type_pos.xml#VVPP"/><!-- beraten -->
<feat xlink:href="#tok_126" value="stts.type_pos.xml#VAFIN"/><!-- ist -->
<feat xlink:href="#tok_127" value="stts.type_pos.xml#PROAV"/><!-- deshalb -->
<feat xlink:href="#tok_128" value="stts.type_pos.xml#DOLLAR_COMMA"/><!-- , -->
<feat xlink:href="#tok_129" value="stts.type_pos.xml#PWS"/><!-- wer -->
<feat xlink:href="#tok_130" value="stts.type_pos.xml#PRF"/><!-- sich -->
<feat xlink:href="#tok_131" value="stts.type_pos.xml#ADV"/><!-- schon -->
<feat xlink:href="#tok_132" value="stts.type_pos.xml#ADJD"/><!-- rechtzeitig -->
<feat xlink:href="#tok_133" value="stts.type_pos.xml#APPR"/><!-- mit -->
<feat xlink:href="#tok_134" value="stts.type_pos.xml#ART"/><!-- der -->
<feat xlink:href="#tok_135" value="stts.type_pos.xml#NN"/><!-- Rechnerei -->
<feat xlink:href="#tok_136" value="stts.type_pos.xml#VVFIN"/><!-- beschÃ¤ftigt -->
<feat xlink:href="#tok_137" value="stts.type_pos.xml#DOLLAR_PERIOD"/><!-- . -->
<feat xlink:href="#tok_138" value="stts.type_pos.xml#ADV"/><!-- Vielleicht -->
<feat xlink:href="#tok_139" value="stts.type_pos.xml#VAFIN"/><!-- wird -->
<feat xlink:href="#tok_140" value="stts.type_pos.xml#ADV"/><!-- ja -->
<feat xlink:href="#tok_141" value="stts.type_pos.xml#ART"/><!-- der -->
<feat xlink:href="#tok_142" value="stts.type_pos.xml#ADJA"/><!-- abgerundete -->
<feat xlink:href="#tok_143" value="stts.type_pos.xml#NN"/><!-- Bonbonpreis -->
<feat xlink:href="#tok_144" value="stts.type_pos.xml#APPR"/><!-- durch -->
<feat xlink:href="#tok_145" value="stts.type_pos.xml#ART"/><!-- den -->
<feat xlink:href="#tok_146" value="stts.type_pos.xml#ADJA"/><!-- aufgerundeten -->
<feat xlink:href="#tok_147" value="stts.type_pos.xml#NN"/><!-- Schokoladenpreis -->
<feat xlink:href="#tok_148" value="stts.type_pos.xml#ADV"/><!-- wieder -->
<feat xlink:href="#tok_149" value="stts.type_pos.xml#VVPP"/><!-- wettgemacht -->
<feat xlink:href="#tok_150" value="stts.type_pos.xml#DOLLAR_PERIOD"/><!-- . -->
<feat xlink:href="#tok_151" value="stts.type_pos.xml#ADJA"/><!-- UnbegrÃ¼ndete -->
<feat xlink:href="#tok_152" value="stts.type_pos.xml#KON"/><!-- und -->
<feat xlink:href="#tok_153" value="stts.type_pos.xml#ADJA"/><!-- panische -->
<feat xlink:href="#tok_154" value="stts.type_pos.xml#NN"/><!-- PreiserhÃ¶hungen -->
<feat xlink:href="#tok_155" value="stts.type_pos.xml#VVFIN"/><!-- vergraulen -->
<feat xlink:href="#tok_156" value="stts.type_pos.xml#ADV"/><!-- nur -->
<feat xlink:href="#tok_157" value="stts.type_pos.xml#ART"/><!-- die -->
<feat xlink:href="#tok_158" value="stts.type_pos.xml#NN"/><!-- Kunden -->
<feat xlink:href="#tok_159" value="stts.type_pos.xml#DOLLAR_PERIOD"/><!-- . -->
<feat xlink:href="#tok_160" value="stts.type_pos.xml#KON"/><!-- Doch -->
<feat xlink:href="#tok_161" value="stts.type_pos.xml#PWS"/><!-- wer -->
<feat xlink:href="#tok_162" value="stts.type_pos.xml#PTKA"/><!-- zu -->
<feat xlink:href="#tok_163" value="stts.type_pos.xml#ADV"/><!-- lange -->
<feat xlink:href="#tok_164" value="stts.type_pos.xml#VVFIN"/><!-- wartet -->
<feat xlink:href="#tok_165" value="stts.type_pos.xml#DOLLAR_COMMA"/><!-- , -->
<feat xlink:href="#tok_166" value="stts.type_pos.xml#KOUI"/><!-- um -->
<feat xlink:href="#tok_167" value="stts.type_pos.xml#PRF"/><!-- sich -->
<feat xlink:href="#tok_168" value="stts.type_pos.xml#APPR"/><!-- mit -->
<feat xlink:href="#tok_169" value="stts.type_pos.xml#ART"/><!-- den -->
<feat xlink:href="#tok_170" value="stts.type_pos.xml#NN"/><!-- Rechnereien -->
<feat xlink:href="#tok_171" value="stts.type_pos.xml#PTKZU"/><!-- zu -->
<feat xlink:href="#tok_172" value="stts.type_pos.xml#VVINF"/><!-- beschÃ¤ftigen -->
<feat xlink:href="#tok_173" value="stts.type_pos.xml#DOLLAR_COMMA"/><!-- , -->
<feat xlink:href="#tok_174" value="stts.type_pos.xml#VVFIN"/><!-- verliert -->
<feat xlink:href="#tok_175" value="stts.type_pos.xml#APPR"/><!-- bei -->
<feat xlink:href="#tok_176" value="stts.type_pos.xml#ART"/><!-- der -->
<feat xlink:href="#tok_177" value="stts.type_pos.xml#NN"/><!-- Euroumstellung -->
<feat xlink:href="#tok_178" value="stts.type_pos.xml#ART"/><!-- den -->
<feat xlink:href="#tok_179" value="stts.type_pos.xml#NN"/><!-- Ãberblick -->
<feat xlink:href="#tok_180" value="stts.type_pos.xml#DOLLAR_PERIOD"/><!-- . -->
<feat xlink:href="#tok_181" value="stts.type_pos.xml#KON"/><!-- Und -->
<feat xlink:href="#tok_182" value="stts.type_pos.xml#VVFIN"/><!-- riskiert -->
<feat xlink:href="#tok_183" value="stts.type_pos.xml#PROAV"/><!-- damit -->
<feat xlink:href="#tok_184" value="stts.type_pos.xml#ART"/><!-- das -->
<feat xlink:href="#tok_185" value="stts.type_pos.xml#NN"/><!-- Vertrauen -->
<feat xlink:href="#tok_186" value="stts.type_pos.xml#PPOSAT"/><!-- seiner -->
<feat xlink:href="#tok_187" value="stts.type_pos.xml#NN"/><!-- Kunden -->
<feat xlink:href="#tok_188" value="stts.type_pos.xml#DOLLAR_PERIOD"/><!-- . -->
</featList>

</sfb632_standard>
