<?xml version="1.0" standalone="no"?>


<!DOCTYPE sfb632_standard SYSTEM "sfb632_feat.dtd">
<sfb632_standard version="1.0">

<header sfb_id="tiger.ID_maz-4181_lemma" type="lemma"/>

<featList xmlns:xlink="http://www.w3.org/1999/xlink" type="lemma" xml:base="tiger.ID_maz-4181.tok.xml">

<feat xlink:href="#tok_1" value="Fingerspitzengef&#xFC;hl"/><!-- FingerspitzengefÃ¼hl -->
<feat xlink:href="#tok_2" value="der"/><!-- Der -->
<feat xlink:href="#tok_3" value="Euro"/><!-- Euro -->
<feat xlink:href="#tok_4" value="kommen"/><!-- kommt -->
<feat xlink:href="#tok_5" value="-"/><!-- _ -->
<feat xlink:href="#tok_6" value="schon"/><!-- schon -->
<feat xlink:href="#tok_7" value="bald"/><!-- bald -->
<feat xlink:href="#tok_8" value="."/><!-- . -->
<feat xlink:href="#tok_9" value="mancher"/><!-- Manche -->
<feat xlink:href="#tok_10" value="Gesch&#xE4;ftsleute"/><!-- GeschÃ¤ftsleute -->
<feat xlink:href="#tok_11" value="bereiten"/><!-- bereiten -->
<feat xlink:href="#tok_12" value="sich"/><!-- sich -->
<feat xlink:href="#tok_13" value="auf"/><!-- auf -->
<feat xlink:href="#tok_14" value="der"/><!-- die -->
<feat xlink:href="#tok_15" value="W&#xE4;hrungsumstellung"/><!-- WÃ¤hrungsumstellung -->
<feat xlink:href="#tok_16" value="vor"/><!-- vor -->
<feat xlink:href="#tok_17" value="."/><!-- . -->
<feat xlink:href="#tok_18" value="sie"/><!-- Sie -->
<feat xlink:href="#tok_19" value="besuchen"/><!-- besuchen -->
<feat xlink:href="#tok_20" value="Informationsveranstaltung"/><!-- Informationsveranstaltungen -->
<feat xlink:href="#tok_21" value=","/><!-- , -->
<feat xlink:href="#tok_22" value="wie"/><!-- wie -->
<feat xlink:href="#tok_23" value="sie"/><!-- sie -->
<feat xlink:href="#tok_24" value="von"/><!-- von -->
<feat xlink:href="#tok_25" value="der"/><!-- der -->
<feat xlink:href="#tok_26" value="Handwerkskammer"/><!-- Handwerkskammer -->
<feat xlink:href="#tok_27" value="veranstalten"/><!-- veranstaltet -->
<feat xlink:href="#tok_28" value="werden"/><!-- werden -->
<feat xlink:href="#tok_29" value="."/><!-- . -->
<feat xlink:href="#tok_30" value="dort"/><!-- Dort -->
<feat xlink:href="#tok_31" value="erfahren"/><!-- erfahren -->
<feat xlink:href="#tok_32" value="der"/><!-- die -->
<feat xlink:href="#tok_33" value="Dienstleister"/><!-- Dienstleister -->
<feat xlink:href="#tok_34" value=","/><!-- , -->
<feat xlink:href="#tok_35" value="was"/><!-- was -->
<feat xlink:href="#tok_36" value="sie"/><!-- sie -->
<feat xlink:href="#tok_37" value="erwarten"/><!-- erwartet -->
<feat xlink:href="#tok_38" value=","/><!-- , -->
<feat xlink:href="#tok_39" value="wenn"/><!-- wenn -->
<feat xlink:href="#tok_40" value="sie"/><!-- sie -->
<feat xlink:href="#tok_41" value="sich"/><!-- sich -->
<feat xlink:href="#tok_42" value="nicht"/><!-- nicht -->
<feat xlink:href="#tok_43" value="rechtzeitig"/><!-- rechtzeitig -->
<feat xlink:href="#tok_44" value="auf"/><!-- auf -->
<feat xlink:href="#tok_45" value="der"/><!-- die -->
<feat xlink:href="#tok_46" value="Euroeinf&#xFC;hrung"/><!-- EuroeinfÃ¼hrung -->
<feat xlink:href="#tok_47" value="vorbereiten"/><!-- vorbereiten -->
<feat xlink:href="#tok_48" value=":"/><!-- : -->
<feat xlink:href="#tok_49" value="Chaos"/><!-- Chaos -->
<feat xlink:href="#tok_50" value="und"/><!-- und -->
<feat xlink:href="#tok_51" value="eventuell"/><!-- eventuell -->
<feat xlink:href="#tok_52" value="der"/><!-- das -->
<feat xlink:href="#tok_53" value="Aus"/><!-- Aus -->
<feat xlink:href="#tok_54" value="."/><!-- . -->
<feat xlink:href="#tok_55" value="denn"/><!-- Denn -->
<feat xlink:href="#tok_56" value="zu"/><!-- zu -->
<feat xlink:href="#tok_57" value="beachten"/><!-- beachten -->
<feat xlink:href="#tok_58" value="sein"/><!-- ist -->
<feat xlink:href="#tok_59" value="-"/><!-- _ -->
<feat xlink:href="#tok_60" value="neben"/><!-- neben -->
<feat xlink:href="#tok_61" value="der"/><!-- der -->
<feat xlink:href="#tok_62" value="eindeutig"/><!-- eindeutigen -->
<feat xlink:href="#tok_63" value="Auszeichnung"/><!-- Auszeichnung -->
<feat xlink:href="#tok_64" value="der"/><!-- der -->
<feat xlink:href="#tok_65" value="Ware"/><!-- Waren -->
<feat xlink:href="#tok_66" value="-"/><!-- _ -->
<feat xlink:href="#tok_67" value="auch"/><!-- auch -->
<feat xlink:href="#tok_68" value="der"/><!-- die -->
<feat xlink:href="#tok_69" value="&quot;"/><!-- " -->
<feat xlink:href="#tok_70" value="richtig"/><!-- richtige -->
<feat xlink:href="#tok_71" value="&quot;"/><!-- " -->
<feat xlink:href="#tok_72" value="Umrechnung"/><!-- Umrechnung -->
<feat xlink:href="#tok_73" value="von"/><!-- von -->
<feat xlink:href="#tok_74" value="Mark"/><!-- Mark -->
<feat xlink:href="#tok_75" value="in"/><!-- in -->
<feat xlink:href="#tok_76" value="Euro"/><!-- Euro -->
<feat xlink:href="#tok_77" value="."/><!-- . -->
<feat xlink:href="#tok_78" value="der"/><!-- Der -->
<feat xlink:href="#tok_79" value="Umrechnungskurs"/><!-- Umrechnungskurs -->
<feat xlink:href="#tok_80" value="f&#xFC;r"/><!-- fÃ¼r -->
<feat xlink:href="#tok_81" value="der"/><!-- den -->
<feat xlink:href="#tok_82" value="Euro"/><!-- Euro -->
<feat xlink:href="#tok_83" value="stehen"/><!-- steht -->
<feat xlink:href="#tok_84" value="fest"/><!-- fest -->
<feat xlink:href="#tok_85" value="."/><!-- . -->
<feat xlink:href="#tok_86" value="daran"/><!-- Daran -->
<feat xlink:href="#tok_87" value="d&#xFC;rfen"/><!-- darf -->
<feat xlink:href="#tok_88" value="nicht"/><!-- nicht -->
<feat xlink:href="#tok_89" value="r&#xFC;tteln"/><!-- gerÃ¼ttelt -->
<feat xlink:href="#tok_90" value="werden"/><!-- werden -->
<feat xlink:href="#tok_91" value="."/><!-- . -->
<feat xlink:href="#tok_92" value="Auf"/><!-- Auf_ -->
<feat xlink:href="#tok_93" value="und"/><!-- und -->
<feat xlink:href="#tok_94" value="abrunden"/><!-- abgerundet -->
<feat xlink:href="#tok_95" value="werden"/><!-- wird -->
<feat xlink:href="#tok_96" value="zwei"/><!-- zwei -->
<feat xlink:href="#tok_97" value="Stelle"/><!-- Stellen -->
<feat xlink:href="#tok_98" value="hinter"/><!-- hinter -->
<feat xlink:href="#tok_99" value="der"/><!-- dem -->
<feat xlink:href="#tok_100" value="Komma"/><!-- Komma -->
<feat xlink:href="#tok_101" value="-"/><!-- _ -->
<feat xlink:href="#tok_102" value="nach"/><!-- nach -->
<feat xlink:href="#tok_103" value="kaufm&#xE4;nnisch"/><!-- kaufmÃ¤nnischem -->
<feat xlink:href="#tok_104" value="Prinzip"/><!-- Prinzip -->
<feat xlink:href="#tok_105" value="."/><!-- . -->
<feat xlink:href="#tok_106" value="dieser"/><!-- Dies -->
<feat xlink:href="#tok_107" value="k&#xF6;nnen"/><!-- kann -->
<feat xlink:href="#tok_108" value="jedoch"/><!-- jedoch -->
<feat xlink:href="#tok_109" value="bei"/><!-- bei -->
<feat xlink:href="#tok_110" value="der"/><!-- den -->
<feat xlink:href="#tok_111" value="Gewerbetreibender"/><!-- Gewerbetreibenden -->
<feat xlink:href="#tok_112" value="zu"/><!-- zu -->
<feat xlink:href="#tok_113" value="Einnahmeverlust"/><!-- Einnahmeverlusten -->
<feat xlink:href="#tok_114" value="f&#xFC;hren"/><!-- fÃ¼hren -->
<feat xlink:href="#tok_115" value="."/><!-- . -->
<feat xlink:href="#tok_116" value="denn"/><!-- Denn -->
<feat xlink:href="#tok_117" value="auch"/><!-- auch -->
<feat xlink:href="#tok_118" value="Kleinvieh"/><!-- Kleinvieh -->
<feat xlink:href="#tok_119" value="machen"/><!-- macht -->
<feat xlink:href="#tok_120" value="ja"/><!-- ja -->
<feat xlink:href="#tok_121" value="bekanntlich"/><!-- bekanntlich -->
<feat xlink:href="#tok_122" value="Mist"/><!-- Mist -->
<feat xlink:href="#tok_123" value="."/><!-- . -->
<feat xlink:href="#tok_124" value="gut"/><!-- Gut -->
<feat xlink:href="#tok_125" value="beraten"/><!-- beraten -->
<feat xlink:href="#tok_126" value="sein"/><!-- ist -->
<feat xlink:href="#tok_127" value="deshalb"/><!-- deshalb -->
<feat xlink:href="#tok_128" value=","/><!-- , -->
<feat xlink:href="#tok_129" value="wer"/><!-- wer -->
<feat xlink:href="#tok_130" value="sich"/><!-- sich -->
<feat xlink:href="#tok_131" value="schon"/><!-- schon -->
<feat xlink:href="#tok_132" value="rechtzeitig"/><!-- rechtzeitig -->
<feat xlink:href="#tok_133" value="mit"/><!-- mit -->
<feat xlink:href="#tok_134" value="der"/><!-- der -->
<feat xlink:href="#tok_135" value="Rechnerei"/><!-- Rechnerei -->
<feat xlink:href="#tok_136" value="besch&#xE4;ftigen"/><!-- beschÃ¤ftigt -->
<feat xlink:href="#tok_137" value="."/><!-- . -->
<feat xlink:href="#tok_138" value="vielleicht"/><!-- Vielleicht -->
<feat xlink:href="#tok_139" value="werden"/><!-- wird -->
<feat xlink:href="#tok_140" value="ja"/><!-- ja -->
<feat xlink:href="#tok_141" value="der"/><!-- der -->
<feat xlink:href="#tok_142" value="abgerundet"/><!-- abgerundete -->
<feat xlink:href="#tok_143" value="Bonbonpreis"/><!-- Bonbonpreis -->
<feat xlink:href="#tok_144" value="durch"/><!-- durch -->
<feat xlink:href="#tok_145" value="der"/><!-- den -->
<feat xlink:href="#tok_146" value="aufgerundet"/><!-- aufgerundeten -->
<feat xlink:href="#tok_147" value="Schokoladenpreis"/><!-- Schokoladenpreis -->
<feat xlink:href="#tok_148" value="wieder"/><!-- wieder -->
<feat xlink:href="#tok_149" value="wettmachen"/><!-- wettgemacht -->
<feat xlink:href="#tok_150" value="."/><!-- . -->
<feat xlink:href="#tok_151" value="unbegr&#xFC;ndet"/><!-- UnbegrÃ¼ndete -->
<feat xlink:href="#tok_152" value="und"/><!-- und -->
<feat xlink:href="#tok_153" value="panisch"/><!-- panische -->
<feat xlink:href="#tok_154" value="Preiserh&#xF6;hung"/><!-- PreiserhÃ¶hungen -->
<feat xlink:href="#tok_155" value="vergraulen"/><!-- vergraulen -->
<feat xlink:href="#tok_156" value="nur"/><!-- nur -->
<feat xlink:href="#tok_157" value="der"/><!-- die -->
<feat xlink:href="#tok_158" value="Kunde"/><!-- Kunden -->
<feat xlink:href="#tok_159" value="."/><!-- . -->
<feat xlink:href="#tok_160" value="doch"/><!-- Doch -->
<feat xlink:href="#tok_161" value="wer"/><!-- wer -->
<feat xlink:href="#tok_162" value="zu"/><!-- zu -->
<feat xlink:href="#tok_163" value="lange"/><!-- lange -->
<feat xlink:href="#tok_164" value="warten"/><!-- wartet -->
<feat xlink:href="#tok_165" value=","/><!-- , -->
<feat xlink:href="#tok_166" value="um"/><!-- um -->
<feat xlink:href="#tok_167" value="sich"/><!-- sich -->
<feat xlink:href="#tok_168" value="mit"/><!-- mit -->
<feat xlink:href="#tok_169" value="der"/><!-- den -->
<feat xlink:href="#tok_170" value="Rechnerei"/><!-- Rechnereien -->
<feat xlink:href="#tok_171" value="zu"/><!-- zu -->
<feat xlink:href="#tok_172" value="besch&#xE4;ftigen"/><!-- beschÃ¤ftigen -->
<feat xlink:href="#tok_173" value=","/><!-- , -->
<feat xlink:href="#tok_174" value="verlieren"/><!-- verliert -->
<feat xlink:href="#tok_175" value="bei"/><!-- bei -->
<feat xlink:href="#tok_176" value="der"/><!-- der -->
<feat xlink:href="#tok_177" value="Euroumstellung"/><!-- Euroumstellung -->
<feat xlink:href="#tok_178" value="der"/><!-- den -->
<feat xlink:href="#tok_179" value="&#xDC;berblick"/><!-- Ãberblick -->
<feat xlink:href="#tok_180" value="."/><!-- . -->
<feat xlink:href="#tok_181" value="und"/><!-- Und -->
<feat xlink:href="#tok_182" value="riskieren"/><!-- riskiert -->
<feat xlink:href="#tok_183" value="damit"/><!-- damit -->
<feat xlink:href="#tok_184" value="der"/><!-- das -->
<feat xlink:href="#tok_185" value="vertrauen"/><!-- Vertrauen -->
<feat xlink:href="#tok_186" value="sein"/><!-- seiner -->
<feat xlink:href="#tok_187" value="Kunde"/><!-- Kunden -->
<feat xlink:href="#tok_188" value="."/><!-- . -->
</featList>

</sfb632_standard>
