<?xml version="1.0" standalone="no"?>


<!DOCTYPE sfb632_standard SYSTEM "sfb632_feat.dtd">
<sfb632_standard version="1.0">

<header sfb_id="tiger.ID_maz-4181_morph" type="morph"/>

<featList xmlns:xlink="http://www.w3.org/1999/xlink" type="morph" xml:base="tiger.ID_maz-4181.tok.xml">

<feat xlink:href="#tok_1" value="Nom.Sg.Neut"/><!-- FingerspitzengefÃ¼hl -->
<feat xlink:href="#tok_2" value="Nom.Sg.Masc"/><!-- Der -->
<feat xlink:href="#tok_3" value="Nom.Sg.Masc"/><!-- Euro -->
<feat xlink:href="#tok_4" value="3.Sg.Pres.Ind"/><!-- kommt -->
<feat xlink:href="#tok_5" value="--"/><!-- _ -->
<feat xlink:href="#tok_6" value="--"/><!-- schon -->
<feat xlink:href="#tok_7" value="--"/><!-- bald -->
<feat xlink:href="#tok_8" value="--"/><!-- . -->
<feat xlink:href="#tok_9" value="Nom.Pl.*"/><!-- Manche -->
<feat xlink:href="#tok_10" value="Nom.Pl.*"/><!-- GeschÃ¤ftsleute -->
<feat xlink:href="#tok_11" value="3.Pl.Pres.Ind"/><!-- bereiten -->
<feat xlink:href="#tok_12" value="3.Acc.Pl"/><!-- sich -->
<feat xlink:href="#tok_13" value="--"/><!-- auf -->
<feat xlink:href="#tok_14" value="Acc.Sg.Fem"/><!-- die -->
<feat xlink:href="#tok_15" value="Acc.Sg.Fem"/><!-- WÃ¤hrungsumstellung -->
<feat xlink:href="#tok_16" value="--"/><!-- vor -->
<feat xlink:href="#tok_17" value="--"/><!-- . -->
<feat xlink:href="#tok_18" value="3.Nom.Pl.*"/><!-- Sie -->
<feat xlink:href="#tok_19" value="3.Pl.Pres.Ind"/><!-- besuchen -->
<feat xlink:href="#tok_20" value="Acc.Pl.Fem"/><!-- Informationsveranstaltungen -->
<feat xlink:href="#tok_21" value="--"/><!-- , -->
<feat xlink:href="#tok_22" value="--"/><!-- wie -->
<feat xlink:href="#tok_23" value="3.Nom.Pl.Fem"/><!-- sie -->
<feat xlink:href="#tok_24" value="--"/><!-- von -->
<feat xlink:href="#tok_25" value="Dat.Sg.Fem"/><!-- der -->
<feat xlink:href="#tok_26" value="Dat.Sg.Fem"/><!-- Handwerkskammer -->
<feat xlink:href="#tok_27" value="Psp"/><!-- veranstaltet -->
<feat xlink:href="#tok_28" value="3.Pl.Pres.Ind"/><!-- werden -->
<feat xlink:href="#tok_29" value="--"/><!-- . -->
<feat xlink:href="#tok_30" value="--"/><!-- Dort -->
<feat xlink:href="#tok_31" value="3.Pl.Pres.Ind"/><!-- erfahren -->
<feat xlink:href="#tok_32" value="Nom.Pl.Masc"/><!-- die -->
<feat xlink:href="#tok_33" value="Nom.Pl.Masc"/><!-- Dienstleister -->
<feat xlink:href="#tok_34" value="--"/><!-- , -->
<feat xlink:href="#tok_35" value="3.Nom.Sg.Neut"/><!-- was -->
<feat xlink:href="#tok_36" value="3.Acc.Pl.Masc"/><!-- sie -->
<feat xlink:href="#tok_37" value="3.Sg.Pres.Ind"/><!-- erwartet -->
<feat xlink:href="#tok_38" value="--"/><!-- , -->
<feat xlink:href="#tok_39" value="--"/><!-- wenn -->
<feat xlink:href="#tok_40" value="3.Nom.Pl.Masc"/><!-- sie -->
<feat xlink:href="#tok_41" value="3.Acc.Pl"/><!-- sich -->
<feat xlink:href="#tok_42" value="--"/><!-- nicht -->
<feat xlink:href="#tok_43" value="Pos"/><!-- rechtzeitig -->
<feat xlink:href="#tok_44" value="--"/><!-- auf -->
<feat xlink:href="#tok_45" value="Acc.Sg.Fem"/><!-- die -->
<feat xlink:href="#tok_46" value="Acc.Sg.Fem"/><!-- EuroeinfÃ¼hrung -->
<feat xlink:href="#tok_47" value="3.Pl.Pres.Ind"/><!-- vorbereiten -->
<feat xlink:href="#tok_48" value="--"/><!-- : -->
<feat xlink:href="#tok_49" value="Nom.Sg.Neut"/><!-- Chaos -->
<feat xlink:href="#tok_50" value="--"/><!-- und -->
<feat xlink:href="#tok_51" value="Pos"/><!-- eventuell -->
<feat xlink:href="#tok_52" value="Nom.Sg.Neut"/><!-- das -->
<feat xlink:href="#tok_53" value="Nom.Sg.Neut"/><!-- Aus -->
<feat xlink:href="#tok_54" value="--"/><!-- . -->
<feat xlink:href="#tok_55" value="--"/><!-- Denn -->
<feat xlink:href="#tok_56" value="--"/><!-- zu -->
<feat xlink:href="#tok_57" value="Inf"/><!-- beachten -->
<feat xlink:href="#tok_58" value="3.Sg.Pres.Ind"/><!-- ist -->
<feat xlink:href="#tok_59" value="--"/><!-- _ -->
<feat xlink:href="#tok_60" value="Dat"/><!-- neben -->
<feat xlink:href="#tok_61" value="Dat.Sg.Fem"/><!-- der -->
<feat xlink:href="#tok_62" value="Pos.Dat.Sg.Fem"/><!-- eindeutigen -->
<feat xlink:href="#tok_63" value="Dat.Sg.Fem"/><!-- Auszeichnung -->
<feat xlink:href="#tok_64" value="Gen.Pl.Fem"/><!-- der -->
<feat xlink:href="#tok_65" value="Gen.Pl.Fem"/><!-- Waren -->
<feat xlink:href="#tok_66" value="--"/><!-- _ -->
<feat xlink:href="#tok_67" value="--"/><!-- auch -->
<feat xlink:href="#tok_68" value="Nom.Sg.Fem"/><!-- die -->
<feat xlink:href="#tok_69" value="--"/><!-- " -->
<feat xlink:href="#tok_70" value="Pos.Nom.Sg.Fem"/><!-- richtige -->
<feat xlink:href="#tok_71" value="--"/><!-- " -->
<feat xlink:href="#tok_72" value="Nom.Sg.Fem"/><!-- Umrechnung -->
<feat xlink:href="#tok_73" value="--"/><!-- von -->
<feat xlink:href="#tok_74" value="Dat.Sg.Fem"/><!-- Mark -->
<feat xlink:href="#tok_75" value="--"/><!-- in -->
<feat xlink:href="#tok_76" value="Acc.Sg.Masc"/><!-- Euro -->
<feat xlink:href="#tok_77" value="--"/><!-- . -->
<feat xlink:href="#tok_78" value="Nom.Sg.Masc"/><!-- Der -->
<feat xlink:href="#tok_79" value="Nom.Sg.Masc"/><!-- Umrechnungskurs -->
<feat xlink:href="#tok_80" value="--"/><!-- fÃ¼r -->
<feat xlink:href="#tok_81" value="Acc.Sg.Masc"/><!-- den -->
<feat xlink:href="#tok_82" value="Acc.Sg.Masc"/><!-- Euro -->
<feat xlink:href="#tok_83" value="3.Sg.Pres.Ind"/><!-- steht -->
<feat xlink:href="#tok_84" value="--"/><!-- fest -->
<feat xlink:href="#tok_85" value="--"/><!-- . -->
<feat xlink:href="#tok_86" value="--"/><!-- Daran -->
<feat xlink:href="#tok_87" value="3.Sg.Pres.Ind"/><!-- darf -->
<feat xlink:href="#tok_88" value="--"/><!-- nicht -->
<feat xlink:href="#tok_89" value="Psp"/><!-- gerÃ¼ttelt -->
<feat xlink:href="#tok_90" value="Inf"/><!-- werden -->
<feat xlink:href="#tok_91" value="--"/><!-- . -->
<feat xlink:href="#tok_92" value="--"/><!-- Auf_ -->
<feat xlink:href="#tok_93" value="--"/><!-- und -->
<feat xlink:href="#tok_94" value="Psp"/><!-- abgerundet -->
<feat xlink:href="#tok_95" value="3.Sg.Pres.Ind"/><!-- wird -->
<feat xlink:href="#tok_96" value="--"/><!-- zwei -->
<feat xlink:href="#tok_97" value="*.Pl.Fem"/><!-- Stellen -->
<feat xlink:href="#tok_98" value="--"/><!-- hinter -->
<feat xlink:href="#tok_99" value="Dat.Sg.Neut"/><!-- dem -->
<feat xlink:href="#tok_100" value="Dat.Sg.Neut"/><!-- Komma -->
<feat xlink:href="#tok_101" value="--"/><!-- _ -->
<feat xlink:href="#tok_102" value="--"/><!-- nach -->
<feat xlink:href="#tok_103" value="Pos.Dat.Sg.Neut"/><!-- kaufmÃ¤nnischem -->
<feat xlink:href="#tok_104" value="Dat.Sg.Neut"/><!-- Prinzip -->
<feat xlink:href="#tok_105" value="--"/><!-- . -->
<feat xlink:href="#tok_106" value="Nom.Sg.Neut"/><!-- Dies -->
<feat xlink:href="#tok_107" value="3.Sg.Pres.Ind"/><!-- kann -->
<feat xlink:href="#tok_108" value="--"/><!-- jedoch -->
<feat xlink:href="#tok_109" value="--"/><!-- bei -->
<feat xlink:href="#tok_110" value="Dat.Pl.*"/><!-- den -->
<feat xlink:href="#tok_111" value="Dat.Pl.*"/><!-- Gewerbetreibenden -->
<feat xlink:href="#tok_112" value="--"/><!-- zu -->
<feat xlink:href="#tok_113" value="Dat.Pl.Masc"/><!-- Einnahmeverlusten -->
<feat xlink:href="#tok_114" value="Inf"/><!-- fÃ¼hren -->
<feat xlink:href="#tok_115" value="--"/><!-- . -->
<feat xlink:href="#tok_116" value="--"/><!-- Denn -->
<feat xlink:href="#tok_117" value="--"/><!-- auch -->
<feat xlink:href="#tok_118" value="Nom.Sg.Neut"/><!-- Kleinvieh -->
<feat xlink:href="#tok_119" value="3.Sg.Pres.Ind"/><!-- macht -->
<feat xlink:href="#tok_120" value="--"/><!-- ja -->
<feat xlink:href="#tok_121" value="--"/><!-- bekanntlich -->
<feat xlink:href="#tok_122" value="Acc.Sg.Masc"/><!-- Mist -->
<feat xlink:href="#tok_123" value="--"/><!-- . -->
<feat xlink:href="#tok_124" value="Pos"/><!-- Gut -->
<feat xlink:href="#tok_125" value="Psp"/><!-- beraten -->
<feat xlink:href="#tok_126" value="3.Sg.Pres.Ind"/><!-- ist -->
<feat xlink:href="#tok_127" value="--"/><!-- deshalb -->
<feat xlink:href="#tok_128" value="--"/><!-- , -->
<feat xlink:href="#tok_129" value="Nom.Sg.Masc"/><!-- wer -->
<feat xlink:href="#tok_130" value="3.Acc.Sg"/><!-- sich -->
<feat xlink:href="#tok_131" value="--"/><!-- schon -->
<feat xlink:href="#tok_132" value="Pos"/><!-- rechtzeitig -->
<feat xlink:href="#tok_133" value="--"/><!-- mit -->
<feat xlink:href="#tok_134" value="Dat.Sg.Fem"/><!-- der -->
<feat xlink:href="#tok_135" value="Dat.Sg.Fem"/><!-- Rechnerei -->
<feat xlink:href="#tok_136" value="3.Sg.Pres.Ind"/><!-- beschÃ¤ftigt -->
<feat xlink:href="#tok_137" value="--"/><!-- . -->
<feat xlink:href="#tok_138" value="--"/><!-- Vielleicht -->
<feat xlink:href="#tok_139" value="3.Sg.Pres.Ind"/><!-- wird -->
<feat xlink:href="#tok_140" value="--"/><!-- ja -->
<feat xlink:href="#tok_141" value="Nom.Sg.Masc"/><!-- der -->
<feat xlink:href="#tok_142" value="Pos.Nom.Sg.Masc"/><!-- abgerundete -->
<feat xlink:href="#tok_143" value="Nom.Sg.Masc"/><!-- Bonbonpreis -->
<feat xlink:href="#tok_144" value="--"/><!-- durch -->
<feat xlink:href="#tok_145" value="Acc.Sg.Masc"/><!-- den -->
<feat xlink:href="#tok_146" value="Pos.Acc.Sg.Masc"/><!-- aufgerundeten -->
<feat xlink:href="#tok_147" value="Acc.Sg.Masc"/><!-- Schokoladenpreis -->
<feat xlink:href="#tok_148" value="--"/><!-- wieder -->
<feat xlink:href="#tok_149" value="Psp"/><!-- wettgemacht -->
<feat xlink:href="#tok_150" value="--"/><!-- . -->
<feat xlink:href="#tok_151" value="Pos.Nom.Pl.Fem"/><!-- UnbegrÃ¼ndete -->
<feat xlink:href="#tok_152" value="--"/><!-- und -->
<feat xlink:href="#tok_153" value="Pos.Nom.Pl.Fem"/><!-- panische -->
<feat xlink:href="#tok_154" value="Nom.Pl.Fem"/><!-- PreiserhÃ¶hungen -->
<feat xlink:href="#tok_155" value="3.Pl.Pres.Ind"/><!-- vergraulen -->
<feat xlink:href="#tok_156" value="--"/><!-- nur -->
<feat xlink:href="#tok_157" value="Acc.Pl.Masc"/><!-- die -->
<feat xlink:href="#tok_158" value="Acc.Pl.Masc"/><!-- Kunden -->
<feat xlink:href="#tok_159" value="--"/><!-- . -->
<feat xlink:href="#tok_160" value="--"/><!-- Doch -->
<feat xlink:href="#tok_161" value="Nom.Sg.Masc"/><!-- wer -->
<feat xlink:href="#tok_162" value="--"/><!-- zu -->
<feat xlink:href="#tok_163" value="--"/><!-- lange -->
<feat xlink:href="#tok_164" value="3.Sg.Pres.Ind"/><!-- wartet -->
<feat xlink:href="#tok_165" value="--"/><!-- , -->
<feat xlink:href="#tok_166" value="--"/><!-- um -->
<feat xlink:href="#tok_167" value="3.Acc.Sg"/><!-- sich -->
<feat xlink:href="#tok_168" value="--"/><!-- mit -->
<feat xlink:href="#tok_169" value="Dat.Pl.Fem"/><!-- den -->
<feat xlink:href="#tok_170" value="Dat.Pl.Fem"/><!-- Rechnereien -->
<feat xlink:href="#tok_171" value="--"/><!-- zu -->
<feat xlink:href="#tok_172" value="Inf"/><!-- beschÃ¤ftigen -->
<feat xlink:href="#tok_173" value="--"/><!-- , -->
<feat xlink:href="#tok_174" value="3.Sg.Pres.Ind"/><!-- verliert -->
<feat xlink:href="#tok_175" value="--"/><!-- bei -->
<feat xlink:href="#tok_176" value="Dat.Sg.Fem"/><!-- der -->
<feat xlink:href="#tok_177" value="Dat.Sg.Fem"/><!-- Euroumstellung -->
<feat xlink:href="#tok_178" value="Acc.Sg.Masc"/><!-- den -->
<feat xlink:href="#tok_179" value="Acc.Sg.Masc"/><!-- Ãberblick -->
<feat xlink:href="#tok_180" value="--"/><!-- . -->
<feat xlink:href="#tok_181" value="--"/><!-- Und -->
<feat xlink:href="#tok_182" value="3.Sg.Pres.Ind"/><!-- riskiert -->
<feat xlink:href="#tok_183" value="--"/><!-- damit -->
<feat xlink:href="#tok_184" value="Acc.Sg.Neut"/><!-- das -->
<feat xlink:href="#tok_185" value="Acc.Sg.Neut"/><!-- Vertrauen -->
<feat xlink:href="#tok_186" value="Gen.Pl.Masc"/><!-- seiner -->
<feat xlink:href="#tok_187" value="Gen.Pl.Masc"/><!-- Kunden -->
<feat xlink:href="#tok_188" value="--"/><!-- . -->
</featList>

</sfb632_standard>
