<?xml version="1.0" standalone="no"?>


<!DOCTYPE sfb632_standard SYSTEM "sfb632_feat.dtd">
<sfb632_standard version="1.0">

<header sfb_id="tiger.ID_maz-4181_cat" type="cat"/>

<featList xmlns:xlink="http://www.w3.org/1999/xlink" type="cat" xml:base="tiger.ID_maz-4181.const.xml">

<feat xlink:href="#const_1" value="NP"/>
<feat xlink:href="#const_2" value="AVP"/>
<feat xlink:href="#const_3" value="S"/>
<feat xlink:href="#const_4" value="NP"/>
<feat xlink:href="#const_5" value="PP"/>
<feat xlink:href="#const_6" value="S"/>
<feat xlink:href="#const_7" value="PP"/>
<feat xlink:href="#const_8" value="VP"/>
<feat xlink:href="#const_9" value="S"/>
<feat xlink:href="#const_10" value="NP"/>
<feat xlink:href="#const_11" value="S"/>
<feat xlink:href="#const_12" value="NP"/>
<feat xlink:href="#const_13" value="AP"/>
<feat xlink:href="#const_14" value="PP"/>
<feat xlink:href="#const_15" value="NP"/>
<feat xlink:href="#const_16" value="S"/>
<feat xlink:href="#const_17" value="CNP"/>
<feat xlink:href="#const_18" value="NP"/>
<feat xlink:href="#const_19" value="S"/>
<feat xlink:href="#const_20" value="S"/>
<feat xlink:href="#const_21" value="VZ"/>
<feat xlink:href="#const_22" value="NP"/>
<feat xlink:href="#const_23" value="PP"/>
<feat xlink:href="#const_24" value="PP"/>
<feat xlink:href="#const_25" value="PP"/>
<feat xlink:href="#const_26" value="NP"/>
<feat xlink:href="#const_27" value="S"/>
<feat xlink:href="#const_28" value="PP"/>
<feat xlink:href="#const_29" value="NP"/>
<feat xlink:href="#const_30" value="S"/>
<feat xlink:href="#const_31" value="VP"/>
<feat xlink:href="#const_32" value="VP"/>
<feat xlink:href="#const_33" value="S"/>
<feat xlink:href="#const_34" value="CVP"/>
<feat xlink:href="#const_35" value="PP"/>
<feat xlink:href="#const_36" value="PP"/>
<feat xlink:href="#const_37" value="NP"/>
<feat xlink:href="#const_38" value="VP"/>
<feat xlink:href="#const_39" value="S"/>
<feat xlink:href="#const_40" value="PP"/>
<feat xlink:href="#const_41" value="PP"/>
<feat xlink:href="#const_42" value="VP"/>
<feat xlink:href="#const_43" value="S"/>
<feat xlink:href="#const_44" value="NP"/>
<feat xlink:href="#const_45" value="S"/>
<feat xlink:href="#const_46" value="VP"/>
<feat xlink:href="#const_47" value="AP"/>
<feat xlink:href="#const_48" value="PP"/>
<feat xlink:href="#const_49" value="S"/>
<feat xlink:href="#const_50" value="S"/>
<feat xlink:href="#const_51" value="NP"/>
<feat xlink:href="#const_52" value="PP"/>
<feat xlink:href="#const_53" value="VP"/>
<feat xlink:href="#const_54" value="S"/>
<feat xlink:href="#const_55" value="CAP"/>
<feat xlink:href="#const_56" value="NP"/>
<feat xlink:href="#const_57" value="NP"/>
<feat xlink:href="#const_58" value="S"/>
<feat xlink:href="#const_59" value="AVP"/>
<feat xlink:href="#const_60" value="PP"/>
<feat xlink:href="#const_61" value="VZ"/>
<feat xlink:href="#const_62" value="PP"/>
<feat xlink:href="#const_63" value="NP"/>
<feat xlink:href="#const_64" value="VP"/>
<feat xlink:href="#const_65" value="S"/>
<feat xlink:href="#const_66" value="S"/>
<feat xlink:href="#const_67" value="NP"/>
<feat xlink:href="#const_68" value="NP"/>
<feat xlink:href="#const_69" value="S"/>
</featList>

</sfb632_standard>
