<?xml version="1.0" standalone="no"?>


<!DOCTYPE sfb632_standard SYSTEM "sfb632_feat.dtd">
<sfb632_standard version="1.0">

<header sfb_id="tiger.ID_maz-4181_func" type="func"/>

<featList xmlns:xlink="http://www.w3.org/1999/xlink" type="func" xml:base="tiger.ID_maz-4181.const.xml">

<feat xlink:href="#rel_1" value="NK"/><!-- Der -->
<feat xlink:href="#rel_2" value="NK"/><!-- Euro -->
<feat xlink:href="#rel_3" value="MO"/><!-- schon -->
<feat xlink:href="#rel_4" value="HD"/><!-- bald -->
<feat xlink:href="#rel_5" value="HD"/><!-- kommt -->
<feat xlink:href="#rel_6" value="SB"/>
<feat xlink:href="#rel_7" value="MO"/>
<feat xlink:href="#rel_8" value="NK"/><!-- Manche -->
<feat xlink:href="#rel_9" value="NK"/><!-- GeschÃ¤ftsleute -->
<feat xlink:href="#rel_10" value="AC"/><!-- auf -->
<feat xlink:href="#rel_11" value="NK"/><!-- die -->
<feat xlink:href="#rel_12" value="NK"/><!-- WÃ¤hrungsumstellung -->
<feat xlink:href="#rel_13" value="HD"/><!-- bereiten -->
<feat xlink:href="#rel_14" value="OA"/><!-- sich -->
<feat xlink:href="#rel_15" value="SVP"/><!-- vor -->
<feat xlink:href="#rel_16" value="SB"/>
<feat xlink:href="#rel_17" value="OP"/>
<feat xlink:href="#rel_18" value="AC"/><!-- von -->
<feat xlink:href="#rel_19" value="NK"/><!-- der -->
<feat xlink:href="#rel_20" value="NK"/><!-- Handwerkskammer -->
<feat xlink:href="#rel_21" value="MO"/><!-- wie -->
<feat xlink:href="#rel_22" value="HD"/><!-- veranstaltet -->
<feat xlink:href="#rel_23" value="SBP"/>
<feat xlink:href="#rel_24" value="SB"/><!-- sie -->
<feat xlink:href="#rel_25" value="HD"/><!-- werden -->
<feat xlink:href="#rel_26" value="OC"/>
<feat xlink:href="#rel_27" value="NK"/><!-- Informationsveranstaltungen -->
<feat xlink:href="#rel_28" value="PAR"/>
<feat xlink:href="#rel_29" value="SB"/><!-- Sie -->
<feat xlink:href="#rel_30" value="HD"/><!-- besuchen -->
<feat xlink:href="#rel_31" value="OA"/>
<feat xlink:href="#rel_32" value="NK"/><!-- die -->
<feat xlink:href="#rel_33" value="NK"/><!-- Dienstleister -->
<feat xlink:href="#rel_34" value="NG"/><!-- nicht -->
<feat xlink:href="#rel_35" value="HD"/><!-- rechtzeitig -->
<feat xlink:href="#rel_36" value="AC"/><!-- auf -->
<feat xlink:href="#rel_37" value="NK"/><!-- die -->
<feat xlink:href="#rel_38" value="NK"/><!-- EuroeinfÃ¼hrung -->
<feat xlink:href="#rel_39" value="MO"/><!-- eventuell -->
<feat xlink:href="#rel_40" value="NK"/><!-- das -->
<feat xlink:href="#rel_41" value="NK"/><!-- Aus -->
<feat xlink:href="#rel_42" value="CP"/><!-- wenn -->
<feat xlink:href="#rel_43" value="SB"/><!-- sie -->
<feat xlink:href="#rel_44" value="OA"/><!-- sich -->
<feat xlink:href="#rel_45" value="HD"/><!-- vorbereiten -->
<feat xlink:href="#rel_46" value="MO"/>
<feat xlink:href="#rel_47" value="OP"/>
<feat xlink:href="#rel_48" value="CJ"/><!-- Chaos -->
<feat xlink:href="#rel_49" value="CD"/><!-- und -->
<feat xlink:href="#rel_50" value="CJ"/>
<feat xlink:href="#rel_51" value="NK"/><!-- was -->
<feat xlink:href="#rel_52" value="APP"/>
<feat xlink:href="#rel_53" value="OA"/><!-- sie -->
<feat xlink:href="#rel_54" value="HD"/><!-- erwartet -->
<feat xlink:href="#rel_55" value="MO"/>
<feat xlink:href="#rel_56" value="SB"/>
<feat xlink:href="#rel_57" value="MO"/><!-- Dort -->
<feat xlink:href="#rel_58" value="HD"/><!-- erfahren -->
<feat xlink:href="#rel_59" value="SB"/>
<feat xlink:href="#rel_60" value="OC"/>
<feat xlink:href="#rel_61" value="PM"/><!-- zu -->
<feat xlink:href="#rel_62" value="HD"/><!-- beachten -->
<feat xlink:href="#rel_63" value="NK"/><!-- der -->
<feat xlink:href="#rel_64" value="NK"/><!-- Waren -->
<feat xlink:href="#rel_65" value="AC"/><!-- von -->
<feat xlink:href="#rel_66" value="NK"/><!-- Mark -->
<feat xlink:href="#rel_67" value="AC"/><!-- in -->
<feat xlink:href="#rel_68" value="NK"/><!-- Euro -->
<feat xlink:href="#rel_69" value="AC"/><!-- neben -->
<feat xlink:href="#rel_70" value="NK"/><!-- der -->
<feat xlink:href="#rel_71" value="NK"/><!-- eindeutigen -->
<feat xlink:href="#rel_72" value="NK"/><!-- Auszeichnung -->
<feat xlink:href="#rel_73" value="AG"/>
<feat xlink:href="#rel_74" value="MO"/><!-- auch -->
<feat xlink:href="#rel_75" value="NK"/><!-- die -->
<feat xlink:href="#rel_76" value="NK"/><!-- richtige -->
<feat xlink:href="#rel_77" value="NK"/><!-- Umrechnung -->
<feat xlink:href="#rel_78" value="MNR"/>
<feat xlink:href="#rel_79" value="MNR"/>
<feat xlink:href="#rel_80" value="PAR"/>
<feat xlink:href="#rel_81" value="JU"/><!-- Denn -->
<feat xlink:href="#rel_82" value="HD"/><!-- ist -->
<feat xlink:href="#rel_83" value="OC"/>
<feat xlink:href="#rel_84" value="SB"/>
<feat xlink:href="#rel_85" value="AC"/><!-- fÃ¼r -->
<feat xlink:href="#rel_86" value="NK"/><!-- den -->
<feat xlink:href="#rel_87" value="NK"/><!-- Euro -->
<feat xlink:href="#rel_88" value="NK"/><!-- Der -->
<feat xlink:href="#rel_89" value="NK"/><!-- Umrechnungskurs -->
<feat xlink:href="#rel_90" value="MNR"/>
<feat xlink:href="#rel_91" value="HD"/><!-- steht -->
<feat xlink:href="#rel_92" value="SVP"/><!-- fest -->
<feat xlink:href="#rel_93" value="SB"/>
<feat xlink:href="#rel_94" value="MO"/><!-- Daran -->
<feat xlink:href="#rel_95" value="HD"/><!-- gerÃ¼ttelt -->
<feat xlink:href="#rel_96" value="HD"/><!-- werden -->
<feat xlink:href="#rel_97" value="OC"/>
<feat xlink:href="#rel_98" value="HD"/><!-- darf -->
<feat xlink:href="#rel_99" value="NG"/><!-- nicht -->
<feat xlink:href="#rel_100" value="OC"/>
<feat xlink:href="#rel_101" value="CJ"/><!-- Auf_ -->
<feat xlink:href="#rel_102" value="CD"/><!-- und -->
<feat xlink:href="#rel_103" value="CJ"/><!-- abgerundet -->
<feat xlink:href="#rel_104" value="AC"/><!-- hinter -->
<feat xlink:href="#rel_105" value="NK"/><!-- dem -->
<feat xlink:href="#rel_106" value="NK"/><!-- Komma -->
<feat xlink:href="#rel_107" value="AC"/><!-- nach -->
<feat xlink:href="#rel_108" value="NK"/><!-- kaufmÃ¤nnischem -->
<feat xlink:href="#rel_109" value="NK"/><!-- Prinzip -->
<feat xlink:href="#rel_110" value="NK"/><!-- zwei -->
<feat xlink:href="#rel_111" value="NK"/><!-- Stellen -->
<feat xlink:href="#rel_112" value="MNR"/>
<feat xlink:href="#rel_113" value="OC"/>
<feat xlink:href="#rel_114" value="MO"/>
<feat xlink:href="#rel_115" value="MO"/>
<feat xlink:href="#rel_116" value="HD"/><!-- wird -->
<feat xlink:href="#rel_117" value="OC"/>
<feat xlink:href="#rel_118" value="AC"/><!-- bei -->
<feat xlink:href="#rel_119" value="NK"/><!-- den -->
<feat xlink:href="#rel_120" value="NK"/><!-- Gewerbetreibenden -->
<feat xlink:href="#rel_121" value="AC"/><!-- zu -->
<feat xlink:href="#rel_122" value="NK"/><!-- Einnahmeverlusten -->
<feat xlink:href="#rel_123" value="HD"/><!-- fÃ¼hren -->
<feat xlink:href="#rel_124" value="MO"/>
<feat xlink:href="#rel_125" value="SB"/><!-- Dies -->
<feat xlink:href="#rel_126" value="HD"/><!-- kann -->
<feat xlink:href="#rel_127" value="MO"/><!-- jedoch -->
<feat xlink:href="#rel_128" value="MO"/>
<feat xlink:href="#rel_129" value="OC"/>
<feat xlink:href="#rel_130" value="MO"/><!-- auch -->
<feat xlink:href="#rel_131" value="NK"/><!-- Kleinvieh -->
<feat xlink:href="#rel_132" value="JU"/><!-- Denn -->
<feat xlink:href="#rel_133" value="HD"/><!-- macht -->
<feat xlink:href="#rel_134" value="MO"/><!-- ja -->
<feat xlink:href="#rel_135" value="MO"/><!-- bekanntlich -->
<feat xlink:href="#rel_136" value="OA"/><!-- Mist -->
<feat xlink:href="#rel_137" value="SB"/>
<feat xlink:href="#rel_138" value="MO"/><!-- Gut -->
<feat xlink:href="#rel_139" value="HD"/><!-- beraten -->
<feat xlink:href="#rel_140" value="MO"/><!-- schon -->
<feat xlink:href="#rel_141" value="HD"/><!-- rechtzeitig -->
<feat xlink:href="#rel_142" value="AC"/><!-- mit -->
<feat xlink:href="#rel_143" value="NK"/><!-- der -->
<feat xlink:href="#rel_144" value="NK"/><!-- Rechnerei -->
<feat xlink:href="#rel_145" value="SB"/><!-- wer -->
<feat xlink:href="#rel_146" value="OA"/><!-- sich -->
<feat xlink:href="#rel_147" value="HD"/><!-- beschÃ¤ftigt -->
<feat xlink:href="#rel_148" value="MO"/>
<feat xlink:href="#rel_149" value="MO"/>
<feat xlink:href="#rel_150" value="HD"/><!-- ist -->
<feat xlink:href="#rel_151" value="MO"/><!-- deshalb -->
<feat xlink:href="#rel_152" value="PD"/>
<feat xlink:href="#rel_153" value="SB"/>
<feat xlink:href="#rel_154" value="NK"/><!-- der -->
<feat xlink:href="#rel_155" value="NK"/><!-- abgerundete -->
<feat xlink:href="#rel_156" value="NK"/><!-- Bonbonpreis -->
<feat xlink:href="#rel_157" value="AC"/><!-- durch -->
<feat xlink:href="#rel_158" value="NK"/><!-- den -->
<feat xlink:href="#rel_159" value="NK"/><!-- aufgerundeten -->
<feat xlink:href="#rel_160" value="NK"/><!-- Schokoladenpreis -->
<feat xlink:href="#rel_161" value="MO"/><!-- Vielleicht -->
<feat xlink:href="#rel_162" value="MO"/><!-- ja -->
<feat xlink:href="#rel_163" value="MO"/><!-- wieder -->
<feat xlink:href="#rel_164" value="HD"/><!-- wettgemacht -->
<feat xlink:href="#rel_165" value="MO"/>
<feat xlink:href="#rel_166" value="HD"/><!-- wird -->
<feat xlink:href="#rel_167" value="SB"/>
<feat xlink:href="#rel_168" value="OC"/>
<feat xlink:href="#rel_169" value="CJ"/><!-- UnbegrÃ¼ndete -->
<feat xlink:href="#rel_170" value="CD"/><!-- und -->
<feat xlink:href="#rel_171" value="CJ"/><!-- panische -->
<feat xlink:href="#rel_172" value="NK"/><!-- die -->
<feat xlink:href="#rel_173" value="NK"/><!-- Kunden -->
<feat xlink:href="#rel_174" value="NK"/><!-- PreiserhÃ¶hungen -->
<feat xlink:href="#rel_175" value="NK"/>
<feat xlink:href="#rel_176" value="HD"/><!-- vergraulen -->
<feat xlink:href="#rel_177" value="MO"/><!-- nur -->
<feat xlink:href="#rel_178" value="OA"/>
<feat xlink:href="#rel_179" value="SB"/>
<feat xlink:href="#rel_180" value="MO"/><!-- zu -->
<feat xlink:href="#rel_181" value="HD"/><!-- lange -->
<feat xlink:href="#rel_182" value="AC"/><!-- mit -->
<feat xlink:href="#rel_183" value="NK"/><!-- den -->
<feat xlink:href="#rel_184" value="NK"/><!-- Rechnereien -->
<feat xlink:href="#rel_185" value="PM"/><!-- zu -->
<feat xlink:href="#rel_186" value="HD"/><!-- beschÃ¤ftigen -->
<feat xlink:href="#rel_187" value="AC"/><!-- bei -->
<feat xlink:href="#rel_188" value="NK"/><!-- der -->
<feat xlink:href="#rel_189" value="NK"/><!-- Euroumstellung -->
<feat xlink:href="#rel_190" value="NK"/><!-- den -->
<feat xlink:href="#rel_191" value="NK"/><!-- Ãberblick -->
<feat xlink:href="#rel_192" value="CP"/><!-- um -->
<feat xlink:href="#rel_193" value="OA"/><!-- sich -->
<feat xlink:href="#rel_194" value="MO"/>
<feat xlink:href="#rel_195" value="HD"/>
<feat xlink:href="#rel_196" value="JU"/><!-- Doch -->
<feat xlink:href="#rel_197" value="SB"/><!-- wer -->
<feat xlink:href="#rel_198" value="HD"/><!-- wartet -->
<feat xlink:href="#rel_199" value="MO"/>
<feat xlink:href="#rel_200" value="MO"/>
<feat xlink:href="#rel_201" value="HD"/><!-- verliert -->
<feat xlink:href="#rel_202" value="MO"/>
<feat xlink:href="#rel_203" value="OA"/>
<feat xlink:href="#rel_204" value="SB"/>
<feat xlink:href="#rel_205" value="NK"/><!-- seiner -->
<feat xlink:href="#rel_206" value="NK"/><!-- Kunden -->
<feat xlink:href="#rel_207" value="NK"/><!-- das -->
<feat xlink:href="#rel_208" value="NK"/><!-- Vertrauen -->
<feat xlink:href="#rel_209" value="AG"/>
<feat xlink:href="#rel_210" value="JU"/><!-- Und -->
<feat xlink:href="#rel_211" value="HD"/><!-- riskiert -->
<feat xlink:href="#rel_212" value="MO"/><!-- damit -->
<feat xlink:href="#rel_213" value="OA"/>
</featList>

</sfb632_standard>
