<?xml version="1.0" encoding="UTF-8" standalone="no"?>


<!DOCTYPE sfb632_standard SYSTEM "sfb632_feat.dtd">
<sfb632_standard version="1.0">

<header sfb_id="exmaralda.maz-11299_Focus_newInf" type="Focus_newInf"/>

<featList xmlns:xlink="http://www.w3.org/1999/xlink" type="Focus_newInf" xml:base="tiger.ID_maz-11299.tok.xml">

<feat xlink:href="#xpointer(id('tok_6')/range-to(id('tok_8')))" value="nf-unsol"/><!-- wollen...MusikcafÃ© -->
<feat xlink:href="#xpointer(id('tok_38')/range-to(id('tok_46')))" value="nf-unsol"/><!-- ist...angestoÃen -->
<feat xlink:href="#xpointer(id('tok_57')/range-to(id('tok_72')))" value="nf-unsol"/><!-- immer...trotzdem -->
<feat xlink:href="#xpointer(id('tok_74')/range-to(id('tok_76')))" value="nf-unsol"/><!-- Und...dazu -->
<feat xlink:href="#xpointer(id('tok_139')/range-to(id('tok_144')))" value="nf-unsol"/><!-- wurden...degradiert -->
<feat xlink:href="#xpointer(id('tok_146')/range-to(id('tok_151')))" value="nf-unsol"/><!-- Nicht...hÃ¤tten -->
<feat xlink:href="#xpointer(id('tok_154')/range-to(id('tok_155')))" value="nf-unsol"/><!-- reden...sollen -->
<feat xlink:href="#xpointer(id('tok_181')/range-to(id('tok_184')))" value="nf-unsol"/><!-- In...kÃ¶nnen -->
<feat xlink:href="#xpointer(id('tok_186')/range-to(id('tok_190')))" value="nf-unsol"/><!-- sich...verschaffen -->
<feat xlink:href="#xpointer(id('tok_192')/range-to(id('tok_195')))" value="nf-unsol"/><!-- Vielleicht...auch -->
<feat xlink:href="#xpointer(id('tok_201')/range-to(id('tok_204')))" value="nf-unsol"/><!-- ihren...Rathaus -->
<feat xlink:href="#xpointer(id('tok_207')/range-to(id('tok_211')))" value="nf-unsol"/><!-- glÃ¤nzten...Abwesenheit -->
</featList>

</sfb632_standard>
