<?xml version="1.0" encoding="UTF-8" standalone="no"?>


<!DOCTYPE sfb632_standard SYSTEM "sfb632_feat.dtd">
<sfb632_standard version="1.0">

<header sfb_id="exmaralda.maz-11299_PP" type="PP"/>

<featList xmlns:xlink="http://www.w3.org/1999/xlink" type="PP" xml:base="tiger.ID_maz-11299.tok.xml">

<feat xlink:href="#xpointer(id('tok_4')/range-to(id('tok_5')))" value="PP"/><!-- in...Zossen -->
<feat xlink:href="#xpointer(id('tok_13')/range-to(id('tok_17')))" value="PP"/><!-- bei...Runde -->
<feat xlink:href="#xpointer(id('tok_18')/range-to(id('tok_19')))" value="PP"/><!-- am...Dienstagabend -->
<feat xlink:href="#xpointer(id('tok_33')/range-to(id('tok_35')))" value="PP"/><!-- Mit...Treffen -->
<feat xlink:href="#xpointer(id('tok_36')/range-to(id('tok_37')))" value="PP"/><!-- im...Rathaus -->
<feat xlink:href="#xpointer(id('tok_43')/range-to(id('tok_45')))" value="PP"/><!-- zwischen...Generationen -->
<feat xlink:href="#xpointer(id('tok_53')/range-to(id('tok_54')))" value="PP"/><!-- im...Laufe -->
<feat xlink:href="#xpointer(id('tok_59')/range-to(id('tok_60')))" value="PP"/><!-- zu...Wort -->
<feat xlink:href="#xpointer(id('tok_117')/range-to(id('tok_119')))" value="PP"/><!-- auf...Idee -->
<feat xlink:href="#xpointer(id('tok_141')/range-to(id('tok_143')))" value="PP"/><!-- zum...Feigenblatt -->
<feat xlink:href="#xpointer(id('tok_147')/range-to(id('tok_150')))" value="PP"/><!-- Ã¼ber...ihnen -->
<feat xlink:href="#xpointer(id('tok_167')/range-to(id('tok_170')))" value="PP"/><!-- bei...Runde -->
<feat xlink:href="#xpointer(id('tok_181')/range-to(id('tok_183')))" value="PP"/><!-- In...Gruppe -->
<feat xlink:href="#xpointer(id('tok_197')/range-to(id('tok_200')))" value="PP"/><!-- von...Gewerbeverein -->
<feat xlink:href="#xpointer(id('tok_203')/range-to(id('tok_204')))" value="PP"/><!-- ins...Rathaus -->
<feat xlink:href="#xpointer(id('tok_210')/range-to(id('tok_211')))" value="PP"/><!-- mit...Abwesenheit -->
</featList>

</sfb632_standard>
