<?xml version="1.0" encoding="UTF-8" standalone="no"?>


<!DOCTYPE sfb632_standard SYSTEM "sfb632_feat.dtd">
<sfb632_standard version="1.0">

<header sfb_id="exmaralda.maz-11299_Sent" type="Sent"/>

<featList xmlns:xlink="http://www.w3.org/1999/xlink" type="Sent" xml:base="tiger.ID_maz-11299.tok.xml">

<feat xlink:href="#xpointer(id('tok_2')/range-to(id('tok_9')))" value="s"/><!-- Die.... -->
<feat xlink:href="#xpointer(id('tok_10')/range-to(id('tok_20')))" value="s"/><!-- Das.... -->
<feat xlink:href="#xpointer(id('tok_21')/range-to(id('tok_32')))" value="s"/><!-- Dass.... -->
<feat xlink:href="#xpointer(id('tok_33')/range-to(id('tok_47')))" value="s"/><!-- Mit.... -->
<feat xlink:href="#xpointer(id('tok_48')/range-to(id('tok_73')))" value="s"/><!-- Dass.... -->
<feat xlink:href="#xpointer(id('tok_74')/range-to(id('tok_77')))" value="s"/><!-- Und.... -->
<feat xlink:href="#xpointer(id('tok_78')/range-to(id('tok_127')))" value="s"/><!-- Es.... -->
<feat xlink:href="#xpointer(id('tok_128')/range-to(id('tok_136')))" value="s"/><!-- Und.... -->
<feat xlink:href="#xpointer(id('tok_137')/range-to(id('tok_145')))" value="s"/><!-- Die.... -->
<feat xlink:href="#xpointer(id('tok_146')/range-to(id('tok_156')))" value="s"/><!-- Nicht.... -->
<feat xlink:href="#xpointer(id('tok_157')/range-to(id('tok_163')))" value="s"/><!-- Damit.... -->
<feat xlink:href="#xpointer(id('tok_164')/range-to(id('tok_173')))" value="s"/><!-- Vielleicht.... -->
<feat xlink:href="#xpointer(id('tok_174')/range-to(id('tok_180')))" value="s"/><!-- Dann.... -->
<feat xlink:href="#xpointer(id('tok_181')/range-to(id('tok_191')))" value="s"/><!-- In.... -->
<feat xlink:href="#xpointer(id('tok_192')/range-to(id('tok_205')))" value="s"/><!-- Vielleicht.... -->
<feat xlink:href="#xpointer(id('tok_206')/range-to(id('tok_211')))" value="s"/><!-- Die...Abwesenheit -->
</featList>

</sfb632_standard>
