<?xml version="1.0" encoding="UTF-8" standalone="no"?>


<!DOCTYPE sfb632_standard SYSTEM "sfb632_feat.dtd">
<sfb632_standard version="1.0">

<header sfb_id="exmaralda.maz-11299_Inf-Stat" type="Inf-Stat"/>

<featList xmlns:xlink="http://www.w3.org/1999/xlink" type="Inf-Stat" xml:base="tiger.ID_maz-11299.tok.xml">

<feat xlink:href="#xpointer(id('tok_2')/range-to(id('tok_3')))" value="new"/><!-- Die...Jugendlichen -->
<feat xlink:href="#tok_5" value="new"/><!-- Zossen -->
<feat xlink:href="#xpointer(id('tok_7')/range-to(id('tok_8')))" value="new"/><!-- ein...MusikcafÃ© -->
<feat xlink:href="#tok_10" value="giv-active"/><!-- Das -->
<feat xlink:href="#tok_12" value="giv-active"/><!-- sie -->
<feat xlink:href="#xpointer(id('tok_14')/range-to(id('tok_17')))" value="new"/><!-- der...Runde -->
<feat xlink:href="#xpointer(id('tok_22')/range-to(id('tok_23')))" value="new"/><!-- die...Politiker -->
<feat xlink:href="#xpointer(id('tok_24')/range-to(id('tok_25')))" value="giv-active"/><!-- der...Stadt -->
<feat xlink:href="#tok_26" value="giv-active"/><!-- dafÃ¼r -->
<feat xlink:href="#xpointer(id('tok_34')/range-to(id('tok_35')))" value="giv-active"/><!-- dem...Treffen -->
<feat xlink:href="#tok_37" value="acc-gen"/><!-- Rathaus -->
<feat xlink:href="#xpointer(id('tok_41')/range-to(id('tok_42')))" value="acc-inf"/><!-- ein...Dialog -->
<feat xlink:href="#xpointer(id('tok_44')/range-to(id('tok_45')))" value="acc-inf"/><!-- den...Generationen -->
<feat xlink:href="#xpointer(id('tok_49')/range-to(id('tok_52')))" value="giv-active"/><!-- die...Jugendlichen -->
<feat xlink:href="#xpointer(id('tok_55')/range-to(id('tok_56')))" value="giv-inactive"/><!-- des...Abends -->
<feat xlink:href="#xpointer(id('tok_65')/range-to(id('tok_67')))" value="idiom"/><!-- keine...Absicht -->
<feat xlink:href="#tok_78" value="idiom"/><!-- Es -->
<feat xlink:href="#xpointer(id('tok_81')/range-to(id('tok_82')))" value="idiom"/><!-- der...Komik -->
<feat xlink:href="#xpointer(id('tok_86')/range-to(id('tok_87')))" value="giv-inacitve"/><!-- drei...Erwachsene -->
<feat xlink:href="#xpointer(id('tok_89')/range-to(id('tok_90')))" value="acc-gen"/><!-- Karola...Andrae -->
<feat xlink:href="#xpointer(id('tok_91')/range-to(id('tok_93')))" value="acc-gen"/><!-- (...) -->
<feat xlink:href="#xpointer(id('tok_95')/range-to(id('tok_96')))" value="acc-gen"/><!-- Susanne...Michler -->
<feat xlink:href="#xpointer(id('tok_97')/range-to(id('tok_99')))" value="acc-gen"/><!-- (...) -->
<feat xlink:href="#xpointer(id('tok_101')/range-to(id('tok_102')))" value="acc-gen"/><!-- Joachim...Zanow -->
<feat xlink:href="#xpointer(id('tok_103')/range-to(id('tok_105')))" value="acc-gen"/><!-- (...) -->
<feat xlink:href="#tok_111" value="giv-inactive"/><!-- Jugendliche -->
<feat xlink:href="#tok_123" value="giv-active"/><!-- sie -->
<feat xlink:href="#tok_132" value="giv-active"/><!-- sie -->
<feat xlink:href="#tok_133" value="giv-active"/><!-- ihnen -->
<feat xlink:href="#xpointer(id('tok_137')/range-to(id('tok_138')))" value="giv-active"/><!-- Die...Jugendlichen -->
<feat xlink:href="#xpointer(id('tok_142')/range-to(id('tok_143')))" value="idiom"/><!-- bloÃen...Feigenblatt -->
<feat xlink:href="#tok_150" value="giv-active"/><!-- ihnen -->
<feat xlink:href="#xpointer(id('tok_152')/range-to(id('tok_153')))" value="giv-active"/><!-- die...Politiker -->
<feat xlink:href="#xpointer(id('tok_168')/range-to(id('tok_170')))" value="giv-inactive"/><!-- der...Runde -->
<feat xlink:href="#xpointer(id('tok_177')/range-to(id('tok_178')))" value="acc-inf"/><!-- mehr...Jugendliche -->
<feat xlink:href="#xpointer(id('tok_182')/range-to(id('tok_183')))" value="acc-inf"/><!-- der...Gruppe -->
<feat xlink:href="#tok_185" value="giv-active"/><!-- sie -->
<feat xlink:href="#xpointer(id('tok_188')/range-to(id('tok_189')))" value="idiom"/><!-- mehr...GehÃ¶r -->
<feat xlink:href="#tok_196" value="acc-inf"/><!-- Vertreter -->
<feat xlink:href="#tok_198" value="acc-gen"/><!-- PDS -->
<feat xlink:href="#tok_200" value="acc-gen"/><!-- Gewerbeverein -->
<feat xlink:href="#tok_204" value="giv-inactive"/><!-- Rathaus -->
<feat xlink:href="#tok_206" value="giv-active"/><!-- Die -->
<feat xlink:href="#tok_211" value="idiom"/><!-- Abwesenheit -->
</featList>

</sfb632_standard>
