<?xml version="1.0" encoding="UTF-8" standalone="no"?>


<!DOCTYPE sfb632_standard SYSTEM "sfb632_feat.dtd">
<sfb632_standard version="1.0">

<header sfb_id="exmaralda.maz-11299_Topic" type="Topic"/>

<featList xmlns:xlink="http://www.w3.org/1999/xlink" type="Topic" xml:base="tiger.ID_maz-11299.tok.xml">

<feat xlink:href="#xpointer(id('tok_2')/range-to(id('tok_5')))" value="ab"/><!-- Die...Zossen -->
<feat xlink:href="#tok_12" value="ab"/><!-- sie -->
<feat xlink:href="#xpointer(id('tok_13')/range-to(id('tok_19')))" value="fs"/><!-- bei...Dienstagabend -->
<feat xlink:href="#xpointer(id('tok_22')/range-to(id('tok_25')))" value="ab"/><!-- die...Stadt -->
<feat xlink:href="#xpointer(id('tok_33')/range-to(id('tok_37')))" value="fs"/><!-- Mit...Rathaus -->
<feat xlink:href="#xpointer(id('tok_49')/range-to(id('tok_52')))" value="ab"/><!-- die...Jugendlichen -->
<feat xlink:href="#xpointer(id('tok_53')/range-to(id('tok_56')))" value="fs"/><!-- im...Abends -->
<feat xlink:href="#xpointer(id('tok_86')/range-to(id('tok_106')))" value="ab"/><!-- drei..._ -->
<feat xlink:href="#tok_132" value="ab"/><!-- sie -->
<feat xlink:href="#xpointer(id('tok_137')/range-to(id('tok_138')))" value="ab"/><!-- Die...Jugendlichen -->
<feat xlink:href="#xpointer(id('tok_152')/range-to(id('tok_153')))" value="ab"/><!-- die...Politiker -->
<feat xlink:href="#xpointer(id('tok_167')/range-to(id('tok_173')))" value="fs"/><!-- bei.... -->
<feat xlink:href="#tok_174" value="fs"/><!-- Dann -->
<feat xlink:href="#tok_185" value="ab"/><!-- sie -->
<feat xlink:href="#xpointer(id('tok_196')/range-to(id('tok_200')))" value="ab"/><!-- Vertreter...Gewerbeverein -->
<feat xlink:href="#tok_206" value="ab"/><!-- Die -->
</featList>

</sfb632_standard>
