<?xml version="1.0" encoding="UTF-8" standalone="no"?>


<!DOCTYPE sfb632_standard SYSTEM "sfb632_feat.dtd">
<sfb632_standard version="1.0">

<header sfb_id="exmaralda.maz-11299_NP" type="NP"/>

<featList xmlns:xlink="http://www.w3.org/1999/xlink" type="NP" xml:base="tiger.ID_maz-11299.tok.xml">

<feat xlink:href="#xpointer(id('tok_2')/range-to(id('tok_3')))" value="NP"/><!-- Die...Jugendlichen -->
<feat xlink:href="#tok_5" value="NP"/><!-- Zossen -->
<feat xlink:href="#xpointer(id('tok_7')/range-to(id('tok_8')))" value="NP"/><!-- ein...MusikcafÃ© -->
<feat xlink:href="#tok_10" value="NP"/><!-- Das -->
<feat xlink:href="#tok_12" value="NP"/><!-- sie -->
<feat xlink:href="#xpointer(id('tok_14')/range-to(id('tok_17')))" value="NP"/><!-- der...Runde -->
<feat xlink:href="#tok_19" value="NP"/><!-- Dienstagabend -->
<feat xlink:href="#xpointer(id('tok_22')/range-to(id('tok_23')))" value="NP"/><!-- die...Politiker -->
<feat xlink:href="#xpointer(id('tok_24')/range-to(id('tok_25')))" value="NP"/><!-- der...Stadt -->
<feat xlink:href="#tok_26" value="NP"/><!-- dafÃ¼r -->
<feat xlink:href="#tok_27" value="NP"/><!-- VerstÃ¤ndnis -->
<feat xlink:href="#xpointer(id('tok_34')/range-to(id('tok_35')))" value="NP"/><!-- dem...Treffen -->
<feat xlink:href="#tok_37" value="NP"/><!-- Rathaus -->
<feat xlink:href="#xpointer(id('tok_41')/range-to(id('tok_42')))" value="NP"/><!-- ein...Dialog -->
<feat xlink:href="#xpointer(id('tok_44')/range-to(id('tok_45')))" value="NP"/><!-- den...Generationen -->
<feat xlink:href="#xpointer(id('tok_49')/range-to(id('tok_52')))" value="NP"/><!-- die...Jugendlichen -->
<feat xlink:href="#tok_54" value="NP"/><!-- Laufe -->
<feat xlink:href="#xpointer(id('tok_55')/range-to(id('tok_56')))" value="NP"/><!-- des...Abends -->
<feat xlink:href="#tok_60" value="NP"/><!-- Wort -->
<feat xlink:href="#xpointer(id('tok_65')/range-to(id('tok_67')))" value="NP"/><!-- keine...Absicht -->
<feat xlink:href="#tok_71" value="NP"/><!-- es -->
<feat xlink:href="#tok_78" value="NP"/><!-- Es -->
<feat xlink:href="#xpointer(id('tok_81')/range-to(id('tok_82')))" value="NP"/><!-- der...Komik -->
<feat xlink:href="#xpointer(id('tok_86')/range-to(id('tok_87')))" value="NP"/><!-- drei...Erwachsene -->
<feat xlink:href="#xpointer(id('tok_89')/range-to(id('tok_90')))" value="NP"/><!-- Karola...Andrae -->
<feat xlink:href="#xpointer(id('tok_91')/range-to(id('tok_93')))" value="NP"/><!-- (...) -->
<feat xlink:href="#xpointer(id('tok_95')/range-to(id('tok_96')))" value="NP"/><!-- Susanne...Michler -->
<feat xlink:href="#xpointer(id('tok_97')/range-to(id('tok_99')))" value="NP"/><!-- (...) -->
<feat xlink:href="#xpointer(id('tok_101')/range-to(id('tok_102')))" value="NP"/><!-- Joachim...Zanow -->
<feat xlink:href="#xpointer(id('tok_103')/range-to(id('tok_105')))" value="NP"/><!-- (...) -->
<feat xlink:href="#tok_111" value="NP"/><!-- Jugendliche -->
<feat xlink:href="#xpointer(id('tok_118')/range-to(id('tok_119')))" value="NP"/><!-- die...Idee -->
<feat xlink:href="#tok_123" value="NP"/><!-- sie -->
<feat xlink:href="#tok_129" value="NP"/><!-- das -->
<feat xlink:href="#tok_132" value="NP"/><!-- sie -->
<feat xlink:href="#tok_133" value="NP"/><!-- ihnen -->
<feat xlink:href="#xpointer(id('tok_137')/range-to(id('tok_138')))" value="NP"/><!-- Die...Jugendlichen -->
<feat xlink:href="#xpointer(id('tok_142')/range-to(id('tok_143')))" value="NP"/><!-- bloÃen...Feigenblatt -->
<feat xlink:href="#tok_150" value="NP"/><!-- ihnen -->
<feat xlink:href="#xpointer(id('tok_152')/range-to(id('tok_153')))" value="NP"/><!-- die...Politiker -->
<feat xlink:href="#xpointer(id('tok_159')/range-to(id('tok_161')))" value="NP"/><!-- eine...Chance -->
<feat xlink:href="#tok_166" value="NP"/><!-- es -->
<feat xlink:href="#xpointer(id('tok_168')/range-to(id('tok_170')))" value="NP"/><!-- der...Runde -->
<feat xlink:href="#xpointer(id('tok_171')/range-to(id('tok_172')))" value="NP"/><!-- Anfang...2002 -->
<feat xlink:href="#xpointer(id('tok_177')/range-to(id('tok_178')))" value="NP"/><!-- mehr...Jugendliche -->
<feat xlink:href="#xpointer(id('tok_182')/range-to(id('tok_183')))" value="NP"/><!-- der...Gruppe -->
<feat xlink:href="#tok_185" value="NP"/><!-- sie -->
<feat xlink:href="#xpointer(id('tok_188')/range-to(id('tok_189')))" value="NP"/><!-- mehr...GehÃ¶r -->
<feat xlink:href="#tok_196" value="NP"/><!-- Vertreter -->
<feat xlink:href="#tok_198" value="NP"/><!-- PDS -->
<feat xlink:href="#tok_200" value="NP"/><!-- Gewerbeverein -->
<feat xlink:href="#xpointer(id('tok_201')/range-to(id('tok_202')))" value="NP"/><!-- ihren...Weg -->
<feat xlink:href="#tok_204" value="NP"/><!-- Rathaus -->
<feat xlink:href="#tok_206" value="NP"/><!-- Die -->
<feat xlink:href="#tok_211" value="NP"/><!-- Abwesenheit -->
</featList>

</sfb632_standard>
