<?xml version="1.0" encoding="UTF-8" standalone="no"?>

<!DOCTYPE paula SYSTEM "paula_feat.dtd">
<paula version="1.0">

<header paula_id="exmaralda.O1_992_speaker"/>

<featList xmlns:xlink="http://www.w3.org/1999/xlink" type="speaker" xml:base="exmaralda.O1_992.speakerSeg.xml">
<feat xlink:href="#speaker_2" value="narration"/><!-- poissas -->
<feat xlink:href="#speaker_9" value="Father"/><!-- &quot; -->
<feat xlink:href="#speaker_190" value="MaleSpeaker"/><!-- &quot; -->
<feat xlink:href="#speaker_193" value="narration"/><!-- , -->
<feat xlink:href="#speaker_198" value="MaleSpeaker"/><!-- &quot; -->
<feat xlink:href="#speaker_304" value="narration"/><!-- le -->
<feat xlink:href="#speaker_328" value="Father"/><!-- &quot; -->
<feat xlink:href="#speaker_331" value="narration"/><!-- , -->
<feat xlink:href="#speaker_336" value="Father"/><!-- &quot; -->
<feat xlink:href="#speaker_385" value="Mother"/><!-- &quot; -->
<feat xlink:href="#speaker_388" value="narration"/><!-- , -->
<feat xlink:href="#speaker_393" value="Mother"/><!-- &quot; -->
<feat xlink:href="#speaker_431" value="narration"/><!-- ben -->
<feat xlink:href="#speaker_504" value="Archambaut"/><!-- &quot; -->
<feat xlink:href="#speaker_507" value="narration"/><!-- , -->
<feat xlink:href="#speaker_512" value="Archambaut"/><!-- &quot; -->
<feat xlink:href="#speaker_668" value="narration"/><!-- zo -->
<feat xlink:href="#speaker_772" value="Father"/><!-- bels -->
<feat xlink:href="#speaker_807" value="narration"/><!-- e -->
<feat xlink:href="#speaker_812" value="Brother"/><!-- &quot; -->
<feat xlink:href="#speaker_933" value="Father"/><!-- &quot; -->
<feat xlink:href="#speaker_988" value="Brother"/><!-- &quot; -->
<feat xlink:href="#speaker_1018" value="narration"/><!-- abtan -->
<feat xlink:href="#speaker_1581" value="MaleSpeaker"/><!-- &quot; -->
<feat xlink:href="#speaker_1590" value="narration"/><!-- trop -->
<feat xlink:href="#speaker_1625" value="narrator"/><!-- genz -->
<feat xlink:href="#speaker_1802" value="narration"/><!-- al -->
<feat xlink:href="#speaker_1845" value="Archambaut"/><!-- &quot; -->
<feat xlink:href="#speaker_1863" value="Father"/><!-- levas -->
<feat xlink:href="#speaker_1890" value="Archambaut"/><!-- sener -->
<feat xlink:href="#speaker_1912" value="narration"/><!-- le -->
<feat xlink:href="#speaker_1952" value="Father"/><!-- &quot; -->
<feat xlink:href="#speaker_1967" value="Archambaut"/><!-- sener -->
<feat xlink:href="#speaker_1983" value="narration"/><!-- adoncs -->
<feat xlink:href="#speaker_1991" value="Flamenca"/><!-- sener -->
<feat xlink:href="#speaker_2019" value="naration"/><!-- d&apos; -->
<feat xlink:href="#speaker_2103" value="Flamenca"/><!-- &quot; -->
<feat xlink:href="#speaker_2110" value="narration"/><!-- cinc -->
<feat xlink:href="#speaker_2535" value="Archambaut"/><!-- &quot; -->
<feat xlink:href="#speaker_2574" value="narration"/><!-- bons -->
<feat xlink:href="#speaker_3081" value="MaleSpeaker"/><!-- &quot; -->
<feat xlink:href="#speaker_3111" value="King"/><!-- per -->
<feat xlink:href="#speaker_3117" value="narration"/><!-- , -->
<feat xlink:href="#speaker_3122" value="King"/><!-- &quot; -->
<feat xlink:href="#speaker_3135" value="MaleSpeaker"/><!-- &quot; -->
<feat xlink:href="#speaker_3149" value="narration"/><!-- sens -->
<feat xlink:href="#speaker_3487" value="narration"/><!-- le -->
<feat xlink:href="#speaker_3943" value="FemaleSpeaker"/><!-- &quot; -->
<feat xlink:href="#speaker_4007" value="narration"/><!-- aissi -->
<feat xlink:href="#speaker_4957" value="King"/><!-- &quot; -->
<feat xlink:href="#speaker_4960" value="narration"/><!-- , -->
<feat xlink:href="#speaker_4965" value="King"/><!-- &quot; -->
<feat xlink:href="#speaker_5031" value="narration"/><!-- tantost -->
<feat xlink:href="#speaker_5158" value="Author"/><!-- et -->
<feat xlink:href="#speaker_5207" value="narration"/><!-- jois -->
<feat xlink:href="#speaker_5234" value="FemaleSpeaker"/><!-- &quot; -->
<feat xlink:href="#speaker_5301" value="narration"/><!-- avoleza -->
<feat xlink:href="#speaker_5308" value="FemaleSpeaker"/><!-- &quot; -->
<feat xlink:href="#speaker_5412" value="narration"/><!-- escudier -->
<feat xlink:href="#speaker_5569" value="Author"/><!-- le -->
<feat xlink:href="#speaker_5596" value="narration"/><!-- de -->
<feat xlink:href="#speaker_5745" value="Queen"/><!-- &quot; -->
<feat xlink:href="#speaker_5769" value="narration"/><!-- el -->
<feat xlink:href="#speaker_5772" value="Archambaut"/><!-- &quot; -->
<feat xlink:href="#speaker_5787" value="narration"/><!-- ella -->
<feat xlink:href="#speaker_5818" value="Queen"/><!-- &quot; -->
<feat xlink:href="#speaker_5832" value="narration"/><!-- ela -->
<feat xlink:href="#speaker_5838" value="Flamenca"/><!-- &quot; -->
<feat xlink:href="#speaker_5850" value="narration"/><!-- al -->
<feat xlink:href="#speaker_5948" value="Queen"/><!-- &quot; -->
<feat xlink:href="#speaker_5991" value="narration"/><!-- en -->
<feat xlink:href="#speaker_6023" value="Archambaut"/><!-- &quot; -->
<feat xlink:href="#speaker_6083" value="&quot;Queen"/><!-- &quot; -->
<feat xlink:href="#speaker_6104" value="Archambaut"/><!-- &quot; -->
<feat xlink:href="#speaker_6122" value="narration"/><!-- adonc -->
<feat xlink:href="#speaker_6128" value="Queen"/><!-- &quot; -->
<feat xlink:href="#speaker_6153" value="Archambaut"/><!-- &quot; -->
<feat xlink:href="#speaker_6180" value="narration"/><!-- abtan -->
<feat xlink:href="#speaker_6191" value="MaleSpeaker"/><!-- &quot; -->
<feat xlink:href="#speaker_6234" value="narration"/><!-- en -->
<feat xlink:href="#speaker_6254" value="Author"/><!-- ai -->
<feat xlink:href="#speaker_6316" value="narration"/><!-- quan -->
<feat xlink:href="#speaker_6368" value="Archambaut"/><!-- &quot; -->
<feat xlink:href="#speaker_6387" value="narration"/><!-- mas -->
<feat xlink:href="#speaker_6412" value="FemaleSpeaker"/><!-- &quot; -->
<feat xlink:href="#speaker_6445" value="narration"/><!-- abtant -->
</featList>
</paula>
