<?xml version="1.0" encoding="UTF-8" standalone="no"?>

<!DOCTYPE paula SYSTEM "paula_mark.dtd">
<paula version="1.0">

<header paula_id="exmaralda.O1_992_speakerSeg"/>

<markList xmlns:xlink="http://www.w3.org/1999/xlink" type="speakerSeg" xml:base="merged.O1_992.tok.xml">
<mark id="speaker_2" xlink:href="#xpointer(id('tok_1')/range-to(id('tok_7')))"/><!-- poissas...: -->
<mark id="speaker_9" xlink:href="#xpointer(id('tok_8')/range-to(id('tok_188')))"/><!-- &quot;...&quot; -->
<mark id="speaker_190" xlink:href="#xpointer(id('tok_189')/range-to(id('tok_191')))"/><!-- &quot;...&quot; -->
<mark id="speaker_193" xlink:href="#xpointer(id('tok_192')/range-to(id('tok_196')))"/><!-- ,..., -->
<mark id="speaker_198" xlink:href="#xpointer(id('tok_197')/range-to(id('tok_302')))"/><!-- &quot;...&quot; -->
<mark id="speaker_304" xlink:href="#xpointer(id('tok_303')/range-to(id('tok_326')))"/><!-- le.... -->
<mark id="speaker_328" xlink:href="#xpointer(id('tok_327')/range-to(id('tok_329')))"/><!-- &quot;...&quot; -->
<mark id="speaker_331" xlink:href="#xpointer(id('tok_330')/range-to(id('tok_334')))"/><!-- ,..., -->
<mark id="speaker_336" xlink:href="#xpointer(id('tok_335')/range-to(id('tok_383')))"/><!-- &quot;...&quot; -->
<mark id="speaker_385" xlink:href="#xpointer(id('tok_384')/range-to(id('tok_386')))"/><!-- &quot;...&quot; -->
<mark id="speaker_388" xlink:href="#xpointer(id('tok_387')/range-to(id('tok_391')))"/><!-- ,..., -->
<mark id="speaker_393" xlink:href="#xpointer(id('tok_392')/range-to(id('tok_429')))"/><!-- &quot;...? -->
<mark id="speaker_431" xlink:href="#xpointer(id('tok_430')/range-to(id('tok_502')))"/><!-- ben...fah -->
<mark id="speaker_504" xlink:href="#xpointer(id('tok_503')/range-to(id('tok_505')))"/><!-- &quot;...&quot; -->
<mark id="speaker_507" xlink:href="#xpointer(id('tok_506')/range-to(id('tok_510')))"/><!-- ,..., -->
<mark id="speaker_512" xlink:href="#xpointer(id('tok_511')/range-to(id('tok_666')))"/><!-- &quot;...&quot; -->
<mark id="speaker_668" xlink:href="#xpointer(id('tok_667')/range-to(id('tok_770')))"/><!-- zo...&quot; -->
<mark id="speaker_772" xlink:href="#xpointer(id('tok_771')/range-to(id('tok_805')))"/><!-- bels...&quot; -->
<mark id="speaker_807" xlink:href="#xpointer(id('tok_806')/range-to(id('tok_810')))"/><!-- e...: -->
<mark id="speaker_812" xlink:href="#xpointer(id('tok_811')/range-to(id('tok_931')))"/><!-- &quot;...&quot; -->
<mark id="speaker_933" xlink:href="#xpointer(id('tok_932')/range-to(id('tok_986')))"/><!-- &quot;...&quot; -->
<mark id="speaker_988" xlink:href="#xpointer(id('tok_987')/range-to(id('tok_1016')))"/><!-- &quot;...&quot; -->
<mark id="speaker_1018" xlink:href="#xpointer(id('tok_1017')/range-to(id('tok_1579')))"/><!-- abtan...: -->
<mark id="speaker_1581" xlink:href="#xpointer(id('tok_1580')/range-to(id('tok_1588')))"/><!-- &quot;...&quot; -->
<mark id="speaker_1590" xlink:href="#xpointer(id('tok_1589')/range-to(id('tok_1623')))"/><!-- trop.... -->
<mark id="speaker_1625" xlink:href="#xpointer(id('tok_1624')/range-to(id('tok_1800')))"/><!-- genz.... -->
<mark id="speaker_1802" xlink:href="#xpointer(id('tok_1801')/range-to(id('tok_1843')))"/><!-- al...: -->
<mark id="speaker_1845" xlink:href="#xpointer(id('tok_1844')/range-to(id('tok_1861')))"/><!-- &quot;.... -->
<mark id="speaker_1863" xlink:href="#xpointer(id('tok_1862')/range-to(id('tok_1888')))"/><!-- levas.... -->
<mark id="speaker_1890" xlink:href="#xpointer(id('tok_1889')/range-to(id('tok_1910')))"/><!-- sener...&quot; -->
<mark id="speaker_1912" xlink:href="#xpointer(id('tok_1911')/range-to(id('tok_1950')))"/><!-- le...: -->
<mark id="speaker_1952" xlink:href="#xpointer(id('tok_1951')/range-to(id('tok_1965')))"/><!-- &quot;.... -->
<mark id="speaker_1967" xlink:href="#xpointer(id('tok_1966')/range-to(id('tok_1981')))"/><!-- sener...&quot; -->
<mark id="speaker_1983" xlink:href="#xpointer(id('tok_1982')/range-to(id('tok_1989')))"/><!-- adoncs...: -->
<mark id="speaker_1991" xlink:href="#xpointer(id('tok_1990')/range-to(id('tok_2017')))"/><!-- sener.... -->
<mark id="speaker_2019" xlink:href="#xpointer(id('tok_2018')/range-to(id('tok_2101')))"/><!-- d&apos;...: -->
<mark id="speaker_2103" xlink:href="#xpointer(id('tok_2102')/range-to(id('tok_2108')))"/><!-- &quot;...&quot; -->
<mark id="speaker_2110" xlink:href="#xpointer(id('tok_2109')/range-to(id('tok_2533')))"/><!-- cinc...: -->
<mark id="speaker_2535" xlink:href="#xpointer(id('tok_2534')/range-to(id('tok_2572')))"/><!-- &quot;...&quot; -->
<mark id="speaker_2574" xlink:href="#xpointer(id('tok_2573')/range-to(id('tok_3079')))"/><!-- bons...: -->
<mark id="speaker_3081" xlink:href="#xpointer(id('tok_3080')/range-to(id('tok_3109')))"/><!-- &quot;.... -->
<mark id="speaker_3111" xlink:href="#xpointer(id('tok_3110')/range-to(id('tok_3115')))"/><!-- per...&quot; -->
<mark id="speaker_3117" xlink:href="#xpointer(id('tok_3116')/range-to(id('tok_3120')))"/><!-- ,..., -->
<mark id="speaker_3122" xlink:href="#xpointer(id('tok_3121')/range-to(id('tok_3133')))"/><!-- &quot;...&quot; -->
<mark id="speaker_3135" xlink:href="#xpointer(id('tok_3134')/range-to(id('tok_3147')))"/><!-- &quot;...&quot; -->
<mark id="speaker_3149" xlink:href="#xpointer(id('tok_3148')/range-to(id('tok_3485')))"/><!-- sens.... -->
<mark id="speaker_3487" xlink:href="#xpointer(id('tok_3486')/range-to(id('tok_3941')))"/><!-- le...: -->
<mark id="speaker_3943" xlink:href="#xpointer(id('tok_3942')/range-to(id('tok_4005')))"/><!-- &quot;...&quot; -->
<mark id="speaker_4007" xlink:href="#xpointer(id('tok_4006')/range-to(id('tok_4955')))"/><!-- aissi...: -->
<mark id="speaker_4957" xlink:href="#xpointer(id('tok_4956')/range-to(id('tok_4958')))"/><!-- &quot;...&quot; -->
<mark id="speaker_4960" xlink:href="#xpointer(id('tok_4959')/range-to(id('tok_4963')))"/><!-- ,..., -->
<mark id="speaker_4965" xlink:href="#xpointer(id('tok_4964')/range-to(id('tok_5029')))"/><!-- &quot;...&quot; -->
<mark id="speaker_5031" xlink:href="#xpointer(id('tok_5030')/range-to(id('tok_5156')))"/><!-- tantost...; -->
<mark id="speaker_5158" xlink:href="#xpointer(id('tok_5157')/range-to(id('tok_5205')))"/><!-- et.... -->
<mark id="speaker_5207" xlink:href="#xpointer(id('tok_5206')/range-to(id('tok_5232')))"/><!-- jois...: -->
<mark id="speaker_5234" xlink:href="#xpointer(id('tok_5233')/range-to(id('tok_5299')))"/><!-- &quot;...&quot; -->
<mark id="speaker_5301" xlink:href="#xpointer(id('tok_5300')/range-to(id('tok_5306')))"/><!-- avoleza...: -->
<mark id="speaker_5308" xlink:href="#xpointer(id('tok_5307')/range-to(id('tok_5410')))"/><!-- &quot;...&quot; -->
<mark id="speaker_5412" xlink:href="#xpointer(id('tok_5411')/range-to(id('tok_5567')))"/><!-- escudier...armas -->
<mark id="speaker_5569" xlink:href="#xpointer(id('tok_5568')/range-to(id('tok_5594')))"/><!-- le...som -->
<mark id="speaker_5596" xlink:href="#xpointer(id('tok_5595')/range-to(id('tok_5743')))"/><!-- de...: -->
<mark id="speaker_5745" xlink:href="#xpointer(id('tok_5744')/range-to(id('tok_5767')))"/><!-- &quot;...&quot; -->
<mark id="speaker_5769" xlink:href="#xpointer(id('tok_5768')/range-to(id('tok_5770')))"/><!-- el...: -->
<mark id="speaker_5772" xlink:href="#xpointer(id('tok_5771')/range-to(id('tok_5785')))"/><!-- &quot;...&quot; -->
<mark id="speaker_5787" xlink:href="#xpointer(id('tok_5786')/range-to(id('tok_5816')))"/><!-- ella...: -->
<mark id="speaker_5818" xlink:href="#xpointer(id('tok_5817')/range-to(id('tok_5830')))"/><!-- &quot;...&quot; -->
<mark id="speaker_5832" xlink:href="#xpointer(id('tok_5831')/range-to(id('tok_5836')))"/><!-- ela...: -->
<mark id="speaker_5838" xlink:href="#xpointer(id('tok_5837')/range-to(id('tok_5848')))"/><!-- &quot;...&quot; -->
<mark id="speaker_5850" xlink:href="#xpointer(id('tok_5849')/range-to(id('tok_5946')))"/><!-- al...: -->
<mark id="speaker_5948" xlink:href="#xpointer(id('tok_5947')/range-to(id('tok_5989')))"/><!-- &quot;...&quot; -->
<mark id="speaker_5991" xlink:href="#xpointer(id('tok_5990')/range-to(id('tok_6021')))"/><!-- en...: -->
<mark id="speaker_6023" xlink:href="#xpointer(id('tok_6022')/range-to(id('tok_6081')))"/><!-- &quot;...&quot; -->
<mark id="speaker_6083" xlink:href="#xpointer(id('tok_6082')/range-to(id('tok_6102')))"/><!-- &quot;...&quot; -->
<mark id="speaker_6104" xlink:href="#xpointer(id('tok_6103')/range-to(id('tok_6120')))"/><!-- &quot;...&quot; -->
<mark id="speaker_6122" xlink:href="#xpointer(id('tok_6121')/range-to(id('tok_6126')))"/><!-- adonc...: -->
<mark id="speaker_6128" xlink:href="#xpointer(id('tok_6127')/range-to(id('tok_6151')))"/><!-- &quot;...&quot; -->
<mark id="speaker_6153" xlink:href="#xpointer(id('tok_6152')/range-to(id('tok_6178')))"/><!-- &quot;...&quot; -->
<mark id="speaker_6180" xlink:href="#xpointer(id('tok_6179')/range-to(id('tok_6189')))"/><!-- abtan...: -->
<mark id="speaker_6191" xlink:href="#xpointer(id('tok_6190')/range-to(id('tok_6232')))"/><!-- &quot;...&quot; -->
<mark id="speaker_6234" xlink:href="#xpointer(id('tok_6233')/range-to(id('tok_6252')))"/><!-- en.... -->
<mark id="speaker_6254" xlink:href="#xpointer(id('tok_6253')/range-to(id('tok_6314')))"/><!-- ai.... -->
<mark id="speaker_6316" xlink:href="#xpointer(id('tok_6315')/range-to(id('tok_6366')))"/><!-- quan...: -->
<mark id="speaker_6368" xlink:href="#xpointer(id('tok_6367')/range-to(id('tok_6385')))"/><!-- &quot;...&quot; -->
<mark id="speaker_6387" xlink:href="#xpointer(id('tok_6386')/range-to(id('tok_6410')))"/><!-- mas...: -->
<mark id="speaker_6412" xlink:href="#xpointer(id('tok_6411')/range-to(id('tok_6443')))"/><!-- &quot;...&quot; -->
<mark id="speaker_6445" xlink:href="#xpointer(id('tok_6444')/range-to(id('tok_6878')))"/><!-- abtant.... -->
</markList>
</paula>
