<?xml version="1.0" encoding="UTF-8" standalone="no"?>
<!DOCTYPE paula SYSTEM "paula_feat.dtd">
<paula version="1.0">

<header paula_id="merged.O1_992.annoFeat"/>

<featList xmlns:xlink="http://www.w3.org/1999/xlink" type="annoFeat" xml:base="merged.O1_992.anno.xml">

<feat xlink:href="#rel_1" value="text" />
  <feat xlink:href="#rel_2" value="tok" />
  <feat xlink:href="#rel_3" value="pos" />
  <feat xlink:href="#rel_4" value="lemma" />
  <feat xlink:href="#rel_5" value="lemma" />
  <feat xlink:href="#rel_6" value="const" />
  <feat xlink:href="#rel_7" value="cat" />
  <feat xlink:href="#rel_8" value="func" />
  <feat xlink:href="#rel_9" value="text" />
  <feat xlink:href="#rel_10" value="tok" />
<feat xlink:href="#rel_11" value="pos" />
  <feat xlink:href="#rel_12" value="const" />
  <feat xlink:href="#rel_13" value="cat" />
  <feat xlink:href="#rel_14" value="func" />
  <feat xlink:href="#rel_15" value="exmaralda" />
<feat xlink:href="#rel_16" value="exmaralda" />
<feat xlink:href="#rel_17" value="align" />
<feat xlink:href="#rel_18" value="exmaralda" />
<feat xlink:href="#rel_19" value="exmaralda" />
</featList>
</paula>
