<?xml version="1.0" encoding="UTF-8" standalone="no"?>
<!DOCTYPE paula SYSTEM "paula_struct.dtd">

<paula version="1.0">
<header paula_id="merged.O1_992.annoSet"/>

<structList xmlns:xlink="http://www.w3.org/1999/xlink" type="annoSet">
<struct id="anno_1">
   <rel id="rel_1" xlink:href="merged.O1_992.text.xml"/>
<rel id="rel_2" xlink:href="merged.O1_992.tok.xml"/> 
   <rel id="rel_3" xlink:href="tiger.O1_992.tok_pos.xml" />
   <rel id="rel_4" xlink:href="exmaralda.O1_992.lemmaSeg.xml" />
<rel id="rel_5" xlink:href="exmaralda.O1_992.lemmaSeg_lemma.xml" />
  <rel id="rel_6" xlink:href="tiger.O1_992.const.xml"/>
  <rel id="rel_7" xlink:href="tiger.O1_992.const_cat.xml"/>
  <rel id="rel_8" xlink:href="tiger.O1_992.const_func.xml"/>
</struct>
<struct id="anno_2">
  <rel id="rel_9" xlink:href="parallel.E1_992.text.xml"/>
<rel id="rel_10" xlink:href="parallel.E1_992.tok.xml"/>
<rel id="rel_11" xlink:href="tiger.E1_992.tok_epos.xml"/>
  <rel id="rel_12" xlink:href="tiger.E1_992.const.xml"/>
  <rel id="rel_13" xlink:href="tiger.E1_992.const_ecat.xml"/>
  <rel id="rel_14" xlink:href="tiger.E1_992.const_func.xml"/>
   <rel id="rel_15" xlink:href="exmaralda.E1_992.eposSeg.xml" />
<rel id="rel_16" xlink:href="exmaralda.E1_992.eposSeg_epos.xml" />
  
</struct>
<struct id="anno_3">
<rel id="rel_17" xlink:href="parallel.align.O1_992.align.xml" />
</struct>

<struct id="anno_4">
<rel id="rel_18" xlink:href="exmaralda.O1_992.speakerSeg.xml" />
   <rel id="rel_19" xlink:href="exmaralda.O1_992.speakerSeg_speaker.xml" />
</struct>


</structList>
</paula>
