<?xml version="1.0" standalone="no"?>


<!DOCTYPE sfb632_standard SYSTEM "sfb632_feat.dtd">
<sfb632_standard version="1.0">

<header sfb_id="urml.maz-11766_func" type="func"/>

<featList xmlns:xlink="http://www.w3.org/1999/xlink" type="func" xml:base="urml.maz-11766.const.xml">

<feat xlink:href="#rel_1" value="nucleus"/><!--Ã¼llhorn...-->
<feat xlink:href="#rel_2" value="satellite"/>
<feat xlink:href="#rel_3" value="nucleus"/><!--as FÃ¼ll...-->
<feat xlink:href="#rel_4" value="satellite"/>
<feat xlink:href="#rel_5" value="nucleus"/><!--ank der...-->
<feat xlink:href="#rel_6" value="nucleus"/><!--ie PDS ...-->
<feat xlink:href="#rel_7" value="nucleus"/><!--leibt a...-->
<feat xlink:href="#rel_8" value="satellite"/><!--m die s...-->
<feat xlink:href="#rel_9" value="nucleus"/><!--ieses P...-->
<feat xlink:href="#rel_10" value="satellite"/><!--enn man...-->
<feat xlink:href="#rel_11" value="nucleus"/>
<feat xlink:href="#rel_12" value="satellite"/>
<feat xlink:href="#rel_13" value="nucleus"/>
<feat xlink:href="#rel_14" value="satellite"/><!--war mac...-->
<feat xlink:href="#rel_15" value="nucleus"/>
<feat xlink:href="#rel_16" value="nucleus"/>
<feat xlink:href="#rel_17" value="nucleus"/>
<feat xlink:href="#rel_18" value="nucleus"/>
<feat xlink:href="#rel_19" value="nucleus"/>
<feat xlink:href="#rel_20" value="satellite"/>
<feat xlink:href="#rel_21" value="nucleus"/>
<feat xlink:href="#rel_22" value="satellite"/><!--ergebli...-->
<feat xlink:href="#rel_23" value="nucleus"/>
<feat xlink:href="#rel_24" value="satellite"/>
<feat xlink:href="#rel_25" value="nucleus"/><!--ass Mil...-->
<feat xlink:href="#rel_26" value="satellite"/><!--m Ende ...-->
<feat xlink:href="#rel_27" value="nucleus"/><!--och der...-->
<feat xlink:href="#rel_28" value="satellite"/><!--osse ha...-->
<feat xlink:href="#rel_29" value="nucleus"/><!--lso bek...-->
<feat xlink:href="#rel_30" value="satellite"/>
<feat xlink:href="#rel_31" value="nucleus"/><!--ie bei ...-->
<feat xlink:href="#rel_32" value="satellite"/><!--irgendw...-->
</featList>

</sfb632_standard>
