<?xml version="1.0" encoding="UTF-8" standalone="no"?>
<!DOCTYPE sfb632_standard SYSTEM "sfb632_feat.dtd">
<sfb632_standard version="1.0">


<header sfb_id="urml.maz-11766.annoFeat" type="annoFeat"/>

<featList xmlns:xlink="http://www.w3.org/1999/xlink" type="annoFeat" xml:base="urml.maz-11766.anno.xml">

<feat xlink:href="#anno_1" value="const"/>
<feat xlink:href="#rel_2" value="func"/>
<feat xlink:href="#rel_3" value="rst_relation"/>
<feat xlink:href="#anno_2" value="seg"/>
<feat xlink:href="#anno_3" value="text"/>
<feat xlink:href="#anno_4" value="tok"/>
<feat xlink:href="#rel_7" value="pos"/>

</featList>
</sfb632_standard>
