<?xml version="1.0" standalone="no"?>
<!DOCTYPE sfb632_standard SYSTEM "sfb632_mark.dtd">


<sfb632_standard version="1.0">
<header sfb_id="urml.maz-11766_tok" type="tok"/>

<markList xmlns:xlink="http://www.w3.org/1999/xlink" type="tok" xml:base="urml.maz-11766.text.xml">
<mark id="tok_1" xlink:href="#xpointer(string-range(//body,'',1,8))"/><!-- FÃ¼llhorn -->
<mark id="tok_2" xlink:href="#xpointer(string-range(//body,'',10,10))"/><!-- Vergeblich -->
<mark id="tok_3" xlink:href="#xpointer(string-range(//body,'',21,3))"/><!-- hat -->
<mark id="tok_4" xlink:href="#xpointer(string-range(//body,'',25,3))"/><!-- der -->
<mark id="tok_5" xlink:href="#xpointer(string-range(//body,'',29,23))"/><!-- Noch_Finanzbeigeordnete -->
<mark id="tok_6" xlink:href="#xpointer(string-range(//body,'',53,12))"/><!-- Hans_Joachim -->
<mark id="tok_7" xlink:href="#xpointer(string-range(//body,'',66,5))"/><!-- Bosse -->
<mark id="tok_8" xlink:href="#xpointer(string-range(//body,'',72,3))"/><!-- den -->
<mark id="tok_9" xlink:href="#xpointer(string-range(//body,'',76,16))"/><!-- Stadtverordneten -->
<mark id="tok_10" xlink:href="#xpointer(string-range(//body,'',93,3))"/><!-- bei -->
<mark id="tok_11" xlink:href="#xpointer(string-range(//body,'',97,3))"/><!-- der -->
<mark id="tok_12" xlink:href="#xpointer(string-range(//body,'',101,11))"/><!-- Einbringung -->
<mark id="tok_13" xlink:href="#xpointer(string-range(//body,'',113,3))"/><!-- des -->
<mark id="tok_14" xlink:href="#xpointer(string-range(//body,'',117,9))"/><!-- Haushalts -->
<mark id="tok_15" xlink:href="#xpointer(string-range(//body,'',127,4))"/><!-- 2002 -->
<mark id="tok_16" xlink:href="#xpointer(string-range(//body,'',132,3))"/><!-- ins -->
<mark id="tok_17" xlink:href="#xpointer(string-range(//body,'',136,8))"/><!-- Gewissen -->
<mark id="tok_18" xlink:href="#xpointer(string-range(//body,'',145,7))"/><!-- geredet -->
<mark id="tok_19" xlink:href="#xpointer(string-range(//body,'',153,1))"/><!-- . -->
<mark id="tok_20" xlink:href="#xpointer(string-range(//body,'',155,4))"/><!-- Zwar -->
<mark id="tok_21" xlink:href="#xpointer(string-range(//body,'',160,7))"/><!-- machten -->
<mark id="tok_22" xlink:href="#xpointer(string-range(//body,'',168,3))"/><!-- die -->
<mark id="tok_23" xlink:href="#xpointer(string-range(//body,'',172,18))"/><!-- Haushaltspolitiker -->
<mark id="tok_24" xlink:href="#xpointer(string-range(//body,'',191,3))"/><!-- der -->
<mark id="tok_25" xlink:href="#xpointer(string-range(//body,'',195,3))"/><!-- SPD -->
<mark id="tok_26" xlink:href="#xpointer(string-range(//body,'',199,2))"/><!-- im -->
<mark id="tok_27" xlink:href="#xpointer(string-range(//body,'',202,7))"/><!-- Vorfeld -->
<mark id="tok_28" xlink:href="#xpointer(string-range(//body,'',210,5))"/><!-- ihrer -->
<mark id="tok_29" xlink:href="#xpointer(string-range(//body,'',216,16))"/><!-- Wochenendklausur -->
<mark id="tok_30" xlink:href="#xpointer(string-range(//body,'',233,5))"/><!-- groÃe -->
<mark id="tok_31" xlink:href="#xpointer(string-range(//body,'',239,5))"/><!-- Welle -->
<mark id="tok_32" xlink:href="#xpointer(string-range(//body,'',245,3))"/><!-- mit -->
<mark id="tok_33" xlink:href="#xpointer(string-range(//body,'',249,12))"/><!-- Horrorlisten -->
<mark id="tok_34" xlink:href="#xpointer(string-range(//body,'',262,9))"/><!-- mÃ¶glicher -->
<mark id="tok_35" xlink:href="#xpointer(string-range(//body,'',272,14))"/><!-- Sparpositionen -->
<mark id="tok_36" xlink:href="#xpointer(string-range(//body,'',287,1))"/><!-- . -->
<mark id="tok_37" xlink:href="#xpointer(string-range(//body,'',289,2))"/><!-- Am -->
<mark id="tok_38" xlink:href="#xpointer(string-range(//body,'',292,4))"/><!-- Ende -->
<mark id="tok_39" xlink:href="#xpointer(string-range(//body,'',297,4))"/><!-- aber -->
<mark id="tok_40" xlink:href="#xpointer(string-range(//body,'',302,6))"/><!-- bleibt -->
<mark id="tok_41" xlink:href="#xpointer(string-range(//body,'',309,5))"/><!-- alles -->
<mark id="tok_42" xlink:href="#xpointer(string-range(//body,'',315,4))"/><!-- beim -->
<mark id="tok_43" xlink:href="#xpointer(string-range(//body,'',320,5))"/><!-- Alten -->
<mark id="tok_44" xlink:href="#xpointer(string-range(//body,'',326,1))"/><!-- : -->
<mark id="tok_45" xlink:href="#xpointer(string-range(//body,'',328,4))"/><!-- Dass -->
<mark id="tok_46" xlink:href="#xpointer(string-range(//body,'',333,9))"/><!-- Millionen -->
<mark id="tok_47" xlink:href="#xpointer(string-range(//body,'',343,6))"/><!-- fehlen -->
<mark id="tok_48" xlink:href="#xpointer(string-range(//body,'',350,1))"/><!-- , -->
<mark id="tok_49" xlink:href="#xpointer(string-range(//body,'',352,7))"/><!-- hindert -->
<mark id="tok_50" xlink:href="#xpointer(string-range(//body,'',360,5))"/><!-- nicht -->
<mark id="tok_51" xlink:href="#xpointer(string-range(//body,'',366,5))"/><!-- daran -->
<mark id="tok_52" xlink:href="#xpointer(string-range(//body,'',372,1))"/><!-- , -->
<mark id="tok_53" xlink:href="#xpointer(string-range(//body,'',374,3))"/><!-- sie -->
<mark id="tok_54" xlink:href="#xpointer(string-range(//body,'',378,2))"/><!-- zu -->
<mark id="tok_55" xlink:href="#xpointer(string-range(//body,'',381,9))"/><!-- verteilen -->
<mark id="tok_56" xlink:href="#xpointer(string-range(//body,'',391,1))"/><!-- . -->
<mark id="tok_57" xlink:href="#xpointer(string-range(//body,'',393,5))"/><!-- Bosse -->
<mark id="tok_58" xlink:href="#xpointer(string-range(//body,'',399,5))"/><!-- hatte -->
<mark id="tok_59" xlink:href="#xpointer(string-range(//body,'',405,9))"/><!-- empfohlen -->
<mark id="tok_60" xlink:href="#xpointer(string-range(//body,'',415,1))"/><!-- , -->
<mark id="tok_61" xlink:href="#xpointer(string-range(//body,'',417,3))"/><!-- auf -->
<mark id="tok_62" xlink:href="#xpointer(string-range(//body,'',421,3))"/><!-- den -->
<mark id="tok_63" xlink:href="#xpointer(string-range(//body,'',425,6))"/><!-- teuren -->
<mark id="tok_64" xlink:href="#xpointer(string-range(//body,'',432,13))"/><!-- Theaterneubau -->
<mark id="tok_65" xlink:href="#xpointer(string-range(//body,'',446,2))"/><!-- zu -->
<mark id="tok_66" xlink:href="#xpointer(string-range(//body,'',449,10))"/><!-- verzichten -->
<mark id="tok_67" xlink:href="#xpointer(string-range(//body,'',460,1))"/><!-- . -->
<mark id="tok_68" xlink:href="#xpointer(string-range(//body,'',462,4))"/><!-- Doch -->
<mark id="tok_69" xlink:href="#xpointer(string-range(//body,'',467,3))"/><!-- der -->
<mark id="tok_70" xlink:href="#xpointer(string-range(//body,'',471,7))"/><!-- Versuch -->
<mark id="tok_71" xlink:href="#xpointer(string-range(//body,'',479,1))"/><!-- , -->
<mark id="tok_72" xlink:href="#xpointer(string-range(//body,'',481,3))"/><!-- das -->
<mark id="tok_73" xlink:href="#xpointer(string-range(//body,'',485,7))"/><!-- Projekt -->
<mark id="tok_74" xlink:href="#xpointer(string-range(//body,'',493,7))"/><!-- sterben -->
<mark id="tok_75" xlink:href="#xpointer(string-range(//body,'',501,2))"/><!-- zu -->
<mark id="tok_76" xlink:href="#xpointer(string-range(//body,'',504,6))"/><!-- lassen -->
<mark id="tok_77" xlink:href="#xpointer(string-range(//body,'',511,1))"/><!-- , -->
<mark id="tok_78" xlink:href="#xpointer(string-range(//body,'',513,5))"/><!-- hÃ¤tte -->
<mark id="tok_79" xlink:href="#xpointer(string-range(//body,'',519,10))"/><!-- angesichts -->
<mark id="tok_80" xlink:href="#xpointer(string-range(//body,'',530,3))"/><!-- der -->
<mark id="tok_81" xlink:href="#xpointer(string-range(//body,'',534,6))"/><!-- dÃ¼nnen -->
<mark id="tok_82" xlink:href="#xpointer(string-range(//body,'',541,16))"/><!-- SPD_CDU_Mehrheit -->
<mark id="tok_83" xlink:href="#xpointer(string-range(//body,'',558,2))"/><!-- im -->
<mark id="tok_84" xlink:href="#xpointer(string-range(//body,'',561,8))"/><!-- Desaster -->
<mark id="tok_85" xlink:href="#xpointer(string-range(//body,'',570,7))"/><!-- geendet -->
<mark id="tok_86" xlink:href="#xpointer(string-range(//body,'',578,1))"/><!-- . -->
<mark id="tok_87" xlink:href="#xpointer(string-range(//body,'',580,4))"/><!-- Also -->
<mark id="tok_88" xlink:href="#xpointer(string-range(//body,'',585,8))"/><!-- bekannte -->
<mark id="tok_89" xlink:href="#xpointer(string-range(//body,'',594,3))"/><!-- man -->
<mark id="tok_90" xlink:href="#xpointer(string-range(//body,'',598,4))"/><!-- sich -->
<mark id="tok_91" xlink:href="#xpointer(string-range(//body,'',603,6))"/><!-- lieber -->
<mark id="tok_92" xlink:href="#xpointer(string-range(//body,'',610,8))"/><!-- einmÃ¼tig -->
<mark id="tok_93" xlink:href="#xpointer(string-range(//body,'',619,2))"/><!-- zu -->
<mark id="tok_94" xlink:href="#xpointer(string-range(//body,'',622,3))"/><!-- dem -->
<mark id="tok_95" xlink:href="#xpointer(string-range(//body,'',626,8))"/><!-- Vorhaben -->
<mark id="tok_96" xlink:href="#xpointer(string-range(//body,'',635,1))"/><!-- . -->
<mark id="tok_97" xlink:href="#xpointer(string-range(//body,'',637,3))"/><!-- Wie -->
<mark id="tok_98" xlink:href="#xpointer(string-range(//body,'',641,3))"/><!-- bei -->
<mark id="tok_99" xlink:href="#xpointer(string-range(//body,'',645,3))"/><!-- der -->
<mark id="tok_100" xlink:href="#xpointer(string-range(//body,'',649,14))"/><!-- Kammerakademie -->
<mark id="tok_101" xlink:href="#xpointer(string-range(//body,'',664,4))"/><!-- soll -->
<mark id="tok_102" xlink:href="#xpointer(string-range(//body,'',669,3))"/><!-- die -->
<mark id="tok_103" xlink:href="#xpointer(string-range(//body,'',673,10))"/><!-- Verwaltung -->
<mark id="tok_104" xlink:href="#xpointer(string-range(//body,'',684,4))"/><!-- hier -->
<mark id="tok_105" xlink:href="#xpointer(string-range(//body,'',689,3))"/><!-- und -->
<mark id="tok_106" xlink:href="#xpointer(string-range(//body,'',693,2))"/><!-- da -->
<mark id="tok_107" xlink:href="#xpointer(string-range(//body,'',696,3))"/><!-- ein -->
<mark id="tok_108" xlink:href="#xpointer(string-range(//body,'',700,8))"/><!-- bisschen -->
<mark id="tok_109" xlink:href="#xpointer(string-range(//body,'',709,11))"/><!-- umschichten -->
<mark id="tok_110" xlink:href="#xpointer(string-range(//body,'',721,1))"/><!-- , -->
<mark id="tok_111" xlink:href="#xpointer(string-range(//body,'',723,9))"/><!-- nirgendwo -->
<mark id="tok_112" xlink:href="#xpointer(string-range(//body,'',733,4))"/><!-- darf -->
<mark id="tok_113" xlink:href="#xpointer(string-range(//body,'',738,2))"/><!-- es -->
<mark id="tok_114" xlink:href="#xpointer(string-range(//body,'',741,7))"/><!-- richtig -->
<mark id="tok_115" xlink:href="#xpointer(string-range(//body,'',749,3))"/><!-- weh -->
<mark id="tok_116" xlink:href="#xpointer(string-range(//body,'',753,3))"/><!-- tun -->
<mark id="tok_117" xlink:href="#xpointer(string-range(//body,'',757,1))"/><!-- . -->
<mark id="tok_118" xlink:href="#xpointer(string-range(//body,'',759,3))"/><!-- Das -->
<mark id="tok_119" xlink:href="#xpointer(string-range(//body,'',763,8))"/><!-- FÃ¼llhorn -->
<mark id="tok_120" xlink:href="#xpointer(string-range(//body,'',772,11))"/><!-- schlieÃlich -->
<mark id="tok_121" xlink:href="#xpointer(string-range(//body,'',784,8))"/><!-- schÃ¼ttet -->
<mark id="tok_122" xlink:href="#xpointer(string-range(//body,'',793,3))"/><!-- man -->
<mark id="tok_123" xlink:href="#xpointer(string-range(//body,'',797,4))"/><!-- Ã¼ber -->
<mark id="tok_124" xlink:href="#xpointer(string-range(//body,'',802,5))"/><!-- Kitas -->
<mark id="tok_125" xlink:href="#xpointer(string-range(//body,'',808,3))"/><!-- und -->
<mark id="tok_126" xlink:href="#xpointer(string-range(//body,'',812,7))"/><!-- Schulen -->
<mark id="tok_127" xlink:href="#xpointer(string-range(//body,'',820,3))"/><!-- aus -->
<mark id="tok_128" xlink:href="#xpointer(string-range(//body,'',824,1))"/><!-- . -->
<mark id="tok_129" xlink:href="#xpointer(string-range(//body,'',826,4))"/><!-- Dank -->
<mark id="tok_130" xlink:href="#xpointer(string-range(//body,'',831,3))"/><!-- der -->
<mark id="tok_131" xlink:href="#xpointer(string-range(//body,'',835,24))"/><!-- Kooperationsvereinbarung -->
<mark id="tok_132" xlink:href="#xpointer(string-range(//body,'',860,3))"/><!-- mit -->
<mark id="tok_133" xlink:href="#xpointer(string-range(//body,'',864,3))"/><!-- der -->
<mark id="tok_134" xlink:href="#xpointer(string-range(//body,'',868,3))"/><!-- CDU -->
<mark id="tok_135" xlink:href="#xpointer(string-range(//body,'',872,3))"/><!-- hat -->
<mark id="tok_136" xlink:href="#xpointer(string-range(//body,'',876,3))"/><!-- man -->
<mark id="tok_137" xlink:href="#xpointer(string-range(//body,'',880,5))"/><!-- deren -->
<mark id="tok_138" xlink:href="#xpointer(string-range(//body,'',886,10))"/><!-- Zustimmung -->
<mark id="tok_139" xlink:href="#xpointer(string-range(//body,'',897,5))"/><!-- schon -->
<mark id="tok_140" xlink:href="#xpointer(string-range(//body,'',903,2))"/><!-- in -->
<mark id="tok_141" xlink:href="#xpointer(string-range(//body,'',906,3))"/><!-- der -->
<mark id="tok_142" xlink:href="#xpointer(string-range(//body,'',910,6))"/><!-- Tasche -->
<mark id="tok_143" xlink:href="#xpointer(string-range(//body,'',917,1))"/><!-- . -->
<mark id="tok_144" xlink:href="#xpointer(string-range(//body,'',919,3))"/><!-- Die -->
<mark id="tok_145" xlink:href="#xpointer(string-range(//body,'',923,3))"/><!-- PDS -->
<mark id="tok_146" xlink:href="#xpointer(string-range(//body,'',927,4))"/><!-- wird -->
<mark id="tok_147" xlink:href="#xpointer(string-range(//body,'',932,6))"/><!-- nichts -->
<mark id="tok_148" xlink:href="#xpointer(string-range(//body,'',939,7))"/><!-- dagegen -->
<mark id="tok_149" xlink:href="#xpointer(string-range(//body,'',947,5))"/><!-- haben -->
<mark id="tok_150" xlink:href="#xpointer(string-range(//body,'',953,1))"/><!-- . -->
<mark id="tok_151" xlink:href="#xpointer(string-range(//body,'',955,2))"/><!-- Um -->
<mark id="tok_152" xlink:href="#xpointer(string-range(//body,'',958,3))"/><!-- die -->
<mark id="tok_153" xlink:href="#xpointer(string-range(//body,'',962,6))"/><!-- sicher -->
<mark id="tok_154" xlink:href="#xpointer(string-range(//body,'',969,11))"/><!-- notwendigen -->
<mark id="tok_155" xlink:href="#xpointer(string-range(//body,'',981,13))"/><!-- Investitionen -->
<mark id="tok_156" xlink:href="#xpointer(string-range(//body,'',995,7))"/><!-- tÃ¤tigen -->
<mark id="tok_157" xlink:href="#xpointer(string-range(//body,'',1003,2))"/><!-- zu -->
<mark id="tok_158" xlink:href="#xpointer(string-range(//body,'',1006,6))"/><!-- kÃ¶nnen -->
<mark id="tok_159" xlink:href="#xpointer(string-range(//body,'',1013,1))"/><!-- , -->
<mark id="tok_160" xlink:href="#xpointer(string-range(//body,'',1015,6))"/><!-- bleibt -->
<mark id="tok_161" xlink:href="#xpointer(string-range(//body,'',1022,4))"/><!-- aber -->
<mark id="tok_162" xlink:href="#xpointer(string-range(//body,'',1027,2))"/><!-- am -->
<mark id="tok_163" xlink:href="#xpointer(string-range(//body,'',1030,4))"/><!-- Ende -->
<mark id="tok_164" xlink:href="#xpointer(string-range(//body,'',1035,6))"/><!-- wieder -->
<mark id="tok_165" xlink:href="#xpointer(string-range(//body,'',1042,3))"/><!-- nur -->
<mark id="tok_166" xlink:href="#xpointer(string-range(//body,'',1046,3))"/><!-- der -->
<mark id="tok_167" xlink:href="#xpointer(string-range(//body,'',1050,7))"/><!-- Verkauf -->
<mark id="tok_168" xlink:href="#xpointer(string-range(//body,'',1058,3))"/><!-- von -->
<mark id="tok_169" xlink:href="#xpointer(string-range(//body,'',1062,11))"/><!-- Tafelsilber -->
<mark id="tok_170" xlink:href="#xpointer(string-range(//body,'',1074,1))"/><!-- . -->
<mark id="tok_171" xlink:href="#xpointer(string-range(//body,'',1076,6))"/><!-- Dieses -->
<mark id="tok_172" xlink:href="#xpointer(string-range(//body,'',1083,7))"/><!-- Problem -->
<mark id="tok_173" xlink:href="#xpointer(string-range(//body,'',1091,3))"/><!-- und -->
<mark id="tok_174" xlink:href="#xpointer(string-range(//body,'',1095,3))"/><!-- das -->
<mark id="tok_175" xlink:href="#xpointer(string-range(//body,'',1099,13))"/><!-- Haushaltsloch -->
<mark id="tok_176" xlink:href="#xpointer(string-range(//body,'',1113,6))"/><!-- werden -->
<mark id="tok_177" xlink:href="#xpointer(string-range(//body,'',1120,5))"/><!-- nicht -->
<mark id="tok_178" xlink:href="#xpointer(string-range(//body,'',1126,12))"/><!-- verschwinden -->
<mark id="tok_179" xlink:href="#xpointer(string-range(//body,'',1139,1))"/><!-- , -->
<mark id="tok_180" xlink:href="#xpointer(string-range(//body,'',1141,4))"/><!-- wenn -->
<mark id="tok_181" xlink:href="#xpointer(string-range(//body,'',1146,3))"/><!-- man -->
<mark id="tok_182" xlink:href="#xpointer(string-range(//body,'',1150,5))"/><!-- Bosse -->
<mark id="tok_183" xlink:href="#xpointer(string-range(//body,'',1156,2))"/><!-- in -->
<mark id="tok_184" xlink:href="#xpointer(string-range(//body,'',1159,3))"/><!-- die -->
<mark id="tok_185" xlink:href="#xpointer(string-range(//body,'',1163,5))"/><!-- WÃ¼ste -->
<mark id="tok_186" xlink:href="#xpointer(string-range(//body,'',1169,9))"/><!-- geschickt -->
<mark id="tok_187" xlink:href="#xpointer(string-range(//body,'',1179,3))"/><!-- hat -->
<mark id="tok_188" xlink:href="#xpointer(string-range(//body,'',1183,1))"/><!-- . -->
</markList>
</sfb632_standard>
