<?xml version="1.0" standalone="no"?>


<!DOCTYPE sfb632_standard SYSTEM "sfb632_feat.dtd">
<sfb632_standard version="1.0">

<header sfb_id="urml.maz-11766_pos" type="pos"/>

<featList xmlns:xlink="http://www.w3.org/1999/xlink" type="pos" xml:base="urml.maz-11766.tok.xml">

<feat xlink:href="#tok_1" value="NE"/><!-- FÃ¼llhorn -->
<feat xlink:href="#tok_2" value="ADJD"/><!-- Vergeblich -->
<feat xlink:href="#tok_3" value="VAFIN"/><!-- hat -->
<feat xlink:href="#tok_4" value="ART"/><!-- der -->
<feat xlink:href="#tok_5" value="NN"/><!-- Noch_Finanzbeigeordnete -->
<feat xlink:href="#tok_6" value="NE"/><!-- Hans_Joachim -->
<feat xlink:href="#tok_7" value="NN"/><!-- Bosse -->
<feat xlink:href="#tok_8" value="ART"/><!-- den -->
<feat xlink:href="#tok_9" value="NN"/><!-- Stadtverordneten -->
<feat xlink:href="#tok_10" value="APPR"/><!-- bei -->
<feat xlink:href="#tok_11" value="ART"/><!-- der -->
<feat xlink:href="#tok_12" value="NN"/><!-- Einbringung -->
<feat xlink:href="#tok_13" value="ART"/><!-- des -->
<feat xlink:href="#tok_14" value="NN"/><!-- Haushalts -->
<feat xlink:href="#tok_15" value="CARD"/><!-- 2002 -->
<feat xlink:href="#tok_16" value="APPRART"/><!-- ins -->
<feat xlink:href="#tok_17" value="NN"/><!-- Gewissen -->
<feat xlink:href="#tok_18" value="VVPP"/><!-- geredet -->
<feat xlink:href="#tok_19" value="$."/><!-- . -->
<feat xlink:href="#tok_20" value="ADV"/><!-- Zwar -->
<feat xlink:href="#tok_21" value="VVFIN"/><!-- machten -->
<feat xlink:href="#tok_22" value="ART"/><!-- die -->
<feat xlink:href="#tok_23" value="NN"/><!-- Haushaltspolitiker -->
<feat xlink:href="#tok_24" value="ART"/><!-- der -->
<feat xlink:href="#tok_25" value="NE"/><!-- SPD -->
<feat xlink:href="#tok_26" value="APPRART"/><!-- im -->
<feat xlink:href="#tok_27" value="NN"/><!-- Vorfeld -->
<feat xlink:href="#tok_28" value="PPOSAT"/><!-- ihrer -->
<feat xlink:href="#tok_29" value="NN"/><!-- Wochenendklausur -->
<feat xlink:href="#tok_30" value="ADJA"/><!-- groÃe -->
<feat xlink:href="#tok_31" value="NN"/><!-- Welle -->
<feat xlink:href="#tok_32" value="APPR"/><!-- mit -->
<feat xlink:href="#tok_33" value="NN"/><!-- Horrorlisten -->
<feat xlink:href="#tok_34" value="ADJA"/><!-- mÃ¶glicher -->
<feat xlink:href="#tok_35" value="NN"/><!-- Sparpositionen -->
<feat xlink:href="#tok_36" value="$."/><!-- . -->
<feat xlink:href="#tok_37" value="APPRART"/><!-- Am -->
<feat xlink:href="#tok_38" value="NN"/><!-- Ende -->
<feat xlink:href="#tok_39" value="ADV"/><!-- aber -->
<feat xlink:href="#tok_40" value="VVFIN"/><!-- bleibt -->
<feat xlink:href="#tok_41" value="PIS"/><!-- alles -->
<feat xlink:href="#tok_42" value="APPRART"/><!-- beim -->
<feat xlink:href="#tok_43" value="ADJA"/><!-- Alten -->
<feat xlink:href="#tok_44" value="$."/><!-- : -->
<feat xlink:href="#tok_45" value="KOUS"/><!-- Dass -->
<feat xlink:href="#tok_46" value="NN"/><!-- Millionen -->
<feat xlink:href="#tok_47" value="VVFIN"/><!-- fehlen -->
<feat xlink:href="#tok_48" value="$,"/><!-- , -->
<feat xlink:href="#tok_49" value="VVFIN"/><!-- hindert -->
<feat xlink:href="#tok_50" value="PTKNEG"/><!-- nicht -->
<feat xlink:href="#tok_51" value="PROAV"/><!-- daran -->
<feat xlink:href="#tok_52" value="$,"/><!-- , -->
<feat xlink:href="#tok_53" value="PPER"/><!-- sie -->
<feat xlink:href="#tok_54" value="PTKZU"/><!-- zu -->
<feat xlink:href="#tok_55" value="VVINF"/><!-- verteilen -->
<feat xlink:href="#tok_56" value="$."/><!-- . -->
<feat xlink:href="#tok_57" value="NN"/><!-- Bosse -->
<feat xlink:href="#tok_58" value="VAFIN"/><!-- hatte -->
<feat xlink:href="#tok_59" value="VVPP"/><!-- empfohlen -->
<feat xlink:href="#tok_60" value="$,"/><!-- , -->
<feat xlink:href="#tok_61" value="APPR"/><!-- auf -->
<feat xlink:href="#tok_62" value="ART"/><!-- den -->
<feat xlink:href="#tok_63" value="ADJA"/><!-- teuren -->
<feat xlink:href="#tok_64" value="NN"/><!-- Theaterneubau -->
<feat xlink:href="#tok_65" value="PTKZU"/><!-- zu -->
<feat xlink:href="#tok_66" value="VVINF"/><!-- verzichten -->
<feat xlink:href="#tok_67" value="$."/><!-- . -->
<feat xlink:href="#tok_68" value="KON"/><!-- Doch -->
<feat xlink:href="#tok_69" value="ART"/><!-- der -->
<feat xlink:href="#tok_70" value="NN"/><!-- Versuch -->
<feat xlink:href="#tok_71" value="$,"/><!-- , -->
<feat xlink:href="#tok_72" value="ART"/><!-- das -->
<feat xlink:href="#tok_73" value="NN"/><!-- Projekt -->
<feat xlink:href="#tok_74" value="VVINF"/><!-- sterben -->
<feat xlink:href="#tok_75" value="PTKZU"/><!-- zu -->
<feat xlink:href="#tok_76" value="VVINF"/><!-- lassen -->
<feat xlink:href="#tok_77" value="$,"/><!-- , -->
<feat xlink:href="#tok_78" value="VAFIN"/><!-- hÃ¤tte -->
<feat xlink:href="#tok_79" value="APPR"/><!-- angesichts -->
<feat xlink:href="#tok_80" value="ART"/><!-- der -->
<feat xlink:href="#tok_81" value="ADJA"/><!-- dÃ¼nnen -->
<feat xlink:href="#tok_82" value="NN"/><!-- SPD_CDU_Mehrheit -->
<feat xlink:href="#tok_83" value="APPRART"/><!-- im -->
<feat xlink:href="#tok_84" value="NN"/><!-- Desaster -->
<feat xlink:href="#tok_85" value="VVPP"/><!-- geendet -->
<feat xlink:href="#tok_86" value="$."/><!-- . -->
<feat xlink:href="#tok_87" value="ADV"/><!-- Also -->
<feat xlink:href="#tok_88" value="VMFIN"/><!-- bekannte -->
<feat xlink:href="#tok_89" value="PIS"/><!-- man -->
<feat xlink:href="#tok_90" value="PRF"/><!-- sich -->
<feat xlink:href="#tok_91" value="ADV"/><!-- lieber -->
<feat xlink:href="#tok_92" value="ADJD"/><!-- einmÃ¼tig -->
<feat xlink:href="#tok_93" value="APPR"/><!-- zu -->
<feat xlink:href="#tok_94" value="ART"/><!-- dem -->
<feat xlink:href="#tok_95" value="NN"/><!-- Vorhaben -->
<feat xlink:href="#tok_96" value="$."/><!-- . -->
<feat xlink:href="#tok_97" value="PWAV"/><!-- Wie -->
<feat xlink:href="#tok_98" value="APPR"/><!-- bei -->
<feat xlink:href="#tok_99" value="ART"/><!-- der -->
<feat xlink:href="#tok_100" value="NN"/><!-- Kammerakademie -->
<feat xlink:href="#tok_101" value="VMFIN"/><!-- soll -->
<feat xlink:href="#tok_102" value="ART"/><!-- die -->
<feat xlink:href="#tok_103" value="NN"/><!-- Verwaltung -->
<feat xlink:href="#tok_104" value="ADV"/><!-- hier -->
<feat xlink:href="#tok_105" value="KON"/><!-- und -->
<feat xlink:href="#tok_106" value="ADV"/><!-- da -->
<feat xlink:href="#tok_107" value="ART"/><!-- ein -->
<feat xlink:href="#tok_108" value="ADJA"/><!-- bisschen -->
<feat xlink:href="#tok_109" value="VVINF"/><!-- umschichten -->
<feat xlink:href="#tok_110" value="$,"/><!-- , -->
<feat xlink:href="#tok_111" value="ADV"/><!-- nirgendwo -->
<feat xlink:href="#tok_112" value="VMFIN"/><!-- darf -->
<feat xlink:href="#tok_113" value="PPER"/><!-- es -->
<feat xlink:href="#tok_114" value="ADJD"/><!-- richtig -->
<feat xlink:href="#tok_115" value="ADV"/><!-- weh -->
<feat xlink:href="#tok_116" value="VVINF"/><!-- tun -->
<feat xlink:href="#tok_117" value="$."/><!-- . -->
<feat xlink:href="#tok_118" value="ART"/><!-- Das -->
<feat xlink:href="#tok_119" value="NN"/><!-- FÃ¼llhorn -->
<feat xlink:href="#tok_120" value="ADV"/><!-- schlieÃlich -->
<feat xlink:href="#tok_121" value="VVPP"/><!-- schÃ¼ttet -->
<feat xlink:href="#tok_122" value="PIS"/><!-- man -->
<feat xlink:href="#tok_123" value="APPR"/><!-- Ã¼ber -->
<feat xlink:href="#tok_124" value="NN"/><!-- Kitas -->
<feat xlink:href="#tok_125" value="KON"/><!-- und -->
<feat xlink:href="#tok_126" value="NN"/><!-- Schulen -->
<feat xlink:href="#tok_127" value="PTKVZ"/><!-- aus -->
<feat xlink:href="#tok_128" value="$."/><!-- . -->
<feat xlink:href="#tok_129" value="APPR"/><!-- Dank -->
<feat xlink:href="#tok_130" value="ART"/><!-- der -->
<feat xlink:href="#tok_131" value="NN"/><!-- Kooperationsvereinbarung -->
<feat xlink:href="#tok_132" value="APPR"/><!-- mit -->
<feat xlink:href="#tok_133" value="ART"/><!-- der -->
<feat xlink:href="#tok_134" value="NE"/><!-- CDU -->
<feat xlink:href="#tok_135" value="VAFIN"/><!-- hat -->
<feat xlink:href="#tok_136" value="PIS"/><!-- man -->
<feat xlink:href="#tok_137" value="PPOSAT"/><!-- deren -->
<feat xlink:href="#tok_138" value="NN"/><!-- Zustimmung -->
<feat xlink:href="#tok_139" value="ADV"/><!-- schon -->
<feat xlink:href="#tok_140" value="APPR"/><!-- in -->
<feat xlink:href="#tok_141" value="ART"/><!-- der -->
<feat xlink:href="#tok_142" value="NN"/><!-- Tasche -->
<feat xlink:href="#tok_143" value="$."/><!-- . -->
<feat xlink:href="#tok_144" value="ART"/><!-- Die -->
<feat xlink:href="#tok_145" value="NE"/><!-- PDS -->
<feat xlink:href="#tok_146" value="VAFIN"/><!-- wird -->
<feat xlink:href="#tok_147" value="PIS"/><!-- nichts -->
<feat xlink:href="#tok_148" value="PROAV"/><!-- dagegen -->
<feat xlink:href="#tok_149" value="VAFIN"/><!-- haben -->
<feat xlink:href="#tok_150" value="$."/><!-- . -->
<feat xlink:href="#tok_151" value="KOUI"/><!-- Um -->
<feat xlink:href="#tok_152" value="ART"/><!-- die -->
<feat xlink:href="#tok_153" value="ADJD"/><!-- sicher -->
<feat xlink:href="#tok_154" value="ADJA"/><!-- notwendigen -->
<feat xlink:href="#tok_155" value="NN"/><!-- Investitionen -->
<feat xlink:href="#tok_156" value="VVFIN"/><!-- tÃ¤tigen -->
<feat xlink:href="#tok_157" value="PTKZU"/><!-- zu -->
<feat xlink:href="#tok_158" value="VMINF"/><!-- kÃ¶nnen -->
<feat xlink:href="#tok_159" value="$,"/><!-- , -->
<feat xlink:href="#tok_160" value="VVFIN"/><!-- bleibt -->
<feat xlink:href="#tok_161" value="ADV"/><!-- aber -->
<feat xlink:href="#tok_162" value="APPRART"/><!-- am -->
<feat xlink:href="#tok_163" value="NN"/><!-- Ende -->
<feat xlink:href="#tok_164" value="ADV"/><!-- wieder -->
<feat xlink:href="#tok_165" value="ADV"/><!-- nur -->
<feat xlink:href="#tok_166" value="ART"/><!-- der -->
<feat xlink:href="#tok_167" value="NN"/><!-- Verkauf -->
<feat xlink:href="#tok_168" value="APPR"/><!-- von -->
<feat xlink:href="#tok_169" value="NN"/><!-- Tafelsilber -->
<feat xlink:href="#tok_170" value="$."/><!-- . -->
<feat xlink:href="#tok_171" value="PDAT"/><!-- Dieses -->
<feat xlink:href="#tok_172" value="NN"/><!-- Problem -->
<feat xlink:href="#tok_173" value="KON"/><!-- und -->
<feat xlink:href="#tok_174" value="ART"/><!-- das -->
<feat xlink:href="#tok_175" value="NN"/><!-- Haushaltsloch -->
<feat xlink:href="#tok_176" value="VAFIN"/><!-- werden -->
<feat xlink:href="#tok_177" value="PTKNEG"/><!-- nicht -->
<feat xlink:href="#tok_178" value="VVINF"/><!-- verschwinden -->
<feat xlink:href="#tok_179" value="$,"/><!-- , -->
<feat xlink:href="#tok_180" value="KOUS"/><!-- wenn -->
<feat xlink:href="#tok_181" value="PIS"/><!-- man -->
<feat xlink:href="#tok_182" value="NN"/><!-- Bosse -->
<feat xlink:href="#tok_183" value="APPR"/><!-- in -->
<feat xlink:href="#tok_184" value="ART"/><!-- die -->
<feat xlink:href="#tok_185" value="NN"/><!-- WÃ¼ste -->
<feat xlink:href="#tok_186" value="VVPP"/><!-- geschickt -->
<feat xlink:href="#tok_187" value="VAFIN"/><!-- hat -->
<feat xlink:href="#tok_188" value="$."/><!-- . -->
</featList>

</sfb632_standard>
