<?xml version="1.0" standalone="no"?>


<!DOCTYPE sfb632_standard SYSTEM "sfb632_feat.dtd">
<sfb632_standard version="1.0">

<header sfb_id="urml.maz-11766_rst_relation" type="rst_relation"/>

<featList xmlns:xlink="http://www.w3.org/1999/xlink" type="rst_relation" xml:base="urml.maz-11766.const.xml">

<feat xlink:href="#const_1" value="elaboration"/>
<feat xlink:href="#const_2" value="volitional-cause"/>
<feat xlink:href="#const_3" value="list"/>
<feat xlink:href="#const_4" value="volitional-cause"/>
<feat xlink:href="#const_5" value="condition"/>
<feat xlink:href="#const_6" value="elaboration"/>
<feat xlink:href="#const_7" value="concession"/>
<feat xlink:href="#const_8" value="contrast"/>
<feat xlink:href="#const_9" value="list"/>
<feat xlink:href="#const_10" value="elaboration"/>
<feat xlink:href="#const_11" value="preparation"/>
<feat xlink:href="#const_12" value="evaluation"/>
<feat xlink:href="#const_13" value="evaluation"/>
<feat xlink:href="#const_14" value="concession"/>
<feat xlink:href="#const_15" value="volitional-cause"/>
<feat xlink:href="#const_16" value="evidence"/>
</featList>

</sfb632_standard>
