<?xml version="1.0" encoding="UTF-8" standalone="no"?>
<!DOCTYPE sfb632_standard SYSTEM "sfb632_struct.dtd">
<sfb632_standard version="1.0">


<header sfb_id="urml.maz-11766.annoSet" type="annoSet"/>

<structList xmlns:xlink="http://www.w3.org/1999/xlink" type="annoSet">

<struct id="anno_1">
  <rel id="rel_1" xlink:href="urml.maz-11766.const.xml"/>
  <rel id="rel_2" xlink:href="urml.maz-11766.const_func.xml"/>
  <rel id="rel_3" xlink:href="urml.maz-11766.const_rst_relation.xml"/>
</struct>

<struct id="anno_2">
  <rel id="rel_4" xlink:href="urml.maz-11766.seg.xml"/>
</struct>

<struct id="anno_3">
  <rel id="rel_5" xlink:href="urml.maz-11766.text.xml"/>
</struct>

<struct id="anno_4">
  <rel id="rel_6" xlink:href="urml.maz-11766.tok.xml"/>
  <rel id="rel_7" xlink:href="urml.maz-11766.tok_pos.xml"/>
</struct>


</structList>
</sfb632_standard>
