<?xml version="1.0" standalone="no"?>
<!DOCTYPE sfb632_standard SYSTEM "sfb632_struct.dtd">


<sfb632_standard version="1.0">
<header sfb_id="urml.maz-11766_const" type="const"/>

<structList xmlns:xlink="http://www.w3.org/1999/xlink" type="const">

<struct id="const_1">
<rel id="rel_1" xlink:href="urml.maz-11766.seg.xml#seg_1"/><!--Ã¼llhorn...-->
<rel id="rel_2" xlink:href="const_10"/>
</struct>
<struct id="const_2">
<rel id="rel_3" xlink:href="urml.maz-11766.seg.xml#seg_11"/><!--as FÃ¼ll...-->
<rel id="rel_4" xlink:href="const_3"/>
</struct>
<struct id="const_3">
<rel id="rel_5" xlink:href="urml.maz-11766.seg.xml#seg_12"/><!--ank der...-->
<rel id="rel_6" xlink:href="urml.maz-11766.seg.xml#seg_13"/><!--ie PDS ...-->
</struct>
<struct id="const_4">
<rel id="rel_7" xlink:href="urml.maz-11766.seg.xml#seg_15"/><!--leibt a...-->
<rel id="rel_8" xlink:href="urml.maz-11766.seg.xml#seg_14"/><!--m die s...-->
</struct>
<struct id="const_5">
<rel id="rel_9" xlink:href="urml.maz-11766.seg.xml#seg_16"/><!--ieses P...-->
<rel id="rel_10" xlink:href="urml.maz-11766.seg.xml#seg_17"/><!--enn man...-->
</struct>
<struct id="const_6">
<rel id="rel_11" xlink:href="const_13"/>
<rel id="rel_12" xlink:href="const_15"/>
</struct>
<struct id="const_7">
<rel id="rel_13" xlink:href="const_6"/>
<rel id="rel_14" xlink:href="urml.maz-11766.seg.xml#seg_3"/><!--war mac...-->
</struct>
<struct id="const_8">
<rel id="rel_15" xlink:href="const_4"/>
<rel id="rel_16" xlink:href="const_9"/>
</struct>
<struct id="const_9">
<rel id="rel_17" xlink:href="const_16"/>
<rel id="rel_18" xlink:href="const_2"/>
</struct>
<struct id="const_10">
<rel id="rel_19" xlink:href="const_11"/>
<rel id="rel_20" xlink:href="const_12"/>
</struct>
<struct id="const_11">
<rel id="rel_21" xlink:href="const_7"/>
<rel id="rel_22" xlink:href="urml.maz-11766.seg.xml#seg_2"/><!--ergebli...-->
</struct>
<struct id="const_12">
<rel id="rel_23" xlink:href="const_8"/>
<rel id="rel_24" xlink:href="const_5"/>
</struct>
<struct id="const_13">
<rel id="rel_25" xlink:href="urml.maz-11766.seg.xml#seg_5"/><!--ass Mil...-->
<rel id="rel_26" xlink:href="urml.maz-11766.seg.xml#seg_4"/><!--m Ende ...-->
</struct>
<struct id="const_14">
<rel id="rel_27" xlink:href="urml.maz-11766.seg.xml#seg_7"/><!--och der...-->
<rel id="rel_28" xlink:href="urml.maz-11766.seg.xml#seg_6"/><!--osse ha...-->
</struct>
<struct id="const_15">
<rel id="rel_29" xlink:href="urml.maz-11766.seg.xml#seg_8"/><!--lso bek...-->
<rel id="rel_30" xlink:href="const_14"/>
</struct>
<struct id="const_16">
<rel id="rel_31" xlink:href="urml.maz-11766.seg.xml#seg_9"/><!--ie bei ...-->
<rel id="rel_32" xlink:href="urml.maz-11766.seg.xml#seg_10"/><!--irgendw...-->
</struct></structList>
</sfb632_standard>
