<?xml version="1.0" standalone="no"?>
<!DOCTYPE sfb632_standard SYSTEM "sfb632_mark.dtd">


<sfb632_standard version="1.0">
<header sfb_id="urml.maz-11766_seg" type="seg"/>

<markList xmlns:xlink="http://www.w3.org/1999/xlink" type="seg" xml:base="urml.maz-11766.tok.xml">

<mark id="seg_1" xlink:href="#tok_1"/><!-- FÃ¼llhorn [..] FÃ¼llhorn -->
<mark id="seg_2" xlink:href="#xpointer(id('tok_2')/range-to(id('tok_19')))"/><!-- Vergeblich [..] . -->
<mark id="seg_3" xlink:href="#xpointer(id('tok_20')/range-to(id('tok_36')))"/><!-- Zwar [..] . -->
<mark id="seg_4" xlink:href="#xpointer(id('tok_37')/range-to(id('tok_44')))"/><!-- Am [..] : -->
<mark id="seg_5" xlink:href="#xpointer(id('tok_45')/range-to(id('tok_56')))"/><!-- Dass [..] . -->
<mark id="seg_6" xlink:href="#xpointer(id('tok_57')/range-to(id('tok_67')))"/><!-- Bosse [..] . -->
<mark id="seg_7" xlink:href="#xpointer(id('tok_68')/range-to(id('tok_86')))"/><!-- Doch [..] . -->
<mark id="seg_8" xlink:href="#xpointer(id('tok_87')/range-to(id('tok_96')))"/><!-- Also [..] . -->
<mark id="seg_9" xlink:href="#xpointer(id('tok_97')/range-to(id('tok_110')))"/><!-- Wie [..] , -->
<mark id="seg_10" xlink:href="#xpointer(id('tok_111')/range-to(id('tok_117')))"/><!-- nirgendwo [..] . -->
<mark id="seg_11" xlink:href="#xpointer(id('tok_118')/range-to(id('tok_128')))"/><!-- Das [..] . -->
<mark id="seg_12" xlink:href="#xpointer(id('tok_129')/range-to(id('tok_143')))"/><!-- Dank [..] . -->
<mark id="seg_13" xlink:href="#xpointer(id('tok_144')/range-to(id('tok_150')))"/><!-- Die [..] . -->
<mark id="seg_14" xlink:href="#xpointer(id('tok_151')/range-to(id('tok_159')))"/><!-- Um [..] , -->
<mark id="seg_15" xlink:href="#xpointer(id('tok_160')/range-to(id('tok_170')))"/><!-- bleibt [..] . -->
<mark id="seg_16" xlink:href="#xpointer(id('tok_171')/range-to(id('tok_179')))"/><!-- Dieses [..] , -->
<mark id="seg_17" xlink:href="#xpointer(id('tok_180')/range-to(id('tok_188')))"/><!-- wenn [..] . -->
</markList>
</sfb632_standard>
