<?xml version="1.0" encoding="UTF-8" standalone="no"?>


<!DOCTYPE sfb632_standard SYSTEM "sfb632_feat.dtd">
<sfb632_standard version="1.0">

<header sfb_id="exmaralda.maz-4282_PP" type="PP"/>

<featList xmlns:xlink="http://www.w3.org/1999/xlink" type="PP" xml:base="urml.maz-4282.tok.xml">

<feat xlink:href="#xpointer(id('tok_27')/range-to(id('tok_29')))" value="PP"/><!-- aus...Tiefe -->
<feat xlink:href="#xpointer(id('tok_35')/range-to(id('tok_36')))" value="PP"/><!-- von...dem -->
<feat xlink:href="#xpointer(id('tok_62')/range-to(id('tok_64')))" value="PP"/><!-- fÃ¼rs...Tor -->
<feat xlink:href="#xpointer(id('tok_107')/range-to(id('tok_110')))" value="PP"/><!-- in...Spielsituation -->
<feat xlink:href="#xpointer(id('tok_116')/range-to(id('tok_119')))" value="PP"/><!-- zu...Grotten_Kickern -->
<feat xlink:href="#xpointer(id('tok_129')/range-to(id('tok_132')))" value="PP"/><!-- aus...Vereinen -->
<feat xlink:href="#xpointer(id('tok_145')/range-to(id('tok_151')))" value="PP"/><!-- in..." -->
<feat xlink:href="#xpointer(id('tok_163')/range-to(id('tok_165')))" value="PP"/><!-- von...Seitenlinie -->
<feat xlink:href="#xpointer(id('tok_173')/range-to(id('tok_175')))" value="PP"/><!-- beim...Schubser -->
</featList>

</sfb632_standard>
