<?xml version="1.0" encoding="UTF-8" standalone="no"?>


<!DOCTYPE sfb632_standard SYSTEM "sfb632_feat.dtd">
<sfb632_standard version="1.0">

<header sfb_id="exmaralda.maz-4282_Topic" type="Topic"/>

<featList xmlns:xlink="http://www.w3.org/1999/xlink" type="Topic" xml:base="urml.maz-4282.tok.xml">

<feat xlink:href="#xpointer(id('tok_10')/range-to(id('tok_12')))" value="ab"/><!-- die...Gemeindevertreter -->
<feat xlink:href="#xpointer(id('tok_31')/range-to(id('tok_33')))" value="ab"/><!-- ein...Steilpass -->
<feat xlink:href="#xpointer(id('tok_50')/range-to(id('tok_51')))" value="ab"/><!-- Ein...Befreiungsschlag -->
<feat xlink:href="#xpointer(id('tok_67')/range-to(id('tok_71')))" value="ab"/><!-- Die...GroÃ_Glienicker -->
<feat xlink:href="#tok_87" value="ab"/><!-- sie -->
<feat xlink:href="#xpointer(id('tok_101')/range-to(id('tok_102')))" value="ab"/><!-- die...Trainerkabine -->
<feat xlink:href="#xpointer(id('tok_108')/range-to(id('tok_110')))" value="fs"/><!-- der...Spielsituation -->
<feat xlink:href="#xpointer(id('tok_127')/range-to(id('tok_128')))" value="ab"/><!-- die...Spieler -->
<feat xlink:href="#tok_136" value="ab"/><!-- sie -->
<feat xlink:href="#xpointer(id('tok_162')/range-to(id('tok_165')))" value="ab"/><!-- Ermahnungen...Seitenlinie -->
</featList>

</sfb632_standard>
