<?xml version="1.0" encoding="UTF-8" standalone="no"?>


<!DOCTYPE sfb632_standard SYSTEM "sfb632_feat.dtd">
<sfb632_standard version="1.0">

<header sfb_id="exmaralda.maz-4282_Sent" type="Sent"/>

<featList xmlns:xlink="http://www.w3.org/1999/xlink" type="Sent" xml:base="urml.maz-4282.tok.xml">

<feat xlink:href="#xpointer(id('tok_2')/range-to(id('tok_7')))" value="s"/><!-- Wunder...! -->
<feat xlink:href="#xpointer(id('tok_8')/range-to(id('tok_23')))" value="s"/><!-- Erst.... -->
<feat xlink:href="#xpointer(id('tok_24')/range-to(id('tok_49')))" value="s"/><!-- Und.... -->
<feat xlink:href="#xpointer(id('tok_50')/range-to(id('tok_66')))" value="s"/><!-- Ein.... -->
<feat xlink:href="#xpointer(id('tok_67')/range-to(id('tok_84')))" value="s"/><!-- Die.... -->
<feat xlink:href="#xpointer(id('tok_85')/range-to(id('tok_95')))" value="s"/><!-- Nun.... -->
<feat xlink:href="#xpointer(id('tok_96')/range-to(id('tok_112')))" value="s"/><!-- Eine.... -->
<feat xlink:href="#xpointer(id('tok_113')/range-to(id('tok_124')))" value="s"/><!-- Und.... -->
<feat xlink:href="#xpointer(id('tok_125')/range-to(id('tok_153')))" value="s"/><!-- Auch.... -->
<feat xlink:href="#xpointer(id('tok_154')/range-to(id('tok_161')))" value="s"/><!-- Und.... -->
<feat xlink:href="#xpointer(id('tok_162')/range-to(id('tok_183')))" value="s"/><!-- Ermahnungen.... -->
<feat xlink:href="#xpointer(id('tok_184')/range-to(id('tok_186')))" value="s"/><!-- Vorerst...hilfreich -->
</featList>

</sfb632_standard>
