<?xml version="1.0" encoding="UTF-8" standalone="no"?>


<!DOCTYPE sfb632_standard SYSTEM "sfb632_feat.dtd">
<sfb632_standard version="1.0">

<header sfb_id="exmaralda.maz-4282_Focus_newInf" type="Focus_newInf"/>

<featList xmlns:xlink="http://www.w3.org/1999/xlink" type="Focus_newInf" xml:base="urml.maz-4282.tok.xml">

<feat xlink:href="#xpointer(id('tok_13')/range-to(id('tok_22')))" value="nf-unsol"/><!-- so...FuÃballkicker -->
<feat xlink:href="#xpointer(id('tok_24')/range-to(id('tok_30')))" value="nf-unsol"/><!-- Und...solch -->
<feat xlink:href="#xpointer(id('tok_35')/range-to(id('tok_48')))" value="nf-unsol"/><!-- von...kÃ¶nnen -->
<feat xlink:href="#xpointer(id('tok_52')/range-to(id('tok_65')))" value="nf-unsol"/><!-- ist...gab -->
<feat xlink:href="#xpointer(id('tok_72')/range-to(id('tok_83')))" value="nf-unsol"/><!-- haben...gefordert -->
<feat xlink:href="#xpointer(id('tok_90')/range-to(id('tok_94')))" value="nf-unsol"/><!-- wie...verwerten -->
<feat xlink:href="#xpointer(id('tok_113')/range-to(id('tok_123')))" value="nf-unsol"/><!-- Und...noch -->
<feat xlink:href="#xpointer(id('tok_129')/range-to(id('tok_134')))" value="nf-unsol"/><!-- aus...sind -->
<feat xlink:href="#xpointer(id('tok_142')/range-to(id('tok_152')))" value="nf-unsol"/><!-- dass...spielen -->
<feat xlink:href="#xpointer(id('tok_154')/range-to(id('tok_160')))" value="nf-unsol"/><!-- Und...gegeneinander -->
<feat xlink:href="#xpointer(id('tok_167')/range-to(id('tok_182')))" value="nf-unsol"/><!-- miteinander...Ã¼berflÃ¼ssig -->
</featList>

</sfb632_standard>
