<?xml version="1.0" encoding="UTF-8" standalone="no"?>


<!DOCTYPE sfb632_standard SYSTEM "sfb632_feat.dtd">
<sfb632_standard version="1.0">

<header sfb_id="exmaralda.maz-4282_Inf-Stat" type="Inf-Stat"/>

<featList xmlns:xlink="http://www.w3.org/1999/xlink" type="Inf-Stat" xml:base="urml.maz-4282.tok.xml">

<feat xlink:href="#tok_2" value="Idiom"/><!-- Wunder -->
<feat xlink:href="#xpointer(id('tok_10')/range-to(id('tok_12')))" value="New"/><!-- die...Gemeindevertreter -->
<feat xlink:href="#xpointer(id('tok_18')/range-to(id('tok_22')))" value="acc-inf"/><!-- die...FuÃballkicker -->
<feat xlink:href="#xpointer(id('tok_28')/range-to(id('tok_29')))" value="Idiom"/><!-- der...Tiefe -->
<feat xlink:href="#xpointer(id('tok_31')/range-to(id('tok_33')))" value="New"/><!-- ein...Steilpass -->
<feat xlink:href="#tok_36" value="giv-active"/><!-- dem -->
<feat xlink:href="#tok_37" value="acc-sit"/><!-- man -->
<feat xlink:href="#xpointer(id('tok_41')/range-to(id('tok_45')))" value="New"/><!-- die...Mitspieler -->
<feat xlink:href="#tok_46" value="giv-active"/><!-- ihn -->
<feat xlink:href="#xpointer(id('tok_50')/range-to(id('tok_51')))" value="acc-inf"/><!-- Ein...Befreiungsschlag -->
<feat xlink:href="#xpointer(id('tok_60')/range-to(id('tok_61')))" value="Idiom"/><!-- keine...Gefahr -->
<feat xlink:href="#xpointer(id('tok_63')/range-to(id('tok_64')))" value="acc-inf"/><!-- Dallgower...Tor -->
<feat xlink:href="#xpointer(id('tok_67')/range-to(id('tok_68')))" value="giv-inactive"/><!-- Die...Seeburger -->
<feat xlink:href="#xpointer(id('tok_70')/range-to(id('tok_71')))" value="giv-inactive"/><!-- einige...GroÃ_Glienicker -->
<feat xlink:href="#xpointer(id('tok_73')/range-to(id('tok_74')))" value="acc-inf"/><!-- den...Ball -->
<feat xlink:href="#tok_87" value="giv-active"/><!-- sie -->
<feat xlink:href="#tok_91" value="giv-acitve"/><!-- sie -->
<feat xlink:href="#xpointer(id('tok_92')/range-to(id('tok_93')))" value="acc-inf"/><!-- die...Chance -->
<feat xlink:href="#xpointer(id('tok_96')/range-to(id('tok_97')))" value="new"/><!-- Eine...Diskussion -->
<feat xlink:href="#xpointer(id('tok_101')/range-to(id('tok_102')))" value="new"/><!-- die...Trainerkabine -->
<feat xlink:href="#xpointer(id('tok_108')/range-to(id('tok_110')))" value="new"/><!-- der...Spielsituation -->
<feat xlink:href="#xpointer(id('tok_114')/range-to(id('tok_115')))" value="Idiom"/><!-- eine...Parallele -->
<feat xlink:href="#xpointer(id('tok_117')/range-to(id('tok_119')))" value="giv-inactive"/><!-- den...Grotten_Kickern -->
<feat xlink:href="#xpointer(id('tok_127')/range-to(id('tok_128')))" value="acc-aggr"/><!-- die...Spieler -->
<feat xlink:href="#xpointer(id('tok_130')/range-to(id('tok_132')))" value="giv-inactive"/><!-- den...Vereinen -->
<feat xlink:href="#tok_136" value="giv-active"/><!-- sie -->
<feat xlink:href="#tok_138" value="acc-aggr"/><!-- sich -->
<feat xlink:href="#tok_143" value="giv-active"/><!-- sie -->
<feat xlink:href="#xpointer(id('tok_146')/range-to(id('tok_151')))" value="acc-inf"/><!-- einer..." -->
<feat xlink:href="#tok_155" value="giv-active"/><!-- das -->
<feat xlink:href="#tok_162" value="new"/><!-- Ermahnungen -->
<feat xlink:href="#xpointer(id('tok_164')/range-to(id('tok_165')))" value="acc-inf"/><!-- der...Seitenlinie -->
<feat xlink:href="#tok_171" value="acc-aggr"/><!-- sich -->
<feat xlink:href="#xpointer(id('tok_174')/range-to(id('tok_175')))" value="Idiom"/><!-- kleinsten...Schubser -->
</featList>

</sfb632_standard>
