<?xml version="1.0" encoding="UTF-8" standalone="no"?>


<!DOCTYPE sfb632_standard SYSTEM "sfb632_feat.dtd">
<sfb632_standard version="1.0">

<header sfb_id="exmaralda.maz-4282_NP" type="NP"/>

<featList xmlns:xlink="http://www.w3.org/1999/xlink" type="NP" xml:base="urml.maz-4282.tok.xml">

<feat xlink:href="#tok_2" value="NP"/><!-- Wunder -->
<feat xlink:href="#xpointer(id('tok_10')/range-to(id('tok_12')))" value="NP"/><!-- die...Gemeindevertreter -->
<feat xlink:href="#xpointer(id('tok_18')/range-to(id('tok_22')))" value="NP"/><!-- die...FuÃballkicker -->
<feat xlink:href="#xpointer(id('tok_28')/range-to(id('tok_29')))" value="NP"/><!-- der...Tiefe -->
<feat xlink:href="#xpointer(id('tok_31')/range-to(id('tok_33')))" value="NP"/><!-- ein...Steilpass -->
<feat xlink:href="#tok_36" value="NP"/><!-- dem -->
<feat xlink:href="#tok_37" value="NP"/><!-- man -->
<feat xlink:href="#xpointer(id('tok_41')/range-to(id('tok_45')))" value="NP"/><!-- die...Mitspieler -->
<feat xlink:href="#tok_46" value="NP"/><!-- ihn -->
<feat xlink:href="#xpointer(id('tok_50')/range-to(id('tok_51')))" value="NP"/><!-- Ein...Befreiungsschlag -->
<feat xlink:href="#xpointer(id('tok_60')/range-to(id('tok_61')))" value="NP"/><!-- keine...Gefahr -->
<feat xlink:href="#xpointer(id('tok_63')/range-to(id('tok_64')))" value="NP"/><!-- Dallgower...Tor -->
<feat xlink:href="#xpointer(id('tok_67')/range-to(id('tok_68')))" value="NP"/><!-- Die...Seeburger -->
<feat xlink:href="#xpointer(id('tok_70')/range-to(id('tok_71')))" value="NP"/><!-- einige...GroÃ_Glienicker -->
<feat xlink:href="#xpointer(id('tok_73')/range-to(id('tok_74')))" value="NP"/><!-- den...Ball -->
<feat xlink:href="#tok_87" value="NP"/><!-- sie -->
<feat xlink:href="#tok_91" value="NP"/><!-- sie -->
<feat xlink:href="#xpointer(id('tok_92')/range-to(id('tok_93')))" value="NP"/><!-- die...Chance -->
<feat xlink:href="#xpointer(id('tok_96')/range-to(id('tok_97')))" value="NP"/><!-- Eine...Diskussion -->
<feat xlink:href="#xpointer(id('tok_101')/range-to(id('tok_102')))" value="NP"/><!-- die...Trainerkabine -->
<feat xlink:href="#xpointer(id('tok_108')/range-to(id('tok_110')))" value="NP"/><!-- der...Spielsituation -->
<feat xlink:href="#xpointer(id('tok_114')/range-to(id('tok_115')))" value="NP"/><!-- eine...Parallele -->
<feat xlink:href="#xpointer(id('tok_117')/range-to(id('tok_119')))" value="NP"/><!-- den...Grotten_Kickern -->
<feat xlink:href="#xpointer(id('tok_127')/range-to(id('tok_128')))" value="NP"/><!-- die...Spieler -->
<feat xlink:href="#xpointer(id('tok_130')/range-to(id('tok_132')))" value="NP"/><!-- den...Vereinen -->
<feat xlink:href="#tok_136" value="NP"/><!-- sie -->
<feat xlink:href="#tok_138" value="NP"/><!-- sich -->
<feat xlink:href="#tok_143" value="NP"/><!-- sie -->
<feat xlink:href="#xpointer(id('tok_146')/range-to(id('tok_151')))" value="NP"/><!-- einer..." -->
<feat xlink:href="#tok_155" value="NP"/><!-- das -->
<feat xlink:href="#tok_162" value="NP"/><!-- Ermahnungen -->
<feat xlink:href="#xpointer(id('tok_164')/range-to(id('tok_165')))" value="NP"/><!-- der...Seitenlinie -->
<feat xlink:href="#tok_171" value="NP"/><!-- sich -->
<feat xlink:href="#xpointer(id('tok_174')/range-to(id('tok_175')))" value="NP"/><!-- kleinsten...Schubser -->
</featList>

</sfb632_standard>
