<?xml version="1.0" standalone="no"?>
<!DOCTYPE sfb632_standard SYSTEM "sfb632_mark.dtd">


<sfb632_standard version="1.0">
<header sfb_id="tiger.ID_maz-10205_tok" type="tok"/>

<markList xmlns:xlink="http://www.w3.org/1999/xlink" type="tok" xml:base="mmax.maz-10205.text.xml">
<mark id="tok_1" xlink:href="#xpointer(string-range(//body,'',1,5))"/><!-- Keine -->
<mark id="tok_2" xlink:href="#xpointer(string-range(//body,'',7,11))"/><!-- AutoritÃ¤ten -->
<mark id="tok_3" xlink:href="#xpointer(string-range(//body,'',19,5))"/><!-- Unter -->
<mark id="tok_4" xlink:href="#xpointer(string-range(//body,'',25,3))"/><!-- den -->
<mark id="tok_5" xlink:href="#xpointer(string-range(//body,'',29,9))"/><!-- namhaften -->
<mark id="tok_6" xlink:href="#xpointer(string-range(//body,'',39,9))"/><!-- deutschen -->
<mark id="tok_7" xlink:href="#xpointer(string-range(//body,'',49,15))"/><!-- Schriftstellern -->
<mark id="tok_8" xlink:href="#xpointer(string-range(//body,'',65,1))"/><!-- , -->
<mark id="tok_9" xlink:href="#xpointer(string-range(//body,'',67,3))"/><!-- die -->
<mark id="tok_10" xlink:href="#xpointer(string-range(//body,'',71,3))"/><!-- von -->
<mark id="tok_11" xlink:href="#xpointer(string-range(//body,'',75,7))"/><!-- Gerhard -->
<mark id="tok_12" xlink:href="#xpointer(string-range(//body,'',83,8))"/><!-- SchrÃ¶der -->
<mark id="tok_13" xlink:href="#xpointer(string-range(//body,'',92,2))"/><!-- am -->
<mark id="tok_14" xlink:href="#xpointer(string-range(//body,'',95,12))"/><!-- Samstagabend -->
<mark id="tok_15" xlink:href="#xpointer(string-range(//body,'',108,9))"/><!-- empfangen -->
<mark id="tok_16" xlink:href="#xpointer(string-range(//body,'',118,6))"/><!-- wurden -->
<mark id="tok_17" xlink:href="#xpointer(string-range(//body,'',125,1))"/><!-- , -->
<mark id="tok_18" xlink:href="#xpointer(string-range(//body,'',127,3))"/><!-- war -->
<mark id="tok_19" xlink:href="#xpointer(string-range(//body,'',131,4))"/><!-- kein -->
<mark id="tok_20" xlink:href="#xpointer(string-range(//body,'',136,11))"/><!-- faltenloses -->
<mark id="tok_21" xlink:href="#xpointer(string-range(//body,'',148,7))"/><!-- Gesicht -->
<mark id="tok_22" xlink:href="#xpointer(string-range(//body,'',156,1))"/><!-- . -->
<mark id="tok_23" xlink:href="#xpointer(string-range(//body,'',158,3))"/><!-- Das -->
<mark id="tok_24" xlink:href="#xpointer(string-range(//body,'',162,3))"/><!-- ist -->
<mark id="tok_25" xlink:href="#xpointer(string-range(//body,'',166,4))"/><!-- kein -->
<mark id="tok_26" xlink:href="#xpointer(string-range(//body,'',171,6))"/><!-- Zufall -->
<mark id="tok_27" xlink:href="#xpointer(string-range(//body,'',178,1))"/><!-- , -->
<mark id="tok_28" xlink:href="#xpointer(string-range(//body,'',180,5))"/><!-- nervt -->
<mark id="tok_29" xlink:href="#xpointer(string-range(//body,'',186,4))"/><!-- doch -->
<mark id="tok_30" xlink:href="#xpointer(string-range(//body,'',191,3))"/><!-- die -->
<mark id="tok_31" xlink:href="#xpointer(string-range(//body,'',195,7))"/><!-- meisten -->
<mark id="tok_32" xlink:href="#xpointer(string-range(//body,'',203,8))"/><!-- jÃ¼ngeren -->
<mark id="tok_33" xlink:href="#xpointer(string-range(//body,'',212,7))"/><!-- Autoren -->
<mark id="tok_34" xlink:href="#xpointer(string-range(//body,'',220,3))"/><!-- die -->
<mark id="tok_35" xlink:href="#xpointer(string-range(//body,'',224,5))"/><!-- ewige -->
<mark id="tok_36" xlink:href="#xpointer(string-range(//body,'',230,14))"/><!-- Besserwisserei -->
<mark id="tok_37" xlink:href="#xpointer(string-range(//body,'',245,3))"/><!-- der -->
<mark id="tok_38" xlink:href="#xpointer(string-range(//body,'',249,12))"/><!-- Altgedienten -->
<mark id="tok_39" xlink:href="#xpointer(string-range(//body,'',262,1))"/><!-- . -->
<mark id="tok_40" xlink:href="#xpointer(string-range(//body,'',264,4))"/><!-- Wenn -->
<mark id="tok_41" xlink:href="#xpointer(string-range(//body,'',269,4))"/><!-- sich -->
<mark id="tok_42" xlink:href="#xpointer(string-range(//body,'',274,6))"/><!-- GÃ¼nter -->
<mark id="tok_43" xlink:href="#xpointer(string-range(//body,'',281,5))"/><!-- Grass -->
<mark id="tok_44" xlink:href="#xpointer(string-range(//body,'',287,1))"/><!-- , -->
<mark id="tok_45" xlink:href="#xpointer(string-range(//body,'',289,7))"/><!-- Christa -->
<mark id="tok_46" xlink:href="#xpointer(string-range(//body,'',297,4))"/><!-- Wolf -->
<mark id="tok_47" xlink:href="#xpointer(string-range(//body,'',302,4))"/><!-- oder -->
<mark id="tok_48" xlink:href="#xpointer(string-range(//body,'',307,6))"/><!-- Stefan -->
<mark id="tok_49" xlink:href="#xpointer(string-range(//body,'',314,4))"/><!-- Heym -->
<mark id="tok_50" xlink:href="#xpointer(string-range(//body,'',319,2))"/><!-- in -->
<mark id="tok_51" xlink:href="#xpointer(string-range(//body,'',322,11))"/><!-- politischen -->
<mark id="tok_52" xlink:href="#xpointer(string-range(//body,'',334,15))"/><!-- Angelegenheiten -->
<mark id="tok_53" xlink:href="#xpointer(string-range(//body,'',350,2))"/><!-- zu -->
<mark id="tok_54" xlink:href="#xpointer(string-range(//body,'',353,4))"/><!-- Wort -->
<mark id="tok_55" xlink:href="#xpointer(string-range(//body,'',358,6))"/><!-- melden -->
<mark id="tok_56" xlink:href="#xpointer(string-range(//body,'',365,1))"/><!-- , -->
<mark id="tok_57" xlink:href="#xpointer(string-range(//body,'',367,4))"/><!-- hÃ¶rt -->
<mark id="tok_58" xlink:href="#xpointer(string-range(//body,'',372,3))"/><!-- ein -->
<mark id="tok_59" xlink:href="#xpointer(string-range(//body,'',376,6))"/><!-- groÃer -->
<mark id="tok_60" xlink:href="#xpointer(string-range(//body,'',383,4))"/><!-- Teil -->
<mark id="tok_61" xlink:href="#xpointer(string-range(//body,'',388,3))"/><!-- der -->
<mark id="tok_62" xlink:href="#xpointer(string-range(//body,'',392,9))"/><!-- deutschen -->
<mark id="tok_63" xlink:href="#xpointer(string-range(//body,'',402,15))"/><!-- Intellektuellen -->
<mark id="tok_64" xlink:href="#xpointer(string-range(//body,'',418,10))"/><!-- inzwischen -->
<mark id="tok_65" xlink:href="#xpointer(string-range(//body,'',429,7))"/><!-- bewusst -->
<mark id="tok_66" xlink:href="#xpointer(string-range(//body,'',437,3))"/><!-- weg -->
<mark id="tok_67" xlink:href="#xpointer(string-range(//body,'',441,1))"/><!-- . -->
<mark id="tok_68" xlink:href="#xpointer(string-range(//body,'',443,4))"/><!-- Doch -->
<mark id="tok_69" xlink:href="#xpointer(string-range(//body,'',448,8))"/><!-- SchrÃ¶der -->
<mark id="tok_70" xlink:href="#xpointer(string-range(//body,'',457,3))"/><!-- hat -->
<mark id="tok_71" xlink:href="#xpointer(string-range(//body,'',461,5))"/><!-- Angst -->
<mark id="tok_72" xlink:href="#xpointer(string-range(//body,'',467,1))"/><!-- , -->
<mark id="tok_73" xlink:href="#xpointer(string-range(//body,'',469,4))"/><!-- dass -->
<mark id="tok_74" xlink:href="#xpointer(string-range(//body,'',474,3))"/><!-- die -->
<mark id="tok_75" xlink:href="#xpointer(string-range(//body,'',478,11))"/><!-- Ã¶ffentliche -->
<mark id="tok_76" xlink:href="#xpointer(string-range(//body,'',490,7))"/><!-- Meinung -->
<mark id="tok_77" xlink:href="#xpointer(string-range(//body,'',498,5))"/><!-- wegen -->
<mark id="tok_78" xlink:href="#xpointer(string-range(//body,'',504,3))"/><!-- der -->
<mark id="tok_79" xlink:href="#xpointer(string-range(//body,'',508,15))"/><!-- Kriegsteilnahme -->
<mark id="tok_80" xlink:href="#xpointer(string-range(//body,'',524,5))"/><!-- kippt -->
<mark id="tok_81" xlink:href="#xpointer(string-range(//body,'',530,3))"/><!-- und -->
<mark id="tok_82" xlink:href="#xpointer(string-range(//body,'',534,4))"/><!-- sich -->
<mark id="tok_83" xlink:href="#xpointer(string-range(//body,'',539,5))"/><!-- gegen -->
<mark id="tok_84" xlink:href="#xpointer(string-range(//body,'',545,3))"/><!-- ihn -->
<mark id="tok_85" xlink:href="#xpointer(string-range(//body,'',549,6))"/><!-- wendet -->
<mark id="tok_86" xlink:href="#xpointer(string-range(//body,'',556,1))"/><!-- . -->
<mark id="tok_87" xlink:href="#xpointer(string-range(//body,'',558,7))"/><!-- Deshalb -->
<mark id="tok_88" xlink:href="#xpointer(string-range(//body,'',566,8))"/><!-- versucht -->
<mark id="tok_89" xlink:href="#xpointer(string-range(//body,'',575,2))"/><!-- er -->
<mark id="tok_90" xlink:href="#xpointer(string-range(//body,'',578,1))"/><!-- , -->
<mark id="tok_91" xlink:href="#xpointer(string-range(//body,'',580,3))"/><!-- die -->
<mark id="tok_92" xlink:href="#xpointer(string-range(//body,'',584,11))"/><!-- TuchfÃ¼hlung -->
<mark id="tok_93" xlink:href="#xpointer(string-range(//body,'',596,2))"/><!-- zu -->
<mark id="tok_94" xlink:href="#xpointer(string-range(//body,'',599,3))"/><!-- den -->
<mark id="tok_95" xlink:href="#xpointer(string-range(//body,'',603,15))"/><!-- MeinungsfÃ¼hrern -->
<mark id="tok_96" xlink:href="#xpointer(string-range(//body,'',619,5))"/><!-- nicht -->
<mark id="tok_97" xlink:href="#xpointer(string-range(//body,'',625,2))"/><!-- zu -->
<mark id="tok_98" xlink:href="#xpointer(string-range(//body,'',628,9))"/><!-- verlieren -->
<mark id="tok_99" xlink:href="#xpointer(string-range(//body,'',638,1))"/><!-- . -->
<mark id="tok_100" xlink:href="#xpointer(string-range(//body,'',640,4))"/><!-- Doch -->
<mark id="tok_101" xlink:href="#xpointer(string-range(//body,'',645,2))"/><!-- wo -->
<mark id="tok_102" xlink:href="#xpointer(string-range(//body,'',648,3))"/><!-- und -->
<mark id="tok_103" xlink:href="#xpointer(string-range(//body,'',652,3))"/><!-- wer -->
<mark id="tok_104" xlink:href="#xpointer(string-range(//body,'',656,4))"/><!-- sind -->
<mark id="tok_105" xlink:href="#xpointer(string-range(//body,'',661,3))"/><!-- sie -->
<mark id="tok_106" xlink:href="#xpointer(string-range(//body,'',665,1))"/><!-- ? -->
<mark id="tok_107" xlink:href="#xpointer(string-range(//body,'',667,3))"/><!-- Die -->
<mark id="tok_108" xlink:href="#xpointer(string-range(//body,'',671,6))"/><!-- jungen -->
<mark id="tok_109" xlink:href="#xpointer(string-range(//body,'',678,7))"/><!-- Autoren -->
<mark id="tok_110" xlink:href="#xpointer(string-range(//body,'',686,6))"/><!-- wollen -->
<mark id="tok_111" xlink:href="#xpointer(string-range(//body,'',693,3))"/><!-- nur -->
<mark id="tok_112" xlink:href="#xpointer(string-range(//body,'',697,4))"/><!-- noch -->
<mark id="tok_113" xlink:href="#xpointer(string-range(//body,'',702,4))"/><!-- gute -->
<mark id="tok_114" xlink:href="#xpointer(string-range(//body,'',707,6))"/><!-- BÃ¼cher -->
<mark id="tok_115" xlink:href="#xpointer(string-range(//body,'',714,9))"/><!-- schreiben -->
<mark id="tok_116" xlink:href="#xpointer(string-range(//body,'',724,3))"/><!-- und -->
<mark id="tok_117" xlink:href="#xpointer(string-range(//body,'',728,9))"/><!-- behaupten -->
<mark id="tok_118" xlink:href="#xpointer(string-range(//body,'',738,5))"/><!-- nicht -->
<mark id="tok_119" xlink:href="#xpointer(string-range(//body,'',744,1))"/><!-- , -->
<mark id="tok_120" xlink:href="#xpointer(string-range(//body,'',746,4))"/><!-- dass -->
<mark id="tok_121" xlink:href="#xpointer(string-range(//body,'',751,3))"/><!-- sie -->
<mark id="tok_122" xlink:href="#xpointer(string-range(//body,'',755,3))"/><!-- dem -->
<mark id="tok_123" xlink:href="#xpointer(string-range(//body,'',759,7))"/><!-- Kanzler -->
<mark id="tok_124" xlink:href="#xpointer(string-range(//body,'',767,10))"/><!-- RatschlÃ¤ge -->
<mark id="tok_125" xlink:href="#xpointer(string-range(//body,'',778,8))"/><!-- erteilen -->
<mark id="tok_126" xlink:href="#xpointer(string-range(//body,'',787,6))"/><!-- kÃ¶nnen -->
<mark id="tok_127" xlink:href="#xpointer(string-range(//body,'',794,1))"/><!-- , -->
<mark id="tok_128" xlink:href="#xpointer(string-range(//body,'',796,3))"/><!-- die -->
<mark id="tok_129" xlink:href="#xpointer(string-range(//body,'',800,6))"/><!-- besser -->
<mark id="tok_130" xlink:href="#xpointer(string-range(//body,'',807,4))"/><!-- sind -->
<mark id="tok_131" xlink:href="#xpointer(string-range(//body,'',812,3))"/><!-- als -->
<mark id="tok_132" xlink:href="#xpointer(string-range(//body,'',816,3))"/><!-- die -->
<mark id="tok_133" xlink:href="#xpointer(string-range(//body,'',820,3))"/><!-- von -->
<mark id="tok_134" xlink:href="#xpointer(string-range(//body,'',824,13))"/><!-- NormalbÃ¼rgern -->
<mark id="tok_135" xlink:href="#xpointer(string-range(//body,'',838,1))"/><!-- . -->
<mark id="tok_136" xlink:href="#xpointer(string-range(//body,'',840,3))"/><!-- Die -->
<mark id="tok_137" xlink:href="#xpointer(string-range(//body,'',844,6))"/><!-- Nation -->
<mark id="tok_138" xlink:href="#xpointer(string-range(//body,'',851,3))"/><!-- hat -->
<mark id="tok_139" xlink:href="#xpointer(string-range(//body,'',855,4))"/><!-- sich -->
<mark id="tok_140" xlink:href="#xpointer(string-range(//body,'',860,6))"/><!-- bisher -->
<mark id="tok_141" xlink:href="#xpointer(string-range(//body,'',867,5))"/><!-- keine -->
<mark id="tok_142" xlink:href="#xpointer(string-range(//body,'',873,5))"/><!-- neuen -->
<mark id="tok_143" xlink:href="#xpointer(string-range(//body,'',879,15))"/><!-- Klassensprecher -->
<mark id="tok_144" xlink:href="#xpointer(string-range(//body,'',895,7))"/><!-- gewÃ¤hlt -->
<mark id="tok_145" xlink:href="#xpointer(string-range(//body,'',903,1))"/><!-- , -->
<mark id="tok_146" xlink:href="#xpointer(string-range(//body,'',905,4))"/><!-- also -->
<mark id="tok_147" xlink:href="#xpointer(string-range(//body,'',910,4))"/><!-- ging -->
<mark id="tok_148" xlink:href="#xpointer(string-range(//body,'',915,3))"/><!-- der -->
<mark id="tok_149" xlink:href="#xpointer(string-range(//body,'',919,13))"/><!-- Bundeskanzler -->
<mark id="tok_150" xlink:href="#xpointer(string-range(//body,'',933,4))"/><!-- noch -->
<mark id="tok_151" xlink:href="#xpointer(string-range(//body,'',938,6))"/><!-- einmal -->
<mark id="tok_152" xlink:href="#xpointer(string-range(//body,'',945,3))"/><!-- auf -->
<mark id="tok_153" xlink:href="#xpointer(string-range(//body,'',949,3))"/><!-- die -->
<mark id="tok_154" xlink:href="#xpointer(string-range(//body,'',953,5))"/><!-- alten -->
<mark id="tok_155" xlink:href="#xpointer(string-range(//body,'',959,2))"/><!-- zu -->
<mark id="tok_156" xlink:href="#xpointer(string-range(//body,'',962,1))"/><!-- . -->
<mark id="tok_157" xlink:href="#xpointer(string-range(//body,'',964,3))"/><!-- Die -->
<mark id="tok_158" xlink:href="#xpointer(string-range(//body,'',968,5))"/><!-- lasen -->
<mark id="tok_159" xlink:href="#xpointer(string-range(//body,'',974,3))"/><!-- dem -->
<mark id="tok_160" xlink:href="#xpointer(string-range(//body,'',978,5))"/><!-- Enkel -->
<mark id="tok_161" xlink:href="#xpointer(string-range(//body,'',984,3))"/><!-- von -->
<mark id="tok_162" xlink:href="#xpointer(string-range(//body,'',988,5))"/><!-- Willy -->
<mark id="tok_163" xlink:href="#xpointer(string-range(//body,'',994,6))"/><!-- Brandt -->
<mark id="tok_164" xlink:href="#xpointer(string-range(//body,'',1001,3))"/><!-- nun -->
<mark id="tok_165" xlink:href="#xpointer(string-range(//body,'',1005,3))"/><!-- die -->
<mark id="tok_166" xlink:href="#xpointer(string-range(//body,'',1009,7))"/><!-- Leviten -->
<mark id="tok_167" xlink:href="#xpointer(string-range(//body,'',1017,1))"/><!-- . -->
<mark id="tok_168" xlink:href="#xpointer(string-range(//body,'',1019,5))"/><!-- GlÃ¼ck -->
<mark id="tok_169" xlink:href="#xpointer(string-range(//body,'',1025,3))"/><!-- fÃ¼r -->
<mark id="tok_170" xlink:href="#xpointer(string-range(//body,'',1029,8))"/><!-- SchrÃ¶der -->
<mark id="tok_171" xlink:href="#xpointer(string-range(//body,'',1038,1))"/><!-- , -->
<mark id="tok_172" xlink:href="#xpointer(string-range(//body,'',1040,4))"/><!-- dass -->
<mark id="tok_173" xlink:href="#xpointer(string-range(//body,'',1045,3))"/><!-- die -->
<mark id="tok_174" xlink:href="#xpointer(string-range(//body,'',1049,6))"/><!-- groÃen -->
<mark id="tok_175" xlink:href="#xpointer(string-range(//body,'',1056,5))"/><!-- Namen -->
<mark id="tok_176" xlink:href="#xpointer(string-range(//body,'',1062,3))"/><!-- nur -->
<mark id="tok_177" xlink:href="#xpointer(string-range(//body,'',1066,4))"/><!-- noch -->
<mark id="tok_178" xlink:href="#xpointer(string-range(//body,'',1071,5))"/><!-- wenig -->
<mark id="tok_179" xlink:href="#xpointer(string-range(//body,'',1077,9))"/><!-- AutoritÃ¤t -->
<mark id="tok_180" xlink:href="#xpointer(string-range(//body,'',1087,8))"/><!-- besitzen -->
<mark id="tok_181" xlink:href="#xpointer(string-range(//body,'',1096,1))"/><!-- . -->
</markList>
</sfb632_standard>
