<?xml version="1.0" standalone="no"?>
<!DOCTYPE sfb632_standard SYSTEM "sfb632_mark.dtd">


<sfb632_standard version="1.0">
<header sfb_id="tiger.ID_maz-4181_tok" type="tok"/>

<markList xmlns:xlink="http://www.w3.org/1999/xlink" type="tok" xml:base="urml.maz-4181.text.xml">
<mark id="tok_1" xlink:href="#xpointer(string-range(//body,'',1,19))"/><!-- FingerspitzengefÃ¼hl -->
<mark id="tok_2" xlink:href="#xpointer(string-range(//body,'',21,3))"/><!-- Der -->
<mark id="tok_3" xlink:href="#xpointer(string-range(//body,'',25,4))"/><!-- Euro -->
<mark id="tok_4" xlink:href="#xpointer(string-range(//body,'',30,5))"/><!-- kommt -->
<mark id="tok_5" xlink:href="#xpointer(string-range(//body,'',36,1))"/><!-- _ -->
<mark id="tok_6" xlink:href="#xpointer(string-range(//body,'',38,5))"/><!-- schon -->
<mark id="tok_7" xlink:href="#xpointer(string-range(//body,'',44,4))"/><!-- bald -->
<mark id="tok_8" xlink:href="#xpointer(string-range(//body,'',49,1))"/><!-- . -->
<mark id="tok_9" xlink:href="#xpointer(string-range(//body,'',51,6))"/><!-- Manche -->
<mark id="tok_10" xlink:href="#xpointer(string-range(//body,'',58,14))"/><!-- GeschÃ¤ftsleute -->
<mark id="tok_11" xlink:href="#xpointer(string-range(//body,'',73,8))"/><!-- bereiten -->
<mark id="tok_12" xlink:href="#xpointer(string-range(//body,'',82,4))"/><!-- sich -->
<mark id="tok_13" xlink:href="#xpointer(string-range(//body,'',87,3))"/><!-- auf -->
<mark id="tok_14" xlink:href="#xpointer(string-range(//body,'',91,3))"/><!-- die -->
<mark id="tok_15" xlink:href="#xpointer(string-range(//body,'',95,18))"/><!-- WÃ¤hrungsumstellung -->
<mark id="tok_16" xlink:href="#xpointer(string-range(//body,'',114,3))"/><!-- vor -->
<mark id="tok_17" xlink:href="#xpointer(string-range(//body,'',118,1))"/><!-- . -->
<mark id="tok_18" xlink:href="#xpointer(string-range(//body,'',120,3))"/><!-- Sie -->
<mark id="tok_19" xlink:href="#xpointer(string-range(//body,'',124,8))"/><!-- besuchen -->
<mark id="tok_20" xlink:href="#xpointer(string-range(//body,'',133,27))"/><!-- Informationsveranstaltungen -->
<mark id="tok_21" xlink:href="#xpointer(string-range(//body,'',161,1))"/><!-- , -->
<mark id="tok_22" xlink:href="#xpointer(string-range(//body,'',163,3))"/><!-- wie -->
<mark id="tok_23" xlink:href="#xpointer(string-range(//body,'',167,3))"/><!-- sie -->
<mark id="tok_24" xlink:href="#xpointer(string-range(//body,'',171,3))"/><!-- von -->
<mark id="tok_25" xlink:href="#xpointer(string-range(//body,'',175,3))"/><!-- der -->
<mark id="tok_26" xlink:href="#xpointer(string-range(//body,'',179,15))"/><!-- Handwerkskammer -->
<mark id="tok_27" xlink:href="#xpointer(string-range(//body,'',195,12))"/><!-- veranstaltet -->
<mark id="tok_28" xlink:href="#xpointer(string-range(//body,'',208,6))"/><!-- werden -->
<mark id="tok_29" xlink:href="#xpointer(string-range(//body,'',215,1))"/><!-- . -->
<mark id="tok_30" xlink:href="#xpointer(string-range(//body,'',217,4))"/><!-- Dort -->
<mark id="tok_31" xlink:href="#xpointer(string-range(//body,'',222,8))"/><!-- erfahren -->
<mark id="tok_32" xlink:href="#xpointer(string-range(//body,'',231,3))"/><!-- die -->
<mark id="tok_33" xlink:href="#xpointer(string-range(//body,'',235,13))"/><!-- Dienstleister -->
<mark id="tok_34" xlink:href="#xpointer(string-range(//body,'',249,1))"/><!-- , -->
<mark id="tok_35" xlink:href="#xpointer(string-range(//body,'',251,3))"/><!-- was -->
<mark id="tok_36" xlink:href="#xpointer(string-range(//body,'',255,3))"/><!-- sie -->
<mark id="tok_37" xlink:href="#xpointer(string-range(//body,'',259,8))"/><!-- erwartet -->
<mark id="tok_38" xlink:href="#xpointer(string-range(//body,'',268,1))"/><!-- , -->
<mark id="tok_39" xlink:href="#xpointer(string-range(//body,'',270,4))"/><!-- wenn -->
<mark id="tok_40" xlink:href="#xpointer(string-range(//body,'',275,3))"/><!-- sie -->
<mark id="tok_41" xlink:href="#xpointer(string-range(//body,'',279,4))"/><!-- sich -->
<mark id="tok_42" xlink:href="#xpointer(string-range(//body,'',284,5))"/><!-- nicht -->
<mark id="tok_43" xlink:href="#xpointer(string-range(//body,'',290,11))"/><!-- rechtzeitig -->
<mark id="tok_44" xlink:href="#xpointer(string-range(//body,'',302,3))"/><!-- auf -->
<mark id="tok_45" xlink:href="#xpointer(string-range(//body,'',306,3))"/><!-- die -->
<mark id="tok_46" xlink:href="#xpointer(string-range(//body,'',310,14))"/><!-- EuroeinfÃ¼hrung -->
<mark id="tok_47" xlink:href="#xpointer(string-range(//body,'',325,11))"/><!-- vorbereiten -->
<mark id="tok_48" xlink:href="#xpointer(string-range(//body,'',337,1))"/><!-- : -->
<mark id="tok_49" xlink:href="#xpointer(string-range(//body,'',339,5))"/><!-- Chaos -->
<mark id="tok_50" xlink:href="#xpointer(string-range(//body,'',345,3))"/><!-- und -->
<mark id="tok_51" xlink:href="#xpointer(string-range(//body,'',349,9))"/><!-- eventuell -->
<mark id="tok_52" xlink:href="#xpointer(string-range(//body,'',359,3))"/><!-- das -->
<mark id="tok_53" xlink:href="#xpointer(string-range(//body,'',363,3))"/><!-- Aus -->
<mark id="tok_54" xlink:href="#xpointer(string-range(//body,'',367,1))"/><!-- . -->
<mark id="tok_55" xlink:href="#xpointer(string-range(//body,'',369,4))"/><!-- Denn -->
<mark id="tok_56" xlink:href="#xpointer(string-range(//body,'',374,2))"/><!-- zu -->
<mark id="tok_57" xlink:href="#xpointer(string-range(//body,'',377,8))"/><!-- beachten -->
<mark id="tok_58" xlink:href="#xpointer(string-range(//body,'',386,3))"/><!-- ist -->
<mark id="tok_59" xlink:href="#xpointer(string-range(//body,'',390,1))"/><!-- _ -->
<mark id="tok_60" xlink:href="#xpointer(string-range(//body,'',392,5))"/><!-- neben -->
<mark id="tok_61" xlink:href="#xpointer(string-range(//body,'',398,3))"/><!-- der -->
<mark id="tok_62" xlink:href="#xpointer(string-range(//body,'',402,11))"/><!-- eindeutigen -->
<mark id="tok_63" xlink:href="#xpointer(string-range(//body,'',414,12))"/><!-- Auszeichnung -->
<mark id="tok_64" xlink:href="#xpointer(string-range(//body,'',427,3))"/><!-- der -->
<mark id="tok_65" xlink:href="#xpointer(string-range(//body,'',431,5))"/><!-- Waren -->
<mark id="tok_66" xlink:href="#xpointer(string-range(//body,'',437,1))"/><!-- _ -->
<mark id="tok_67" xlink:href="#xpointer(string-range(//body,'',439,4))"/><!-- auch -->
<mark id="tok_68" xlink:href="#xpointer(string-range(//body,'',444,3))"/><!-- die -->
<mark id="tok_69" xlink:href="#xpointer(string-range(//body,'',448,1))"/><!-- " -->
<mark id="tok_70" xlink:href="#xpointer(string-range(//body,'',450,8))"/><!-- richtige -->
<mark id="tok_71" xlink:href="#xpointer(string-range(//body,'',459,1))"/><!-- " -->
<mark id="tok_72" xlink:href="#xpointer(string-range(//body,'',461,10))"/><!-- Umrechnung -->
<mark id="tok_73" xlink:href="#xpointer(string-range(//body,'',472,3))"/><!-- von -->
<mark id="tok_74" xlink:href="#xpointer(string-range(//body,'',476,4))"/><!-- Mark -->
<mark id="tok_75" xlink:href="#xpointer(string-range(//body,'',481,2))"/><!-- in -->
<mark id="tok_76" xlink:href="#xpointer(string-range(//body,'',484,4))"/><!-- Euro -->
<mark id="tok_77" xlink:href="#xpointer(string-range(//body,'',489,1))"/><!-- . -->
<mark id="tok_78" xlink:href="#xpointer(string-range(//body,'',491,3))"/><!-- Der -->
<mark id="tok_79" xlink:href="#xpointer(string-range(//body,'',495,15))"/><!-- Umrechnungskurs -->
<mark id="tok_80" xlink:href="#xpointer(string-range(//body,'',511,3))"/><!-- fÃ¼r -->
<mark id="tok_81" xlink:href="#xpointer(string-range(//body,'',515,3))"/><!-- den -->
<mark id="tok_82" xlink:href="#xpointer(string-range(//body,'',519,4))"/><!-- Euro -->
<mark id="tok_83" xlink:href="#xpointer(string-range(//body,'',524,5))"/><!-- steht -->
<mark id="tok_84" xlink:href="#xpointer(string-range(//body,'',530,4))"/><!-- fest -->
<mark id="tok_85" xlink:href="#xpointer(string-range(//body,'',535,1))"/><!-- . -->
<mark id="tok_86" xlink:href="#xpointer(string-range(//body,'',537,5))"/><!-- Daran -->
<mark id="tok_87" xlink:href="#xpointer(string-range(//body,'',543,4))"/><!-- darf -->
<mark id="tok_88" xlink:href="#xpointer(string-range(//body,'',548,5))"/><!-- nicht -->
<mark id="tok_89" xlink:href="#xpointer(string-range(//body,'',554,9))"/><!-- gerÃ¼ttelt -->
<mark id="tok_90" xlink:href="#xpointer(string-range(//body,'',564,6))"/><!-- werden -->
<mark id="tok_91" xlink:href="#xpointer(string-range(//body,'',571,1))"/><!-- . -->
<mark id="tok_92" xlink:href="#xpointer(string-range(//body,'',573,4))"/><!-- Auf_ -->
<mark id="tok_93" xlink:href="#xpointer(string-range(//body,'',578,3))"/><!-- und -->
<mark id="tok_94" xlink:href="#xpointer(string-range(//body,'',582,10))"/><!-- abgerundet -->
<mark id="tok_95" xlink:href="#xpointer(string-range(//body,'',593,4))"/><!-- wird -->
<mark id="tok_96" xlink:href="#xpointer(string-range(//body,'',598,4))"/><!-- zwei -->
<mark id="tok_97" xlink:href="#xpointer(string-range(//body,'',603,7))"/><!-- Stellen -->
<mark id="tok_98" xlink:href="#xpointer(string-range(//body,'',611,6))"/><!-- hinter -->
<mark id="tok_99" xlink:href="#xpointer(string-range(//body,'',618,3))"/><!-- dem -->
<mark id="tok_100" xlink:href="#xpointer(string-range(//body,'',622,5))"/><!-- Komma -->
<mark id="tok_101" xlink:href="#xpointer(string-range(//body,'',628,1))"/><!-- _ -->
<mark id="tok_102" xlink:href="#xpointer(string-range(//body,'',630,4))"/><!-- nach -->
<mark id="tok_103" xlink:href="#xpointer(string-range(//body,'',635,14))"/><!-- kaufmÃ¤nnischem -->
<mark id="tok_104" xlink:href="#xpointer(string-range(//body,'',650,7))"/><!-- Prinzip -->
<mark id="tok_105" xlink:href="#xpointer(string-range(//body,'',658,1))"/><!-- . -->
<mark id="tok_106" xlink:href="#xpointer(string-range(//body,'',660,4))"/><!-- Dies -->
<mark id="tok_107" xlink:href="#xpointer(string-range(//body,'',665,4))"/><!-- kann -->
<mark id="tok_108" xlink:href="#xpointer(string-range(//body,'',670,6))"/><!-- jedoch -->
<mark id="tok_109" xlink:href="#xpointer(string-range(//body,'',677,3))"/><!-- bei -->
<mark id="tok_110" xlink:href="#xpointer(string-range(//body,'',681,3))"/><!-- den -->
<mark id="tok_111" xlink:href="#xpointer(string-range(//body,'',685,17))"/><!-- Gewerbetreibenden -->
<mark id="tok_112" xlink:href="#xpointer(string-range(//body,'',703,2))"/><!-- zu -->
<mark id="tok_113" xlink:href="#xpointer(string-range(//body,'',706,17))"/><!-- Einnahmeverlusten -->
<mark id="tok_114" xlink:href="#xpointer(string-range(//body,'',724,6))"/><!-- fÃ¼hren -->
<mark id="tok_115" xlink:href="#xpointer(string-range(//body,'',731,1))"/><!-- . -->
<mark id="tok_116" xlink:href="#xpointer(string-range(//body,'',733,4))"/><!-- Denn -->
<mark id="tok_117" xlink:href="#xpointer(string-range(//body,'',738,4))"/><!-- auch -->
<mark id="tok_118" xlink:href="#xpointer(string-range(//body,'',743,9))"/><!-- Kleinvieh -->
<mark id="tok_119" xlink:href="#xpointer(string-range(//body,'',753,5))"/><!-- macht -->
<mark id="tok_120" xlink:href="#xpointer(string-range(//body,'',759,2))"/><!-- ja -->
<mark id="tok_121" xlink:href="#xpointer(string-range(//body,'',762,11))"/><!-- bekanntlich -->
<mark id="tok_122" xlink:href="#xpointer(string-range(//body,'',774,4))"/><!-- Mist -->
<mark id="tok_123" xlink:href="#xpointer(string-range(//body,'',779,1))"/><!-- . -->
<mark id="tok_124" xlink:href="#xpointer(string-range(//body,'',781,3))"/><!-- Gut -->
<mark id="tok_125" xlink:href="#xpointer(string-range(//body,'',785,7))"/><!-- beraten -->
<mark id="tok_126" xlink:href="#xpointer(string-range(//body,'',793,3))"/><!-- ist -->
<mark id="tok_127" xlink:href="#xpointer(string-range(//body,'',797,7))"/><!-- deshalb -->
<mark id="tok_128" xlink:href="#xpointer(string-range(//body,'',805,1))"/><!-- , -->
<mark id="tok_129" xlink:href="#xpointer(string-range(//body,'',807,3))"/><!-- wer -->
<mark id="tok_130" xlink:href="#xpointer(string-range(//body,'',811,4))"/><!-- sich -->
<mark id="tok_131" xlink:href="#xpointer(string-range(//body,'',816,5))"/><!-- schon -->
<mark id="tok_132" xlink:href="#xpointer(string-range(//body,'',822,11))"/><!-- rechtzeitig -->
<mark id="tok_133" xlink:href="#xpointer(string-range(//body,'',834,3))"/><!-- mit -->
<mark id="tok_134" xlink:href="#xpointer(string-range(//body,'',838,3))"/><!-- der -->
<mark id="tok_135" xlink:href="#xpointer(string-range(//body,'',842,9))"/><!-- Rechnerei -->
<mark id="tok_136" xlink:href="#xpointer(string-range(//body,'',852,11))"/><!-- beschÃ¤ftigt -->
<mark id="tok_137" xlink:href="#xpointer(string-range(//body,'',864,1))"/><!-- . -->
<mark id="tok_138" xlink:href="#xpointer(string-range(//body,'',866,10))"/><!-- Vielleicht -->
<mark id="tok_139" xlink:href="#xpointer(string-range(//body,'',877,4))"/><!-- wird -->
<mark id="tok_140" xlink:href="#xpointer(string-range(//body,'',882,2))"/><!-- ja -->
<mark id="tok_141" xlink:href="#xpointer(string-range(//body,'',885,3))"/><!-- der -->
<mark id="tok_142" xlink:href="#xpointer(string-range(//body,'',889,11))"/><!-- abgerundete -->
<mark id="tok_143" xlink:href="#xpointer(string-range(//body,'',901,11))"/><!-- Bonbonpreis -->
<mark id="tok_144" xlink:href="#xpointer(string-range(//body,'',913,5))"/><!-- durch -->
<mark id="tok_145" xlink:href="#xpointer(string-range(//body,'',919,3))"/><!-- den -->
<mark id="tok_146" xlink:href="#xpointer(string-range(//body,'',923,13))"/><!-- aufgerundeten -->
<mark id="tok_147" xlink:href="#xpointer(string-range(//body,'',937,16))"/><!-- Schokoladenpreis -->
<mark id="tok_148" xlink:href="#xpointer(string-range(//body,'',954,6))"/><!-- wieder -->
<mark id="tok_149" xlink:href="#xpointer(string-range(//body,'',961,11))"/><!-- wettgemacht -->
<mark id="tok_150" xlink:href="#xpointer(string-range(//body,'',973,1))"/><!-- . -->
<mark id="tok_151" xlink:href="#xpointer(string-range(//body,'',975,12))"/><!-- UnbegrÃ¼ndete -->
<mark id="tok_152" xlink:href="#xpointer(string-range(//body,'',988,3))"/><!-- und -->
<mark id="tok_153" xlink:href="#xpointer(string-range(//body,'',992,8))"/><!-- panische -->
<mark id="tok_154" xlink:href="#xpointer(string-range(//body,'',1001,15))"/><!-- PreiserhÃ¶hungen -->
<mark id="tok_155" xlink:href="#xpointer(string-range(//body,'',1017,10))"/><!-- vergraulen -->
<mark id="tok_156" xlink:href="#xpointer(string-range(//body,'',1028,3))"/><!-- nur -->
<mark id="tok_157" xlink:href="#xpointer(string-range(//body,'',1032,3))"/><!-- die -->
<mark id="tok_158" xlink:href="#xpointer(string-range(//body,'',1036,6))"/><!-- Kunden -->
<mark id="tok_159" xlink:href="#xpointer(string-range(//body,'',1043,1))"/><!-- . -->
<mark id="tok_160" xlink:href="#xpointer(string-range(//body,'',1045,4))"/><!-- Doch -->
<mark id="tok_161" xlink:href="#xpointer(string-range(//body,'',1050,3))"/><!-- wer -->
<mark id="tok_162" xlink:href="#xpointer(string-range(//body,'',1054,2))"/><!-- zu -->
<mark id="tok_163" xlink:href="#xpointer(string-range(//body,'',1057,5))"/><!-- lange -->
<mark id="tok_164" xlink:href="#xpointer(string-range(//body,'',1063,6))"/><!-- wartet -->
<mark id="tok_165" xlink:href="#xpointer(string-range(//body,'',1070,1))"/><!-- , -->
<mark id="tok_166" xlink:href="#xpointer(string-range(//body,'',1072,2))"/><!-- um -->
<mark id="tok_167" xlink:href="#xpointer(string-range(//body,'',1075,4))"/><!-- sich -->
<mark id="tok_168" xlink:href="#xpointer(string-range(//body,'',1080,3))"/><!-- mit -->
<mark id="tok_169" xlink:href="#xpointer(string-range(//body,'',1084,3))"/><!-- den -->
<mark id="tok_170" xlink:href="#xpointer(string-range(//body,'',1088,11))"/><!-- Rechnereien -->
<mark id="tok_171" xlink:href="#xpointer(string-range(//body,'',1100,2))"/><!-- zu -->
<mark id="tok_172" xlink:href="#xpointer(string-range(//body,'',1103,12))"/><!-- beschÃ¤ftigen -->
<mark id="tok_173" xlink:href="#xpointer(string-range(//body,'',1116,1))"/><!-- , -->
<mark id="tok_174" xlink:href="#xpointer(string-range(//body,'',1118,8))"/><!-- verliert -->
<mark id="tok_175" xlink:href="#xpointer(string-range(//body,'',1127,3))"/><!-- bei -->
<mark id="tok_176" xlink:href="#xpointer(string-range(//body,'',1131,3))"/><!-- der -->
<mark id="tok_177" xlink:href="#xpointer(string-range(//body,'',1135,14))"/><!-- Euroumstellung -->
<mark id="tok_178" xlink:href="#xpointer(string-range(//body,'',1150,3))"/><!-- den -->
<mark id="tok_179" xlink:href="#xpointer(string-range(//body,'',1154,9))"/><!-- Ãberblick -->
<mark id="tok_180" xlink:href="#xpointer(string-range(//body,'',1164,1))"/><!-- . -->
<mark id="tok_181" xlink:href="#xpointer(string-range(//body,'',1166,3))"/><!-- Und -->
<mark id="tok_182" xlink:href="#xpointer(string-range(//body,'',1170,8))"/><!-- riskiert -->
<mark id="tok_183" xlink:href="#xpointer(string-range(//body,'',1179,5))"/><!-- damit -->
<mark id="tok_184" xlink:href="#xpointer(string-range(//body,'',1185,3))"/><!-- das -->
<mark id="tok_185" xlink:href="#xpointer(string-range(//body,'',1189,9))"/><!-- Vertrauen -->
<mark id="tok_186" xlink:href="#xpointer(string-range(//body,'',1199,6))"/><!-- seiner -->
<mark id="tok_187" xlink:href="#xpointer(string-range(//body,'',1206,6))"/><!-- Kunden -->
<mark id="tok_188" xlink:href="#xpointer(string-range(//body,'',1213,1))"/><!-- . -->
</markList>
</sfb632_standard>
