<?xml version="1.0" standalone="no"?>


<!DOCTYPE sfb632_standard SYSTEM "sfb632_feat.dtd">
<sfb632_standard version="1.0">

<header sfb_id="urml.maz-4181_func" type="func"/>

<featList xmlns:xlink="http://www.w3.org/1999/xlink" type="func" xml:base="urml.maz-4181.const.xml">

<feat xlink:href="#rel_1" value="nucleus"/><!--ingersp...-->
<feat xlink:href="#rel_2" value="satellite"/>
<feat xlink:href="#rel_3" value="nucleus"/><!--nbegrÃ¼n...-->
<feat xlink:href="#rel_4" value="satellite"/><!--ielleic...-->
<feat xlink:href="#rel_5" value="nucleus"/><!--och wer...-->
<feat xlink:href="#rel_6" value="satellite"/>
<feat xlink:href="#rel_7" value="nucleus"/><!--erliert...-->
<feat xlink:href="#rel_8" value="nucleus"/><!--nd risk...-->
<feat xlink:href="#rel_9" value="nucleus"/><!--anche G...-->
<feat xlink:href="#rel_10" value="satellite"/><!--er Euro...-->
<feat xlink:href="#rel_11" value="nucleus"/><!--ies kan...-->
<feat xlink:href="#rel_12" value="satellite"/><!--enn auc...-->
<feat xlink:href="#rel_13" value="nucleus"/>
<feat xlink:href="#rel_14" value="satellite"/>
<feat xlink:href="#rel_15" value="nucleus"/>
<feat xlink:href="#rel_16" value="satellite"/><!--uf_ und...-->
<feat xlink:href="#rel_17" value="nucleus"/>
<feat xlink:href="#rel_18" value="satellite"/>
<feat xlink:href="#rel_19" value="nucleus"/><!--ie besu...-->
<feat xlink:href="#rel_20" value="satellite"/>
<feat xlink:href="#rel_21" value="nucleus"/>
<feat xlink:href="#rel_22" value="nucleus"/>
<feat xlink:href="#rel_23" value="nucleus"/><!--ut bera...-->
<feat xlink:href="#rel_24" value="satellite"/>
<feat xlink:href="#rel_25" value="nucleus"/>
<feat xlink:href="#rel_26" value="satellite"/>
<feat xlink:href="#rel_27" value="nucleus"/><!--ort erf...-->
<feat xlink:href="#rel_28" value="satellite"/>
<feat xlink:href="#rel_29" value="nucleus"/><!--haos un...-->
<feat xlink:href="#rel_30" value="satellite"/><!--enn zu ...-->
<feat xlink:href="#rel_31" value="nucleus"/><!--er Umre...-->
<feat xlink:href="#rel_32" value="satellite"/><!--aran da...-->
</featList>

</sfb632_standard>
