<?xml version="1.0" standalone="no"?>
<!DOCTYPE sfb632_standard SYSTEM "sfb632_struct.dtd">


<sfb632_standard version="1.0">
<header sfb_id="urml.maz-4181_const" type="const"/>

<structList xmlns:xlink="http://www.w3.org/1999/xlink" type="const">

<struct id="const_1">
<rel id="rel_1" xlink:href="urml.maz-4181.seg.xml#seg_1"/><!--ingersp...-->
<rel id="rel_2" xlink:href="const_13"/>
</struct>
<struct id="const_2">
<rel id="rel_3" xlink:href="urml.maz-4181.seg.xml#seg_15"/><!--nbegrÃ¼n...-->
<rel id="rel_4" xlink:href="urml.maz-4181.seg.xml#seg_14"/><!--ielleic...-->
</struct>
<struct id="const_3">
<rel id="rel_5" xlink:href="urml.maz-4181.seg.xml#seg_16"/><!--och wer...-->
<rel id="rel_6" xlink:href="const_4"/>
</struct>
<struct id="const_4">
<rel id="rel_7" xlink:href="urml.maz-4181.seg.xml#seg_17"/><!--erliert...-->
<rel id="rel_8" xlink:href="urml.maz-4181.seg.xml#seg_18"/><!--nd risk...-->
</struct>
<struct id="const_5">
<rel id="rel_9" xlink:href="urml.maz-4181.seg.xml#seg_3"/><!--anche G...-->
<rel id="rel_10" xlink:href="urml.maz-4181.seg.xml#seg_2"/><!--er Euro...-->
</struct>
<struct id="const_6">
<rel id="rel_11" xlink:href="urml.maz-4181.seg.xml#seg_11"/><!--ies kan...-->
<rel id="rel_12" xlink:href="urml.maz-4181.seg.xml#seg_12"/><!--enn auc...-->
</struct>
<struct id="const_7">
<rel id="rel_13" xlink:href="const_6"/>
<rel id="rel_14" xlink:href="const_8"/>
</struct>
<struct id="const_8">
<rel id="rel_15" xlink:href="const_16"/>
<rel id="rel_16" xlink:href="urml.maz-4181.seg.xml#seg_10"/><!--uf_ und...-->
</struct>
<struct id="const_9">
<rel id="rel_17" xlink:href="const_12"/>
<rel id="rel_18" xlink:href="const_11"/>
</struct>
<struct id="const_10">
<rel id="rel_19" xlink:href="urml.maz-4181.seg.xml#seg_4"/><!--ie besu...-->
<rel id="rel_20" xlink:href="const_14"/>
</struct>
<struct id="const_11">
<rel id="rel_21" xlink:href="const_2"/>
<rel id="rel_22" xlink:href="const_3"/>
</struct>
<struct id="const_12">
<rel id="rel_23" xlink:href="urml.maz-4181.seg.xml#seg_13"/><!--ut bera...-->
<rel id="rel_24" xlink:href="const_7"/>
</struct>
<struct id="const_13">
<rel id="rel_25" xlink:href="const_9"/>
<rel id="rel_26" xlink:href="const_5"/>
</struct>
<struct id="const_14">
<rel id="rel_27" xlink:href="urml.maz-4181.seg.xml#seg_5"/><!--ort erf...-->
<rel id="rel_28" xlink:href="const_15"/>
</struct>
<struct id="const_15">
<rel id="rel_29" xlink:href="urml.maz-4181.seg.xml#seg_6"/><!--haos un...-->
<rel id="rel_30" xlink:href="urml.maz-4181.seg.xml#seg_7"/><!--enn zu ...-->
</struct>
<struct id="const_16">
<rel id="rel_31" xlink:href="urml.maz-4181.seg.xml#seg_8"/><!--er Umre...-->
<rel id="rel_32" xlink:href="urml.maz-4181.seg.xml#seg_9"/><!--aran da...-->
</struct></structList>
</sfb632_standard>
