<?xml version="1.0" standalone="no"?>
<!DOCTYPE sfb632_standard SYSTEM "sfb632_mark.dtd">


<sfb632_standard version="1.0">
<header sfb_id="urml.maz-4181_seg" type="seg"/>

<markList xmlns:xlink="http://www.w3.org/1999/xlink" type="seg" xml:base="tiger.ID_maz-4181.tok.xml">

<mark id="seg_1" xlink:href="#tok_1"/><!-- FingerspitzengefÃ¼hl [..] FingerspitzengefÃ¼hl -->
<mark id="seg_2" xlink:href="#xpointer(id('tok_2')/range-to(id('tok_8')))"/><!-- Der [..] . -->
<mark id="seg_3" xlink:href="#xpointer(id('tok_9')/range-to(id('tok_17')))"/><!-- Manche [..] . -->
<mark id="seg_4" xlink:href="#xpointer(id('tok_18')/range-to(id('tok_29')))"/><!-- Sie [..] . -->
<mark id="seg_5" xlink:href="#xpointer(id('tok_30')/range-to(id('tok_48')))"/><!-- Dort [..] : -->
<mark id="seg_6" xlink:href="#xpointer(id('tok_49')/range-to(id('tok_54')))"/><!-- Chaos [..] . -->
<mark id="seg_7" xlink:href="#xpointer(id('tok_55')/range-to(id('tok_77')))"/><!-- Denn [..] . -->
<mark id="seg_8" xlink:href="#xpointer(id('tok_78')/range-to(id('tok_85')))"/><!-- Der [..] . -->
<mark id="seg_9" xlink:href="#xpointer(id('tok_86')/range-to(id('tok_91')))"/><!-- Daran [..] . -->
<mark id="seg_10" xlink:href="#xpointer(id('tok_92')/range-to(id('tok_105')))"/><!-- Auf_ [..] . -->
<mark id="seg_11" xlink:href="#xpointer(id('tok_106')/range-to(id('tok_115')))"/><!-- Dies [..] . -->
<mark id="seg_12" xlink:href="#xpointer(id('tok_116')/range-to(id('tok_123')))"/><!-- Denn [..] . -->
<mark id="seg_13" xlink:href="#xpointer(id('tok_124')/range-to(id('tok_137')))"/><!-- Gut [..] . -->
<mark id="seg_14" xlink:href="#xpointer(id('tok_138')/range-to(id('tok_150')))"/><!-- Vielleicht [..] . -->
<mark id="seg_15" xlink:href="#xpointer(id('tok_151')/range-to(id('tok_159')))"/><!-- UnbegrÃ¼ndete [..] . -->
<mark id="seg_16" xlink:href="#xpointer(id('tok_160')/range-to(id('tok_173')))"/><!-- Doch [..] , -->
<mark id="seg_17" xlink:href="#xpointer(id('tok_174')/range-to(id('tok_180')))"/><!-- verliert [..] . -->
<mark id="seg_18" xlink:href="#xpointer(id('tok_181')/range-to(id('tok_188')))"/><!-- Und [..] . -->
</markList>
</sfb632_standard>
