<?xml version="1.0" standalone="no"?>


<!DOCTYPE sfb632_standard SYSTEM "sfb632_feat.dtd">
<sfb632_standard version="1.0">

<header sfb_id="urml.maz-4181_pos" type="pos"/>

<featList xmlns:xlink="http://www.w3.org/1999/xlink" type="pos" xml:base="tiger.ID_maz-4181.tok.xml">

<feat xlink:href="#tok_1" value="NN"/><!-- FingerspitzengefÃ¼hl -->
<feat xlink:href="#tok_2" value="ART"/><!-- Der -->
<feat xlink:href="#tok_3" value="NN"/><!-- Euro -->
<feat xlink:href="#tok_4" value="VVFIN"/><!-- kommt -->
<feat xlink:href="#tok_5" value="$("/><!-- _ -->
<feat xlink:href="#tok_6" value="ADV"/><!-- schon -->
<feat xlink:href="#tok_7" value="ADV"/><!-- bald -->
<feat xlink:href="#tok_8" value="$."/><!-- . -->
<feat xlink:href="#tok_9" value="PIAT"/><!-- Manche -->
<feat xlink:href="#tok_10" value="NN"/><!-- GeschÃ¤ftsleute -->
<feat xlink:href="#tok_11" value="VVFIN"/><!-- bereiten -->
<feat xlink:href="#tok_12" value="PRF"/><!-- sich -->
<feat xlink:href="#tok_13" value="APPR"/><!-- auf -->
<feat xlink:href="#tok_14" value="ART"/><!-- die -->
<feat xlink:href="#tok_15" value="NN"/><!-- WÃ¤hrungsumstellung -->
<feat xlink:href="#tok_16" value="PTKVZ"/><!-- vor -->
<feat xlink:href="#tok_17" value="$."/><!-- . -->
<feat xlink:href="#tok_18" value="PPER"/><!-- Sie -->
<feat xlink:href="#tok_19" value="VVFIN"/><!-- besuchen -->
<feat xlink:href="#tok_20" value="NN"/><!-- Informationsveranstaltungen -->
<feat xlink:href="#tok_21" value="$,"/><!-- , -->
<feat xlink:href="#tok_22" value="PWAV"/><!-- wie -->
<feat xlink:href="#tok_23" value="PPER"/><!-- sie -->
<feat xlink:href="#tok_24" value="APPR"/><!-- von -->
<feat xlink:href="#tok_25" value="ART"/><!-- der -->
<feat xlink:href="#tok_26" value="NN"/><!-- Handwerkskammer -->
<feat xlink:href="#tok_27" value="VVPP"/><!-- veranstaltet -->
<feat xlink:href="#tok_28" value="VAINF"/><!-- werden -->
<feat xlink:href="#tok_29" value="$."/><!-- . -->
<feat xlink:href="#tok_30" value="ADV"/><!-- Dort -->
<feat xlink:href="#tok_31" value="VVFIN"/><!-- erfahren -->
<feat xlink:href="#tok_32" value="ART"/><!-- die -->
<feat xlink:href="#tok_33" value="NN"/><!-- Dienstleister -->
<feat xlink:href="#tok_34" value="$,"/><!-- , -->
<feat xlink:href="#tok_35" value="PRELS"/><!-- was -->
<feat xlink:href="#tok_36" value="PPER"/><!-- sie -->
<feat xlink:href="#tok_37" value="VVPP"/><!-- erwartet -->
<feat xlink:href="#tok_38" value="$,"/><!-- , -->
<feat xlink:href="#tok_39" value="KOUS"/><!-- wenn -->
<feat xlink:href="#tok_40" value="PPER"/><!-- sie -->
<feat xlink:href="#tok_41" value="PRF"/><!-- sich -->
<feat xlink:href="#tok_42" value="PTKNEG"/><!-- nicht -->
<feat xlink:href="#tok_43" value="ADJD"/><!-- rechtzeitig -->
<feat xlink:href="#tok_44" value="APPR"/><!-- auf -->
<feat xlink:href="#tok_45" value="ART"/><!-- die -->
<feat xlink:href="#tok_46" value="NN"/><!-- EuroeinfÃ¼hrung -->
<feat xlink:href="#tok_47" value="VVINF"/><!-- vorbereiten -->
<feat xlink:href="#tok_48" value="$."/><!-- : -->
<feat xlink:href="#tok_49" value="NN"/><!-- Chaos -->
<feat xlink:href="#tok_50" value="KON"/><!-- und -->
<feat xlink:href="#tok_51" value="ADJD"/><!-- eventuell -->
<feat xlink:href="#tok_52" value="ART"/><!-- das -->
<feat xlink:href="#tok_53" value="NN"/><!-- Aus -->
<feat xlink:href="#tok_54" value="$."/><!-- . -->
<feat xlink:href="#tok_55" value="KON"/><!-- Denn -->
<feat xlink:href="#tok_56" value="PTKZU"/><!-- zu -->
<feat xlink:href="#tok_57" value="VVINF"/><!-- beachten -->
<feat xlink:href="#tok_58" value="VAFIN"/><!-- ist -->
<feat xlink:href="#tok_59" value="$("/><!-- _ -->
<feat xlink:href="#tok_60" value="APPR"/><!-- neben -->
<feat xlink:href="#tok_61" value="ART"/><!-- der -->
<feat xlink:href="#tok_62" value="ADJA"/><!-- eindeutigen -->
<feat xlink:href="#tok_63" value="NN"/><!-- Auszeichnung -->
<feat xlink:href="#tok_64" value="ART"/><!-- der -->
<feat xlink:href="#tok_65" value="NN"/><!-- Waren -->
<feat xlink:href="#tok_66" value="$("/><!-- _ -->
<feat xlink:href="#tok_67" value="ADV"/><!-- auch -->
<feat xlink:href="#tok_68" value="ART"/><!-- die -->
<feat xlink:href="#tok_69" value="$("/><!-- " -->
<feat xlink:href="#tok_70" value="ADJA"/><!-- richtige -->
<feat xlink:href="#tok_71" value="$("/><!-- " -->
<feat xlink:href="#tok_72" value="NN"/><!-- Umrechnung -->
<feat xlink:href="#tok_73" value="APPR"/><!-- von -->
<feat xlink:href="#tok_74" value="NN"/><!-- Mark -->
<feat xlink:href="#tok_75" value="APPR"/><!-- in -->
<feat xlink:href="#tok_76" value="NE"/><!-- Euro -->
<feat xlink:href="#tok_77" value="$."/><!-- . -->
<feat xlink:href="#tok_78" value="ART"/><!-- Der -->
<feat xlink:href="#tok_79" value="NN"/><!-- Umrechnungskurs -->
<feat xlink:href="#tok_80" value="APPR"/><!-- fÃ¼r -->
<feat xlink:href="#tok_81" value="ART"/><!-- den -->
<feat xlink:href="#tok_82" value="NN"/><!-- Euro -->
<feat xlink:href="#tok_83" value="VVFIN"/><!-- steht -->
<feat xlink:href="#tok_84" value="PTKVZ"/><!-- fest -->
<feat xlink:href="#tok_85" value="$."/><!-- . -->
<feat xlink:href="#tok_86" value="PROAV"/><!-- Daran -->
<feat xlink:href="#tok_87" value="VMFIN"/><!-- darf -->
<feat xlink:href="#tok_88" value="PTKNEG"/><!-- nicht -->
<feat xlink:href="#tok_89" value="VVPP"/><!-- gerÃ¼ttelt -->
<feat xlink:href="#tok_90" value="VAINF"/><!-- werden -->
<feat xlink:href="#tok_91" value="$."/><!-- . -->
<feat xlink:href="#tok_92" value="TRUNC"/><!-- Auf_ -->
<feat xlink:href="#tok_93" value="KON"/><!-- und -->
<feat xlink:href="#tok_94" value="VVPP"/><!-- abgerundet -->
<feat xlink:href="#tok_95" value="VAFIN"/><!-- wird -->
<feat xlink:href="#tok_96" value="CARD"/><!-- zwei -->
<feat xlink:href="#tok_97" value="NN"/><!-- Stellen -->
<feat xlink:href="#tok_98" value="APPR"/><!-- hinter -->
<feat xlink:href="#tok_99" value="ART"/><!-- dem -->
<feat xlink:href="#tok_100" value="NN"/><!-- Komma -->
<feat xlink:href="#tok_101" value="$("/><!-- _ -->
<feat xlink:href="#tok_102" value="APPR"/><!-- nach -->
<feat xlink:href="#tok_103" value="ADJA"/><!-- kaufmÃ¤nnischem -->
<feat xlink:href="#tok_104" value="NN"/><!-- Prinzip -->
<feat xlink:href="#tok_105" value="$."/><!-- . -->
<feat xlink:href="#tok_106" value="PDS"/><!-- Dies -->
<feat xlink:href="#tok_107" value="VMFIN"/><!-- kann -->
<feat xlink:href="#tok_108" value="ADV"/><!-- jedoch -->
<feat xlink:href="#tok_109" value="APPR"/><!-- bei -->
<feat xlink:href="#tok_110" value="ART"/><!-- den -->
<feat xlink:href="#tok_111" value="NN"/><!-- Gewerbetreibenden -->
<feat xlink:href="#tok_112" value="APPR"/><!-- zu -->
<feat xlink:href="#tok_113" value="NN"/><!-- Einnahmeverlusten -->
<feat xlink:href="#tok_114" value="VVINF"/><!-- fÃ¼hren -->
<feat xlink:href="#tok_115" value="$."/><!-- . -->
<feat xlink:href="#tok_116" value="KON"/><!-- Denn -->
<feat xlink:href="#tok_117" value="ADV"/><!-- auch -->
<feat xlink:href="#tok_118" value="NN"/><!-- Kleinvieh -->
<feat xlink:href="#tok_119" value="VVFIN"/><!-- macht -->
<feat xlink:href="#tok_120" value="ADV"/><!-- ja -->
<feat xlink:href="#tok_121" value="ADV"/><!-- bekanntlich -->
<feat xlink:href="#tok_122" value="NE"/><!-- Mist -->
<feat xlink:href="#tok_123" value="$."/><!-- . -->
<feat xlink:href="#tok_124" value="ADJD"/><!-- Gut -->
<feat xlink:href="#tok_125" value="VVPP"/><!-- beraten -->
<feat xlink:href="#tok_126" value="VAFIN"/><!-- ist -->
<feat xlink:href="#tok_127" value="PROAV"/><!-- deshalb -->
<feat xlink:href="#tok_128" value="$,"/><!-- , -->
<feat xlink:href="#tok_129" value="PWS"/><!-- wer -->
<feat xlink:href="#tok_130" value="PRF"/><!-- sich -->
<feat xlink:href="#tok_131" value="ADV"/><!-- schon -->
<feat xlink:href="#tok_132" value="ADJD"/><!-- rechtzeitig -->
<feat xlink:href="#tok_133" value="APPR"/><!-- mit -->
<feat xlink:href="#tok_134" value="ART"/><!-- der -->
<feat xlink:href="#tok_135" value="NN"/><!-- Rechnerei -->
<feat xlink:href="#tok_136" value="VVPP"/><!-- beschÃ¤ftigt -->
<feat xlink:href="#tok_137" value="$."/><!-- . -->
<feat xlink:href="#tok_138" value="ADV"/><!-- Vielleicht -->
<feat xlink:href="#tok_139" value="VAFIN"/><!-- wird -->
<feat xlink:href="#tok_140" value="ADV"/><!-- ja -->
<feat xlink:href="#tok_141" value="ART"/><!-- der -->
<feat xlink:href="#tok_142" value="ADJA"/><!-- abgerundete -->
<feat xlink:href="#tok_143" value="NN"/><!-- Bonbonpreis -->
<feat xlink:href="#tok_144" value="APPR"/><!-- durch -->
<feat xlink:href="#tok_145" value="ART"/><!-- den -->
<feat xlink:href="#tok_146" value="ADJA"/><!-- aufgerundeten -->
<feat xlink:href="#tok_147" value="NN"/><!-- Schokoladenpreis -->
<feat xlink:href="#tok_148" value="ADV"/><!-- wieder -->
<feat xlink:href="#tok_149" value="VVPP"/><!-- wettgemacht -->
<feat xlink:href="#tok_150" value="$."/><!-- . -->
<feat xlink:href="#tok_151" value="NN"/><!-- UnbegrÃ¼ndete -->
<feat xlink:href="#tok_152" value="KON"/><!-- und -->
<feat xlink:href="#tok_153" value="ADJA"/><!-- panische -->
<feat xlink:href="#tok_154" value="NN"/><!-- PreiserhÃ¶hungen -->
<feat xlink:href="#tok_155" value="VVFIN"/><!-- vergraulen -->
<feat xlink:href="#tok_156" value="ADV"/><!-- nur -->
<feat xlink:href="#tok_157" value="ART"/><!-- die -->
<feat xlink:href="#tok_158" value="NN"/><!-- Kunden -->
<feat xlink:href="#tok_159" value="$."/><!-- . -->
<feat xlink:href="#tok_160" value="KON"/><!-- Doch -->
<feat xlink:href="#tok_161" value="PWS"/><!-- wer -->
<feat xlink:href="#tok_162" value="PTKA"/><!-- zu -->
<feat xlink:href="#tok_163" value="ADJD"/><!-- lange -->
<feat xlink:href="#tok_164" value="VVFIN"/><!-- wartet -->
<feat xlink:href="#tok_165" value="$,"/><!-- , -->
<feat xlink:href="#tok_166" value="KOUI"/><!-- um -->
<feat xlink:href="#tok_167" value="PRF"/><!-- sich -->
<feat xlink:href="#tok_168" value="APPR"/><!-- mit -->
<feat xlink:href="#tok_169" value="ART"/><!-- den -->
<feat xlink:href="#tok_170" value="NN"/><!-- Rechnereien -->
<feat xlink:href="#tok_171" value="PTKZU"/><!-- zu -->
<feat xlink:href="#tok_172" value="VVINF"/><!-- beschÃ¤ftigen -->
<feat xlink:href="#tok_173" value="$,"/><!-- , -->
<feat xlink:href="#tok_174" value="VVFIN"/><!-- verliert -->
<feat xlink:href="#tok_175" value="APPR"/><!-- bei -->
<feat xlink:href="#tok_176" value="ART"/><!-- der -->
<feat xlink:href="#tok_177" value="NN"/><!-- Euroumstellung -->
<feat xlink:href="#tok_178" value="ART"/><!-- den -->
<feat xlink:href="#tok_179" value="NN"/><!-- Ãberblick -->
<feat xlink:href="#tok_180" value="$."/><!-- . -->
<feat xlink:href="#tok_181" value="KON"/><!-- Und -->
<feat xlink:href="#tok_182" value="VVFIN"/><!-- riskiert -->
<feat xlink:href="#tok_183" value="PROAV"/><!-- damit -->
<feat xlink:href="#tok_184" value="ART"/><!-- das -->
<feat xlink:href="#tok_185" value="NN"/><!-- Vertrauen -->
<feat xlink:href="#tok_186" value="PPOSAT"/><!-- seiner -->
<feat xlink:href="#tok_187" value="NN"/><!-- Kunden -->
<feat xlink:href="#tok_188" value="$."/><!-- . -->
</featList>

</sfb632_standard>
