<?xml version="1.0" standalone="no"?>


<!DOCTYPE sfb632_standard SYSTEM "sfb632_feat.dtd">
<sfb632_standard version="1.0">

<header sfb_id="urml.maz-4181_rst_relation" type="rst_relation"/>

<featList xmlns:xlink="http://www.w3.org/1999/xlink" type="rst_relation" xml:base="urml.maz-4181.const.xml">

<feat xlink:href="#const_1" value="elaboration"/>
<feat xlink:href="#const_2" value="volitional-result"/>
<feat xlink:href="#const_3" value="elaboration"/>
<feat xlink:href="#const_4" value="list"/>
<feat xlink:href="#const_5" value="preparation"/>
<feat xlink:href="#const_6" value="evidence"/>
<feat xlink:href="#const_7" value="nonvolitional-cause"/>
<feat xlink:href="#const_8" value="elaboration"/>
<feat xlink:href="#const_9" value="evidence"/>
<feat xlink:href="#const_10" value="volitional-result"/>
<feat xlink:href="#const_11" value="contrast"/>
<feat xlink:href="#const_12" value="volitional-cause"/>
<feat xlink:href="#const_13" value="background"/>
<feat xlink:href="#const_14" value="elaboration"/>
<feat xlink:href="#const_15" value="evidence"/>
<feat xlink:href="#const_16" value="volitional-result"/>
</featList>

</sfb632_standard>
