<?xml version="1.0" standalone="no"?>


<!DOCTYPE sfb632_standard SYSTEM "sfb632_feat.dtd">
<sfb632_standard version="1.0">

<header sfb_id="tiger.ID_maz-10374_lemma" type="lemma"/>

<featList xmlns:xlink="http://www.w3.org/1999/xlink" type="lemma" xml:base="mmax.maz-10374.tok.xml">

<feat xlink:href="#tok_1" value="f&#xFC;rchten"/><!-- FÃ¼rchtet -->
<feat xlink:href="#tok_2" value="euch"/><!-- euch -->
<feat xlink:href="#tok_3" value="nicht"/><!-- nicht -->
<feat xlink:href="#tok_4" value="!"/><!-- ! -->
<feat xlink:href="#tok_5" value="der"/><!-- Die -->
<feat xlink:href="#tok_6" value="einstig"/><!-- einstige -->
<feat xlink:href="#tok_7" value="Fu&#xDF;ball-Weltmacht"/><!-- FuÃball_Weltmacht -->
<feat xlink:href="#tok_8" value="zittern"/><!-- zittert -->
<feat xlink:href="#tok_9" value="vor"/><!-- vor -->
<feat xlink:href="#tok_10" value="ein"/><!-- einem -->
<feat xlink:href="#tok_11" value="Winzling"/><!-- Winzling -->
<feat xlink:href="#tok_12" value="."/><!-- . -->
<feat xlink:href="#tok_13" value="mit"/><!-- Mit -->
<feat xlink:href="#tok_14" value="sein"/><!-- seinem -->
<feat xlink:href="#tok_15" value="Tor"/><!-- Tor -->
<feat xlink:href="#tok_16" value="zu"/><!-- zum -->
<feat xlink:href="#tok_17" value="1:0"/><!-- 1:0 -->
<feat xlink:href="#tok_18" value="f&#xFC;r"/><!-- fÃ¼r -->
<feat xlink:href="#tok_19" value="der"/><!-- die -->
<feat xlink:href="#tok_20" value="Ukraine"/><!-- Ukraine -->
<feat xlink:href="#tok_21" value="st&#xFC;rzen"/><!-- stÃ¼rzte -->
<feat xlink:href="#tok_22" value="der"/><!-- der -->
<feat xlink:href="#tok_23" value="1,62"/><!-- 1,62 -->
<feat xlink:href="#tok_24" value="Meter"/><!-- Meter -->
<feat xlink:href="#tok_25" value="gro&#xDF;"/><!-- groÃe -->
<feat xlink:href="#tok_26" value="Gennadi"/><!-- Gennadi -->
<feat xlink:href="#tok_27" value="Subow"/><!-- Subow -->
<feat xlink:href="#tok_28" value="der"/><!-- die -->
<feat xlink:href="#tok_29" value="deutsch"/><!-- deutsche -->
<feat xlink:href="#tok_30" value="Nationalelf"/><!-- Nationalelf -->
<feat xlink:href="#tok_31" value="vor&#xFC;bergehend"/><!-- vorÃ¼bergehend -->
<feat xlink:href="#tok_32" value="in"/><!-- in -->
<feat xlink:href="#tok_33" value="ein"/><!-- ein -->
<feat xlink:href="#tok_34" value="Trauma"/><!-- Trauma -->
<feat xlink:href="#tok_35" value="."/><!-- . -->
<feat xlink:href="#tok_36" value="nachdem"/><!-- Nachdem -->
<feat xlink:href="#tok_37" value="der"/><!-- den -->
<feat xlink:href="#tok_38" value="tapfer"/><!-- tapfer -->
<feat xlink:href="#tok_39" value="k&#xE4;mpfend"/><!-- kÃ¤mpfenden -->
<feat xlink:href="#tok_40" value="Gast"/><!-- GÃ¤sten -->
<feat xlink:href="#tok_41" value="der"/><!-- der -->
<feat xlink:href="#tok_42" value="Ausgleich"/><!-- Ausgleich -->
<feat xlink:href="#tok_43" value="gelingen"/><!-- gelungen -->
<feat xlink:href="#tok_44" value="sein"/><!-- war -->
<feat xlink:href="#tok_45" value=","/><!-- , -->
<feat xlink:href="#tok_46" value="wechseln"/><!-- wechselte -->
<feat xlink:href="#tok_47" value="der"/><!-- der -->
<feat xlink:href="#tok_48" value="wie"/><!-- wie -->
<feat xlink:href="#tok_49" value="ein"/><!-- eine -->
<feat xlink:href="#tok_50" value="Mumie"/><!-- Mumie -->
<feat xlink:href="#tok_51" value="auf"/><!-- auf -->
<feat xlink:href="#tok_52" value="der"/><!-- der -->
<feat xlink:href="#tok_53" value="Bank"/><!-- Bank -->
<feat xlink:href="#tok_54" value="sitzend"/><!-- sitzende -->
<feat xlink:href="#tok_55" value="ukrainisch"/><!-- ukrainische -->
<feat xlink:href="#tok_56" value="Coach"/><!-- Coach -->
<feat xlink:href="#tok_57" value="noch"/><!-- noch -->
<feat xlink:href="#tok_58" value="zwei"/><!-- zwei -->
<feat xlink:href="#tok_59" value="&#xE4;hnlich"/><!-- Ã¤hnliche -->
<feat xlink:href="#tok_60" value="Leichtgewicht"/><!-- Leichtgewichte -->
<feat xlink:href="#tok_61" value="ein"/><!-- ein -->
<feat xlink:href="#tok_62" value="."/><!-- . -->
<feat xlink:href="#tok_63" value="was"/><!-- Was -->
<feat xlink:href="#tok_64" value="sollen"/><!-- soll -->
<feat xlink:href="#tok_65" value="der"/><!-- das -->
<feat xlink:href="#tok_66" value="erst"/><!-- erst -->
<feat xlink:href="#tok_67" value="morgen"/><!-- morgen -->
<feat xlink:href="#tok_68" value="Abend"/><!-- Abend -->
<feat xlink:href="#tok_69" value="in"/><!-- im -->
<feat xlink:href="#tok_70" value="zweiter"/><!-- zweiten -->
<feat xlink:href="#tok_71" value="Spiel"/><!-- Spiel -->
<feat xlink:href="#tok_72" value="werden"/><!-- werden -->
<feat xlink:href="#tok_73" value="?"/><!-- ? -->
<feat xlink:href="#tok_74" value="wenn"/><!-- Wenn -->
<feat xlink:href="#tok_75" value="der"/><!-- die -->
<feat xlink:href="#tok_76" value="drei"/><!-- drei -->
<feat xlink:href="#tok_77" value="Knirps"/><!-- Knirpse -->
<feat xlink:href="#tok_78" value="von"/><!-- von -->
<feat xlink:href="#tok_79" value="Anbeginn"/><!-- Anbeginn -->
<feat xlink:href="#tok_80" value="wirbeln"/><!-- wirbeln -->
<feat xlink:href="#tok_81" value=","/><!-- , -->
<feat xlink:href="#tok_82" value="k&#xF6;nnen"/><!-- kÃ¶nnte -->
<feat xlink:href="#tok_83" value="der"/><!-- der -->
<feat xlink:href="#tok_84" value="um"/><!-- um -->
<feat xlink:href="#tok_85" value="Ehre"/><!-- Ehre -->
<feat xlink:href="#tok_86" value="und"/><!-- und -->
<feat xlink:href="#tok_87" value="Reputation"/><!-- Reputation -->
<feat xlink:href="#tok_88" value="k&#xE4;mpfend"/><!-- kÃ¤mpfenden -->
<feat xlink:href="#tok_89" value="Mannschaft"/><!-- Mannschaft -->
<feat xlink:href="#tok_90" value="von"/><!-- von -->
<feat xlink:href="#tok_91" value="Rudi"/><!-- Rudi -->
<feat xlink:href="#tok_92" value="V&#xF6;ller"/><!-- VÃ¶ller -->
<feat xlink:href="#tok_93" value="der"/><!-- der -->
<feat xlink:href="#tok_94" value="Weg"/><!-- Weg -->
<feat xlink:href="#tok_95" value="zu"/><!-- zur -->
<feat xlink:href="#tok_96" value="Weltmeisterschaft"/><!-- Weltmeisterschaft -->
<feat xlink:href="#tok_97" value="endg&#xFC;ltig"/><!-- endgÃ¼ltig -->
<feat xlink:href="#tok_98" value="verbauen"/><!-- verbaut -->
<feat xlink:href="#tok_99" value="sein"/><!-- sein -->
<feat xlink:href="#tok_100" value="."/><!-- . -->
<feat xlink:href="#tok_101" value="je"/><!-- Je -->
<feat xlink:href="#tok_102" value="klein"/><!-- kleiner -->
<feat xlink:href="#tok_103" value="der"/><!-- die -->
<feat xlink:href="#tok_104" value="Kicker"/><!-- Kicker -->
<feat xlink:href="#tok_105" value="daherkommen"/><!-- daherkommen -->
<feat xlink:href="#tok_106" value=","/><!-- , -->
<feat xlink:href="#tok_107" value="desto"/><!-- desto -->
<feat xlink:href="#tok_108" value="gro&#xDF;"/><!-- grÃ¶Ãer -->
<feat xlink:href="#tok_109" value="werden"/><!-- wird -->
<feat xlink:href="#tok_110" value="der"/><!-- der -->
<feat xlink:href="#tok_111" value="Gegner"/><!-- Gegner -->
<feat xlink:href="#tok_112" value="reden"/><!-- geredet -->
<feat xlink:href="#tok_113" value="."/><!-- . -->
<feat xlink:href="#tok_114" value="der"/><!-- Die -->
<feat xlink:href="#tok_115" value="Fu&#xDF;ball-Kleinmacht"/><!-- FuÃball_Kleinmacht -->
<feat xlink:href="#tok_116" value="von"/><!-- vom -->
<feat xlink:href="#tok_117" value="Dnepr"/><!-- Dnepr -->
<feat xlink:href="#tok_118" value="stehen"/><!-- steht -->
<feat xlink:href="#tok_119" value="kurz"/><!-- kurz -->
<feat xlink:href="#tok_120" value="davor"/><!-- davor -->
<feat xlink:href="#tok_121" value=","/><!-- , -->
<feat xlink:href="#tok_122" value="der"/><!-- das -->
<feat xlink:href="#tok_123" value="scheinbar"/><!-- scheinbar -->
<feat xlink:href="#tok_124" value="mit"/><!-- mit -->
<feat xlink:href="#tok_125" value="ein"/><!-- einem -->
<feat xlink:href="#tok_126" value="Dauerabonnement"/><!-- Dauerabonnement -->
<feat xlink:href="#tok_127" value="f&#xFC;r"/><!-- fÃ¼r -->
<feat xlink:href="#tok_128" value="die"/><!-- die -->
<feat xlink:href="#tok_129" value="WM"/><!-- WM -->
<feat xlink:href="#tok_130" value="ausgestattet"/><!-- ausgestattete -->
<feat xlink:href="#tok_131" value="Team"/><!-- Team -->
<feat xlink:href="#tok_132" value="in"/><!-- in -->
<feat xlink:href="#tok_133" value="der"/><!-- der -->
<feat xlink:href="#tok_134" value="schwarz-wei&#xDF;"/><!-- schwarz_weiÃen -->
<feat xlink:href="#tok_135" value="Kluft"/><!-- Kluft -->
<feat xlink:href="#tok_136" value="und"/><!-- und -->
<feat xlink:href="#tok_137" value="ein"/><!-- eine -->
<feat xlink:href="#tok_138" value="ganz"/><!-- ganze -->
<feat xlink:href="#tok_139" value="Nation"/><!-- Nation -->
<feat xlink:href="#tok_140" value="in"/><!-- in -->
<feat xlink:href="#tok_141" value="der"/><!-- das -->
<feat xlink:href="#tok_142" value="Tal"/><!-- Tal -->
<feat xlink:href="#tok_143" value="der"/><!-- der -->
<feat xlink:href="#tok_144" value="Tr&#xE4;ne"/><!-- TrÃ¤nen -->
<feat xlink:href="#tok_145" value="zu"/><!-- zu -->
<feat xlink:href="#tok_146" value="treiben"/><!-- treiben -->
<feat xlink:href="#tok_147" value="."/><!-- . -->
<feat xlink:href="#tok_148" value="dabei"/><!-- Dabei -->
<feat xlink:href="#tok_149" value="haben"/><!-- haben -->
<feat xlink:href="#tok_150" value="der"/><!-- die -->
<feat xlink:href="#tok_151" value="deutsch"/><!-- deutschen -->
<feat xlink:href="#tok_152" value="Nationalkicker"/><!-- Nationalkicker -->
<feat xlink:href="#tok_153" value="ein"/><!-- einen -->
<feat xlink:href="#tok_154" value="&quot;"/><!-- " -->
<feat xlink:href="#tok_155" value="Rudi"/><!-- Rudi -->
<feat xlink:href="#tok_156" value="Riese"/><!-- Riese -->
<feat xlink:href="#tok_157" value="&quot;"/><!-- " -->
<feat xlink:href="#tok_158" value="auf"/><!-- auf -->
<feat xlink:href="#tok_159" value="der"/><!-- der -->
<feat xlink:href="#tok_160" value="Bank"/><!-- Bank -->
<feat xlink:href="#tok_161" value="und"/><!-- und -->
<feat xlink:href="#tok_162" value="ein"/><!-- einen -->
<feat xlink:href="#tok_163" value="Franz"/><!-- Franz -->
<feat xlink:href="#tok_164" value="Beckenbauer"/><!-- Beckenbauer -->
<feat xlink:href="#tok_165" value="mit"/><!-- mit -->
<feat xlink:href="#tok_166" value="hei&#xDF;"/><!-- heiÃem -->
<feat xlink:href="#tok_167" value="Draht"/><!-- Draht -->
<feat xlink:href="#tok_168" value="zu"/><!-- zum -->
<feat xlink:href="#tok_169" value="Fu&#xDF;ballgott"/><!-- FuÃballgott -->
<feat xlink:href="#tok_170" value="."/><!-- . -->
<feat xlink:href="#tok_171" value="f&#xFC;rchten"/><!-- FÃ¼rchtet -->
<feat xlink:href="#tok_172" value="euch"/><!-- euch -->
<feat xlink:href="#tok_173" value="nicht"/><!-- nicht -->
<feat xlink:href="#tok_174" value="!"/><!-- ! -->
</featList>

</sfb632_standard>
