<?xml version="1.0" standalone="no"?>


<!DOCTYPE sfb632_standard SYSTEM "sfb632_feat.dtd">
<sfb632_standard version="1.0">

<header sfb_id="tiger.ID_maz-10374_morph" type="morph"/>

<featList xmlns:xlink="http://www.w3.org/1999/xlink" type="morph" xml:base="mmax.maz-10374.tok.xml">

<feat xlink:href="#tok_1" value="--"/><!-- FÃ¼rchtet -->
<feat xlink:href="#tok_2" value="--"/><!-- euch -->
<feat xlink:href="#tok_3" value="--"/><!-- nicht -->
<feat xlink:href="#tok_4" value="--"/><!-- ! -->
<feat xlink:href="#tok_5" value="Nom.Sg.Fem"/><!-- Die -->
<feat xlink:href="#tok_6" value="Pos.Nom.Sg.Fem"/><!-- einstige -->
<feat xlink:href="#tok_7" value="Nom.Sg.Fem"/><!-- FuÃball_Weltmacht -->
<feat xlink:href="#tok_8" value="3.Sg.Pres.Ind"/><!-- zittert -->
<feat xlink:href="#tok_9" value="--"/><!-- vor -->
<feat xlink:href="#tok_10" value="Dat.Sg.Masc"/><!-- einem -->
<feat xlink:href="#tok_11" value="Dat.Sg.Masc"/><!-- Winzling -->
<feat xlink:href="#tok_12" value="--"/><!-- . -->
<feat xlink:href="#tok_13" value="--"/><!-- Mit -->
<feat xlink:href="#tok_14" value="Dat.Sg.Neut"/><!-- seinem -->
<feat xlink:href="#tok_15" value="Dat.Sg.Neut"/><!-- Tor -->
<feat xlink:href="#tok_16" value="Dat.Sg.Neut"/><!-- zum -->
<feat xlink:href="#tok_17" value="--"/><!-- 1:0 -->
<feat xlink:href="#tok_18" value="--"/><!-- fÃ¼r -->
<feat xlink:href="#tok_19" value="Acc.Sg.Fem"/><!-- die -->
<feat xlink:href="#tok_20" value="Acc.Sg.Fem"/><!-- Ukraine -->
<feat xlink:href="#tok_21" value="3.Sg.Past.Ind"/><!-- stÃ¼rzte -->
<feat xlink:href="#tok_22" value="Nom.Sg.Masc"/><!-- der -->
<feat xlink:href="#tok_23" value="--"/><!-- 1,62 -->
<feat xlink:href="#tok_24" value="Acc.Pl.Masc"/><!-- Meter -->
<feat xlink:href="#tok_25" value="Pos.Nom.Sg.Masc"/><!-- groÃe -->
<feat xlink:href="#tok_26" value="Nom.Sg.Masc"/><!-- Gennadi -->
<feat xlink:href="#tok_27" value="Nom.Sg.Masc"/><!-- Subow -->
<feat xlink:href="#tok_28" value="Acc.Sg.Fem"/><!-- die -->
<feat xlink:href="#tok_29" value="Pos.Acc.Sg.Fem"/><!-- deutsche -->
<feat xlink:href="#tok_30" value="Acc.Sg.Fem"/><!-- Nationalelf -->
<feat xlink:href="#tok_31" value="Pos"/><!-- vorÃ¼bergehend -->
<feat xlink:href="#tok_32" value="--"/><!-- in -->
<feat xlink:href="#tok_33" value="Acc.Sg.Neut"/><!-- ein -->
<feat xlink:href="#tok_34" value="Acc.Sg.Neut"/><!-- Trauma -->
<feat xlink:href="#tok_35" value="--"/><!-- . -->
<feat xlink:href="#tok_36" value="--"/><!-- Nachdem -->
<feat xlink:href="#tok_37" value="Dat.Pl.Masc"/><!-- den -->
<feat xlink:href="#tok_38" value="Pos"/><!-- tapfer -->
<feat xlink:href="#tok_39" value="Pos.Dat.Pl.Masc"/><!-- kÃ¤mpfenden -->
<feat xlink:href="#tok_40" value="Dat.Pl.Masc"/><!-- GÃ¤sten -->
<feat xlink:href="#tok_41" value="Nom.Sg.Masc"/><!-- der -->
<feat xlink:href="#tok_42" value="Nom.Sg.Masc"/><!-- Ausgleich -->
<feat xlink:href="#tok_43" value="Psp"/><!-- gelungen -->
<feat xlink:href="#tok_44" value="3.Sg.Past.Ind"/><!-- war -->
<feat xlink:href="#tok_45" value="--"/><!-- , -->
<feat xlink:href="#tok_46" value="3.Sg.Past.Ind"/><!-- wechselte -->
<feat xlink:href="#tok_47" value="Nom.Sg.Masc"/><!-- der -->
<feat xlink:href="#tok_48" value="--"/><!-- wie -->
<feat xlink:href="#tok_49" value="Nom.Sg.Fem"/><!-- eine -->
<feat xlink:href="#tok_50" value="Nom.Sg.Fem"/><!-- Mumie -->
<feat xlink:href="#tok_51" value="--"/><!-- auf -->
<feat xlink:href="#tok_52" value="Dat.Sg.Fem"/><!-- der -->
<feat xlink:href="#tok_53" value="Dat.Sg.Fem"/><!-- Bank -->
<feat xlink:href="#tok_54" value="Pos.Nom.Sg.Masc"/><!-- sitzende -->
<feat xlink:href="#tok_55" value="Pos.Nom.Sg.Masc"/><!-- ukrainische -->
<feat xlink:href="#tok_56" value="Nom.Sg.Masc"/><!-- Coach -->
<feat xlink:href="#tok_57" value="--"/><!-- noch -->
<feat xlink:href="#tok_58" value="--"/><!-- zwei -->
<feat xlink:href="#tok_59" value="Pos.Acc.Pl.Neut"/><!-- Ã¤hnliche -->
<feat xlink:href="#tok_60" value="Acc.Pl.Neut"/><!-- Leichtgewichte -->
<feat xlink:href="#tok_61" value="--"/><!-- ein -->
<feat xlink:href="#tok_62" value="--"/><!-- . -->
<feat xlink:href="#tok_63" value="Nom.Sg.Neut"/><!-- Was -->
<feat xlink:href="#tok_64" value="3.Sg.Pres.Ind"/><!-- soll -->
<feat xlink:href="#tok_65" value="Nom.Sg.Neut"/><!-- das -->
<feat xlink:href="#tok_66" value="--"/><!-- erst -->
<feat xlink:href="#tok_67" value="--"/><!-- morgen -->
<feat xlink:href="#tok_68" value="*.Sg.Masc"/><!-- Abend -->
<feat xlink:href="#tok_69" value="Dat.Sg.Neut"/><!-- im -->
<feat xlink:href="#tok_70" value="Pos.Dat.Sg.Neut"/><!-- zweiten -->
<feat xlink:href="#tok_71" value="Dat.Sg.Neut"/><!-- Spiel -->
<feat xlink:href="#tok_72" value="Inf"/><!-- werden -->
<feat xlink:href="#tok_73" value="--"/><!-- ? -->
<feat xlink:href="#tok_74" value="--"/><!-- Wenn -->
<feat xlink:href="#tok_75" value="Nom.Pl.Masc"/><!-- die -->
<feat xlink:href="#tok_76" value="--"/><!-- drei -->
<feat xlink:href="#tok_77" value="Nom.Pl.Masc"/><!-- Knirpse -->
<feat xlink:href="#tok_78" value="--"/><!-- von -->
<feat xlink:href="#tok_79" value="Dat.Sg.Masc"/><!-- Anbeginn -->
<feat xlink:href="#tok_80" value="3.Pl.Pres.Ind"/><!-- wirbeln -->
<feat xlink:href="#tok_81" value="--"/><!-- , -->
<feat xlink:href="#tok_82" value="3.Sg.Past.Subj"/><!-- kÃ¶nnte -->
<feat xlink:href="#tok_83" value="Dat.Sg.Fem"/><!-- der -->
<feat xlink:href="#tok_84" value="--"/><!-- um -->
<feat xlink:href="#tok_85" value="Acc.Sg.Fem"/><!-- Ehre -->
<feat xlink:href="#tok_86" value="--"/><!-- und -->
<feat xlink:href="#tok_87" value="Acc.Sg.Fem"/><!-- Reputation -->
<feat xlink:href="#tok_88" value="Pos.Dat.Sg.Fem"/><!-- kÃ¤mpfenden -->
<feat xlink:href="#tok_89" value="Dat.Sg.Fem"/><!-- Mannschaft -->
<feat xlink:href="#tok_90" value="--"/><!-- von -->
<feat xlink:href="#tok_91" value="Nom.Sg.Masc"/><!-- Rudi -->
<feat xlink:href="#tok_92" value="Dat.Sg.Masc"/><!-- VÃ¶ller -->
<feat xlink:href="#tok_93" value="Nom.Sg.Masc"/><!-- der -->
<feat xlink:href="#tok_94" value="Nom.Sg.Masc"/><!-- Weg -->
<feat xlink:href="#tok_95" value="Dat.Sg.Fem"/><!-- zur -->
<feat xlink:href="#tok_96" value="Dat.Sg.Fem"/><!-- Weltmeisterschaft -->
<feat xlink:href="#tok_97" value="Pos"/><!-- endgÃ¼ltig -->
<feat xlink:href="#tok_98" value="Psp"/><!-- verbaut -->
<feat xlink:href="#tok_99" value="Inf"/><!-- sein -->
<feat xlink:href="#tok_100" value="--"/><!-- . -->
<feat xlink:href="#tok_101" value="--"/><!-- Je -->
<feat xlink:href="#tok_102" value="Comp"/><!-- kleiner -->
<feat xlink:href="#tok_103" value="Nom.Pl.Masc"/><!-- die -->
<feat xlink:href="#tok_104" value="Nom.Pl.Masc"/><!-- Kicker -->
<feat xlink:href="#tok_105" value="3.Pl.Pres.Ind"/><!-- daherkommen -->
<feat xlink:href="#tok_106" value="--"/><!-- , -->
<feat xlink:href="#tok_107" value="--"/><!-- desto -->
<feat xlink:href="#tok_108" value="Comp"/><!-- grÃ¶Ãer -->
<feat xlink:href="#tok_109" value="3.Sg.Pres.Ind"/><!-- wird -->
<feat xlink:href="#tok_110" value="Nom.Sg.Masc"/><!-- der -->
<feat xlink:href="#tok_111" value="Nom.Sg.Masc"/><!-- Gegner -->
<feat xlink:href="#tok_112" value="Psp"/><!-- geredet -->
<feat xlink:href="#tok_113" value="--"/><!-- . -->
<feat xlink:href="#tok_114" value="Nom.Sg.Fem"/><!-- Die -->
<feat xlink:href="#tok_115" value="Nom.Sg.Fem"/><!-- FuÃball_Kleinmacht -->
<feat xlink:href="#tok_116" value="Dat.Sg.Masc"/><!-- vom -->
<feat xlink:href="#tok_117" value="Dat.Sg.Masc"/><!-- Dnepr -->
<feat xlink:href="#tok_118" value="3.Sg.Pres.Ind"/><!-- steht -->
<feat xlink:href="#tok_119" value="Pos"/><!-- kurz -->
<feat xlink:href="#tok_120" value="--"/><!-- davor -->
<feat xlink:href="#tok_121" value="--"/><!-- , -->
<feat xlink:href="#tok_122" value="Acc.Sg.Neut"/><!-- das -->
<feat xlink:href="#tok_123" value="Pos"/><!-- scheinbar -->
<feat xlink:href="#tok_124" value="--"/><!-- mit -->
<feat xlink:href="#tok_125" value="Dat.Sg.Neut"/><!-- einem -->
<feat xlink:href="#tok_126" value="Dat.Sg.Neut"/><!-- Dauerabonnement -->
<feat xlink:href="#tok_127" value="--"/><!-- fÃ¼r -->
<feat xlink:href="#tok_128" value="Acc.Sg.Fem"/><!-- die -->
<feat xlink:href="#tok_129" value="Acc.Sg.Fem"/><!-- WM -->
<feat xlink:href="#tok_130" value="Pos.Acc.Sg.Neut"/><!-- ausgestattete -->
<feat xlink:href="#tok_131" value="Acc.Sg.Neut"/><!-- Team -->
<feat xlink:href="#tok_132" value="--"/><!-- in -->
<feat xlink:href="#tok_133" value="Dat.Sg.Fem"/><!-- der -->
<feat xlink:href="#tok_134" value="Pos.Dat.Sg.Fem"/><!-- schwarz_weiÃen -->
<feat xlink:href="#tok_135" value="Dat.Sg.Fem"/><!-- Kluft -->
<feat xlink:href="#tok_136" value="--"/><!-- und -->
<feat xlink:href="#tok_137" value="Acc.Sg.Fem"/><!-- eine -->
<feat xlink:href="#tok_138" value="Pos.Acc.Sg.Fem"/><!-- ganze -->
<feat xlink:href="#tok_139" value="Acc.Sg.Fem"/><!-- Nation -->
<feat xlink:href="#tok_140" value="--"/><!-- in -->
<feat xlink:href="#tok_141" value="Acc.Sg.Neut"/><!-- das -->
<feat xlink:href="#tok_142" value="Acc.Sg.Neut"/><!-- Tal -->
<feat xlink:href="#tok_143" value="Gen.Pl.Fem"/><!-- der -->
<feat xlink:href="#tok_144" value="Gen.Pl.Fem"/><!-- TrÃ¤nen -->
<feat xlink:href="#tok_145" value="--"/><!-- zu -->
<feat xlink:href="#tok_146" value="Inf"/><!-- treiben -->
<feat xlink:href="#tok_147" value="--"/><!-- . -->
<feat xlink:href="#tok_148" value="--"/><!-- Dabei -->
<feat xlink:href="#tok_149" value="3.Pl.Pres.Ind"/><!-- haben -->
<feat xlink:href="#tok_150" value="Nom.Pl.Masc"/><!-- die -->
<feat xlink:href="#tok_151" value="Pos.Nom.Pl.Masc"/><!-- deutschen -->
<feat xlink:href="#tok_152" value="Nom.Pl.Masc"/><!-- Nationalkicker -->
<feat xlink:href="#tok_153" value="Acc.Sg.Masc"/><!-- einen -->
<feat xlink:href="#tok_154" value="--"/><!-- " -->
<feat xlink:href="#tok_155" value="Acc.Sg.Masc"/><!-- Rudi -->
<feat xlink:href="#tok_156" value="Nom.Sg.Masc"/><!-- Riese -->
<feat xlink:href="#tok_157" value="--"/><!-- " -->
<feat xlink:href="#tok_158" value="--"/><!-- auf -->
<feat xlink:href="#tok_159" value="Dat.Sg.Fem"/><!-- der -->
<feat xlink:href="#tok_160" value="Dat.Sg.Fem"/><!-- Bank -->
<feat xlink:href="#tok_161" value="--"/><!-- und -->
<feat xlink:href="#tok_162" value="Acc.Sg.Masc"/><!-- einen -->
<feat xlink:href="#tok_163" value="Acc.Sg.Masc"/><!-- Franz -->
<feat xlink:href="#tok_164" value="Nom.Sg.Masc"/><!-- Beckenbauer -->
<feat xlink:href="#tok_165" value="--"/><!-- mit -->
<feat xlink:href="#tok_166" value="Pos.Dat.Sg.Masc"/><!-- heiÃem -->
<feat xlink:href="#tok_167" value="Dat.Sg.Masc"/><!-- Draht -->
<feat xlink:href="#tok_168" value="Dat.Sg.Masc"/><!-- zum -->
<feat xlink:href="#tok_169" value="Dat.Sg.Masc"/><!-- FuÃballgott -->
<feat xlink:href="#tok_170" value="--"/><!-- . -->
<feat xlink:href="#tok_171" value="3.Sg.Pres.Ind"/><!-- FÃ¼rchtet -->
<feat xlink:href="#tok_172" value="2.Acc.Pl"/><!-- euch -->
<feat xlink:href="#tok_173" value="--"/><!-- nicht -->
<feat xlink:href="#tok_174" value="--"/><!-- ! -->
</featList>

</sfb632_standard>
