<?xml version="1.0" standalone="no"?>


<!DOCTYPE sfb632_standard SYSTEM "sfb632_feat.dtd">
<sfb632_standard version="1.0">

<header sfb_id="tiger.ID_maz-10374_func" type="func"/>

<featList xmlns:xlink="http://www.w3.org/1999/xlink" type="func" xml:base="tiger.ID_maz-10374.const.xml">

<feat xlink:href="#rel_1" value="HD"/><!-- FÃ¼rchtet -->
<feat xlink:href="#rel_2" value="OA"/><!-- euch -->
<feat xlink:href="#rel_3" value="NG"/><!-- nicht -->
<feat xlink:href="#rel_4" value="NK"/><!-- Die -->
<feat xlink:href="#rel_5" value="NK"/><!-- einstige -->
<feat xlink:href="#rel_6" value="NK"/><!-- FuÃball_Weltmacht -->
<feat xlink:href="#rel_7" value="AC"/><!-- vor -->
<feat xlink:href="#rel_8" value="NK"/><!-- einem -->
<feat xlink:href="#rel_9" value="NK"/><!-- Winzling -->
<feat xlink:href="#rel_10" value="HD"/><!-- zittert -->
<feat xlink:href="#rel_11" value="SB"/>
<feat xlink:href="#rel_12" value="MO"/>
<feat xlink:href="#rel_13" value="AC"/><!-- fÃ¼r -->
<feat xlink:href="#rel_14" value="NK"/><!-- die -->
<feat xlink:href="#rel_15" value="NK"/><!-- Ukraine -->
<feat xlink:href="#rel_16" value="NK"/><!-- 1,62 -->
<feat xlink:href="#rel_17" value="NK"/><!-- Meter -->
<feat xlink:href="#rel_18" value="PNC"/><!-- Gennadi -->
<feat xlink:href="#rel_19" value="PNC"/><!-- Subow -->
<feat xlink:href="#rel_20" value="NK"/><!-- die -->
<feat xlink:href="#rel_21" value="NK"/><!-- deutsche -->
<feat xlink:href="#rel_22" value="NK"/><!-- Nationalelf -->
<feat xlink:href="#rel_23" value="AC"/><!-- in -->
<feat xlink:href="#rel_24" value="NK"/><!-- ein -->
<feat xlink:href="#rel_25" value="NK"/><!-- Trauma -->
<feat xlink:href="#rel_26" value="AC"/><!-- zum -->
<feat xlink:href="#rel_27" value="NK"/><!-- 1:0 -->
<feat xlink:href="#rel_28" value="MNR"/>
<feat xlink:href="#rel_29" value="HD"/><!-- groÃe -->
<feat xlink:href="#rel_30" value="AMS"/>
<feat xlink:href="#rel_31" value="AC"/><!-- Mit -->
<feat xlink:href="#rel_32" value="NK"/><!-- seinem -->
<feat xlink:href="#rel_33" value="NK"/><!-- Tor -->
<feat xlink:href="#rel_34" value="MNR"/>
<feat xlink:href="#rel_35" value="NK"/><!-- der -->
<feat xlink:href="#rel_36" value="NK"/>
<feat xlink:href="#rel_37" value="NK"/>
<feat xlink:href="#rel_38" value="HD"/><!-- stÃ¼rzte -->
<feat xlink:href="#rel_39" value="MO"/><!-- vorÃ¼bergehend -->
<feat xlink:href="#rel_40" value="OA"/>
<feat xlink:href="#rel_41" value="MO"/>
<feat xlink:href="#rel_42" value="MO"/>
<feat xlink:href="#rel_43" value="SB"/>
<feat xlink:href="#rel_44" value="MO"/><!-- tapfer -->
<feat xlink:href="#rel_45" value="HD"/><!-- kÃ¤mpfenden -->
<feat xlink:href="#rel_46" value="NK"/><!-- der -->
<feat xlink:href="#rel_47" value="NK"/><!-- Ausgleich -->
<feat xlink:href="#rel_48" value="CM"/><!-- wie -->
<feat xlink:href="#rel_49" value="NK"/><!-- eine -->
<feat xlink:href="#rel_50" value="NK"/><!-- Mumie -->
<feat xlink:href="#rel_51" value="AC"/><!-- auf -->
<feat xlink:href="#rel_52" value="NK"/><!-- der -->
<feat xlink:href="#rel_53" value="NK"/><!-- Bank -->
<feat xlink:href="#rel_54" value="NK"/><!-- zwei -->
<feat xlink:href="#rel_55" value="NK"/><!-- Ã¤hnliche -->
<feat xlink:href="#rel_56" value="NK"/><!-- Leichtgewichte -->
<feat xlink:href="#rel_57" value="NK"/><!-- den -->
<feat xlink:href="#rel_58" value="NK"/><!-- GÃ¤sten -->
<feat xlink:href="#rel_59" value="NK"/>
<feat xlink:href="#rel_60" value="HD"/><!-- sitzende -->
<feat xlink:href="#rel_61" value="MO"/>
<feat xlink:href="#rel_62" value="MO"/>
<feat xlink:href="#rel_63" value="HD"/><!-- gelungen -->
<feat xlink:href="#rel_64" value="DA"/>
<feat xlink:href="#rel_65" value="NK"/><!-- der -->
<feat xlink:href="#rel_66" value="NK"/><!-- ukrainische -->
<feat xlink:href="#rel_67" value="NK"/><!-- Coach -->
<feat xlink:href="#rel_68" value="NK"/>
<feat xlink:href="#rel_69" value="CP"/><!-- Nachdem -->
<feat xlink:href="#rel_70" value="HD"/><!-- war -->
<feat xlink:href="#rel_71" value="SB"/>
<feat xlink:href="#rel_72" value="OC"/>
<feat xlink:href="#rel_73" value="HD"/><!-- wechselte -->
<feat xlink:href="#rel_74" value="MO"/><!-- noch -->
<feat xlink:href="#rel_75" value="SVP"/><!-- ein -->
<feat xlink:href="#rel_76" value="OA"/>
<feat xlink:href="#rel_77" value="SB"/>
<feat xlink:href="#rel_78" value="MO"/>
<feat xlink:href="#rel_79" value="HD"/><!-- morgen -->
<feat xlink:href="#rel_80" value="MO"/><!-- Abend -->
<feat xlink:href="#rel_81" value="PD"/><!-- Was -->
<feat xlink:href="#rel_82" value="HD"/><!-- werden -->
<feat xlink:href="#rel_83" value="AC"/><!-- im -->
<feat xlink:href="#rel_84" value="NK"/><!-- zweiten -->
<feat xlink:href="#rel_85" value="NK"/><!-- Spiel -->
<feat xlink:href="#rel_86" value="HD"/><!-- soll -->
<feat xlink:href="#rel_87" value="SB"/><!-- das -->
<feat xlink:href="#rel_88" value="MO"/><!-- erst -->
<feat xlink:href="#rel_89" value="MO"/>
<feat xlink:href="#rel_90" value="OC"/>
<feat xlink:href="#rel_91" value="MO"/>
<feat xlink:href="#rel_92" value="NK"/><!-- die -->
<feat xlink:href="#rel_93" value="NK"/><!-- drei -->
<feat xlink:href="#rel_94" value="NK"/><!-- Knirpse -->
<feat xlink:href="#rel_95" value="AC"/><!-- von -->
<feat xlink:href="#rel_96" value="NK"/><!-- Anbeginn -->
<feat xlink:href="#rel_97" value="CJ"/><!-- Ehre -->
<feat xlink:href="#rel_98" value="CD"/><!-- und -->
<feat xlink:href="#rel_99" value="CJ"/><!-- Reputation -->
<feat xlink:href="#rel_100" value="PNC"/><!-- Rudi -->
<feat xlink:href="#rel_101" value="PNC"/><!-- VÃ¶ller -->
<feat xlink:href="#rel_102" value="AC"/><!-- zur -->
<feat xlink:href="#rel_103" value="NK"/><!-- Weltmeisterschaft -->
<feat xlink:href="#rel_104" value="CP"/><!-- Wenn -->
<feat xlink:href="#rel_105" value="HD"/><!-- wirbeln -->
<feat xlink:href="#rel_106" value="SB"/>
<feat xlink:href="#rel_107" value="MO"/>
<feat xlink:href="#rel_108" value="AC"/><!-- um -->
<feat xlink:href="#rel_109" value="NK"/>
<feat xlink:href="#rel_110" value="AC"/><!-- von -->
<feat xlink:href="#rel_111" value="NK"/>
<feat xlink:href="#rel_112" value="NK"/><!-- der -->
<feat xlink:href="#rel_113" value="NK"/><!-- Weg -->
<feat xlink:href="#rel_114" value="MNR"/>
<feat xlink:href="#rel_115" value="HD"/><!-- kÃ¤mpfenden -->
<feat xlink:href="#rel_116" value="OP"/>
<feat xlink:href="#rel_117" value="NK"/><!-- der -->
<feat xlink:href="#rel_118" value="NK"/><!-- Mannschaft -->
<feat xlink:href="#rel_119" value="PG"/>
<feat xlink:href="#rel_120" value="NK"/>
<feat xlink:href="#rel_121" value="MO"/><!-- endgÃ¼ltig -->
<feat xlink:href="#rel_122" value="HD"/><!-- verbaut -->
<feat xlink:href="#rel_123" value="DA"/>
<feat xlink:href="#rel_124" value="HD"/><!-- sein -->
<feat xlink:href="#rel_125" value="PD"/>
<feat xlink:href="#rel_126" value="HD"/><!-- kÃ¶nnte -->
<feat xlink:href="#rel_127" value="MO"/>
<feat xlink:href="#rel_128" value="SB"/>
<feat xlink:href="#rel_129" value="OC"/>
<feat xlink:href="#rel_130" value="MO"/><!-- Je -->
<feat xlink:href="#rel_131" value="HD"/><!-- kleiner -->
<feat xlink:href="#rel_132" value="NK"/><!-- die -->
<feat xlink:href="#rel_133" value="NK"/><!-- Kicker -->
<feat xlink:href="#rel_134" value="NK"/><!-- der -->
<feat xlink:href="#rel_135" value="NK"/><!-- Gegner -->
<feat xlink:href="#rel_136" value="HD"/><!-- daherkommen -->
<feat xlink:href="#rel_137" value="MO"/>
<feat xlink:href="#rel_138" value="SB"/>
<feat xlink:href="#rel_139" value="HD"/><!-- desto -->
<feat xlink:href="#rel_140" value="CC"/>
<feat xlink:href="#rel_141" value="HD"/><!-- grÃ¶Ãer -->
<feat xlink:href="#rel_142" value="MO"/>
<feat xlink:href="#rel_143" value="HD"/><!-- geredet -->
<feat xlink:href="#rel_144" value="MO"/>
<feat xlink:href="#rel_145" value="HD"/><!-- wird -->
<feat xlink:href="#rel_146" value="SB"/>
<feat xlink:href="#rel_147" value="OC"/>
<feat xlink:href="#rel_148" value="AC"/><!-- vom -->
<feat xlink:href="#rel_149" value="NK"/><!-- Dnepr -->
<feat xlink:href="#rel_150" value="AC"/><!-- fÃ¼r -->
<feat xlink:href="#rel_151" value="NK"/><!-- die -->
<feat xlink:href="#rel_152" value="NK"/><!-- WM -->
<feat xlink:href="#rel_153" value="AC"/><!-- in -->
<feat xlink:href="#rel_154" value="NK"/><!-- der -->
<feat xlink:href="#rel_155" value="NK"/><!-- schwarz_weiÃen -->
<feat xlink:href="#rel_156" value="NK"/><!-- Kluft -->
<feat xlink:href="#rel_157" value="NK"/><!-- eine -->
<feat xlink:href="#rel_158" value="NK"/><!-- ganze -->
<feat xlink:href="#rel_159" value="NK"/><!-- Nation -->
<feat xlink:href="#rel_160" value="NK"/><!-- der -->
<feat xlink:href="#rel_161" value="NK"/><!-- TrÃ¤nen -->
<feat xlink:href="#rel_162" value="PM"/><!-- zu -->
<feat xlink:href="#rel_163" value="HD"/><!-- treiben -->
<feat xlink:href="#rel_164" value="NK"/><!-- Die -->
<feat xlink:href="#rel_165" value="NK"/><!-- FuÃball_Kleinmacht -->
<feat xlink:href="#rel_166" value="MNR"/>
<feat xlink:href="#rel_167" value="AC"/><!-- mit -->
<feat xlink:href="#rel_168" value="NK"/><!-- einem -->
<feat xlink:href="#rel_169" value="NK"/><!-- Dauerabonnement -->
<feat xlink:href="#rel_170" value="MNR"/>
<feat xlink:href="#rel_171" value="AC"/><!-- in -->
<feat xlink:href="#rel_172" value="NK"/><!-- das -->
<feat xlink:href="#rel_173" value="NK"/><!-- Tal -->
<feat xlink:href="#rel_174" value="AG"/>
<feat xlink:href="#rel_175" value="MO"/><!-- scheinbar -->
<feat xlink:href="#rel_176" value="HD"/><!-- ausgestattete -->
<feat xlink:href="#rel_177" value="MO"/>
<feat xlink:href="#rel_178" value="NK"/><!-- das -->
<feat xlink:href="#rel_179" value="NK"/><!-- Team -->
<feat xlink:href="#rel_180" value="MNR"/>
<feat xlink:href="#rel_181" value="NK"/>
<feat xlink:href="#rel_182" value="CD"/><!-- und -->
<feat xlink:href="#rel_183" value="CJ"/>
<feat xlink:href="#rel_184" value="CJ"/>
<feat xlink:href="#rel_185" value="HD"/>
<feat xlink:href="#rel_186" value="MO"/>
<feat xlink:href="#rel_187" value="OA"/>
<feat xlink:href="#rel_188" value="MO"/><!-- kurz -->
<feat xlink:href="#rel_189" value="PH"/><!-- davor -->
<feat xlink:href="#rel_190" value="RE"/>
<feat xlink:href="#rel_191" value="HD"/><!-- steht -->
<feat xlink:href="#rel_192" value="SB"/>
<feat xlink:href="#rel_193" value="MO"/>
<feat xlink:href="#rel_194" value="NK"/><!-- die -->
<feat xlink:href="#rel_195" value="NK"/><!-- deutschen -->
<feat xlink:href="#rel_196" value="NK"/><!-- Nationalkicker -->
<feat xlink:href="#rel_197" value="NK"/><!-- Rudi -->
<feat xlink:href="#rel_198" value="NK"/><!-- Riese -->
<feat xlink:href="#rel_199" value="AC"/><!-- auf -->
<feat xlink:href="#rel_200" value="NK"/><!-- der -->
<feat xlink:href="#rel_201" value="NK"/><!-- Bank -->
<feat xlink:href="#rel_202" value="PNC"/><!-- Franz -->
<feat xlink:href="#rel_203" value="PNC"/><!-- Beckenbauer -->
<feat xlink:href="#rel_204" value="AC"/><!-- zum -->
<feat xlink:href="#rel_205" value="NK"/><!-- FuÃballgott -->
<feat xlink:href="#rel_206" value="PNC"/>
<feat xlink:href="#rel_207" value="AC"/><!-- mit -->
<feat xlink:href="#rel_208" value="NK"/><!-- heiÃem -->
<feat xlink:href="#rel_209" value="NK"/><!-- Draht -->
<feat xlink:href="#rel_210" value="MNR"/>
<feat xlink:href="#rel_211" value="NK"/><!-- einen -->
<feat xlink:href="#rel_212" value="MNR"/>
<feat xlink:href="#rel_213" value="NK"/>
<feat xlink:href="#rel_214" value="NK"/><!-- einen -->
<feat xlink:href="#rel_215" value="NK"/>
<feat xlink:href="#rel_216" value="MNR"/>
<feat xlink:href="#rel_217" value="CD"/><!-- und -->
<feat xlink:href="#rel_218" value="CJ"/>
<feat xlink:href="#rel_219" value="CJ"/>
<feat xlink:href="#rel_220" value="MO"/><!-- Dabei -->
<feat xlink:href="#rel_221" value="HD"/><!-- haben -->
<feat xlink:href="#rel_222" value="SB"/>
<feat xlink:href="#rel_223" value="OA"/>
<feat xlink:href="#rel_224" value="HD"/><!-- FÃ¼rchtet -->
<feat xlink:href="#rel_225" value="OA"/><!-- euch -->
<feat xlink:href="#rel_226" value="NG"/><!-- nicht -->
</featList>

</sfb632_standard>
