<?xml version="1.0" standalone="no"?>


<!DOCTYPE sfb632_standard SYSTEM "sfb632_feat.dtd">
<sfb632_standard version="1.0">

<header sfb_id="tiger.ID_maz-10374_pos" type="pos"/>

<featList xmlns:xlink="http://www.w3.org/1999/xlink" type="pos" xml:base="mmax.maz-10374.tok.xml">

<feat xlink:href="#tok_1" value="stts.type_pos.xml#VVIMP"/><!-- FÃ¼rchtet -->
<feat xlink:href="#tok_2" value="stts.type_pos.xml#PRF"/><!-- euch -->
<feat xlink:href="#tok_3" value="stts.type_pos.xml#PTKNEG"/><!-- nicht -->
<feat xlink:href="#tok_4" value="stts.type_pos.xml#DOLLAR_PERIOD"/><!-- ! -->
<feat xlink:href="#tok_5" value="stts.type_pos.xml#ART"/><!-- Die -->
<feat xlink:href="#tok_6" value="stts.type_pos.xml#ADJA"/><!-- einstige -->
<feat xlink:href="#tok_7" value="stts.type_pos.xml#NN"/><!-- FuÃball_Weltmacht -->
<feat xlink:href="#tok_8" value="stts.type_pos.xml#VVFIN"/><!-- zittert -->
<feat xlink:href="#tok_9" value="stts.type_pos.xml#APPR"/><!-- vor -->
<feat xlink:href="#tok_10" value="stts.type_pos.xml#ART"/><!-- einem -->
<feat xlink:href="#tok_11" value="stts.type_pos.xml#NN"/><!-- Winzling -->
<feat xlink:href="#tok_12" value="stts.type_pos.xml#DOLLAR_PERIOD"/><!-- . -->
<feat xlink:href="#tok_13" value="stts.type_pos.xml#APPR"/><!-- Mit -->
<feat xlink:href="#tok_14" value="stts.type_pos.xml#PPOSAT"/><!-- seinem -->
<feat xlink:href="#tok_15" value="stts.type_pos.xml#NN"/><!-- Tor -->
<feat xlink:href="#tok_16" value="stts.type_pos.xml#APPRART"/><!-- zum -->
<feat xlink:href="#tok_17" value="stts.type_pos.xml#CARD"/><!-- 1:0 -->
<feat xlink:href="#tok_18" value="stts.type_pos.xml#APPR"/><!-- fÃ¼r -->
<feat xlink:href="#tok_19" value="stts.type_pos.xml#ART"/><!-- die -->
<feat xlink:href="#tok_20" value="stts.type_pos.xml#NE"/><!-- Ukraine -->
<feat xlink:href="#tok_21" value="stts.type_pos.xml#VVFIN"/><!-- stÃ¼rzte -->
<feat xlink:href="#tok_22" value="stts.type_pos.xml#ART"/><!-- der -->
<feat xlink:href="#tok_23" value="stts.type_pos.xml#CARD"/><!-- 1,62 -->
<feat xlink:href="#tok_24" value="stts.type_pos.xml#NN"/><!-- Meter -->
<feat xlink:href="#tok_25" value="stts.type_pos.xml#ADJA"/><!-- groÃe -->
<feat xlink:href="#tok_26" value="stts.type_pos.xml#NE"/><!-- Gennadi -->
<feat xlink:href="#tok_27" value="stts.type_pos.xml#NE"/><!-- Subow -->
<feat xlink:href="#tok_28" value="stts.type_pos.xml#ART"/><!-- die -->
<feat xlink:href="#tok_29" value="stts.type_pos.xml#ADJA"/><!-- deutsche -->
<feat xlink:href="#tok_30" value="stts.type_pos.xml#NN"/><!-- Nationalelf -->
<feat xlink:href="#tok_31" value="stts.type_pos.xml#ADJD"/><!-- vorÃ¼bergehend -->
<feat xlink:href="#tok_32" value="stts.type_pos.xml#APPR"/><!-- in -->
<feat xlink:href="#tok_33" value="stts.type_pos.xml#ART"/><!-- ein -->
<feat xlink:href="#tok_34" value="stts.type_pos.xml#NN"/><!-- Trauma -->
<feat xlink:href="#tok_35" value="stts.type_pos.xml#DOLLAR_PERIOD"/><!-- . -->
<feat xlink:href="#tok_36" value="stts.type_pos.xml#KOUS"/><!-- Nachdem -->
<feat xlink:href="#tok_37" value="stts.type_pos.xml#ART"/><!-- den -->
<feat xlink:href="#tok_38" value="stts.type_pos.xml#ADJD"/><!-- tapfer -->
<feat xlink:href="#tok_39" value="stts.type_pos.xml#ADJA"/><!-- kÃ¤mpfenden -->
<feat xlink:href="#tok_40" value="stts.type_pos.xml#NN"/><!-- GÃ¤sten -->
<feat xlink:href="#tok_41" value="stts.type_pos.xml#ART"/><!-- der -->
<feat xlink:href="#tok_42" value="stts.type_pos.xml#NN"/><!-- Ausgleich -->
<feat xlink:href="#tok_43" value="stts.type_pos.xml#VVPP"/><!-- gelungen -->
<feat xlink:href="#tok_44" value="stts.type_pos.xml#VAFIN"/><!-- war -->
<feat xlink:href="#tok_45" value="stts.type_pos.xml#DOLLAR_COMMA"/><!-- , -->
<feat xlink:href="#tok_46" value="stts.type_pos.xml#VVFIN"/><!-- wechselte -->
<feat xlink:href="#tok_47" value="stts.type_pos.xml#ART"/><!-- der -->
<feat xlink:href="#tok_48" value="stts.type_pos.xml#KOKOM"/><!-- wie -->
<feat xlink:href="#tok_49" value="stts.type_pos.xml#ART"/><!-- eine -->
<feat xlink:href="#tok_50" value="stts.type_pos.xml#NN"/><!-- Mumie -->
<feat xlink:href="#tok_51" value="stts.type_pos.xml#APPR"/><!-- auf -->
<feat xlink:href="#tok_52" value="stts.type_pos.xml#ART"/><!-- der -->
<feat xlink:href="#tok_53" value="stts.type_pos.xml#NN"/><!-- Bank -->
<feat xlink:href="#tok_54" value="stts.type_pos.xml#ADJA"/><!-- sitzende -->
<feat xlink:href="#tok_55" value="stts.type_pos.xml#ADJA"/><!-- ukrainische -->
<feat xlink:href="#tok_56" value="stts.type_pos.xml#NN"/><!-- Coach -->
<feat xlink:href="#tok_57" value="stts.type_pos.xml#ADV"/><!-- noch -->
<feat xlink:href="#tok_58" value="stts.type_pos.xml#CARD"/><!-- zwei -->
<feat xlink:href="#tok_59" value="stts.type_pos.xml#ADJA"/><!-- Ã¤hnliche -->
<feat xlink:href="#tok_60" value="stts.type_pos.xml#NN"/><!-- Leichtgewichte -->
<feat xlink:href="#tok_61" value="stts.type_pos.xml#PTKVZ"/><!-- ein -->
<feat xlink:href="#tok_62" value="stts.type_pos.xml#DOLLAR_PERIOD"/><!-- . -->
<feat xlink:href="#tok_63" value="stts.type_pos.xml#PWS"/><!-- Was -->
<feat xlink:href="#tok_64" value="stts.type_pos.xml#VMFIN"/><!-- soll -->
<feat xlink:href="#tok_65" value="stts.type_pos.xml#PDS"/><!-- das -->
<feat xlink:href="#tok_66" value="stts.type_pos.xml#ADV"/><!-- erst -->
<feat xlink:href="#tok_67" value="stts.type_pos.xml#ADV"/><!-- morgen -->
<feat xlink:href="#tok_68" value="stts.type_pos.xml#NN"/><!-- Abend -->
<feat xlink:href="#tok_69" value="stts.type_pos.xml#APPRART"/><!-- im -->
<feat xlink:href="#tok_70" value="stts.type_pos.xml#ADJA"/><!-- zweiten -->
<feat xlink:href="#tok_71" value="stts.type_pos.xml#NN"/><!-- Spiel -->
<feat xlink:href="#tok_72" value="stts.type_pos.xml#VAINF"/><!-- werden -->
<feat xlink:href="#tok_73" value="stts.type_pos.xml#DOLLAR_PERIOD"/><!-- ? -->
<feat xlink:href="#tok_74" value="stts.type_pos.xml#KOUS"/><!-- Wenn -->
<feat xlink:href="#tok_75" value="stts.type_pos.xml#ART"/><!-- die -->
<feat xlink:href="#tok_76" value="stts.type_pos.xml#CARD"/><!-- drei -->
<feat xlink:href="#tok_77" value="stts.type_pos.xml#NN"/><!-- Knirpse -->
<feat xlink:href="#tok_78" value="stts.type_pos.xml#APPR"/><!-- von -->
<feat xlink:href="#tok_79" value="stts.type_pos.xml#NN"/><!-- Anbeginn -->
<feat xlink:href="#tok_80" value="stts.type_pos.xml#VVFIN"/><!-- wirbeln -->
<feat xlink:href="#tok_81" value="stts.type_pos.xml#DOLLAR_COMMA"/><!-- , -->
<feat xlink:href="#tok_82" value="stts.type_pos.xml#VMFIN"/><!-- kÃ¶nnte -->
<feat xlink:href="#tok_83" value="stts.type_pos.xml#ART"/><!-- der -->
<feat xlink:href="#tok_84" value="stts.type_pos.xml#APPR"/><!-- um -->
<feat xlink:href="#tok_85" value="stts.type_pos.xml#NN"/><!-- Ehre -->
<feat xlink:href="#tok_86" value="stts.type_pos.xml#KON"/><!-- und -->
<feat xlink:href="#tok_87" value="stts.type_pos.xml#NN"/><!-- Reputation -->
<feat xlink:href="#tok_88" value="stts.type_pos.xml#ADJA"/><!-- kÃ¤mpfenden -->
<feat xlink:href="#tok_89" value="stts.type_pos.xml#NN"/><!-- Mannschaft -->
<feat xlink:href="#tok_90" value="stts.type_pos.xml#APPR"/><!-- von -->
<feat xlink:href="#tok_91" value="stts.type_pos.xml#NE"/><!-- Rudi -->
<feat xlink:href="#tok_92" value="stts.type_pos.xml#NE"/><!-- VÃ¶ller -->
<feat xlink:href="#tok_93" value="stts.type_pos.xml#ART"/><!-- der -->
<feat xlink:href="#tok_94" value="stts.type_pos.xml#NN"/><!-- Weg -->
<feat xlink:href="#tok_95" value="stts.type_pos.xml#APPRART"/><!-- zur -->
<feat xlink:href="#tok_96" value="stts.type_pos.xml#NN"/><!-- Weltmeisterschaft -->
<feat xlink:href="#tok_97" value="stts.type_pos.xml#ADJD"/><!-- endgÃ¼ltig -->
<feat xlink:href="#tok_98" value="stts.type_pos.xml#VVPP"/><!-- verbaut -->
<feat xlink:href="#tok_99" value="stts.type_pos.xml#VAINF"/><!-- sein -->
<feat xlink:href="#tok_100" value="stts.type_pos.xml#DOLLAR_PERIOD"/><!-- . -->
<feat xlink:href="#tok_101" value="stts.type_pos.xml#ADV"/><!-- Je -->
<feat xlink:href="#tok_102" value="stts.type_pos.xml#ADJD"/><!-- kleiner -->
<feat xlink:href="#tok_103" value="stts.type_pos.xml#ART"/><!-- die -->
<feat xlink:href="#tok_104" value="stts.type_pos.xml#NN"/><!-- Kicker -->
<feat xlink:href="#tok_105" value="stts.type_pos.xml#VVFIN"/><!-- daherkommen -->
<feat xlink:href="#tok_106" value="stts.type_pos.xml#DOLLAR_COMMA"/><!-- , -->
<feat xlink:href="#tok_107" value="stts.type_pos.xml#ADV"/><!-- desto -->
<feat xlink:href="#tok_108" value="stts.type_pos.xml#ADJD"/><!-- grÃ¶Ãer -->
<feat xlink:href="#tok_109" value="stts.type_pos.xml#VAFIN"/><!-- wird -->
<feat xlink:href="#tok_110" value="stts.type_pos.xml#ART"/><!-- der -->
<feat xlink:href="#tok_111" value="stts.type_pos.xml#NN"/><!-- Gegner -->
<feat xlink:href="#tok_112" value="stts.type_pos.xml#VVPP"/><!-- geredet -->
<feat xlink:href="#tok_113" value="stts.type_pos.xml#DOLLAR_PERIOD"/><!-- . -->
<feat xlink:href="#tok_114" value="stts.type_pos.xml#ART"/><!-- Die -->
<feat xlink:href="#tok_115" value="stts.type_pos.xml#NN"/><!-- FuÃball_Kleinmacht -->
<feat xlink:href="#tok_116" value="stts.type_pos.xml#APPRART"/><!-- vom -->
<feat xlink:href="#tok_117" value="stts.type_pos.xml#NE"/><!-- Dnepr -->
<feat xlink:href="#tok_118" value="stts.type_pos.xml#VVFIN"/><!-- steht -->
<feat xlink:href="#tok_119" value="stts.type_pos.xml#ADJD"/><!-- kurz -->
<feat xlink:href="#tok_120" value="stts.type_pos.xml#PROAV"/><!-- davor -->
<feat xlink:href="#tok_121" value="stts.type_pos.xml#DOLLAR_COMMA"/><!-- , -->
<feat xlink:href="#tok_122" value="stts.type_pos.xml#ART"/><!-- das -->
<feat xlink:href="#tok_123" value="stts.type_pos.xml#ADJD"/><!-- scheinbar -->
<feat xlink:href="#tok_124" value="stts.type_pos.xml#APPR"/><!-- mit -->
<feat xlink:href="#tok_125" value="stts.type_pos.xml#ART"/><!-- einem -->
<feat xlink:href="#tok_126" value="stts.type_pos.xml#NN"/><!-- Dauerabonnement -->
<feat xlink:href="#tok_127" value="stts.type_pos.xml#APPR"/><!-- fÃ¼r -->
<feat xlink:href="#tok_128" value="stts.type_pos.xml#ART"/><!-- die -->
<feat xlink:href="#tok_129" value="stts.type_pos.xml#NN"/><!-- WM -->
<feat xlink:href="#tok_130" value="stts.type_pos.xml#ADJA"/><!-- ausgestattete -->
<feat xlink:href="#tok_131" value="stts.type_pos.xml#NN"/><!-- Team -->
<feat xlink:href="#tok_132" value="stts.type_pos.xml#APPR"/><!-- in -->
<feat xlink:href="#tok_133" value="stts.type_pos.xml#ART"/><!-- der -->
<feat xlink:href="#tok_134" value="stts.type_pos.xml#ADJA"/><!-- schwarz_weiÃen -->
<feat xlink:href="#tok_135" value="stts.type_pos.xml#NN"/><!-- Kluft -->
<feat xlink:href="#tok_136" value="stts.type_pos.xml#KON"/><!-- und -->
<feat xlink:href="#tok_137" value="stts.type_pos.xml#ART"/><!-- eine -->
<feat xlink:href="#tok_138" value="stts.type_pos.xml#ADJA"/><!-- ganze -->
<feat xlink:href="#tok_139" value="stts.type_pos.xml#NN"/><!-- Nation -->
<feat xlink:href="#tok_140" value="stts.type_pos.xml#APPR"/><!-- in -->
<feat xlink:href="#tok_141" value="stts.type_pos.xml#ART"/><!-- das -->
<feat xlink:href="#tok_142" value="stts.type_pos.xml#NN"/><!-- Tal -->
<feat xlink:href="#tok_143" value="stts.type_pos.xml#ART"/><!-- der -->
<feat xlink:href="#tok_144" value="stts.type_pos.xml#NN"/><!-- TrÃ¤nen -->
<feat xlink:href="#tok_145" value="stts.type_pos.xml#PTKZU"/><!-- zu -->
<feat xlink:href="#tok_146" value="stts.type_pos.xml#VVINF"/><!-- treiben -->
<feat xlink:href="#tok_147" value="stts.type_pos.xml#DOLLAR_PERIOD"/><!-- . -->
<feat xlink:href="#tok_148" value="stts.type_pos.xml#PROAV"/><!-- Dabei -->
<feat xlink:href="#tok_149" value="stts.type_pos.xml#VAFIN"/><!-- haben -->
<feat xlink:href="#tok_150" value="stts.type_pos.xml#ART"/><!-- die -->
<feat xlink:href="#tok_151" value="stts.type_pos.xml#ADJA"/><!-- deutschen -->
<feat xlink:href="#tok_152" value="stts.type_pos.xml#NN"/><!-- Nationalkicker -->
<feat xlink:href="#tok_153" value="stts.type_pos.xml#ART"/><!-- einen -->
<feat xlink:href="#tok_154" value="stts.type_pos.xml#DOLLAR_OPENPAREN"/><!-- " -->
<feat xlink:href="#tok_155" value="stts.type_pos.xml#NE"/><!-- Rudi -->
<feat xlink:href="#tok_156" value="stts.type_pos.xml#NN"/><!-- Riese -->
<feat xlink:href="#tok_157" value="stts.type_pos.xml#DOLLAR_OPENPAREN"/><!-- " -->
<feat xlink:href="#tok_158" value="stts.type_pos.xml#APPR"/><!-- auf -->
<feat xlink:href="#tok_159" value="stts.type_pos.xml#ART"/><!-- der -->
<feat xlink:href="#tok_160" value="stts.type_pos.xml#NN"/><!-- Bank -->
<feat xlink:href="#tok_161" value="stts.type_pos.xml#KON"/><!-- und -->
<feat xlink:href="#tok_162" value="stts.type_pos.xml#ART"/><!-- einen -->
<feat xlink:href="#tok_163" value="stts.type_pos.xml#NE"/><!-- Franz -->
<feat xlink:href="#tok_164" value="stts.type_pos.xml#NE"/><!-- Beckenbauer -->
<feat xlink:href="#tok_165" value="stts.type_pos.xml#APPR"/><!-- mit -->
<feat xlink:href="#tok_166" value="stts.type_pos.xml#ADJA"/><!-- heiÃem -->
<feat xlink:href="#tok_167" value="stts.type_pos.xml#NN"/><!-- Draht -->
<feat xlink:href="#tok_168" value="stts.type_pos.xml#APPRART"/><!-- zum -->
<feat xlink:href="#tok_169" value="stts.type_pos.xml#NN"/><!-- FuÃballgott -->
<feat xlink:href="#tok_170" value="stts.type_pos.xml#DOLLAR_PERIOD"/><!-- . -->
<feat xlink:href="#tok_171" value="stts.type_pos.xml#VVIMP"/><!-- FÃ¼rchtet -->
<feat xlink:href="#tok_172" value="stts.type_pos.xml#PRF"/><!-- euch -->
<feat xlink:href="#tok_173" value="stts.type_pos.xml#PTKNEG"/><!-- nicht -->
<feat xlink:href="#tok_174" value="stts.type_pos.xml#DOLLAR_PERIOD"/><!-- ! -->
</featList>

</sfb632_standard>
