<?xml version="1.0" standalone="no"?>
<!DOCTYPE sfb632_standard SYSTEM "sfb632_mark.dtd">


<sfb632_standard version="1.0">
<header sfb_id="mmax.maz-11299_primmarkSeg" type="primmarkSeg"/>

<markList xmlns:xlink="http://www.w3.org/1999/xlink" type="primmarkSeg" xml:base="tiger.ID_maz-11299.tok.xml">
<mark id="primmarkSeg_10004" xlink:href="#xpointer(id('tok_4')/range-to(id('tok_5')))"/>
<mark id="primmarkSeg_18" xlink:href="#xpointer(id('tok_33')/range-to(id('tok_37')))"/>
<mark id="primmarkSeg_100091" xlink:href="#tok_92"/>
<mark id="primmarkSeg_10009" xlink:href="#tok_10"/>
<mark id="primmarkSeg_1000200" xlink:href="#tok_201"/>
<mark id="primmarkSeg_1000205" xlink:href="#tok_206"/>
<mark id="primmarkSeg_70" xlink:href="(#tok_152,#tok_153)"/>
<mark id="primmarkSeg_17" xlink:href="#xpointer(id('tok_43')/range-to(id('tok_45')))"/>
<mark id="primmarkSeg_23" xlink:href="#xpointer(id('tok_49')/range-to(id('tok_52')))"/>
<mark id="primmarkSeg_1000197" xlink:href="#xpointer(id('tok_197')/range-to(id('tok_198')))"/>
<mark id="primmarkSeg_1000149" xlink:href="#xpointer(id('tok_149')/range-to(id('tok_150')))"/>
<mark id="primmarkSeg_100025" xlink:href="#tok_26"/>
<mark id="primmarkSeg_100077" xlink:href="#tok_78"/>
<mark id="primmarkSeg_16" xlink:href="(#tok_36,#tok_37)"/>
<mark id="primmarkSeg_1000131" xlink:href="#tok_132"/>
<mark id="primmarkSeg_7" xlink:href="(#tok_18,#tok_19)"/>
<mark id="primmarkSeg_100097" xlink:href="#tok_98"/>
<mark id="primmarkSeg_39" xlink:href="(#tok_101,#tok_102)"/>
<mark id="primmarkSeg_1000210" xlink:href="(#tok_197,#tok_200)"/>
<mark id="primmarkSeg_6" xlink:href="#xpointer(id('tok_13')/range-to(id('tok_17')))"/>
<mark id="primmarkSeg_100075" xlink:href="#tok_76"/>
<mark id="primmarkSeg_100011" xlink:href="#tok_12"/>
<mark id="primmarkSeg_24" xlink:href="(#tok_55,#tok_56)"/>
<mark id="primmarkSeg_1000132" xlink:href="#tok_133"/>
<mark id="primmarkSeg_36" xlink:href="(#tok_81,#tok_82)"/>
<mark id="primmarkSeg_12" xlink:href="#xpointer(id('tok_22')/range-to(id('tok_25')))"/>
<mark id="primmarkSeg_95" xlink:href="#xpointer(id('tok_201')/range-to(id('tok_204')))"/>
<mark id="primmarkSeg_1000156" xlink:href="#tok_157"/>
<mark id="primmarkSeg_87" xlink:href="#xpointer(id('tok_181')/range-to(id('tok_183')))"/>
<mark id="primmarkSeg_1000122" xlink:href="#tok_123"/>
<mark id="primmarkSeg_37" xlink:href="(#tok_89,#tok_90)"/>
<mark id="primmarkSeg_1000207" xlink:href="#xpointer(id('tok_89')/range-to(id('tok_104')))"/>
<mark id="primmarkSeg_52" xlink:href="#xpointer(id('tok_117')/range-to(id('tok_119')))"/>
<mark id="primmarkSeg_1000206" xlink:href="#tok_16"/>
<mark id="primmarkSeg_1000106" xlink:href="#tok_107"/>
<mark id="primmarkSeg_38" xlink:href="(#tok_95,#tok_96)"/>
<mark id="primmarkSeg_63" xlink:href="(#tok_137,#tok_138)"/>
<mark id="primmarkSeg_10" xlink:href="(#tok_24,#tok_25)"/>
<mark id="primmarkSeg_1000128" xlink:href="#tok_129"/>
<mark id="primmarkSeg_3" xlink:href="#xpointer(id('tok_2')/range-to(id('tok_5')))"/>
<mark id="primmarkSeg_80" xlink:href="#xpointer(id('tok_167')/range-to(id('tok_172')))"/>
<mark id="primmarkSeg_1000103" xlink:href="#tok_104"/>
<mark id="primmarkSeg_1000209" xlink:href="#xpointer(id('tok_197')/range-to(id('tok_200')))"/>
<mark id="primmarkSeg_100070" xlink:href="#tok_71"/>
<mark id="primmarkSeg_93" xlink:href="(#tok_203,#tok_204)"/>
<mark id="primmarkSeg_1000184" xlink:href="#tok_185"/>
<mark id="primmarkSeg_29" xlink:href="#xpointer(id('tok_53')/range-to(id('tok_56')))"/>
</markList>
</sfb632_standard>
