<?xml version="1.0" standalone="no"?>
<!DOCTYPE sfb632_standard SYSTEM "sfb632_feat.dtd">


<sfb632_standard version="1.0">

<header sfb_id="mmax.maz-11299_np_form" type="np_form"/>

<featList xmlns:xlink="http://www.w3.org/1999/xlink" type="np_form" xml:base="mmax.maz-11299.primmarkSeg.xml">
<feat xlink:href="#primmarkSeg_10004" value="ne"/>
<feat xlink:href="#primmarkSeg_18" value="defnp"/>
<feat xlink:href="#primmarkSeg_100091" value="ne"/>
<feat xlink:href="#primmarkSeg_10009" value="pds"/>
<feat xlink:href="#primmarkSeg_1000200" value="ppos"/>
<feat xlink:href="#primmarkSeg_1000205" value="pds"/>
<feat xlink:href="#primmarkSeg_70" value="defnp"/>
<feat xlink:href="#primmarkSeg_17" value="defnp"/>
<feat xlink:href="#primmarkSeg_23" value="defnp"/>
<feat xlink:href="#primmarkSeg_1000197" value="ne"/>
<feat xlink:href="#primmarkSeg_1000149" value="pper"/>
<feat xlink:href="#primmarkSeg_100025" value="padv"/>
<feat xlink:href="#primmarkSeg_100077" value="pper"/>
<feat xlink:href="#primmarkSeg_16" value="defnp"/>
<feat xlink:href="#primmarkSeg_1000131" value="pper"/>
<feat xlink:href="#primmarkSeg_7" value="defnp"/>
<feat xlink:href="#primmarkSeg_100097" value="ne"/>
<feat xlink:href="#primmarkSeg_39" value="ne"/>
<feat xlink:href="#primmarkSeg_1000210" value="defnp"/>
<feat xlink:href="#primmarkSeg_6" value="defnp"/>
<feat xlink:href="#primmarkSeg_100075" value="padv"/>
<feat xlink:href="#primmarkSeg_100011" value="pper"/>
<feat xlink:href="#primmarkSeg_24" value="defnp"/>
<feat xlink:href="#primmarkSeg_1000132" value="pper"/>
<feat xlink:href="#primmarkSeg_36" value="defnp"/>
<feat xlink:href="#primmarkSeg_12" value="defnp"/>
<feat xlink:href="#primmarkSeg_95" value="defnp"/>
<feat xlink:href="#primmarkSeg_1000156" value="padv"/>
<feat xlink:href="#primmarkSeg_87" value="defnp"/>
<feat xlink:href="#primmarkSeg_1000122" value="pper"/>
<feat xlink:href="#primmarkSeg_37" value="ne"/>
<feat xlink:href="#primmarkSeg_1000207" value="ne"/>
<feat xlink:href="#primmarkSeg_52" value="defnp"/>
<feat xlink:href="#primmarkSeg_1000206" value="ne"/>
<feat xlink:href="#primmarkSeg_1000106" value="padv"/>
<feat xlink:href="#primmarkSeg_38" value="ne"/>
<feat xlink:href="#primmarkSeg_63" value="defnp"/>
<feat xlink:href="#primmarkSeg_10" value="defnp"/>
<feat xlink:href="#primmarkSeg_1000128" value="pds"/>
<feat xlink:href="#primmarkSeg_3" value="defnp"/>
<feat xlink:href="#primmarkSeg_80" value="defnp"/>
<feat xlink:href="#primmarkSeg_1000103" value="ne"/>
<feat xlink:href="#primmarkSeg_1000209" value="defnp"/>
<feat xlink:href="#primmarkSeg_100070" value="pper"/>
<feat xlink:href="#primmarkSeg_93" value="defnp"/>
<feat xlink:href="#primmarkSeg_1000184" value="pper"/>
<feat xlink:href="#primmarkSeg_29" value="defnp"/>
</featList>
</sfb632_standard>
