<?xml version="1.0" standalone="no"?>
<!DOCTYPE sfb632_standard SYSTEM "sfb632_feat.dtd">



<sfb632_standard version="1.0">

<header sfb_id="mmax.maz-11299_sent" type="sent"/>

<featList xmlns:xlink="http://www.w3.org/1999/xlink" type="sentence" xml:base="tiger.ID_maz-11299.tok.xml">
<feat value="S" xlink:href="#tok_1"/>
<feat value="S" xlink:href="#xpointer(id('tok_2')/range-to(id('tok_9')))"/>
<feat value="S" xlink:href="#xpointer(id('tok_10')/range-to(id('tok_20')))"/>
<feat value="S" xlink:href="#xpointer(id('tok_21')/range-to(id('tok_32')))"/>
<feat value="S" xlink:href="#xpointer(id('tok_33')/range-to(id('tok_47')))"/>
<feat value="S" xlink:href="#xpointer(id('tok_48')/range-to(id('tok_73')))"/>
<feat value="S" xlink:href="#xpointer(id('tok_74')/range-to(id('tok_77')))"/>
<feat value="S" xlink:href="#xpointer(id('tok_78')/range-to(id('tok_127')))"/>
<feat value="S" xlink:href="#xpointer(id('tok_146')/range-to(id('tok_156')))"/>
<feat value="S" xlink:href="#xpointer(id('tok_157')/range-to(id('tok_163')))"/>
<feat value="S" xlink:href="#xpointer(id('tok_164')/range-to(id('tok_173')))"/>
<feat value="S" xlink:href="#xpointer(id('tok_174')/range-to(id('tok_180')))"/>
<feat value="S" xlink:href="#xpointer(id('tok_181')/range-to(id('tok_191')))"/>
<feat value="S" xlink:href="#xpointer(id('tok_192')/range-to(id('tok_205')))"/>
<feat value="S" xlink:href="#xpointer(id('tok_128')/range-to(id('tok_136')))"/>
<feat value="S" xlink:href="#xpointer(id('tok_137')/range-to(id('tok_145')))"/>
<feat value="S" xlink:href="#xpointer(id('tok_206')/range-to(id('tok_212')))"/>
</featList>

</sfb632_standard>

