<?xml version="1.0" standalone="no"?>
<!DOCTYPE sfb632_standard SYSTEM "sfb632_feat.dtd">


<sfb632_standard version="1.0">

<header sfb_id="mmax.maz-11299_referentiality" type="referentiality"/>

<featList xmlns:xlink="http://www.w3.org/1999/xlink" type="referentiality" xml:base="mmax.maz-11299.primmarkSeg.xml">
<feat xlink:href="#primmarkSeg_10004" value="not_specified"/>
<feat xlink:href="#primmarkSeg_18" value="referring"/>
<feat xlink:href="#primmarkSeg_100091" value="discourse-new"/>
<feat xlink:href="#primmarkSeg_10009" value="referring"/>
<feat xlink:href="#primmarkSeg_1000200" value="referring"/>
<feat xlink:href="#primmarkSeg_1000205" value="referring"/>
<feat xlink:href="#primmarkSeg_70" value="referring"/>
<feat xlink:href="#primmarkSeg_17" value="discourse-new"/>
<feat xlink:href="#primmarkSeg_23" value="referring"/>
<feat xlink:href="#primmarkSeg_1000197" value="not_specified"/>
<feat xlink:href="#primmarkSeg_1000149" value="referring"/>
<feat xlink:href="#primmarkSeg_100025" value="referring"/>
<feat xlink:href="#primmarkSeg_100077" value="not_specified"/>
<feat xlink:href="#primmarkSeg_16" value="discourse-new"/>
<feat xlink:href="#primmarkSeg_1000131" value="referring"/>
<feat xlink:href="#primmarkSeg_7" value="discourse-new"/>
<feat xlink:href="#primmarkSeg_100097" value="discourse-new"/>
<feat xlink:href="#primmarkSeg_39" value="discourse-new"/>
<feat xlink:href="#primmarkSeg_1000210" value="discourse-new"/>
<feat xlink:href="#primmarkSeg_6" value="discourse-new"/>
<feat xlink:href="#primmarkSeg_100075" value="referring"/>
<feat xlink:href="#primmarkSeg_100011" value="referring"/>
<feat xlink:href="#primmarkSeg_24" value="referring"/>
<feat xlink:href="#primmarkSeg_1000132" value="referring"/>
<feat xlink:href="#primmarkSeg_36" value="discourse-new"/>
<feat xlink:href="#primmarkSeg_12" value="discourse-new"/>
<feat xlink:href="#primmarkSeg_95" value="discourse-new"/>
<feat xlink:href="#primmarkSeg_1000156" value="referring"/>
<feat xlink:href="#primmarkSeg_87" value="discourse-new"/>
<feat xlink:href="#primmarkSeg_1000122" value="referring"/>
<feat xlink:href="#primmarkSeg_37" value="discourse-new"/>
<feat xlink:href="#primmarkSeg_1000207" value="referring"/>
<feat xlink:href="#primmarkSeg_52" value="discourse-new"/>
<feat xlink:href="#primmarkSeg_1000206" value="referring"/>
<feat xlink:href="#primmarkSeg_1000106" value="discourse_cataphor"/>
<feat xlink:href="#primmarkSeg_38" value="discourse-new"/>
<feat xlink:href="#primmarkSeg_63" value="referring"/>
<feat xlink:href="#primmarkSeg_10" value="referring"/>
<feat xlink:href="#primmarkSeg_1000128" value="referring"/>
<feat xlink:href="#primmarkSeg_3" value="discourse-new"/>
<feat xlink:href="#primmarkSeg_80" value="discourse-new"/>
<feat xlink:href="#primmarkSeg_1000103" value="discourse-new"/>
<feat xlink:href="#primmarkSeg_1000209" value="discourse-new"/>
<feat xlink:href="#primmarkSeg_100070" value="referring"/>
<feat xlink:href="#primmarkSeg_93" value="referring"/>
<feat xlink:href="#primmarkSeg_1000184" value="referring"/>
<feat xlink:href="#primmarkSeg_29" value="not_specified"/>
</featList>
</sfb632_standard>
