<?xml version="1.0" standalone="no"?>
<!DOCTYPE sfb632_standard SYSTEM "sfb632_feat.dtd">


<sfb632_standard version="1.0">

<header sfb_id="mmax.maz-11299_phrase_type" type="phrase_type"/>

<featList xmlns:xlink="http://www.w3.org/1999/xlink" type="phrase_type" xml:base="mmax.maz-11299.primmarkSeg.xml">
<feat xlink:href="#primmarkSeg_10004" value="pp"/>
<feat xlink:href="#primmarkSeg_18" value="pp"/>
<feat xlink:href="#primmarkSeg_100091" value="np"/>
<feat xlink:href="#primmarkSeg_10009" value="np"/>
<feat xlink:href="#primmarkSeg_1000200" value="np"/>
<feat xlink:href="#primmarkSeg_1000205" value="np"/>
<feat xlink:href="#primmarkSeg_70" value="np"/>
<feat xlink:href="#primmarkSeg_17" value="pp"/>
<feat xlink:href="#primmarkSeg_23" value="np"/>
<feat xlink:href="#primmarkSeg_1000197" value="pp"/>
<feat xlink:href="#primmarkSeg_1000149" value="pp"/>
<feat xlink:href="#primmarkSeg_100025" value="pp"/>
<feat xlink:href="#primmarkSeg_100077" value="np"/>
<feat xlink:href="#primmarkSeg_16" value="pp"/>
<feat xlink:href="#primmarkSeg_1000131" value="np"/>
<feat xlink:href="#primmarkSeg_7" value="pp"/>
<feat xlink:href="#primmarkSeg_100097" value="np"/>
<feat xlink:href="#primmarkSeg_39" value="np"/>
<feat xlink:href="#primmarkSeg_1000210" value="pp"/>
<feat xlink:href="#primmarkSeg_6" value="pp"/>
<feat xlink:href="#primmarkSeg_100075" value="pp"/>
<feat xlink:href="#primmarkSeg_100011" value="np"/>
<feat xlink:href="#primmarkSeg_24" value="np"/>
<feat xlink:href="#primmarkSeg_1000132" value="np"/>
<feat xlink:href="#primmarkSeg_36" value="np"/>
<feat xlink:href="#primmarkSeg_12" value="np"/>
<feat xlink:href="#primmarkSeg_95" value="np"/>
<feat xlink:href="#primmarkSeg_1000156" value="pp"/>
<feat xlink:href="#primmarkSeg_87" value="pp"/>
<feat xlink:href="#primmarkSeg_1000122" value="np"/>
<feat xlink:href="#primmarkSeg_37" value="np"/>
<feat xlink:href="#primmarkSeg_1000207" value="np"/>
<feat xlink:href="#primmarkSeg_52" value="pp"/>
<feat xlink:href="#primmarkSeg_1000206" value="np"/>
<feat xlink:href="#primmarkSeg_1000106" value="pp"/>
<feat xlink:href="#primmarkSeg_38" value="np"/>
<feat xlink:href="#primmarkSeg_63" value="np"/>
<feat xlink:href="#primmarkSeg_10" value="np"/>
<feat xlink:href="#primmarkSeg_1000128" value="np"/>
<feat xlink:href="#primmarkSeg_3" value="np"/>
<feat xlink:href="#primmarkSeg_80" value="pp"/>
<feat xlink:href="#primmarkSeg_1000103" value="np"/>
<feat xlink:href="#primmarkSeg_1000209" value="pp"/>
<feat xlink:href="#primmarkSeg_100070" value="np"/>
<feat xlink:href="#primmarkSeg_93" value="pp"/>
<feat xlink:href="#primmarkSeg_1000184" value="np"/>
<feat xlink:href="#primmarkSeg_29" value="pp"/>
</featList>
</sfb632_standard>
