<?xml version="1.0" standalone="no"?>
<!DOCTYPE sfb632_standard SYSTEM "sfb632_feat.dtd">


<sfb632_standard version="1.0">

<header sfb_id="mmax.maz-11299_anaphor_antecedent" type="anaphor_antecedent"/>

<featList xmlns:xlink="http://www.w3.org/1999/xlink" type="anaphor_antecedent" xml:base="mmax.maz-11299.primmarkSeg.xml">
<feat xlink:href="#primmarkSeg_10004" value="default" target="empty"/>
<feat xlink:href="#primmarkSeg_18" value="default" target="#primmarkSeg_6"/>
<feat xlink:href="#primmarkSeg_100091" value="default" target="empty"/>
<feat xlink:href="#primmarkSeg_10009" value="default" target="empty"/>
<feat xlink:href="#primmarkSeg_1000200" value="default" target="#primmarkSeg_1000211"/>
<feat xlink:href="#primmarkSeg_1000205" value="default" target="#primmarkSeg_1000200"/>
<feat xlink:href="#primmarkSeg_70" value="default" target="#primmarkSeg_1000132;markable_1000131"/>
<feat xlink:href="#primmarkSeg_17" value="default" target="empty"/>
<feat xlink:href="#primmarkSeg_23" value="default" target="#primmarkSeg_3"/>
<feat xlink:href="#primmarkSeg_1000197" value="default" target="empty"/>
<feat xlink:href="#primmarkSeg_1000149" value="default" target="#primmarkSeg_63"/>
<feat xlink:href="#primmarkSeg_100025" value="default" target="empty"/>
<feat xlink:href="#primmarkSeg_100077" value="default" target="empty"/>
<feat xlink:href="#primmarkSeg_16" value="default" target="empty"/>
<feat xlink:href="#primmarkSeg_1000131" value="default" target="#primmarkSeg_1000122;markable_1000207"/>
<feat xlink:href="#primmarkSeg_7" value="default" target="empty"/>
<feat xlink:href="#primmarkSeg_100097" value="default" target="empty"/>
<feat xlink:href="#primmarkSeg_39" value="default" target="empty"/>
<feat xlink:href="#primmarkSeg_1000210" value="default" target="empty"/>
<feat xlink:href="#primmarkSeg_6" value="default" target="empty"/>
<feat xlink:href="#primmarkSeg_100075" value="default" target="empty"/>
<feat xlink:href="#primmarkSeg_100011" value="default" target="#primmarkSeg_3"/>
<feat xlink:href="#primmarkSeg_24" value="default" target="#primmarkSeg_7"/>
<feat xlink:href="#primmarkSeg_1000132" value="default" target="#primmarkSeg_1000122;markable_1000207"/>
<feat xlink:href="#primmarkSeg_36" value="default" target="empty"/>
<feat xlink:href="#primmarkSeg_12" value="default" target="empty"/>
<feat xlink:href="#primmarkSeg_95" value="default" target="empty"/>
<feat xlink:href="#primmarkSeg_1000156" value="default" target="empty"/>
<feat xlink:href="#primmarkSeg_87" value="default" target="empty"/>
<feat xlink:href="#primmarkSeg_1000122" value="default" target="#primmarkSeg_23"/>
<feat xlink:href="#primmarkSeg_37" value="default" target="empty"/>
<feat xlink:href="#primmarkSeg_1000207" value="default" target="#primmarkSeg_1000208"/>
<feat xlink:href="#primmarkSeg_52" value="default" target="empty"/>
<feat xlink:href="#primmarkSeg_1000206" value="default" target="#primmarkSeg_10004"/>
<feat xlink:href="#primmarkSeg_1000106" value="default" target="empty"/>
<feat xlink:href="#primmarkSeg_38" value="default" target="empty"/>
<feat xlink:href="#primmarkSeg_63" value="default" target="#primmarkSeg_1000131;markable_1000132"/>
<feat xlink:href="#primmarkSeg_10" value="default" target="#primmarkSeg_1000206"/>
<feat xlink:href="#primmarkSeg_1000128" value="default" target="empty"/>
<feat xlink:href="#primmarkSeg_3" value="default" target="empty"/>
<feat xlink:href="#primmarkSeg_80" value="default" target="empty"/>
<feat xlink:href="#primmarkSeg_1000103" value="default" target="empty"/>
<feat xlink:href="#primmarkSeg_1000209" value="default" target="empty"/>
<feat xlink:href="#primmarkSeg_100070" value="default" target="empty"/>
<feat xlink:href="#primmarkSeg_93" value="default" target="#primmarkSeg_16"/>
<feat xlink:href="#primmarkSeg_1000184" value="default" target="#primmarkSeg_1000149"/>
<feat xlink:href="#primmarkSeg_29" value="default" target="empty"/>
</featList>
</sfb632_standard>
