<?xml version="1.0" encoding="UTF-8" standalone="no"?>
<!DOCTYPE sfb632_standard SYSTEM "sfb632_feat.dtd">
<sfb632_standard version="1.0">


<header sfb_id="mmax.maz-11299.annoFeat" type="annoFeat"/>

<featList xmlns:xlink="http://www.w3.org/1999/xlink" type="annoFeat" xml:base="mmax.maz-11299.anno.xml">

<feat xlink:href="#anno_1" value="primmarkSeg"/>
<feat xlink:href="#rel_2" value="ambiguity"/>
<feat xlink:href="#rel_3" value="anaphor_antecedent"/>
<feat xlink:href="#rel_4" value="anaphor_type"/>
<feat xlink:href="#rel_5" value="complex_np"/>
<feat xlink:href="#rel_6" value="dir_speech"/>
<feat xlink:href="#rel_7" value="grammatical_role"/>
<feat xlink:href="#rel_8" value="np_form"/>
<feat xlink:href="#rel_9" value="phrase_type"/>
<feat xlink:href="#rel_10" value="referentiality"/>
<feat xlink:href="#rel_11" value="type"/>
<feat xlink:href="#anno_2" value="secmarkSeg"/>
<feat xlink:href="#rel_13" value="ambiguity"/>
<feat xlink:href="#rel_14" value="complex_np"/>
<feat xlink:href="#rel_15" value="dir_speech"/>
<feat xlink:href="#rel_16" value="grammatical_role"/>
<feat xlink:href="#rel_17" value="np_form"/>
<feat xlink:href="#rel_18" value="phrase_type"/>
<feat xlink:href="#rel_19" value="referentiality"/>
<feat xlink:href="#anno_3" value="text"/>
<feat xlink:href="#anno_4" value="tok"/>
<feat xlink:href="#rel_22" value="sent"/>

</featList>
</sfb632_standard>
