<?xml version="1.0" standalone="no"?>
<!DOCTYPE sfb632_standard SYSTEM "sfb632_mark.dtd">


<sfb632_standard version="1.0">
<header sfb_id="urml.maz-5010_seg" type="seg"/>

<markList xmlns:xlink="http://www.w3.org/1999/xlink" type="seg" xml:base="urml.maz-5010.tok.xml">

<mark id="seg_1" xlink:href="#tok_1"/><!-- Augenschein [..] Augenschein -->
<mark id="seg_2" xlink:href="#xpointer(id('tok_2')/range-to(id('tok_10')))"/><!-- Die [..] , -->
<mark id="seg_3" xlink:href="#xpointer(id('tok_11')/range-to(id('tok_24')))"/><!-- Video_Ansprachen [..] . -->
<mark id="seg_4" xlink:href="#xpointer(id('tok_25')/range-to(id('tok_54')))"/><!-- Das [..] . -->
<mark id="seg_5" xlink:href="#xpointer(id('tok_55')/range-to(id('tok_68')))"/><!-- Eine [..] . -->
<mark id="seg_6" xlink:href="#xpointer(id('tok_69')/range-to(id('tok_87')))"/><!-- Ein [..] : -->
<mark id="seg_7" xlink:href="#xpointer(id('tok_88')/range-to(id('tok_92')))"/><!-- Was [..] ? -->
<mark id="seg_8" xlink:href="#xpointer(id('tok_93')/range-to(id('tok_97')))"/><!-- Wer [..] ? -->
<mark id="seg_9" xlink:href="#xpointer(id('tok_98')/range-to(id('tok_107')))"/><!-- Und [..] ? -->
<mark id="seg_10" xlink:href="#xpointer(id('tok_108')/range-to(id('tok_130')))"/><!-- Allzu [..] . -->
<mark id="seg_11" xlink:href="#xpointer(id('tok_131')/range-to(id('tok_146')))"/><!-- Bei [..] : -->
<mark id="seg_12" xlink:href="#xpointer(id('tok_147')/range-to(id('tok_151')))"/><!-- Es [..] . -->
</markList>
</sfb632_standard>
