<?xml version="1.0" standalone="no"?>


<!DOCTYPE sfb632_standard SYSTEM "sfb632_feat.dtd">
<sfb632_standard version="1.0">

<header sfb_id="urml.maz-5010_pos" type="pos"/>

<featList xmlns:xlink="http://www.w3.org/1999/xlink" type="pos" xml:base="urml.maz-5010.tok.xml">

<feat xlink:href="#tok_1" value="NN"/><!-- Augenschein -->
<feat xlink:href="#tok_2" value="ART"/><!-- Die -->
<feat xlink:href="#tok_3" value="NN"/><!-- US_Regierung -->
<feat xlink:href="#tok_4" value="VVFIN"/><!-- macht -->
<feat xlink:href="#tok_5" value="PDAT"/><!-- dieser -->
<feat xlink:href="#tok_6" value="NN"/><!-- Tage -->
<feat xlink:href="#tok_7" value="NN"/><!-- Druck -->
<feat xlink:href="#tok_8" value="APPR"/><!-- auf -->
<feat xlink:href="#tok_9" value="NN"/><!-- Fernsehstationen -->
<feat xlink:href="#tok_10" value="$,"/><!-- , -->
<feat xlink:href="#tok_11" value="NN"/><!-- Video_Ansprachen -->
<feat xlink:href="#tok_12" value="NE"/><!-- Osama -->
<feat xlink:href="#tok_13" value="VAFIN"/><!-- bin -->
<feat xlink:href="#tok_14" value="NN"/><!-- Ladens -->
<feat xlink:href="#tok_15" value="ADV"/><!-- gar -->
<feat xlink:href="#tok_16" value="PTKNEG"/><!-- nicht -->
<feat xlink:href="#tok_17" value="ADV"/><!-- mehr -->
<feat xlink:href="#tok_18" value="KON"/><!-- oder -->
<feat xlink:href="#tok_19" value="ADV"/><!-- nur -->
<feat xlink:href="#tok_20" value="ADJD"/><!-- stark -->
<feat xlink:href="#tok_21" value="VVPP"/><!-- gekÃ¼rzt -->
<feat xlink:href="#tok_22" value="PTKZU"/><!-- zu -->
<feat xlink:href="#tok_23" value="VVINF"/><!-- senden -->
<feat xlink:href="#tok_24" value="$."/><!-- . -->
<feat xlink:href="#tok_25" value="PDS"/><!-- Das -->
<feat xlink:href="#tok_26" value="VAFIN"/><!-- ist -->
<feat xlink:href="#tok_27" value="ADV"/><!-- natÃ¼rlich -->
<feat xlink:href="#tok_28" value="ART"/><!-- ein -->
<feat xlink:href="#tok_29" value="NN"/><!-- Eingriff -->
<feat xlink:href="#tok_30" value="APPR"/><!-- in -->
<feat xlink:href="#tok_31" value="ART"/><!-- die -->
<feat xlink:href="#tok_32" value="NN"/><!-- Pressefreiheit -->
<feat xlink:href="#tok_33" value="KON"/><!-- und -->
<feat xlink:href="#tok_34" value="ADV"/><!-- doch -->
<feat xlink:href="#tok_35" value="VAFIN"/><!-- ist -->
<feat xlink:href="#tok_36" value="PTKNEG"/><!-- nicht -->
<feat xlink:href="#tok_37" value="VVIZU"/><!-- auszuschlieÃen -->
<feat xlink:href="#tok_38" value="$,"/><!-- , -->
<feat xlink:href="#tok_39" value="KOUS"/><!-- dass -->
<feat xlink:href="#tok_40" value="ADJA"/><!-- versteckte -->
<feat xlink:href="#tok_41" value="NN"/><!-- Botschaften -->
<feat xlink:href="#tok_42" value="APPRART"/><!-- zum -->
<feat xlink:href="#tok_43" value="$("/><!-- " -->
<feat xlink:href="#tok_44" value="NN"/><!-- Aufwecken -->
<feat xlink:href="#tok_45" value="$("/><!-- " -->
<feat xlink:href="#tok_46" value="ADV"/><!-- so -->
<feat xlink:href="#tok_47" value="ADJA"/><!-- genannter -->
<feat xlink:href="#tok_48" value="$("/><!-- " -->
<feat xlink:href="#tok_49" value="NN"/><!-- SchlÃ¤fer -->
<feat xlink:href="#tok_50" value="$("/><!-- " -->
<feat xlink:href="#tok_51" value="PROAV"/><!-- darin -->
<feat xlink:href="#tok_52" value="VVPP"/><!-- verborgen -->
<feat xlink:href="#tok_53" value="VAFIN"/><!-- sind -->
<feat xlink:href="#tok_54" value="$."/><!-- . -->
<feat xlink:href="#tok_55" value="ART"/><!-- Eine -->
<feat xlink:href="#tok_56" value="ADJA"/><!-- westliche -->
<feat xlink:href="#tok_57" value="NN"/><!-- Journalistengruppe -->
<feat xlink:href="#tok_58" value="VVFIN"/><!-- besucht -->
<feat xlink:href="#tok_59" value="APPR"/><!-- auf -->
<feat xlink:href="#tok_60" value="NN"/><!-- Einladung -->
<feat xlink:href="#tok_61" value="ART"/><!-- der -->
<feat xlink:href="#tok_62" value="NN"/><!-- Taliban -->
<feat xlink:href="#tok_63" value="ART"/><!-- ein -->
<feat xlink:href="#tok_64" value="ADJA"/><!-- zerstÃ¶rtes -->
<feat xlink:href="#tok_65" value="NN"/><!-- Dorf -->
<feat xlink:href="#tok_66" value="APPR"/><!-- in -->
<feat xlink:href="#tok_67" value="NE"/><!-- Afghanistan -->
<feat xlink:href="#tok_68" value="$."/><!-- . -->
<feat xlink:href="#tok_69" value="ART"/><!-- Ein -->
<feat xlink:href="#tok_70" value="ADJA"/><!-- authentischer -->
<feat xlink:href="#tok_71" value="NN"/><!-- Ortstermin -->
<feat xlink:href="#tok_72" value="KON"/><!-- und -->
<feat xlink:href="#tok_73" value="ADV"/><!-- doch -->
<feat xlink:href="#tok_74" value="VVFIN"/><!-- wissen -->
<feat xlink:href="#tok_75" value="ART"/><!-- die -->
<feat xlink:href="#tok_76" value="NN"/><!-- Berichterstatter -->
<feat xlink:href="#tok_77" value="PTKNEG"/><!-- nicht -->
<feat xlink:href="#tok_78" value="ADJD"/><!-- wirklich -->
<feat xlink:href="#tok_79" value="$,"/><!-- , -->
<feat xlink:href="#tok_80" value="PRELS"/><!-- was -->
<feat xlink:href="#tok_81" value="PPER"/><!-- sie -->
<feat xlink:href="#tok_82" value="ADV"/><!-- da -->
<feat xlink:href="#tok_83" value="APPR"/><!-- mit -->
<feat xlink:href="#tok_84" value="ADJA"/><!-- eigenen -->
<feat xlink:href="#tok_85" value="NN"/><!-- Augen -->
<feat xlink:href="#tok_86" value="VVINF"/><!-- sehen -->
<feat xlink:href="#tok_87" value="$."/><!-- : -->
<feat xlink:href="#tok_88" value="PWS"/><!-- Was -->
<feat xlink:href="#tok_89" value="VAFIN"/><!-- war -->
<feat xlink:href="#tok_90" value="ADV"/><!-- bereits -->
<feat xlink:href="#tok_91" value="VVPP"/><!-- zerstÃ¶rt -->
<feat xlink:href="#tok_92" value="$."/><!-- ? -->
<feat xlink:href="#tok_93" value="PWS"/><!-- Wer -->
<feat xlink:href="#tok_94" value="VAFIN"/><!-- hat -->
<feat xlink:href="#tok_95" value="PPER"/><!-- es -->
<feat xlink:href="#tok_96" value="VVPP"/><!-- zerstÃ¶rt -->
<feat xlink:href="#tok_97" value="$."/><!-- ? -->
<feat xlink:href="#tok_98" value="KON"/><!-- Und -->
<feat xlink:href="#tok_99" value="APPR"/><!-- zu -->
<feat xlink:href="#tok_100" value="ADJA"/><!-- wessen -->
<feat xlink:href="#tok_101" value="NN"/><!-- Werkzeug -->
<feat xlink:href="#tok_102" value="VAFIN"/><!-- werden -->
<feat xlink:href="#tok_103" value="PPOSAT"/><!-- ihre -->
<feat xlink:href="#tok_104" value="NN"/><!-- Reportagen -->
<feat xlink:href="#tok_105" value="APPRART"/><!-- am -->
<feat xlink:href="#tok_106" value="NN"/><!-- Ende -->
<feat xlink:href="#tok_107" value="$."/><!-- ? -->
<feat xlink:href="#tok_108" value="PTKA"/><!-- Allzu -->
<feat xlink:href="#tok_109" value="ADJD"/><!-- prÃ¤zise -->
<feat xlink:href="#tok_110" value="NN"/><!-- Treffer_Bilder -->
<feat xlink:href="#tok_111" value="APPR"/><!-- aus -->
<feat xlink:href="#tok_112" value="NE"/><!-- Washington -->
<feat xlink:href="#tok_113" value="VVFIN"/><!-- machen -->
<feat xlink:href="#tok_114" value="ADV"/><!-- ebenso -->
<feat xlink:href="#tok_115" value="ADJD"/><!-- stutzig -->
<feat xlink:href="#tok_116" value="KOKOM"/><!-- wie -->
<feat xlink:href="#tok_117" value="ADJD"/><!-- verblÃ¼ffend -->
<feat xlink:href="#tok_118" value="ADJA"/><!-- rasche -->
<feat xlink:href="#tok_119" value="NN"/><!-- Meldungen -->
<feat xlink:href="#tok_120" value="APPR"/><!-- aus -->
<feat xlink:href="#tok_121" value="ART"/><!-- dem -->
<feat xlink:href="#tok_122" value="ADJA"/><!-- afghanischen -->
<feat xlink:href="#tok_123" value="NN"/><!-- Chaos -->
<feat xlink:href="#tok_124" value="APPR"/><!-- Ã¼ber -->
<feat xlink:href="#tok_125" value="ADJA"/><!-- hohe -->
<feat xlink:href="#tok_126" value="NN"/><!-- Opferzahlen -->
<feat xlink:href="#tok_127" value="APPR"/><!-- unter -->
<feat xlink:href="#tok_128" value="ART"/><!-- der -->
<feat xlink:href="#tok_129" value="NN"/><!-- ZivilbevÃ¶lkerung -->
<feat xlink:href="#tok_130" value="$."/><!-- . -->
<feat xlink:href="#tok_131" value="APPR"/><!-- Bei -->
<feat xlink:href="#tok_132" value="NN"/><!-- Nachrichten -->
<feat xlink:href="#tok_133" value="APPR"/><!-- aus -->
<feat xlink:href="#tok_134" value="ADV"/><!-- nur -->
<feat xlink:href="#tok_135" value="ART"/><!-- einer -->
<feat xlink:href="#tok_136" value="NN"/><!-- Quelle -->
<feat xlink:href="#tok_137" value="VVFIN"/><!-- verhÃ¤lt -->
<feat xlink:href="#tok_138" value="PPER"/><!-- es -->
<feat xlink:href="#tok_139" value="PRF"/><!-- sich -->
<feat xlink:href="#tok_140" value="PDAT"/><!-- dieser -->
<feat xlink:href="#tok_141" value="NN"/><!-- Tage -->
<feat xlink:href="#tok_142" value="KOKOM"/><!-- wie -->
<feat xlink:href="#tok_143" value="APPR"/><!-- mit -->
<feat xlink:href="#tok_144" value="ART"/><!-- den -->
<feat xlink:href="#tok_145" value="NN"/><!-- Lotto_Zahlen -->
<feat xlink:href="#tok_146" value="$."/><!-- : -->
<feat xlink:href="#tok_147" value="PPER"/><!-- Es -->
<feat xlink:href="#tok_148" value="VVFIN"/><!-- gibt -->
<feat xlink:href="#tok_149" value="PIAT"/><!-- keine -->
<feat xlink:href="#tok_150" value="NN"/><!-- GewÃ¤hr -->
<feat xlink:href="#tok_151" value="$."/><!-- . -->
</featList>

</sfb632_standard>
