<?xml version="1.0" standalone="no"?>
<!DOCTYPE sfb632_standard SYSTEM "sfb632_mark.dtd">


<sfb632_standard version="1.0">
<header sfb_id="urml.maz-5010_tok" type="tok"/>

<markList xmlns:xlink="http://www.w3.org/1999/xlink" type="tok" xml:base="urml.maz-5010.text.xml">
<mark id="tok_1" xlink:href="#xpointer(string-range(//body,'',1,11))"/><!-- Augenschein -->
<mark id="tok_2" xlink:href="#xpointer(string-range(//body,'',13,3))"/><!-- Die -->
<mark id="tok_3" xlink:href="#xpointer(string-range(//body,'',17,12))"/><!-- US_Regierung -->
<mark id="tok_4" xlink:href="#xpointer(string-range(//body,'',30,5))"/><!-- macht -->
<mark id="tok_5" xlink:href="#xpointer(string-range(//body,'',36,6))"/><!-- dieser -->
<mark id="tok_6" xlink:href="#xpointer(string-range(//body,'',43,4))"/><!-- Tage -->
<mark id="tok_7" xlink:href="#xpointer(string-range(//body,'',48,5))"/><!-- Druck -->
<mark id="tok_8" xlink:href="#xpointer(string-range(//body,'',54,3))"/><!-- auf -->
<mark id="tok_9" xlink:href="#xpointer(string-range(//body,'',58,16))"/><!-- Fernsehstationen -->
<mark id="tok_10" xlink:href="#xpointer(string-range(//body,'',75,1))"/><!-- , -->
<mark id="tok_11" xlink:href="#xpointer(string-range(//body,'',77,16))"/><!-- Video_Ansprachen -->
<mark id="tok_12" xlink:href="#xpointer(string-range(//body,'',94,5))"/><!-- Osama -->
<mark id="tok_13" xlink:href="#xpointer(string-range(//body,'',100,3))"/><!-- bin -->
<mark id="tok_14" xlink:href="#xpointer(string-range(//body,'',104,6))"/><!-- Ladens -->
<mark id="tok_15" xlink:href="#xpointer(string-range(//body,'',111,3))"/><!-- gar -->
<mark id="tok_16" xlink:href="#xpointer(string-range(//body,'',115,5))"/><!-- nicht -->
<mark id="tok_17" xlink:href="#xpointer(string-range(//body,'',121,4))"/><!-- mehr -->
<mark id="tok_18" xlink:href="#xpointer(string-range(//body,'',126,4))"/><!-- oder -->
<mark id="tok_19" xlink:href="#xpointer(string-range(//body,'',131,3))"/><!-- nur -->
<mark id="tok_20" xlink:href="#xpointer(string-range(//body,'',135,5))"/><!-- stark -->
<mark id="tok_21" xlink:href="#xpointer(string-range(//body,'',141,7))"/><!-- gekÃ¼rzt -->
<mark id="tok_22" xlink:href="#xpointer(string-range(//body,'',149,2))"/><!-- zu -->
<mark id="tok_23" xlink:href="#xpointer(string-range(//body,'',152,6))"/><!-- senden -->
<mark id="tok_24" xlink:href="#xpointer(string-range(//body,'',159,1))"/><!-- . -->
<mark id="tok_25" xlink:href="#xpointer(string-range(//body,'',161,3))"/><!-- Das -->
<mark id="tok_26" xlink:href="#xpointer(string-range(//body,'',165,3))"/><!-- ist -->
<mark id="tok_27" xlink:href="#xpointer(string-range(//body,'',169,9))"/><!-- natÃ¼rlich -->
<mark id="tok_28" xlink:href="#xpointer(string-range(//body,'',179,3))"/><!-- ein -->
<mark id="tok_29" xlink:href="#xpointer(string-range(//body,'',183,8))"/><!-- Eingriff -->
<mark id="tok_30" xlink:href="#xpointer(string-range(//body,'',192,2))"/><!-- in -->
<mark id="tok_31" xlink:href="#xpointer(string-range(//body,'',195,3))"/><!-- die -->
<mark id="tok_32" xlink:href="#xpointer(string-range(//body,'',199,14))"/><!-- Pressefreiheit -->
<mark id="tok_33" xlink:href="#xpointer(string-range(//body,'',214,3))"/><!-- und -->
<mark id="tok_34" xlink:href="#xpointer(string-range(//body,'',218,4))"/><!-- doch -->
<mark id="tok_35" xlink:href="#xpointer(string-range(//body,'',223,3))"/><!-- ist -->
<mark id="tok_36" xlink:href="#xpointer(string-range(//body,'',227,5))"/><!-- nicht -->
<mark id="tok_37" xlink:href="#xpointer(string-range(//body,'',233,14))"/><!-- auszuschlieÃen -->
<mark id="tok_38" xlink:href="#xpointer(string-range(//body,'',248,1))"/><!-- , -->
<mark id="tok_39" xlink:href="#xpointer(string-range(//body,'',250,4))"/><!-- dass -->
<mark id="tok_40" xlink:href="#xpointer(string-range(//body,'',255,10))"/><!-- versteckte -->
<mark id="tok_41" xlink:href="#xpointer(string-range(//body,'',266,11))"/><!-- Botschaften -->
<mark id="tok_42" xlink:href="#xpointer(string-range(//body,'',278,3))"/><!-- zum -->
<mark id="tok_43" xlink:href="#xpointer(string-range(//body,'',282,1))"/><!-- " -->
<mark id="tok_44" xlink:href="#xpointer(string-range(//body,'',284,9))"/><!-- Aufwecken -->
<mark id="tok_45" xlink:href="#xpointer(string-range(//body,'',294,1))"/><!-- " -->
<mark id="tok_46" xlink:href="#xpointer(string-range(//body,'',296,2))"/><!-- so -->
<mark id="tok_47" xlink:href="#xpointer(string-range(//body,'',299,9))"/><!-- genannter -->
<mark id="tok_48" xlink:href="#xpointer(string-range(//body,'',309,1))"/><!-- " -->
<mark id="tok_49" xlink:href="#xpointer(string-range(//body,'',311,8))"/><!-- SchlÃ¤fer -->
<mark id="tok_50" xlink:href="#xpointer(string-range(//body,'',320,1))"/><!-- " -->
<mark id="tok_51" xlink:href="#xpointer(string-range(//body,'',322,5))"/><!-- darin -->
<mark id="tok_52" xlink:href="#xpointer(string-range(//body,'',328,9))"/><!-- verborgen -->
<mark id="tok_53" xlink:href="#xpointer(string-range(//body,'',338,4))"/><!-- sind -->
<mark id="tok_54" xlink:href="#xpointer(string-range(//body,'',343,1))"/><!-- . -->
<mark id="tok_55" xlink:href="#xpointer(string-range(//body,'',345,4))"/><!-- Eine -->
<mark id="tok_56" xlink:href="#xpointer(string-range(//body,'',350,9))"/><!-- westliche -->
<mark id="tok_57" xlink:href="#xpointer(string-range(//body,'',360,18))"/><!-- Journalistengruppe -->
<mark id="tok_58" xlink:href="#xpointer(string-range(//body,'',379,7))"/><!-- besucht -->
<mark id="tok_59" xlink:href="#xpointer(string-range(//body,'',387,3))"/><!-- auf -->
<mark id="tok_60" xlink:href="#xpointer(string-range(//body,'',391,9))"/><!-- Einladung -->
<mark id="tok_61" xlink:href="#xpointer(string-range(//body,'',401,3))"/><!-- der -->
<mark id="tok_62" xlink:href="#xpointer(string-range(//body,'',405,7))"/><!-- Taliban -->
<mark id="tok_63" xlink:href="#xpointer(string-range(//body,'',413,3))"/><!-- ein -->
<mark id="tok_64" xlink:href="#xpointer(string-range(//body,'',417,10))"/><!-- zerstÃ¶rtes -->
<mark id="tok_65" xlink:href="#xpointer(string-range(//body,'',428,4))"/><!-- Dorf -->
<mark id="tok_66" xlink:href="#xpointer(string-range(//body,'',433,2))"/><!-- in -->
<mark id="tok_67" xlink:href="#xpointer(string-range(//body,'',436,11))"/><!-- Afghanistan -->
<mark id="tok_68" xlink:href="#xpointer(string-range(//body,'',448,1))"/><!-- . -->
<mark id="tok_69" xlink:href="#xpointer(string-range(//body,'',450,3))"/><!-- Ein -->
<mark id="tok_70" xlink:href="#xpointer(string-range(//body,'',454,13))"/><!-- authentischer -->
<mark id="tok_71" xlink:href="#xpointer(string-range(//body,'',468,10))"/><!-- Ortstermin -->
<mark id="tok_72" xlink:href="#xpointer(string-range(//body,'',479,3))"/><!-- und -->
<mark id="tok_73" xlink:href="#xpointer(string-range(//body,'',483,4))"/><!-- doch -->
<mark id="tok_74" xlink:href="#xpointer(string-range(//body,'',488,6))"/><!-- wissen -->
<mark id="tok_75" xlink:href="#xpointer(string-range(//body,'',495,3))"/><!-- die -->
<mark id="tok_76" xlink:href="#xpointer(string-range(//body,'',499,16))"/><!-- Berichterstatter -->
<mark id="tok_77" xlink:href="#xpointer(string-range(//body,'',516,5))"/><!-- nicht -->
<mark id="tok_78" xlink:href="#xpointer(string-range(//body,'',522,8))"/><!-- wirklich -->
<mark id="tok_79" xlink:href="#xpointer(string-range(//body,'',531,1))"/><!-- , -->
<mark id="tok_80" xlink:href="#xpointer(string-range(//body,'',533,3))"/><!-- was -->
<mark id="tok_81" xlink:href="#xpointer(string-range(//body,'',537,3))"/><!-- sie -->
<mark id="tok_82" xlink:href="#xpointer(string-range(//body,'',541,2))"/><!-- da -->
<mark id="tok_83" xlink:href="#xpointer(string-range(//body,'',544,3))"/><!-- mit -->
<mark id="tok_84" xlink:href="#xpointer(string-range(//body,'',548,7))"/><!-- eigenen -->
<mark id="tok_85" xlink:href="#xpointer(string-range(//body,'',556,5))"/><!-- Augen -->
<mark id="tok_86" xlink:href="#xpointer(string-range(//body,'',562,5))"/><!-- sehen -->
<mark id="tok_87" xlink:href="#xpointer(string-range(//body,'',568,1))"/><!-- : -->
<mark id="tok_88" xlink:href="#xpointer(string-range(//body,'',570,3))"/><!-- Was -->
<mark id="tok_89" xlink:href="#xpointer(string-range(//body,'',574,3))"/><!-- war -->
<mark id="tok_90" xlink:href="#xpointer(string-range(//body,'',578,7))"/><!-- bereits -->
<mark id="tok_91" xlink:href="#xpointer(string-range(//body,'',586,8))"/><!-- zerstÃ¶rt -->
<mark id="tok_92" xlink:href="#xpointer(string-range(//body,'',595,1))"/><!-- ? -->
<mark id="tok_93" xlink:href="#xpointer(string-range(//body,'',597,3))"/><!-- Wer -->
<mark id="tok_94" xlink:href="#xpointer(string-range(//body,'',601,3))"/><!-- hat -->
<mark id="tok_95" xlink:href="#xpointer(string-range(//body,'',605,2))"/><!-- es -->
<mark id="tok_96" xlink:href="#xpointer(string-range(//body,'',608,8))"/><!-- zerstÃ¶rt -->
<mark id="tok_97" xlink:href="#xpointer(string-range(//body,'',617,1))"/><!-- ? -->
<mark id="tok_98" xlink:href="#xpointer(string-range(//body,'',619,3))"/><!-- Und -->
<mark id="tok_99" xlink:href="#xpointer(string-range(//body,'',623,2))"/><!-- zu -->
<mark id="tok_100" xlink:href="#xpointer(string-range(//body,'',626,6))"/><!-- wessen -->
<mark id="tok_101" xlink:href="#xpointer(string-range(//body,'',633,8))"/><!-- Werkzeug -->
<mark id="tok_102" xlink:href="#xpointer(string-range(//body,'',642,6))"/><!-- werden -->
<mark id="tok_103" xlink:href="#xpointer(string-range(//body,'',649,4))"/><!-- ihre -->
<mark id="tok_104" xlink:href="#xpointer(string-range(//body,'',654,10))"/><!-- Reportagen -->
<mark id="tok_105" xlink:href="#xpointer(string-range(//body,'',665,2))"/><!-- am -->
<mark id="tok_106" xlink:href="#xpointer(string-range(//body,'',668,4))"/><!-- Ende -->
<mark id="tok_107" xlink:href="#xpointer(string-range(//body,'',673,1))"/><!-- ? -->
<mark id="tok_108" xlink:href="#xpointer(string-range(//body,'',675,5))"/><!-- Allzu -->
<mark id="tok_109" xlink:href="#xpointer(string-range(//body,'',681,7))"/><!-- prÃ¤zise -->
<mark id="tok_110" xlink:href="#xpointer(string-range(//body,'',689,14))"/><!-- Treffer_Bilder -->
<mark id="tok_111" xlink:href="#xpointer(string-range(//body,'',704,3))"/><!-- aus -->
<mark id="tok_112" xlink:href="#xpointer(string-range(//body,'',708,10))"/><!-- Washington -->
<mark id="tok_113" xlink:href="#xpointer(string-range(//body,'',719,6))"/><!-- machen -->
<mark id="tok_114" xlink:href="#xpointer(string-range(//body,'',726,6))"/><!-- ebenso -->
<mark id="tok_115" xlink:href="#xpointer(string-range(//body,'',733,7))"/><!-- stutzig -->
<mark id="tok_116" xlink:href="#xpointer(string-range(//body,'',741,3))"/><!-- wie -->
<mark id="tok_117" xlink:href="#xpointer(string-range(//body,'',745,11))"/><!-- verblÃ¼ffend -->
<mark id="tok_118" xlink:href="#xpointer(string-range(//body,'',757,6))"/><!-- rasche -->
<mark id="tok_119" xlink:href="#xpointer(string-range(//body,'',764,9))"/><!-- Meldungen -->
<mark id="tok_120" xlink:href="#xpointer(string-range(//body,'',774,3))"/><!-- aus -->
<mark id="tok_121" xlink:href="#xpointer(string-range(//body,'',778,3))"/><!-- dem -->
<mark id="tok_122" xlink:href="#xpointer(string-range(//body,'',782,12))"/><!-- afghanischen -->
<mark id="tok_123" xlink:href="#xpointer(string-range(//body,'',795,5))"/><!-- Chaos -->
<mark id="tok_124" xlink:href="#xpointer(string-range(//body,'',801,4))"/><!-- Ã¼ber -->
<mark id="tok_125" xlink:href="#xpointer(string-range(//body,'',806,4))"/><!-- hohe -->
<mark id="tok_126" xlink:href="#xpointer(string-range(//body,'',811,11))"/><!-- Opferzahlen -->
<mark id="tok_127" xlink:href="#xpointer(string-range(//body,'',823,5))"/><!-- unter -->
<mark id="tok_128" xlink:href="#xpointer(string-range(//body,'',829,3))"/><!-- der -->
<mark id="tok_129" xlink:href="#xpointer(string-range(//body,'',833,16))"/><!-- ZivilbevÃ¶lkerung -->
<mark id="tok_130" xlink:href="#xpointer(string-range(//body,'',850,1))"/><!-- . -->
<mark id="tok_131" xlink:href="#xpointer(string-range(//body,'',852,3))"/><!-- Bei -->
<mark id="tok_132" xlink:href="#xpointer(string-range(//body,'',856,11))"/><!-- Nachrichten -->
<mark id="tok_133" xlink:href="#xpointer(string-range(//body,'',868,3))"/><!-- aus -->
<mark id="tok_134" xlink:href="#xpointer(string-range(//body,'',872,3))"/><!-- nur -->
<mark id="tok_135" xlink:href="#xpointer(string-range(//body,'',876,5))"/><!-- einer -->
<mark id="tok_136" xlink:href="#xpointer(string-range(//body,'',882,6))"/><!-- Quelle -->
<mark id="tok_137" xlink:href="#xpointer(string-range(//body,'',889,7))"/><!-- verhÃ¤lt -->
<mark id="tok_138" xlink:href="#xpointer(string-range(//body,'',897,2))"/><!-- es -->
<mark id="tok_139" xlink:href="#xpointer(string-range(//body,'',900,4))"/><!-- sich -->
<mark id="tok_140" xlink:href="#xpointer(string-range(//body,'',905,6))"/><!-- dieser -->
<mark id="tok_141" xlink:href="#xpointer(string-range(//body,'',912,4))"/><!-- Tage -->
<mark id="tok_142" xlink:href="#xpointer(string-range(//body,'',917,3))"/><!-- wie -->
<mark id="tok_143" xlink:href="#xpointer(string-range(//body,'',921,3))"/><!-- mit -->
<mark id="tok_144" xlink:href="#xpointer(string-range(//body,'',925,3))"/><!-- den -->
<mark id="tok_145" xlink:href="#xpointer(string-range(//body,'',929,12))"/><!-- Lotto_Zahlen -->
<mark id="tok_146" xlink:href="#xpointer(string-range(//body,'',942,1))"/><!-- : -->
<mark id="tok_147" xlink:href="#xpointer(string-range(//body,'',944,2))"/><!-- Es -->
<mark id="tok_148" xlink:href="#xpointer(string-range(//body,'',947,4))"/><!-- gibt -->
<mark id="tok_149" xlink:href="#xpointer(string-range(//body,'',952,5))"/><!-- keine -->
<mark id="tok_150" xlink:href="#xpointer(string-range(//body,'',958,6))"/><!-- GewÃ¤hr -->
<mark id="tok_151" xlink:href="#xpointer(string-range(//body,'',965,1))"/><!-- . -->
</markList>
</sfb632_standard>
