<?xml version="1.0" standalone="no"?>


<!DOCTYPE sfb632_standard SYSTEM "sfb632_feat.dtd">
<sfb632_standard version="1.0">

<header sfb_id="urml.maz-5010_func" type="func"/>

<featList xmlns:xlink="http://www.w3.org/1999/xlink" type="func" xml:base="urml.maz-5010.const.xml">

<feat xlink:href="#rel_1" value="nucleus"/><!--ugensch...-->
<feat xlink:href="#rel_2" value="satellite"/>
<feat xlink:href="#rel_3" value="nucleus"/><!--ie US_R...-->
<feat xlink:href="#rel_4" value="satellite"/><!--ideo_An...-->
<feat xlink:href="#rel_5" value="nucleus"/>
<feat xlink:href="#rel_6" value="satellite"/>
<feat xlink:href="#rel_7" value="nucleus"/><!--ei Nach...-->
<feat xlink:href="#rel_8" value="satellite"/><!--s gibt ...-->
<feat xlink:href="#rel_9" value="nucleus"/>
<feat xlink:href="#rel_10" value="satellite"/>
<feat xlink:href="#rel_11" value="nucleus"/><!--as ist ...-->
<feat xlink:href="#rel_12" value="satellite"/>
<feat xlink:href="#rel_13" value="nucleus"/><!--ine wes...-->
<feat xlink:href="#rel_14" value="satellite"/>
<feat xlink:href="#rel_15" value="nucleus"/><!--in auth...-->
<feat xlink:href="#rel_16" value="satellite"/>
<feat xlink:href="#rel_17" value="nucleus"/><!--as war ...-->
<feat xlink:href="#rel_18" value="nucleus"/><!--er hat ...-->
<feat xlink:href="#rel_19" value="nucleus"/><!--nd zu w...-->
<feat xlink:href="#rel_20" value="nucleus"/><!--llzu pr...-->
<feat xlink:href="#rel_21" value="satellite"/>
</featList>

</sfb632_standard>
