<?xml version="1.0" standalone="no"?>
<!DOCTYPE sfb632_standard SYSTEM "sfb632_struct.dtd">


<sfb632_standard version="1.0">
<header sfb_id="urml.maz-5010_const" type="const"/>

<structList xmlns:xlink="http://www.w3.org/1999/xlink" type="const">

<struct id="const_1">
<rel id="rel_1" xlink:href="urml.maz-5010.seg.xml#seg_1"/><!--ugensch...-->
<rel id="rel_2" xlink:href="const_5"/>
</struct>
<struct id="const_2">
<rel id="rel_3" xlink:href="urml.maz-5010.seg.xml#seg_2"/><!--ie US_R...-->
<rel id="rel_4" xlink:href="urml.maz-5010.seg.xml#seg_3"/><!--ideo_An...-->
</struct>
<struct id="const_3">
<rel id="rel_5" xlink:href="const_6"/>
<rel id="rel_6" xlink:href="const_7"/>
</struct>
<struct id="const_4">
<rel id="rel_7" xlink:href="urml.maz-5010.seg.xml#seg_11"/><!--ei Nach...-->
<rel id="rel_8" xlink:href="urml.maz-5010.seg.xml#seg_12"/><!--s gibt ...-->
</struct>
<struct id="const_5">
<rel id="rel_9" xlink:href="const_10"/>
<rel id="rel_10" xlink:href="const_4"/>
</struct>
<struct id="const_6">
<rel id="rel_11" xlink:href="urml.maz-5010.seg.xml#seg_4"/><!--as ist ...-->
<rel id="rel_12" xlink:href="const_2"/>
</struct>
<struct id="const_7">
<rel id="rel_13" xlink:href="urml.maz-5010.seg.xml#seg_5"/><!--ine wes...-->
<rel id="rel_14" xlink:href="const_8"/>
</struct>
<struct id="const_8">
<rel id="rel_15" xlink:href="urml.maz-5010.seg.xml#seg_6"/><!--in auth...-->
<rel id="rel_16" xlink:href="const_9"/>
</struct>
<struct id="const_9">
<rel id="rel_17" xlink:href="urml.maz-5010.seg.xml#seg_7"/><!--as war ...-->
<rel id="rel_18" xlink:href="urml.maz-5010.seg.xml#seg_8"/><!--er hat ...-->
<rel id="rel_19" xlink:href="urml.maz-5010.seg.xml#seg_9"/><!--nd zu w...-->
</struct>
<struct id="const_10">
<rel id="rel_20" xlink:href="urml.maz-5010.seg.xml#seg_10"/><!--llzu pr...-->
<rel id="rel_21" xlink:href="const_3"/>
</struct></structList>
</sfb632_standard>
