<?xml version="1.0" encoding="UTF-8" standalone="no"?>


<!DOCTYPE sfb632_standard SYSTEM "sfb632_feat.dtd">
<sfb632_standard version="1.0">

<header sfb_id="exmaralda.maz-10374_Focus_newInf" type="Focus_newInf"/>

<featList xmlns:xlink="http://www.w3.org/1999/xlink" type="Focus_newInf" xml:base="mmax.maz-10374.tok.xml">

<feat xlink:href="#xpointer(id('tok_8')/range-to(id('tok_11')))" value="nf-unsol"/><!-- zittert...Winzling -->
<feat xlink:href="#tok_21" value="nf-unsol"/><!-- stÃ¼rzte -->
<feat xlink:href="#xpointer(id('tok_28')/range-to(id('tok_35')))" value="nf-unsol"/><!-- die.... -->
<feat xlink:href="#xpointer(id('tok_46')/range-to(id('tok_61')))" value="nf-unsol"/><!-- wechselte...ein -->
<feat xlink:href="#tok_82" value="nf-unsol"/><!-- kÃ¶nnte -->
<feat xlink:href="#xpointer(id('tok_93')/range-to(id('tok_99')))" value="nf-unsol"/><!-- der...sein -->
<feat xlink:href="#xpointer(id('tok_118')/range-to(id('tok_146')))" value="nf-unsol"/><!-- steht...treiben -->
<feat xlink:href="#xpointer(id('tok_148')/range-to(id('tok_149')))" value="nf-unsol"/><!-- Dabei...haben -->
<feat xlink:href="#xpointer(id('tok_153')/range-to(id('tok_169')))" value="nf-unsol"/><!-- einen...FuÃballgott -->
</featList>

</sfb632_standard>
