<?xml version="1.0" encoding="UTF-8" standalone="no"?>


<!DOCTYPE sfb632_standard SYSTEM "sfb632_feat.dtd">
<sfb632_standard version="1.0">

<header sfb_id="exmaralda.maz-10374_NP" type="NP"/>

<featList xmlns:xlink="http://www.w3.org/1999/xlink" type="NP" xml:base="mmax.maz-10374.tok.xml">

<feat xlink:href="#xpointer(id('tok_5')/range-to(id('tok_7')))" value="NP"/><!-- Die...FuÃball_Weltmacht -->
<feat xlink:href="#xpointer(id('tok_10')/range-to(id('tok_11')))" value="NP"/><!-- einem...Winzling -->
<feat xlink:href="#xpointer(id('tok_14')/range-to(id('tok_15')))" value="NP"/><!-- seinem...Tor -->
<feat xlink:href="#tok_17" value="NP"/><!-- 1:0 -->
<feat xlink:href="#xpointer(id('tok_19')/range-to(id('tok_20')))" value="NP"/><!-- die...Ukraine -->
<feat xlink:href="#xpointer(id('tok_22')/range-to(id('tok_27')))" value="NP"/><!-- der...Subow -->
<feat xlink:href="#xpointer(id('tok_28')/range-to(id('tok_30')))" value="NP"/><!-- die...Nationalelf -->
<feat xlink:href="#xpointer(id('tok_33')/range-to(id('tok_34')))" value="NP"/><!-- ein...Trauma -->
<feat xlink:href="#xpointer(id('tok_37')/range-to(id('tok_40')))" value="NP"/><!-- den...GÃ¤sten -->
<feat xlink:href="#xpointer(id('tok_41')/range-to(id('tok_42')))" value="NP"/><!-- der...Ausgleich -->
<feat xlink:href="#xpointer(id('tok_47')/range-to(id('tok_56')))" value="NP"/><!-- der...Coach -->
<feat xlink:href="#xpointer(id('tok_58')/range-to(id('tok_60')))" value="NP"/><!-- zwei...Leichtgewichte -->
<feat xlink:href="#tok_65" value="NP"/><!-- das -->
<feat xlink:href="#xpointer(id('tok_67')/range-to(id('tok_68')))" value="NP"/><!-- morgen...Abend -->
<feat xlink:href="#xpointer(id('tok_70')/range-to(id('tok_71')))" value="NP"/><!-- zweiten...Spiel -->
<feat xlink:href="#xpointer(id('tok_75')/range-to(id('tok_77')))" value="NP"/><!-- die...Knirpse -->
<feat xlink:href="#tok_79" value="NP"/><!-- Anbeginn -->
<feat xlink:href="#xpointer(id('tok_83')/range-to(id('tok_89')))" value="NP"/><!-- der...Mannschaft -->
<feat xlink:href="#xpointer(id('tok_91')/range-to(id('tok_92')))" value="NP"/><!-- Rudi...VÃ¶ller -->
<feat xlink:href="#xpointer(id('tok_93')/range-to(id('tok_94')))" value="NP"/><!-- der...Weg -->
<feat xlink:href="#tok_96" value="NP"/><!-- Weltmeisterschaft -->
<feat xlink:href="#xpointer(id('tok_103')/range-to(id('tok_104')))" value="NP"/><!-- die...Kicker -->
<feat xlink:href="#xpointer(id('tok_110')/range-to(id('tok_111')))" value="NP"/><!-- der...Gegner -->
<feat xlink:href="#xpointer(id('tok_114')/range-to(id('tok_115')))" value="NP"/><!-- Die...FuÃball_Kleinmacht -->
<feat xlink:href="#tok_117" value="NP"/><!-- Dnepr -->
<feat xlink:href="#xpointer(id('tok_122')/range-to(id('tok_131')))" value="NP"/><!-- das...Team -->
<feat xlink:href="#xpointer(id('tok_133')/range-to(id('tok_135')))" value="NP"/><!-- der...Kluft -->
<feat xlink:href="#xpointer(id('tok_137')/range-to(id('tok_139')))" value="NP"/><!-- eine...Nation -->
<feat xlink:href="#xpointer(id('tok_141')/range-to(id('tok_144')))" value="NP"/><!-- das...TrÃ¤nen -->
<feat xlink:href="#xpointer(id('tok_150')/range-to(id('tok_152')))" value="NP"/><!-- die...Nationalkicker -->
<feat xlink:href="#xpointer(id('tok_153')/range-to(id('tok_157')))" value="NP"/><!-- einen..." -->
<feat xlink:href="#xpointer(id('tok_159')/range-to(id('tok_160')))" value="NP"/><!-- der...Bank -->
<feat xlink:href="#xpointer(id('tok_162')/range-to(id('tok_164')))" value="NP"/><!-- einen...Beckenbauer -->
<feat xlink:href="#xpointer(id('tok_166')/range-to(id('tok_167')))" value="NP"/><!-- heiÃem...Draht -->
<feat xlink:href="#tok_169" value="NP"/><!-- FuÃballgott -->
<feat xlink:href="#tok_172" value="NP"/><!-- euch -->
</featList>

</sfb632_standard>
