<?xml version="1.0" encoding="UTF-8" standalone="no"?>


<!DOCTYPE sfb632_standard SYSTEM "sfb632_feat.dtd">
<sfb632_standard version="1.0">

<header sfb_id="exmaralda.maz-10374_Inf-Stat" type="Inf-Stat"/>

<featList xmlns:xlink="http://www.w3.org/1999/xlink" type="Inf-Stat" xml:base="mmax.maz-10374.tok.xml">

<feat xlink:href="#xpointer(id('tok_5')/range-to(id('tok_7')))" value="new"/><!-- Die...FuÃball_Weltmacht -->
<feat xlink:href="#xpointer(id('tok_9')/range-to(id('tok_11')))" value="new"/><!-- vor...Winzling -->
<feat xlink:href="#xpointer(id('tok_14')/range-to(id('tok_15')))" value="new"/><!-- seinem...Tor -->
<feat xlink:href="#xpointer(id('tok_19')/range-to(id('tok_20')))" value="acc-gen"/><!-- die...Ukraine -->
<feat xlink:href="#xpointer(id('tok_22')/range-to(id('tok_27')))" value="giv-active"/><!-- der...Subow -->
<feat xlink:href="#xpointer(id('tok_28')/range-to(id('tok_30')))" value="acc-gen"/><!-- die...Nationalelf -->
<feat xlink:href="#xpointer(id('tok_37')/range-to(id('tok_40')))" value="giv-active"/><!-- den...GÃ¤sten -->
<feat xlink:href="#xpointer(id('tok_41')/range-to(id('tok_42')))" value="acc-inf"/><!-- der...Ausgleich -->
<feat xlink:href="#xpointer(id('tok_47')/range-to(id('tok_56')))" value="acc-inf"/><!-- der...Coach -->
<feat xlink:href="#xpointer(id('tok_58')/range-to(id('tok_60')))" value="acc-inf"/><!-- zwei...Leichtgewichte -->
<feat xlink:href="#xpointer(id('tok_70')/range-to(id('tok_71')))" value="acc-gen"/><!-- zweiten...Spiel -->
<feat xlink:href="#xpointer(id('tok_75')/range-to(id('tok_77')))" value="giv-inactive"/><!-- die...Knirpse -->
<feat xlink:href="#tok_79" value="acc-inf"/><!-- Anbeginn -->
<feat xlink:href="#xpointer(id('tok_83')/range-to(id('tok_89')))" value="giv-inactive"/><!-- der...Mannschaft -->
<feat xlink:href="#xpointer(id('tok_91')/range-to(id('tok_92')))" value="new"/><!-- Rudi...VÃ¶ller -->
<feat xlink:href="#tok_96" value="acc-gen"/><!-- Weltmeisterschaft -->
<feat xlink:href="#xpointer(id('tok_103')/range-to(id('tok_104')))" value="acc-gen"/><!-- die...Kicker -->
<feat xlink:href="#xpointer(id('tok_110')/range-to(id('tok_111')))" value="giv-active"/><!-- der...Gegner -->
<feat xlink:href="#xpointer(id('tok_114')/range-to(id('tok_115')))" value="giv-inactive"/><!-- Die...FuÃball_Kleinmacht -->
<feat xlink:href="#tok_117" value="acc-gen"/><!-- Dnepr -->
<feat xlink:href="#xpointer(id('tok_122')/range-to(id('tok_131')))" value="giv-inactive"/><!-- das...Team -->
<feat xlink:href="#xpointer(id('tok_133')/range-to(id('tok_135')))" value="acc-inf"/><!-- der...Kluft -->
<feat xlink:href="#xpointer(id('tok_137')/range-to(id('tok_139')))" value="acc-gen"/><!-- eine...Nation -->
<feat xlink:href="#xpointer(id('tok_141')/range-to(id('tok_144')))" value="idiom"/><!-- das...TrÃ¤nen -->
<feat xlink:href="#xpointer(id('tok_150')/range-to(id('tok_152')))" value="giv-active"/><!-- die...Nationalkicker -->
<feat xlink:href="#xpointer(id('tok_153')/range-to(id('tok_157')))" value="giv-inactive"/><!-- einen..." -->
<feat xlink:href="#xpointer(id('tok_159')/range-to(id('tok_160')))" value="acc-gen"/><!-- der...Bank -->
<feat xlink:href="#xpointer(id('tok_162')/range-to(id('tok_164')))" value="acc-gen"/><!-- einen...Beckenbauer -->
<feat xlink:href="#xpointer(id('tok_166')/range-to(id('tok_167')))" value="idiom"/><!-- heiÃem...Draht -->
<feat xlink:href="#tok_169" value="idiom"/><!-- FuÃballgott -->
<feat xlink:href="#tok_172" value="acc-sit"/><!-- euch -->
</featList>

</sfb632_standard>
