<?xml version="1.0" encoding="UTF-8" standalone="no"?>


<!DOCTYPE sfb632_standard SYSTEM "sfb632_feat.dtd">
<sfb632_standard version="1.0">

<header sfb_id="exmaralda.maz-10374_Sent" type="Sent"/>

<featList xmlns:xlink="http://www.w3.org/1999/xlink" type="Sent" xml:base="mmax.maz-10374.tok.xml">

<feat xlink:href="#xpointer(id('tok_5')/range-to(id('tok_12')))" value="s"/><!-- Die.... -->
<feat xlink:href="#xpointer(id('tok_13')/range-to(id('tok_35')))" value="s"/><!-- Mit.... -->
<feat xlink:href="#xpointer(id('tok_36')/range-to(id('tok_62')))" value="s"/><!-- Nachdem.... -->
<feat xlink:href="#xpointer(id('tok_63')/range-to(id('tok_73')))" value="s"/><!-- Was...? -->
<feat xlink:href="#xpointer(id('tok_74')/range-to(id('tok_100')))" value="s"/><!-- Wenn.... -->
<feat xlink:href="#xpointer(id('tok_101')/range-to(id('tok_113')))" value="s"/><!-- Je.... -->
<feat xlink:href="#xpointer(id('tok_114')/range-to(id('tok_147')))" value="s"/><!-- Die.... -->
<feat xlink:href="#xpointer(id('tok_148')/range-to(id('tok_170')))" value="s"/><!-- Dabei.... -->
<feat xlink:href="#xpointer(id('tok_171')/range-to(id('tok_173')))" value="s"/><!-- FÃ¼rchtet...nicht -->
</featList>

</sfb632_standard>
