<?xml version="1.0" encoding="UTF-8" standalone="no"?>


<!DOCTYPE sfb632_standard SYSTEM "sfb632_feat.dtd">
<sfb632_standard version="1.0">

<header sfb_id="exmaralda.maz-10374_PP" type="PP"/>

<featList xmlns:xlink="http://www.w3.org/1999/xlink" type="PP" xml:base="mmax.maz-10374.tok.xml">

<feat xlink:href="#xpointer(id('tok_9')/range-to(id('tok_11')))" value="PP"/><!-- vor...Winzling -->
<feat xlink:href="#xpointer(id('tok_13')/range-to(id('tok_15')))" value="PP"/><!-- Mit...Tor -->
<feat xlink:href="#xpointer(id('tok_16')/range-to(id('tok_17')))" value="PP"/><!-- zum...1:0 -->
<feat xlink:href="#xpointer(id('tok_18')/range-to(id('tok_20')))" value="PP"/><!-- fÃ¼r...Ukraine -->
<feat xlink:href="#xpointer(id('tok_32')/range-to(id('tok_34')))" value="PP"/><!-- in...Trauma -->
<feat xlink:href="#xpointer(id('tok_48')/range-to(id('tok_50')))" value="PP"/><!-- wie...Mumie -->
<feat xlink:href="#xpointer(id('tok_51')/range-to(id('tok_53')))" value="PP"/><!-- auf...Bank -->
<feat xlink:href="#xpointer(id('tok_69')/range-to(id('tok_71')))" value="PP"/><!-- im...Spiel -->
<feat xlink:href="#xpointer(id('tok_78')/range-to(id('tok_79')))" value="PP"/><!-- von...Anbeginn -->
<feat xlink:href="#xpointer(id('tok_84')/range-to(id('tok_87')))" value="PP"/><!-- um...Reputation -->
<feat xlink:href="#xpointer(id('tok_90')/range-to(id('tok_92')))" value="PP"/><!-- von...VÃ¶ller -->
<feat xlink:href="#xpointer(id('tok_95')/range-to(id('tok_96')))" value="PP"/><!-- zur...Weltmeisterschaft -->
<feat xlink:href="#xpointer(id('tok_116')/range-to(id('tok_117')))" value="PP"/><!-- vom...Dnepr -->
<feat xlink:href="#xpointer(id('tok_124')/range-to(id('tok_126')))" value="PP"/><!-- mit...Dauerabonnement -->
<feat xlink:href="#xpointer(id('tok_127')/range-to(id('tok_129')))" value="PP"/><!-- fÃ¼r...WM -->
<feat xlink:href="#xpointer(id('tok_132')/range-to(id('tok_135')))" value="PP"/><!-- in...Kluft -->
<feat xlink:href="#xpointer(id('tok_140')/range-to(id('tok_144')))" value="PP"/><!-- in...TrÃ¤nen -->
<feat xlink:href="#xpointer(id('tok_158')/range-to(id('tok_160')))" value="PP"/><!-- auf...Bank -->
<feat xlink:href="#xpointer(id('tok_165')/range-to(id('tok_167')))" value="PP"/><!-- mit...Draht -->
<feat xlink:href="#xpointer(id('tok_168')/range-to(id('tok_169')))" value="PP"/><!-- zum...FuÃballgott -->
</featList>

</sfb632_standard>
