<?xml version="1.0" encoding="UTF-8" standalone="no"?>


<!DOCTYPE sfb632_standard SYSTEM "sfb632_feat.dtd">
<sfb632_standard version="1.0">

<header sfb_id="exmaralda.maz-10374_Topic" type="Topic"/>

<featList xmlns:xlink="http://www.w3.org/1999/xlink" type="Topic" xml:base="mmax.maz-10374.tok.xml">

<feat xlink:href="#xpointer(id('tok_5')/range-to(id('tok_7')))" value="ab"/><!-- Die...FuÃball_Weltmacht -->
<feat xlink:href="#xpointer(id('tok_13')/range-to(id('tok_20')))" value="fs"/><!-- Mit...Ukraine -->
<feat xlink:href="#xpointer(id('tok_22')/range-to(id('tok_27')))" value="ab"/><!-- der...Subow -->
<feat xlink:href="#xpointer(id('tok_36')/range-to(id('tok_45')))" value="fs"/><!-- Nachdem..., -->
<feat xlink:href="#xpointer(id('tok_66')/range-to(id('tok_68')))" value="fs"/><!-- erst...Abend -->
<feat xlink:href="#xpointer(id('tok_74')/range-to(id('tok_81')))" value="fs"/><!-- Wenn..., -->
<feat xlink:href="#xpointer(id('tok_83')/range-to(id('tok_92')))" value="ab"/><!-- der...VÃ¶ller -->
<feat xlink:href="#xpointer(id('tok_114')/range-to(id('tok_117')))" value="ab"/><!-- Die...Dnepr -->
<feat xlink:href="#xpointer(id('tok_150')/range-to(id('tok_152')))" value="ab"/><!-- die...Nationalkicker -->
</featList>

</sfb632_standard>
