<?xml version="1.0" standalone="no"?>
<!DOCTYPE sfb632_standard SYSTEM "sfb632_feat.dtd">



<sfb632_standard version="1.0">

<header sfb_id="mmax.maz-4181_sent" type="sent"/>

<featList xmlns:xlink="http://www.w3.org/1999/xlink" type="sentence" xml:base="tiger.ID_maz-4181.tok.xml">
<feat value="S" xlink:href="#xpointer(id('tok_1')/range-to(id('tok_7')))"/>
<feat value="S" xlink:href="#xpointer(id('tok_8')/range-to(id('tok_16')))"/>
<feat value="S" xlink:href="#xpointer(id('tok_17')/range-to(id('tok_28')))"/>
<feat value="S" xlink:href="#xpointer(id('tok_29')/range-to(id('tok_53')))"/>
<feat value="S" xlink:href="#xpointer(id('tok_54')/range-to(id('tok_76')))"/>
<feat value="S" xlink:href="#xpointer(id('tok_77')/range-to(id('tok_84')))"/>
<feat value="S" xlink:href="#xpointer(id('tok_85')/range-to(id('tok_90')))"/>
<feat value="S" xlink:href="#xpointer(id('tok_91')/range-to(id('tok_104')))"/>
<feat value="S" xlink:href="#xpointer(id('tok_115')/range-to(id('tok_122')))"/>
<feat value="S" xlink:href="#xpointer(id('tok_123')/range-to(id('tok_136')))"/>
<feat value="S" xlink:href="#xpointer(id('tok_137')/range-to(id('tok_149')))"/>
<feat value="S" xlink:href="#xpointer(id('tok_150')/range-to(id('tok_158')))"/>
<feat value="S" xlink:href="#xpointer(id('tok_159')/range-to(id('tok_179')))"/>
<feat value="S" xlink:href="#xpointer(id('tok_180')/range-to(id('tok_187')))"/>
<feat value="S" xlink:href="#xpointer(id('tok_105')/range-to(id('tok_114')))"/>
</featList>

</sfb632_standard>

