<?xml version="1.0" standalone="no"?>
<!DOCTYPE sfb632_standard SYSTEM "sfb632_feat.dtd">


<sfb632_standard version="1.0">

<header sfb_id="mmax.maz-4181_anaphor_type" type="anaphor_type"/>

<featList xmlns:xlink="http://www.w3.org/1999/xlink" type="anaphor_type" xml:base="mmax.maz-4181.primmarkSeg.xml">
<feat xlink:href="#primmarkSeg_1000182" value="anaphor_nominal"/>
<feat xlink:href="#primmarkSeg_100017" value="anaphor_nominal"/>
<feat xlink:href="#primmarkSeg_33" value="anaphor_nominal"/>
<feat xlink:href="#primmarkSeg_1000126" value="anaphor_nominal"/>
<feat xlink:href="#primmarkSeg_100039" value="anaphor_nominal"/>
<feat xlink:href="#primmarkSeg_1000105" value="anaphor_nominal"/>
<feat xlink:href="#primmarkSeg_17" value="anaphor_nominal"/>
<feat xlink:href="#primmarkSeg_75" value="anaphor_nominal"/>
<feat xlink:href="#primmarkSeg_100085" value="anaphor_nominal"/>
<feat xlink:href="#primmarkSeg_100022" value="anaphor_nominal"/>
<feat xlink:href="#primmarkSeg_1000185" value="anaphor_nominal"/>
<feat xlink:href="#primmarkSeg_100035" value="anaphor_nominal"/>
<feat xlink:href="#primmarkSeg_58" value="anaphor_nominal"/>
<feat xlink:href="#primmarkSeg_48" value="anaphor_nominal"/>
<feat xlink:href="#primmarkSeg_73" value="anaphor_nominal"/>
<feat xlink:href="#primmarkSeg_15" value="anaphor_nominal"/>
</featList>
</sfb632_standard>
