<?xml version="1.0" standalone="no"?>
<!DOCTYPE sfb632_standard SYSTEM "sfb632_feat.dtd">


<sfb632_standard version="1.0">

<header sfb_id="mmax.maz-4181_complex_np" type="complex_np"/>

<featList xmlns:xlink="http://www.w3.org/1999/xlink" type="complex_np" xml:base="mmax.maz-4181.primmarkSeg.xml">
<feat xlink:href="#primmarkSeg_1000182" value="no"/>
<feat xlink:href="#primmarkSeg_18" value="no"/>
<feat xlink:href="#primmarkSeg_100017" value="no"/>
<feat xlink:href="#primmarkSeg_33" value="no"/>
<feat xlink:href="#primmarkSeg_76" value="no"/>
<feat xlink:href="#primmarkSeg_1000126" value="no"/>
<feat xlink:href="#primmarkSeg_100039" value="no"/>
<feat xlink:href="#primmarkSeg_1000105" value="no"/>
<feat xlink:href="#primmarkSeg_42" value="no"/>
<feat xlink:href="#primmarkSeg_17" value="no"/>
<feat xlink:href="#primmarkSeg_75" value="no"/>
<feat xlink:href="#primmarkSeg_26" value="no"/>
<feat xlink:href="#primmarkSeg_100085" value="no"/>
<feat xlink:href="#primmarkSeg_34" value="yes"/>
<feat xlink:href="#primmarkSeg_82" value="yes"/>
<feat xlink:href="#primmarkSeg_1000187" value="yes"/>
<feat xlink:href="#primmarkSeg_6" value="no"/>
<feat xlink:href="#primmarkSeg_100022" value="no"/>
<feat xlink:href="#primmarkSeg_1000185" value="no"/>
<feat xlink:href="#primmarkSeg_100035" value="no"/>
<feat xlink:href="#primmarkSeg_81" value="no"/>
<feat xlink:href="#primmarkSeg_58" value="no"/>
<feat xlink:href="#primmarkSeg_1" value="no"/>
<feat xlink:href="#primmarkSeg_68" value="no"/>
<feat xlink:href="#primmarkSeg_48" value="no"/>
<feat xlink:href="#primmarkSeg_73" value="no"/>
<feat xlink:href="#primmarkSeg_62" value="no"/>
<feat xlink:href="#primmarkSeg_15" value="no"/>
<feat xlink:href="#primmarkSeg_63" value="no"/>
<feat xlink:href="#primmarkSeg_9" value="no"/>
<feat xlink:href="#primmarkSeg_29" value="yes"/>
</featList>
</sfb632_standard>
