<?xml version="1.0" standalone="no"?>
<!DOCTYPE sfb632_standard SYSTEM "sfb632_feat.dtd">


<sfb632_standard version="1.0">

<header sfb_id="mmax.maz-4181_phrase_type" type="phrase_type"/>

<featList xmlns:xlink="http://www.w3.org/1999/xlink" type="phrase_type" xml:base="mmax.maz-4181.primmarkSeg.xml">
<feat xlink:href="#primmarkSeg_1000182" value="pp"/>
<feat xlink:href="#primmarkSeg_18" value="np"/>
<feat xlink:href="#primmarkSeg_100017" value="np"/>
<feat xlink:href="#primmarkSeg_33" value="pp"/>
<feat xlink:href="#primmarkSeg_76" value="np"/>
<feat xlink:href="#primmarkSeg_1000126" value="pp"/>
<feat xlink:href="#primmarkSeg_100039" value="np"/>
<feat xlink:href="#primmarkSeg_1000105" value="np"/>
<feat xlink:href="#primmarkSeg_42" value="pp"/>
<feat xlink:href="#primmarkSeg_17" value="pp"/>
<feat xlink:href="#primmarkSeg_75" value="pp"/>
<feat xlink:href="#primmarkSeg_26" value="np"/>
<feat xlink:href="#primmarkSeg_100085" value="pp"/>
<feat xlink:href="#primmarkSeg_34" value="np"/>
<feat xlink:href="#primmarkSeg_82" value="np"/>
<feat xlink:href="#primmarkSeg_1000187" value="np"/>
<feat xlink:href="#primmarkSeg_6" value="pp"/>
<feat xlink:href="#primmarkSeg_100022" value="np"/>
<feat xlink:href="#primmarkSeg_1000185" value="np"/>
<feat xlink:href="#primmarkSeg_100035" value="np"/>
<feat xlink:href="#primmarkSeg_81" value="np"/>
<feat xlink:href="#primmarkSeg_58" value="pp"/>
<feat xlink:href="#primmarkSeg_1" value="np"/>
<feat xlink:href="#primmarkSeg_68" value="np"/>
<feat xlink:href="#primmarkSeg_48" value="pp"/>
<feat xlink:href="#primmarkSeg_73" value="pp"/>
<feat xlink:href="#primmarkSeg_62" value="np"/>
<feat xlink:href="#primmarkSeg_15" value="np"/>
<feat xlink:href="#primmarkSeg_63" value="pp"/>
<feat xlink:href="#primmarkSeg_9" value="pp"/>
<feat xlink:href="#primmarkSeg_29" value="pp"/>
</featList>
</sfb632_standard>
