<?xml version="1.0" standalone="no"?>
<!DOCTYPE sfb632_standard SYSTEM "sfb632_feat.dtd">


<sfb632_standard version="1.0">

<header sfb_id="mmax.maz-4181_referentiality" type="referentiality"/>

<featList xmlns:xlink="http://www.w3.org/1999/xlink" type="referentiality" xml:base="mmax.maz-4181.primmarkSeg.xml">
<feat xlink:href="#primmarkSeg_1000182" value="referring"/>
<feat xlink:href="#primmarkSeg_18" value="discourse-new"/>
<feat xlink:href="#primmarkSeg_100017" value="referring"/>
<feat xlink:href="#primmarkSeg_33" value="referring"/>
<feat xlink:href="#primmarkSeg_76" value="discourse-new"/>
<feat xlink:href="#primmarkSeg_1000126" value="referring"/>
<feat xlink:href="#primmarkSeg_100039" value="referring"/>
<feat xlink:href="#primmarkSeg_1000105" value="discourse-new"/>
<feat xlink:href="#primmarkSeg_42" value="discourse-new"/>
<feat xlink:href="#primmarkSeg_17" value="referring"/>
<feat xlink:href="#primmarkSeg_75" value="referring"/>
<feat xlink:href="#primmarkSeg_26" value="discourse-new"/>
<feat xlink:href="#primmarkSeg_100085" value="referring"/>
<feat xlink:href="#primmarkSeg_34" value="discourse-new"/>
<feat xlink:href="#primmarkSeg_82" value="discourse-new"/>
<feat xlink:href="#primmarkSeg_1000187" value="discourse-new"/>
<feat xlink:href="#primmarkSeg_6" value="discourse-new"/>
<feat xlink:href="#primmarkSeg_100022" value="referring"/>
<feat xlink:href="#primmarkSeg_1000185" value="referring"/>
<feat xlink:href="#primmarkSeg_100035" value="referring"/>
<feat xlink:href="#primmarkSeg_81" value="discourse-new"/>
<feat xlink:href="#primmarkSeg_58" value="referring"/>
<feat xlink:href="#primmarkSeg_1" value="discourse-new"/>
<feat xlink:href="#primmarkSeg_68" value="discourse-new"/>
<feat xlink:href="#primmarkSeg_48" value="referring"/>
<feat xlink:href="#primmarkSeg_73" value="referring"/>
<feat xlink:href="#primmarkSeg_62" value="discourse-new"/>
<feat xlink:href="#primmarkSeg_15" value="referring"/>
<feat xlink:href="#primmarkSeg_63" value="discourse-new"/>
<feat xlink:href="#primmarkSeg_9" value="discourse-new"/>
<feat xlink:href="#primmarkSeg_29" value="discourse-new"/>
</featList>
</sfb632_standard>
