<?xml version="1.0" standalone="no"?>
<!DOCTYPE sfb632_standard SYSTEM "sfb632_feat.dtd">


<sfb632_standard version="1.0">

<header sfb_id="mmax.maz-4181_anaphor_antecedent" type="anaphor_antecedent"/>

<featList xmlns:xlink="http://www.w3.org/1999/xlink" type="anaphor_antecedent" xml:base="mmax.maz-4181.primmarkSeg.xml">
<feat xlink:href="#primmarkSeg_1000182" value="default" target="empty"/>
<feat xlink:href="#primmarkSeg_18" value="default" target="empty"/>
<feat xlink:href="#primmarkSeg_100017" value="default" target="#primmarkSeg_1000186"/>
<feat xlink:href="#primmarkSeg_33" value="default" target="#primmarkSeg_1"/>
<feat xlink:href="#primmarkSeg_76" value="default" target="empty"/>
<feat xlink:href="#primmarkSeg_1000126" value="default" target="empty"/>
<feat xlink:href="#primmarkSeg_100039" value="default" target="#primmarkSeg_100035"/>
<feat xlink:href="#primmarkSeg_1000105" value="default" target="empty"/>
<feat xlink:href="#primmarkSeg_42" value="default" target="empty"/>
<feat xlink:href="#primmarkSeg_17" value="default" target="#primmarkSeg_6"/>
<feat xlink:href="#primmarkSeg_75" value="default" target="#primmarkSeg_17"/>
<feat xlink:href="#primmarkSeg_26" value="default" target="empty"/>
<feat xlink:href="#primmarkSeg_100085" value="default" target="empty"/>
<feat xlink:href="#primmarkSeg_34" value="default" target="empty"/>
<feat xlink:href="#primmarkSeg_82" value="default" target="empty"/>
<feat xlink:href="#primmarkSeg_1000187" value="default" target="empty"/>
<feat xlink:href="#primmarkSeg_6" value="default" target="empty"/>
<feat xlink:href="#primmarkSeg_100022" value="default" target="#primmarkSeg_100017"/>
<feat xlink:href="#primmarkSeg_1000185" value="default" target="#primmarkSeg_48"/>
<feat xlink:href="#primmarkSeg_100035" value="default" target="#primmarkSeg_15"/>
<feat xlink:href="#primmarkSeg_81" value="default" target="empty"/>
<feat xlink:href="#primmarkSeg_58" value="default" target="#primmarkSeg_1000187"/>
<feat xlink:href="#primmarkSeg_1" value="default" target="empty"/>
<feat xlink:href="#primmarkSeg_68" value="default" target="empty"/>
<feat xlink:href="#primmarkSeg_48" value="default" target="#primmarkSeg_100039"/>
<feat xlink:href="#primmarkSeg_73" value="default" target="#primmarkSeg_58"/>
<feat xlink:href="#primmarkSeg_62" value="default" target="empty"/>
<feat xlink:href="#primmarkSeg_15" value="default" target="#primmarkSeg_100022"/>
<feat xlink:href="#primmarkSeg_63" value="default" target="empty"/>
<feat xlink:href="#primmarkSeg_9" value="default" target="empty"/>
<feat xlink:href="#primmarkSeg_29" value="default" target="empty"/>
</featList>
</sfb632_standard>
