<?xml version="1.0" standalone="no"?>
<!DOCTYPE sfb632_standard SYSTEM "sfb632_feat.dtd">


<sfb632_standard version="1.0">

<header sfb_id="mmax.maz-4181_dir_speech" type="dir_speech"/>

<featList xmlns:xlink="http://www.w3.org/1999/xlink" type="dir_speech" xml:base="mmax.maz-4181.primmarkSeg.xml">
<feat xlink:href="#primmarkSeg_1000182" value="text_level"/>
<feat xlink:href="#primmarkSeg_18" value="text_level"/>
<feat xlink:href="#primmarkSeg_100017" value="text_level"/>
<feat xlink:href="#primmarkSeg_33" value="text_level"/>
<feat xlink:href="#primmarkSeg_76" value="text_level"/>
<feat xlink:href="#primmarkSeg_1000126" value="text_level"/>
<feat xlink:href="#primmarkSeg_100039" value="text_level"/>
<feat xlink:href="#primmarkSeg_1000105" value="text_level"/>
<feat xlink:href="#primmarkSeg_42" value="text_level"/>
<feat xlink:href="#primmarkSeg_17" value="text_level"/>
<feat xlink:href="#primmarkSeg_75" value="text_level"/>
<feat xlink:href="#primmarkSeg_26" value="text_level"/>
<feat xlink:href="#primmarkSeg_100085" value="text_level"/>
<feat xlink:href="#primmarkSeg_34" value="text_level"/>
<feat xlink:href="#primmarkSeg_82" value="text_level"/>
<feat xlink:href="#primmarkSeg_1000187" value="text_level"/>
<feat xlink:href="#primmarkSeg_6" value="text_level"/>
<feat xlink:href="#primmarkSeg_100022" value="text_level"/>
<feat xlink:href="#primmarkSeg_1000185" value="text_level"/>
<feat xlink:href="#primmarkSeg_100035" value="text_level"/>
<feat xlink:href="#primmarkSeg_81" value="text_level"/>
<feat xlink:href="#primmarkSeg_58" value="text_level"/>
<feat xlink:href="#primmarkSeg_1" value="text_level"/>
<feat xlink:href="#primmarkSeg_68" value="text_level"/>
<feat xlink:href="#primmarkSeg_48" value="text_level"/>
<feat xlink:href="#primmarkSeg_73" value="text_level"/>
<feat xlink:href="#primmarkSeg_62" value="text_level"/>
<feat xlink:href="#primmarkSeg_15" value="text_level"/>
<feat xlink:href="#primmarkSeg_63" value="text_level"/>
<feat xlink:href="#primmarkSeg_9" value="text_level"/>
<feat xlink:href="#primmarkSeg_29" value="text_level"/>
</featList>
</sfb632_standard>
