<?xml version="1.0" standalone="no"?>
<!DOCTYPE sfb632_standard SYSTEM "sfb632_feat.dtd">


<sfb632_standard version="1.0">

<header sfb_id="mmax.maz-4181_ambiguity" type="ambiguity"/>

<featList xmlns:xlink="http://www.w3.org/1999/xlink" type="ambiguity" xml:base="mmax.maz-4181.primmarkSeg.xml">
<feat xlink:href="#primmarkSeg_1000182" value="not_ambig"/>
<feat xlink:href="#primmarkSeg_18" value="not_ambig"/>
<feat xlink:href="#primmarkSeg_100017" value="not_ambig"/>
<feat xlink:href="#primmarkSeg_33" value="not_ambig"/>
<feat xlink:href="#primmarkSeg_76" value="not_ambig"/>
<feat xlink:href="#primmarkSeg_1000126" value="not_ambig"/>
<feat xlink:href="#primmarkSeg_100039" value="not_ambig"/>
<feat xlink:href="#primmarkSeg_1000105" value="not_ambig"/>
<feat xlink:href="#primmarkSeg_42" value="not_ambig"/>
<feat xlink:href="#primmarkSeg_17" value="not_ambig"/>
<feat xlink:href="#primmarkSeg_75" value="not_ambig"/>
<feat xlink:href="#primmarkSeg_26" value="not_ambig"/>
<feat xlink:href="#primmarkSeg_100085" value="not_ambig"/>
<feat xlink:href="#primmarkSeg_34" value="not_ambig"/>
<feat xlink:href="#primmarkSeg_82" value="not_ambig"/>
<feat xlink:href="#primmarkSeg_1000187" value="not_ambig"/>
<feat xlink:href="#primmarkSeg_6" value="not_ambig"/>
<feat xlink:href="#primmarkSeg_100022" value="not_ambig"/>
<feat xlink:href="#primmarkSeg_1000185" value="not_ambig"/>
<feat xlink:href="#primmarkSeg_100035" value="not_ambig"/>
<feat xlink:href="#primmarkSeg_81" value="not_ambig"/>
<feat xlink:href="#primmarkSeg_58" value="not_ambig"/>
<feat xlink:href="#primmarkSeg_1" value="not_ambig"/>
<feat xlink:href="#primmarkSeg_68" value="not_ambig"/>
<feat xlink:href="#primmarkSeg_48" value="not_ambig"/>
<feat xlink:href="#primmarkSeg_73" value="not_ambig"/>
<feat xlink:href="#primmarkSeg_62" value="not_ambig"/>
<feat xlink:href="#primmarkSeg_15" value="not_ambig"/>
<feat xlink:href="#primmarkSeg_63" value="not_ambig"/>
<feat xlink:href="#primmarkSeg_9" value="not_ambig"/>
<feat xlink:href="#primmarkSeg_29" value="not_ambig"/>
</featList>
</sfb632_standard>
