<?xml version="1.0" standalone="no"?>
<!DOCTYPE sfb632_standard SYSTEM "sfb632_feat.dtd">


<sfb632_standard version="1.0">

<header sfb_id="mmax.maz-4181_np_form" type="np_form"/>

<featList xmlns:xlink="http://www.w3.org/1999/xlink" type="np_form" xml:base="mmax.maz-4181.primmarkSeg.xml">
<feat xlink:href="#primmarkSeg_1000182" value="padv"/>
<feat xlink:href="#primmarkSeg_18" value="defnp"/>
<feat xlink:href="#primmarkSeg_100017" value="pper"/>
<feat xlink:href="#primmarkSeg_33" value="defnp"/>
<feat xlink:href="#primmarkSeg_76" value="defnp"/>
<feat xlink:href="#primmarkSeg_1000126" value="padv"/>
<feat xlink:href="#primmarkSeg_100039" value="pper"/>
<feat xlink:href="#primmarkSeg_1000105" value="pds"/>
<feat xlink:href="#primmarkSeg_42" value="defnp"/>
<feat xlink:href="#primmarkSeg_17" value="defnp"/>
<feat xlink:href="#primmarkSeg_75" value="defnp"/>
<feat xlink:href="#primmarkSeg_26" value="defnp"/>
<feat xlink:href="#primmarkSeg_100085" value="padv"/>
<feat xlink:href="#primmarkSeg_34" value="defnp"/>
<feat xlink:href="#primmarkSeg_82" value="defnp"/>
<feat xlink:href="#primmarkSeg_1000187" value="defnp"/>
<feat xlink:href="#primmarkSeg_6" value="defnp"/>
<feat xlink:href="#primmarkSeg_100022" value="pper"/>
<feat xlink:href="#primmarkSeg_1000185" value="ppos"/>
<feat xlink:href="#primmarkSeg_100035" value="pper"/>
<feat xlink:href="#primmarkSeg_81" value="defnp"/>
<feat xlink:href="#primmarkSeg_58" value="defnp"/>
<feat xlink:href="#primmarkSeg_1" value="defnp"/>
<feat xlink:href="#primmarkSeg_68" value="defnp"/>
<feat xlink:href="#primmarkSeg_48" value="defnp"/>
<feat xlink:href="#primmarkSeg_73" value="defnp"/>
<feat xlink:href="#primmarkSeg_62" value="defnp"/>
<feat xlink:href="#primmarkSeg_15" value="defnp"/>
<feat xlink:href="#primmarkSeg_63" value="defnp"/>
<feat xlink:href="#primmarkSeg_9" value="defnp"/>
<feat xlink:href="#primmarkSeg_29" value="defnp"/>
</featList>
</sfb632_standard>
