<?xml version="1.0" standalone="no"?>
<!DOCTYPE sfb632_standard SYSTEM "sfb632_mark.dtd">


<sfb632_standard version="1.0">
<header sfb_id="mmax.maz-4181_primmarkSeg" type="primmarkSeg"/>

<markList xmlns:xlink="http://www.w3.org/1999/xlink" type="primmarkSeg" xml:base="tiger.ID_maz-4181.tok.xml">
<mark id="primmarkSeg_1000182" xlink:href="#tok_182"/>
<mark id="primmarkSeg_18" xlink:href="#xpointer(id('tok_51')/range-to(id('tok_52')))"/>
<mark id="primmarkSeg_100017" xlink:href="#tok_17"/>
<mark id="primmarkSeg_33" xlink:href="#xpointer(id('tok_79')/range-to(id('tok_81')))"/>
<mark id="primmarkSeg_76" xlink:href="(#tok_177,#tok_178)"/>
<mark id="primmarkSeg_1000126" xlink:href="#tok_126"/>
<mark id="primmarkSeg_100039" xlink:href="#tok_39"/>
<mark id="primmarkSeg_1000105" xlink:href="#tok_105"/>
<mark id="primmarkSeg_42" xlink:href="#xpointer(id('tok_97')/range-to(id('tok_99')))"/>
<mark id="primmarkSeg_17" xlink:href="#xpointer(id('tok_43')/range-to(id('tok_45')))"/>
<mark id="primmarkSeg_75" xlink:href="#xpointer(id('tok_174')/range-to(id('tok_176')))"/>
<mark id="primmarkSeg_26" xlink:href="(#tok_63,#tok_64)"/>
<mark id="primmarkSeg_100085" xlink:href="#tok_85"/>
<mark id="primmarkSeg_34" xlink:href="#xpointer(id('tok_77')/range-to(id('tok_81')))"/>
<mark id="primmarkSeg_82" xlink:href="#xpointer(id('tok_183')/range-to(id('tok_186')))"/>
<mark id="primmarkSeg_1000187" xlink:href="#xpointer(id('tok_67')/range-to(id('tok_75')))"/>
<mark id="primmarkSeg_6" xlink:href="#xpointer(id('tok_12')/range-to(id('tok_14')))"/>
<mark id="primmarkSeg_100022" xlink:href="#tok_22"/>
<mark id="primmarkSeg_1000185" xlink:href="#tok_185"/>
<mark id="primmarkSeg_100035" xlink:href="#tok_35"/>
<mark id="primmarkSeg_81" xlink:href="(#tok_185,#tok_186)"/>
<mark id="primmarkSeg_58" xlink:href="#xpointer(id('tok_132')/range-to(id('tok_134')))"/>
<mark id="primmarkSeg_1" xlink:href="(#tok_1,#tok_2)"/>
<mark id="primmarkSeg_68" xlink:href="(#tok_156,#tok_157)"/>
<mark id="primmarkSeg_48" xlink:href="#xpointer(id('tok_108')/range-to(id('tok_110')))"/>
<mark id="primmarkSeg_73" xlink:href="#xpointer(id('tok_167')/range-to(id('tok_169')))"/>
<mark id="primmarkSeg_62" xlink:href="#xpointer(id('tok_140')/range-to(id('tok_142')))"/>
<mark id="primmarkSeg_15" xlink:href="(#tok_31,#tok_32)"/>
<mark id="primmarkSeg_63" xlink:href="#xpointer(id('tok_143')/range-to(id('tok_146')))"/>
<mark id="primmarkSeg_9" xlink:href="#xpointer(id('tok_23')/range-to(id('tok_25')))"/>
<mark id="primmarkSeg_29" xlink:href="#xpointer(id('tok_59')/range-to(id('tok_64')))"/>
</markList>
</sfb632_standard>
