<?xml version="1.0" standalone="no"?>
<!DOCTYPE sfb632_standard SYSTEM "sfb632_feat.dtd">


<sfb632_standard version="1.0">

<header sfb_id="mmax.maz-4181_grammatical_role" type="grammatical_role"/>

<featList xmlns:xlink="http://www.w3.org/1999/xlink" type="grammatical_role" xml:base="mmax.maz-4181.primmarkSeg.xml">
<feat xlink:href="#primmarkSeg_1000182" value="other"/>
<feat xlink:href="#primmarkSeg_18" value="other"/>
<feat xlink:href="#primmarkSeg_100017" value="sbj"/>
<feat xlink:href="#primmarkSeg_33" value="other"/>
<feat xlink:href="#primmarkSeg_76" value="dir-obj"/>
<feat xlink:href="#primmarkSeg_1000126" value="other"/>
<feat xlink:href="#primmarkSeg_100039" value="sbj"/>
<feat xlink:href="#primmarkSeg_1000105" value="sbj"/>
<feat xlink:href="#primmarkSeg_42" value="other"/>
<feat xlink:href="#primmarkSeg_17" value="other"/>
<feat xlink:href="#primmarkSeg_75" value="other"/>
<feat xlink:href="#primmarkSeg_26" value="other"/>
<feat xlink:href="#primmarkSeg_100085" value="other"/>
<feat xlink:href="#primmarkSeg_34" value="sbj"/>
<feat xlink:href="#primmarkSeg_82" value="dir-obj"/>
<feat xlink:href="#primmarkSeg_1000187" value="sbj"/>
<feat xlink:href="#primmarkSeg_6" value="other"/>
<feat xlink:href="#primmarkSeg_100022" value="sbj"/>
<feat xlink:href="#primmarkSeg_1000185" value="other"/>
<feat xlink:href="#primmarkSeg_100035" value="dir-obj"/>
<feat xlink:href="#primmarkSeg_81" value="other"/>
<feat xlink:href="#primmarkSeg_58" value="other"/>
<feat xlink:href="#primmarkSeg_1" value="sbj"/>
<feat xlink:href="#primmarkSeg_68" value="dir-obj"/>
<feat xlink:href="#primmarkSeg_48" value="other"/>
<feat xlink:href="#primmarkSeg_73" value="other"/>
<feat xlink:href="#primmarkSeg_62" value="sbj"/>
<feat xlink:href="#primmarkSeg_15" value="sbj"/>
<feat xlink:href="#primmarkSeg_63" value="other"/>
<feat xlink:href="#primmarkSeg_9" value="other"/>
<feat xlink:href="#primmarkSeg_29" value="other"/>
</featList>
</sfb632_standard>
