<?xml version="1.0" standalone="no"?>
<!DOCTYPE sfb632_standard SYSTEM "sfb632_feat.dtd">


<sfb632_standard version="1.0">

<header sfb_id="mmax.maz-4181_type" type="type"/>

<featList xmlns:xlink="http://www.w3.org/1999/xlink" type="type" xml:base="mmax.maz-4181.primmarkSeg.xml">
<feat xlink:href="#primmarkSeg_1000182" value="anaphoric"/>
<feat xlink:href="#primmarkSeg_18" value="none"/>
<feat xlink:href="#primmarkSeg_100017" value="anaphoric"/>
<feat xlink:href="#primmarkSeg_33" value="anaphoric"/>
<feat xlink:href="#primmarkSeg_76" value="none"/>
<feat xlink:href="#primmarkSeg_1000126" value="anaphoric"/>
<feat xlink:href="#primmarkSeg_100039" value="anaphoric"/>
<feat xlink:href="#primmarkSeg_1000105" value="anaphoric"/>
<feat xlink:href="#primmarkSeg_42" value="none"/>
<feat xlink:href="#primmarkSeg_17" value="anaphoric"/>
<feat xlink:href="#primmarkSeg_75" value="anaphoric"/>
<feat xlink:href="#primmarkSeg_26" value="none"/>
<feat xlink:href="#primmarkSeg_100085" value="anaphoric"/>
<feat xlink:href="#primmarkSeg_34" value="none"/>
<feat xlink:href="#primmarkSeg_82" value="none"/>
<feat xlink:href="#primmarkSeg_1000187" value="none"/>
<feat xlink:href="#primmarkSeg_6" value="none"/>
<feat xlink:href="#primmarkSeg_100022" value="anaphoric"/>
<feat xlink:href="#primmarkSeg_1000185" value="anaphoric"/>
<feat xlink:href="#primmarkSeg_100035" value="anaphoric"/>
<feat xlink:href="#primmarkSeg_81" value="none"/>
<feat xlink:href="#primmarkSeg_58" value="anaphoric"/>
<feat xlink:href="#primmarkSeg_1" value="none"/>
<feat xlink:href="#primmarkSeg_68" value="none"/>
<feat xlink:href="#primmarkSeg_48" value="anaphoric"/>
<feat xlink:href="#primmarkSeg_73" value="anaphoric"/>
<feat xlink:href="#primmarkSeg_62" value="none"/>
<feat xlink:href="#primmarkSeg_15" value="anaphoric"/>
<feat xlink:href="#primmarkSeg_63" value="none"/>
<feat xlink:href="#primmarkSeg_9" value="none"/>
<feat xlink:href="#primmarkSeg_29" value="none"/>
</featList>
</sfb632_standard>
