<?xml version="1.0" standalone="no"?>
<!DOCTYPE sfb632_standard SYSTEM "sfb632_mark.dtd">


<sfb632_standard version="1.0">
<header sfb_id="tiger.ID_maz-6488_tok" type="tok"/>

<markList xmlns:xlink="http://www.w3.org/1999/xlink" type="tok" xml:base="tiger.ID_maz-6488.text.xml">
<mark id="tok_1" xlink:href="#xpointer(string-range(//body,'',1,2))"/><!-- Da -->
<mark id="tok_2" xlink:href="#xpointer(string-range(//body,'',4,5))"/><!-- fehlt -->
<mark id="tok_3" xlink:href="#xpointer(string-range(//body,'',10,4))"/><!-- noch -->
<mark id="tok_4" xlink:href="#xpointer(string-range(//body,'',15,3))"/><!-- was -->
<mark id="tok_5" xlink:href="#xpointer(string-range(//body,'',19,3))"/><!-- Als -->
<mark id="tok_6" xlink:href="#xpointer(string-range(//body,'',23,4))"/><!-- 1999 -->
<mark id="tok_7" xlink:href="#xpointer(string-range(//body,'',28,3))"/><!-- die -->
<mark id="tok_8" xlink:href="#xpointer(string-range(//body,'',32,2))"/><!-- im -->
<mark id="tok_9" xlink:href="#xpointer(string-range(//body,'',35,6))"/><!-- Rahmen -->
<mark id="tok_10" xlink:href="#xpointer(string-range(//body,'',42,3))"/><!-- der -->
<mark id="tok_11" xlink:href="#xpointer(string-range(//body,'',46,14))"/><!-- Dorferneuerung -->
<mark id="tok_12" xlink:href="#xpointer(string-range(//body,'',61,3))"/><!-- neu -->
<mark id="tok_13" xlink:href="#xpointer(string-range(//body,'',65,10))"/><!-- gestaltete -->
<mark id="tok_14" xlink:href="#xpointer(string-range(//body,'',76,9))"/><!-- Radeweger -->
<mark id="tok_15" xlink:href="#xpointer(string-range(//body,'',86,6))"/><!-- Ablage -->
<mark id="tok_16" xlink:href="#xpointer(string-range(//body,'',93,9))"/><!-- inklusive -->
<mark id="tok_17" xlink:href="#xpointer(string-range(//body,'',103,9))"/><!-- SeebrÃ¼cke -->
<mark id="tok_18" xlink:href="#xpointer(string-range(//body,'',113,3))"/><!-- mit -->
<mark id="tok_19" xlink:href="#xpointer(string-range(//body,'',117,4))"/><!-- viel -->
<mark id="tok_20" xlink:href="#xpointer(string-range(//body,'',122,4))"/><!-- Pomp -->
<mark id="tok_21" xlink:href="#xpointer(string-range(//body,'',127,10))"/><!-- eingeweiht -->
<mark id="tok_22" xlink:href="#xpointer(string-range(//body,'',138,5))"/><!-- wurde -->
<mark id="tok_23" xlink:href="#xpointer(string-range(//body,'',144,1))"/><!-- , -->
<mark id="tok_24" xlink:href="#xpointer(string-range(//body,'',146,3))"/><!-- war -->
<mark id="tok_25" xlink:href="#xpointer(string-range(//body,'',150,4))"/><!-- klar -->
<mark id="tok_26" xlink:href="#xpointer(string-range(//body,'',155,1))"/><!-- : -->
<mark id="tok_27" xlink:href="#xpointer(string-range(//body,'',157,2))"/><!-- Da -->
<mark id="tok_28" xlink:href="#xpointer(string-range(//body,'',160,5))"/><!-- fehlt -->
<mark id="tok_29" xlink:href="#xpointer(string-range(//body,'',166,4))"/><!-- noch -->
<mark id="tok_30" xlink:href="#xpointer(string-range(//body,'',171,3))"/><!-- was -->
<mark id="tok_31" xlink:href="#xpointer(string-range(//body,'',175,1))"/><!-- . -->
<mark id="tok_32" xlink:href="#xpointer(string-range(//body,'',177,3))"/><!-- Wer -->
<mark id="tok_33" xlink:href="#xpointer(string-range(//body,'',181,3))"/><!-- die -->
<mark id="tok_34" xlink:href="#xpointer(string-range(//body,'',185,13))"/><!-- Infrastruktur -->
<mark id="tok_35" xlink:href="#xpointer(string-range(//body,'',199,3))"/><!-- fÃ¼r -->
<mark id="tok_36" xlink:href="#xpointer(string-range(//body,'',203,3))"/><!-- den -->
<mark id="tok_37" xlink:href="#xpointer(string-range(//body,'',207,15))"/><!-- Wassertourismus -->
<mark id="tok_38" xlink:href="#xpointer(string-range(//body,'',223,12))"/><!-- vorantreiben -->
<mark id="tok_39" xlink:href="#xpointer(string-range(//body,'',236,4))"/><!-- will -->
<mark id="tok_40" xlink:href="#xpointer(string-range(//body,'',241,1))"/><!-- , -->
<mark id="tok_41" xlink:href="#xpointer(string-range(//body,'',243,4))"/><!-- darf -->
<mark id="tok_42" xlink:href="#xpointer(string-range(//body,'',248,5))"/><!-- nicht -->
<mark id="tok_43" xlink:href="#xpointer(string-range(//body,'',254,3))"/><!-- nur -->
<mark id="tok_44" xlink:href="#xpointer(string-range(//body,'',258,3))"/><!-- bis -->
<mark id="tok_45" xlink:href="#xpointer(string-range(//body,'',262,3))"/><!-- zum -->
<mark id="tok_46" xlink:href="#xpointer(string-range(//body,'',266,8))"/><!-- nÃ¤chsten -->
<mark id="tok_47" xlink:href="#xpointer(string-range(//body,'',275,4))"/><!-- Steg -->
<mark id="tok_48" xlink:href="#xpointer(string-range(//body,'',280,6))"/><!-- denken -->
<mark id="tok_49" xlink:href="#xpointer(string-range(//body,'',287,1))"/><!-- . -->
<mark id="tok_50" xlink:href="#xpointer(string-range(//body,'',289,8))"/><!-- SanitÃ¤re -->
<mark id="tok_51" xlink:href="#xpointer(string-range(//body,'',298,7))"/><!-- Anlagen -->
<mark id="tok_52" xlink:href="#xpointer(string-range(//body,'',306,7))"/><!-- gehÃ¶ren -->
<mark id="tok_53" xlink:href="#xpointer(string-range(//body,'',314,5))"/><!-- heute -->
<mark id="tok_54" xlink:href="#xpointer(string-range(//body,'',320,3))"/><!-- zum -->
<mark id="tok_55" xlink:href="#xpointer(string-range(//body,'',324,8))"/><!-- Standard -->
<mark id="tok_56" xlink:href="#xpointer(string-range(//body,'',333,6))"/><!-- groÃer -->
<mark id="tok_57" xlink:href="#xpointer(string-range(//body,'',340,11))"/><!-- LiegeplÃ¤tze -->
<mark id="tok_58" xlink:href="#xpointer(string-range(//body,'',352,1))"/><!-- . -->
<mark id="tok_59" xlink:href="#xpointer(string-range(//body,'',354,4))"/><!-- Doch -->
<mark id="tok_60" xlink:href="#xpointer(string-range(//body,'',359,3))"/><!-- mit -->
<mark id="tok_61" xlink:href="#xpointer(string-range(//body,'',363,3))"/><!-- der -->
<mark id="tok_62" xlink:href="#xpointer(string-range(//body,'',367,11))"/><!-- NachrÃ¼stung -->
<mark id="tok_63" xlink:href="#xpointer(string-range(//body,'',379,3))"/><!-- tut -->
<mark id="tok_64" xlink:href="#xpointer(string-range(//body,'',383,4))"/><!-- sich -->
<mark id="tok_65" xlink:href="#xpointer(string-range(//body,'',388,8))"/><!-- Radewege -->
<mark id="tok_66" xlink:href="#xpointer(string-range(//body,'',397,6))"/><!-- schwer -->
<mark id="tok_67" xlink:href="#xpointer(string-range(//body,'',404,1))"/><!-- . -->
<mark id="tok_68" xlink:href="#xpointer(string-range(//body,'',406,3))"/><!-- Was -->
<mark id="tok_69" xlink:href="#xpointer(string-range(//body,'',410,5))"/><!-- einst -->
<mark id="tok_70" xlink:href="#xpointer(string-range(//body,'',416,11))"/><!-- beschlossen -->
<mark id="tok_71" xlink:href="#xpointer(string-range(//body,'',428,5))"/><!-- wurde -->
<mark id="tok_72" xlink:href="#xpointer(string-range(//body,'',434,1))"/><!-- , -->
<mark id="tok_73" xlink:href="#xpointer(string-range(//body,'',436,5))"/><!-- zÃ¤hlt -->
<mark id="tok_74" xlink:href="#xpointer(string-range(//body,'',442,5))"/><!-- nicht -->
<mark id="tok_75" xlink:href="#xpointer(string-range(//body,'',448,4))"/><!-- mehr -->
<mark id="tok_76" xlink:href="#xpointer(string-range(//body,'',453,1))"/><!-- . -->
<mark id="tok_77" xlink:href="#xpointer(string-range(//body,'',455,2))"/><!-- Zu -->
<mark id="tok_78" xlink:href="#xpointer(string-range(//body,'',458,5))"/><!-- teuer -->
<mark id="tok_79" xlink:href="#xpointer(string-range(//body,'',464,1))"/><!-- , -->
<mark id="tok_80" xlink:href="#xpointer(string-range(//body,'',466,2))"/><!-- zu -->
<mark id="tok_81" xlink:href="#xpointer(string-range(//body,'',469,8))"/><!-- hÃ¤sslich -->
<mark id="tok_82" xlink:href="#xpointer(string-range(//body,'',478,3))"/><!-- sei -->
<mark id="tok_83" xlink:href="#xpointer(string-range(//body,'',482,3))"/><!-- die -->
<mark id="tok_84" xlink:href="#xpointer(string-range(//body,'',486,6))"/><!-- Anlage -->
<mark id="tok_85" xlink:href="#xpointer(string-range(//body,'',493,1))"/><!-- , -->
<mark id="tok_86" xlink:href="#xpointer(string-range(//body,'',495,5))"/><!-- sagen -->
<mark id="tok_87" xlink:href="#xpointer(string-range(//body,'',501,3))"/><!-- die -->
<mark id="tok_88" xlink:href="#xpointer(string-range(//body,'',505,14))"/><!-- MeinungsfÃ¼hrer -->
<mark id="tok_89" xlink:href="#xpointer(string-range(//body,'',520,2))"/><!-- im -->
<mark id="tok_90" xlink:href="#xpointer(string-range(//body,'',523,11))"/><!-- Gemeinderat -->
<mark id="tok_91" xlink:href="#xpointer(string-range(//body,'',535,1))"/><!-- . -->
<mark id="tok_92" xlink:href="#xpointer(string-range(//body,'',537,10))"/><!-- BeschlÃ¼sse -->
<mark id="tok_93" xlink:href="#xpointer(string-range(//body,'',548,2))"/><!-- zu -->
<mark id="tok_94" xlink:href="#xpointer(string-range(//body,'',551,10))"/><!-- Ã¼berdenken -->
<mark id="tok_95" xlink:href="#xpointer(string-range(//body,'',562,3))"/><!-- ist -->
<mark id="tok_96" xlink:href="#xpointer(string-range(//body,'',566,7))"/><!-- legitim -->
<mark id="tok_97" xlink:href="#xpointer(string-range(//body,'',574,1))"/><!-- , -->
<mark id="tok_98" xlink:href="#xpointer(string-range(//body,'',576,4))"/><!-- doch -->
<mark id="tok_99" xlink:href="#xpointer(string-range(//body,'',581,3))"/><!-- nur -->
<mark id="tok_100" xlink:href="#xpointer(string-range(//body,'',585,3))"/><!-- von -->
<mark id="tok_101" xlink:href="#xpointer(string-range(//body,'',589,12))"/><!-- Alternativen -->
<mark id="tok_102" xlink:href="#xpointer(string-range(//body,'',602,2))"/><!-- zu -->
<mark id="tok_103" xlink:href="#xpointer(string-range(//body,'',605,5))"/><!-- reden -->
<mark id="tok_104" xlink:href="#xpointer(string-range(//body,'',611,1))"/><!-- , -->
<mark id="tok_105" xlink:href="#xpointer(string-range(//body,'',613,4))"/><!-- ohne -->
<mark id="tok_106" xlink:href="#xpointer(string-range(//body,'',618,10))"/><!-- brauchbare -->
<mark id="tok_107" xlink:href="#xpointer(string-range(//body,'',629,10))"/><!-- VorschlÃ¤ge -->
<mark id="tok_108" xlink:href="#xpointer(string-range(//body,'',640,3))"/><!-- auf -->
<mark id="tok_109" xlink:href="#xpointer(string-range(//body,'',644,3))"/><!-- den -->
<mark id="tok_110" xlink:href="#xpointer(string-range(//body,'',648,5))"/><!-- Tisch -->
<mark id="tok_111" xlink:href="#xpointer(string-range(//body,'',654,2))"/><!-- zu -->
<mark id="tok_112" xlink:href="#xpointer(string-range(//body,'',657,5))"/><!-- legen -->
<mark id="tok_113" xlink:href="#xpointer(string-range(//body,'',663,1))"/><!-- , -->
<mark id="tok_114" xlink:href="#xpointer(string-range(//body,'',665,3))"/><!-- ist -->
<mark id="tok_115" xlink:href="#xpointer(string-range(//body,'',669,2))"/><!-- zu -->
<mark id="tok_116" xlink:href="#xpointer(string-range(//body,'',672,6))"/><!-- billig -->
<mark id="tok_117" xlink:href="#xpointer(string-range(//body,'',679,1))"/><!-- . -->
<mark id="tok_118" xlink:href="#xpointer(string-range(//body,'',681,3))"/><!-- Ein -->
<mark id="tok_119" xlink:href="#xpointer(string-range(//body,'',685,17))"/><!-- multifunktionales -->
<mark id="tok_120" xlink:href="#xpointer(string-range(//body,'',703,6))"/><!-- Objekt -->
<mark id="tok_121" xlink:href="#xpointer(string-range(//body,'',710,3))"/><!-- mit -->
<mark id="tok_122" xlink:href="#xpointer(string-range(//body,'',714,9))"/><!-- Umkleide_ -->
<mark id="tok_123" xlink:href="#xpointer(string-range(//body,'',724,3))"/><!-- und -->
<mark id="tok_124" xlink:href="#xpointer(string-range(//body,'',728,18))"/><!-- TreffmÃ¶glichkeiten -->
<mark id="tok_125" xlink:href="#xpointer(string-range(//body,'',747,3))"/><!-- als -->
<mark id="tok_126" xlink:href="#xpointer(string-range(//body,'',751,9))"/><!-- angeblich -->
<mark id="tok_127" xlink:href="#xpointer(string-range(//body,'',761,7))"/><!-- bessere -->
<mark id="tok_128" xlink:href="#xpointer(string-range(//body,'',769,8))"/><!-- Variante -->
<mark id="tok_129" xlink:href="#xpointer(string-range(//body,'',778,3))"/><!-- ist -->
<mark id="tok_130" xlink:href="#xpointer(string-range(//body,'',782,6))"/><!-- bisher -->
<mark id="tok_131" xlink:href="#xpointer(string-range(//body,'',789,5))"/><!-- nicht -->
<mark id="tok_132" xlink:href="#xpointer(string-range(//body,'',795,4))"/><!-- mehr -->
<mark id="tok_133" xlink:href="#xpointer(string-range(//body,'',800,3))"/><!-- als -->
<mark id="tok_134" xlink:href="#xpointer(string-range(//body,'',804,4))"/><!-- eine -->
<mark id="tok_135" xlink:href="#xpointer(string-range(//body,'',809,7))"/><!-- fiktive -->
<mark id="tok_136" xlink:href="#xpointer(string-range(//body,'',817,4))"/><!-- Idee -->
<mark id="tok_137" xlink:href="#xpointer(string-range(//body,'',822,9))"/><!-- geblieben -->
<mark id="tok_138" xlink:href="#xpointer(string-range(//body,'',832,1))"/><!-- . -->
<mark id="tok_139" xlink:href="#xpointer(string-range(//body,'',834,3))"/><!-- Und -->
<mark id="tok_140" xlink:href="#xpointer(string-range(//body,'',838,2))"/><!-- ob -->
<mark id="tok_141" xlink:href="#xpointer(string-range(//body,'',841,5))"/><!-- diese -->
<mark id="tok_142" xlink:href="#xpointer(string-range(//body,'',847,8))"/><!-- billiger -->
<mark id="tok_143" xlink:href="#xpointer(string-range(//body,'',856,4))"/><!-- wird -->
<mark id="tok_144" xlink:href="#xpointer(string-range(//body,'',861,1))"/><!-- , -->
<mark id="tok_145" xlink:href="#xpointer(string-range(//body,'',863,5))"/><!-- steht -->
<mark id="tok_146" xlink:href="#xpointer(string-range(//body,'',869,3))"/><!-- auf -->
<mark id="tok_147" xlink:href="#xpointer(string-range(//body,'',873,5))"/><!-- einem -->
<mark id="tok_148" xlink:href="#xpointer(string-range(//body,'',879,7))"/><!-- anderen -->
<mark id="tok_149" xlink:href="#xpointer(string-range(//body,'',887,5))"/><!-- Blatt -->
<mark id="tok_150" xlink:href="#xpointer(string-range(//body,'',893,1))"/><!-- . -->
<mark id="tok_151" xlink:href="#xpointer(string-range(//body,'',895,8))"/><!-- AuÃerdem -->
<mark id="tok_152" xlink:href="#xpointer(string-range(//body,'',904,3))"/><!-- hat -->
<mark id="tok_153" xlink:href="#xpointer(string-range(//body,'',908,8))"/><!-- Radewege -->
<mark id="tok_154" xlink:href="#xpointer(string-range(//body,'',917,3))"/><!-- mit -->
<mark id="tok_155" xlink:href="#xpointer(string-range(//body,'',921,3))"/><!-- dem -->
<mark id="tok_156" xlink:href="#xpointer(string-range(//body,'',925,5))"/><!-- nicht -->
<mark id="tok_157" xlink:href="#xpointer(string-range(//body,'',931,4))"/><!-- weit -->
<mark id="tok_158" xlink:href="#xpointer(string-range(//body,'',936,10))"/><!-- entfernten -->
<mark id="tok_159" xlink:href="#xpointer(string-range(//body,'',947,4))"/><!-- Haus -->
<mark id="tok_160" xlink:href="#xpointer(string-range(//body,'',952,3))"/><!-- des -->
<mark id="tok_161" xlink:href="#xpointer(string-range(//body,'',956,14))"/><!-- Beetzseetreffs -->
<mark id="tok_162" xlink:href="#xpointer(string-range(//body,'',971,2))"/><!-- e. -->
<mark id="tok_163" xlink:href="#xpointer(string-range(//body,'',974,2))"/><!-- V. -->
<mark id="tok_164" xlink:href="#xpointer(string-range(//body,'',977,3))"/><!-- ein -->
<mark id="tok_165" xlink:href="#xpointer(string-range(//body,'',981,7))"/><!-- GebÃ¤ude -->
<mark id="tok_166" xlink:href="#xpointer(string-range(//body,'',989,1))"/><!-- , -->
<mark id="tok_167" xlink:href="#xpointer(string-range(//body,'',991,3))"/><!-- das -->
<mark id="tok_168" xlink:href="#xpointer(string-range(//body,'',995,6))"/><!-- vielen -->
<mark id="tok_169" xlink:href="#xpointer(string-range(//body,'',1002,20))"/><!-- FreizeitbedÃ¼rfnissen -->
<mark id="tok_170" xlink:href="#xpointer(string-range(//body,'',1023,7))"/><!-- gerecht -->
<mark id="tok_171" xlink:href="#xpointer(string-range(//body,'',1031,6))"/><!-- werden -->
<mark id="tok_172" xlink:href="#xpointer(string-range(//body,'',1038,4))"/><!-- kann -->
<mark id="tok_173" xlink:href="#xpointer(string-range(//body,'',1043,1))"/><!-- . -->
<mark id="tok_174" xlink:href="#xpointer(string-range(//body,'',1045,5))"/><!-- Kommt -->
<mark id="tok_175" xlink:href="#xpointer(string-range(//body,'',1051,3))"/><!-- der -->
<mark id="tok_176" xlink:href="#xpointer(string-range(//body,'',1055,12))"/><!-- SanitÃ¤rtrakt -->
<mark id="tok_177" xlink:href="#xpointer(string-range(//body,'',1068,5))"/><!-- nicht -->
<mark id="tok_178" xlink:href="#xpointer(string-range(//body,'',1074,10))"/><!-- spÃ¤testens -->
<mark id="tok_179" xlink:href="#xpointer(string-range(//body,'',1085,3))"/><!-- zur -->
<mark id="tok_180" xlink:href="#xpointer(string-range(//body,'',1089,8))"/><!-- nÃ¤chsten -->
<mark id="tok_181" xlink:href="#xpointer(string-range(//body,'',1098,6))"/><!-- Saison -->
<mark id="tok_182" xlink:href="#xpointer(string-range(//body,'',1105,1))"/><!-- , -->
<mark id="tok_183" xlink:href="#xpointer(string-range(//body,'',1107,5))"/><!-- droht -->
<mark id="tok_184" xlink:href="#xpointer(string-range(//body,'',1113,8))"/><!-- Radewege -->
<mark id="tok_185" xlink:href="#xpointer(string-range(//body,'',1122,1))"/><!-- , -->
<mark id="tok_186" xlink:href="#xpointer(string-range(//body,'',1124,3))"/><!-- den -->
<mark id="tok_187" xlink:href="#xpointer(string-range(//body,'',1128,10))"/><!-- Wettbewerb -->
<mark id="tok_188" xlink:href="#xpointer(string-range(//body,'',1139,2))"/><!-- um -->
<mark id="tok_189" xlink:href="#xpointer(string-range(//body,'',1142,16))"/><!-- FreizeitkapitÃ¤ne -->
<mark id="tok_190" xlink:href="#xpointer(string-range(//body,'',1159,3))"/><!-- auf -->
<mark id="tok_191" xlink:href="#xpointer(string-range(//body,'',1163,3))"/><!-- dem -->
<mark id="tok_192" xlink:href="#xpointer(string-range(//body,'',1167,8))"/><!-- Beetzsee -->
<mark id="tok_193" xlink:href="#xpointer(string-range(//body,'',1176,3))"/><!-- mit -->
<mark id="tok_194" xlink:href="#xpointer(string-range(//body,'',1180,7))"/><!-- anderen -->
<mark id="tok_195" xlink:href="#xpointer(string-range(//body,'',1188,9))"/><!-- Anbietern -->
<mark id="tok_196" xlink:href="#xpointer(string-range(//body,'',1198,2))"/><!-- zu -->
<mark id="tok_197" xlink:href="#xpointer(string-range(//body,'',1201,9))"/><!-- verlieren -->
<mark id="tok_198" xlink:href="#xpointer(string-range(//body,'',1211,1))"/><!-- . -->
<mark id="tok_199" xlink:href="#xpointer(string-range(//body,'',1213,5))"/><!-- Dabei -->
<mark id="tok_200" xlink:href="#xpointer(string-range(//body,'',1219,5))"/><!-- hÃ¤tte -->
<mark id="tok_201" xlink:href="#xpointer(string-range(//body,'',1225,3))"/><!-- das -->
<mark id="tok_202" xlink:href="#xpointer(string-range(//body,'',1229,4))"/><!-- Dorf -->
<mark id="tok_203" xlink:href="#xpointer(string-range(//body,'',1234,4))"/><!-- jede -->
<mark id="tok_204" xlink:href="#xpointer(string-range(//body,'',1239,8))"/><!-- Einnahme -->
<mark id="tok_205" xlink:href="#xpointer(string-range(//body,'',1248,5))"/><!-- nÃ¶tig -->
<mark id="tok_206" xlink:href="#xpointer(string-range(//body,'',1254,1))"/><!-- . -->
</markList>
</sfb632_standard>
