<?xml version="1.0" encoding="UTF-8" standalone="no"?>


<!DOCTYPE sfb632_standard SYSTEM "sfb632_feat.dtd">
<sfb632_standard version="1.0">

<header sfb_id="exmaralda.maz-4181_Focus_newInf" type="Focus_newInf"/>

<featList xmlns:xlink="http://www.w3.org/1999/xlink" type="Focus_newInf" xml:base="tiger.ID_maz-4181.tok.xml">

<feat xlink:href="#xpointer(id('tok_4')/range-to(id('tok_7')))" value="nf-unsol"/><!-- kommt...bald -->
<feat xlink:href="#xpointer(id('tok_11')/range-to(id('tok_16')))" value="nf-unsol"/><!-- bereiten...vor -->
<feat xlink:href="#xpointer(id('tok_19')/range-to(id('tok_28')))" value="nf-unsol"/><!-- besuchen...werden -->
<feat xlink:href="#xpointer(id('tok_35')/range-to(id('tok_53')))" value="nf-unsol"/><!-- was...Aus -->
<feat xlink:href="#xpointer(id('tok_83')/range-to(id('tok_84')))" value="nf-unsol"/><!-- steht...fest -->
<feat xlink:href="#xpointer(id('tok_107')/range-to(id('tok_114')))" value="nf-unsol"/><!-- kann...fÃ¼hren -->
<feat xlink:href="#xpointer(id('tok_138')/range-to(id('tok_140')))" value="nf-unsol"/><!-- Vielleicht...ja -->
<feat xlink:href="#xpointer(id('tok_144')/range-to(id('tok_149')))" value="nf-unsol"/><!-- durch...wettgemacht -->
<feat xlink:href="#xpointer(id('tok_155')/range-to(id('tok_158')))" value="nf-unsol"/><!-- vergraulen...Kunden -->
</featList>

</sfb632_standard>
