<?xml version="1.0" encoding="UTF-8" standalone="no"?>


<!DOCTYPE sfb632_standard SYSTEM "sfb632_feat.dtd">
<sfb632_standard version="1.0">

<header sfb_id="exmaralda.maz-4181_Topic" type="Topic"/>

<featList xmlns:xlink="http://www.w3.org/1999/xlink" type="Topic" xml:base="tiger.ID_maz-4181.tok.xml">

<feat xlink:href="#xpointer(id('tok_2')/range-to(id('tok_3')))" value="ab"/><!-- Der...Euro -->
<feat xlink:href="#xpointer(id('tok_9')/range-to(id('tok_10')))" value="ab"/><!-- Manche...GeschÃ¤ftsleute -->
<feat xlink:href="#tok_18" value="ab"/><!-- Sie -->
<feat xlink:href="#tok_30" value="fs"/><!-- Dort -->
<feat xlink:href="#xpointer(id('tok_32')/range-to(id('tok_33')))" value="ab"/><!-- die...Dienstleister -->
<feat xlink:href="#xpointer(id('tok_78')/range-to(id('tok_82')))" value="ab"/><!-- Der...Euro -->
<feat xlink:href="#tok_86" value="ab"/><!-- Daran -->
<feat xlink:href="#tok_106" value="ab"/><!-- Dies -->
<feat xlink:href="#xpointer(id('tok_141')/range-to(id('tok_143')))" value="ab"/><!-- der...Bonbonpreis -->
<feat xlink:href="#xpointer(id('tok_151')/range-to(id('tok_154')))" value="ab"/><!-- UnbegrÃ¼ndete...PreiserhÃ¶hungen -->
</featList>

</sfb632_standard>
