<?xml version="1.0" encoding="UTF-8" standalone="no"?>


<!DOCTYPE sfb632_standard SYSTEM "sfb632_feat.dtd">
<sfb632_standard version="1.0">

<header sfb_id="exmaralda.maz-4181_NP" type="NP"/>

<featList xmlns:xlink="http://www.w3.org/1999/xlink" type="NP" xml:base="tiger.ID_maz-4181.tok.xml">

<feat xlink:href="#xpointer(id('tok_2')/range-to(id('tok_3')))" value="NP"/><!-- Der...Euro -->
<feat xlink:href="#xpointer(id('tok_9')/range-to(id('tok_10')))" value="NP"/><!-- Manche...GeschÃ¤ftsleute -->
<feat xlink:href="#xpointer(id('tok_14')/range-to(id('tok_15')))" value="NP"/><!-- die...WÃ¤hrungsumstellung -->
<feat xlink:href="#tok_18" value="NP"/><!-- Sie -->
<feat xlink:href="#tok_20" value="NP"/><!-- Informationsveranstaltungen -->
<feat xlink:href="#tok_23" value="NP"/><!-- sie -->
<feat xlink:href="#xpointer(id('tok_25')/range-to(id('tok_26')))" value="NP"/><!-- der...Handwerkskammer -->
<feat xlink:href="#xpointer(id('tok_32')/range-to(id('tok_33')))" value="NP"/><!-- die...Dienstleister -->
<feat xlink:href="#tok_36" value="NP"/><!-- sie -->
<feat xlink:href="#tok_40" value="NP"/><!-- sie -->
<feat xlink:href="#xpointer(id('tok_45')/range-to(id('tok_46')))" value="NP"/><!-- die...EuroeinfÃ¼hrung -->
<feat xlink:href="#tok_49" value="NP"/><!-- Chaos -->
<feat xlink:href="#xpointer(id('tok_52')/range-to(id('tok_53')))" value="NP"/><!-- das...Aus -->
<feat xlink:href="#xpointer(id('tok_61')/range-to(id('tok_63')))" value="NP"/><!-- der...Auszeichnung -->
<feat xlink:href="#xpointer(id('tok_64')/range-to(id('tok_65')))" value="NP"/><!-- der...Waren -->
<feat xlink:href="#xpointer(id('tok_68')/range-to(id('tok_72')))" value="NP"/><!-- die...Umrechnung -->
<feat xlink:href="#tok_74" value="NP"/><!-- Mark -->
<feat xlink:href="#tok_76" value="NP"/><!-- Euro -->
<feat xlink:href="#xpointer(id('tok_78')/range-to(id('tok_79')))" value="NP"/><!-- Der...Umrechnungskurs -->
<feat xlink:href="#xpointer(id('tok_81')/range-to(id('tok_82')))" value="NP"/><!-- den...Euro -->
<feat xlink:href="#tok_86" value="NP"/><!-- Daran -->
<feat xlink:href="#xpointer(id('tok_96')/range-to(id('tok_97')))" value="NP"/><!-- zwei...Stellen -->
<feat xlink:href="#xpointer(id('tok_99')/range-to(id('tok_100')))" value="NP"/><!-- dem...Komma -->
<feat xlink:href="#xpointer(id('tok_103')/range-to(id('tok_104')))" value="NP"/><!-- kaufmÃ¤nnischem...Prinzip -->
<feat xlink:href="#tok_106" value="NP"/><!-- Dies -->
<feat xlink:href="#xpointer(id('tok_110')/range-to(id('tok_111')))" value="NP"/><!-- den...Gewerbetreibenden -->
<feat xlink:href="#tok_113" value="NP"/><!-- Einnahmeverlusten -->
<feat xlink:href="#tok_118" value="NP"/><!-- Kleinvieh -->
<feat xlink:href="#tok_122" value="NP"/><!-- Mist -->
<feat xlink:href="#xpointer(id('tok_134')/range-to(id('tok_135')))" value="NP"/><!-- der...Rechnerei -->
<feat xlink:href="#xpointer(id('tok_141')/range-to(id('tok_143')))" value="NP"/><!-- der...Bonbonpreis -->
<feat xlink:href="#xpointer(id('tok_145')/range-to(id('tok_147')))" value="NP"/><!-- den...Schokoladenpreis -->
<feat xlink:href="#xpointer(id('tok_151')/range-to(id('tok_154')))" value="NP"/><!-- UnbegrÃ¼ndete...PreiserhÃ¶hungen -->
<feat xlink:href="#xpointer(id('tok_157')/range-to(id('tok_158')))" value="NP"/><!-- die...Kunden -->
<feat xlink:href="#xpointer(id('tok_169')/range-to(id('tok_170')))" value="NP"/><!-- den...Rechnereien -->
<feat xlink:href="#xpointer(id('tok_176')/range-to(id('tok_177')))" value="NP"/><!-- der...Euroumstellung -->
<feat xlink:href="#xpointer(id('tok_178')/range-to(id('tok_179')))" value="NP"/><!-- den...Ãberblick -->
<feat xlink:href="#xpointer(id('tok_184')/range-to(id('tok_185')))" value="NP"/><!-- das...Vertrauen -->
<feat xlink:href="#xpointer(id('tok_186')/range-to(id('tok_187')))" value="NP"/><!-- seiner...Kunden -->
</featList>

</sfb632_standard>
