<?xml version="1.0" encoding="UTF-8" standalone="no"?>


<!DOCTYPE sfb632_standard SYSTEM "sfb632_feat.dtd">
<sfb632_standard version="1.0">

<header sfb_id="exmaralda.maz-4181_Sent" type="Sent"/>

<featList xmlns:xlink="http://www.w3.org/1999/xlink" type="Sent" xml:base="tiger.ID_maz-4181.tok.xml">

<feat xlink:href="#xpointer(id('tok_2')/range-to(id('tok_8')))" value="s"/><!-- Der.... -->
<feat xlink:href="#xpointer(id('tok_9')/range-to(id('tok_17')))" value="s"/><!-- Manche.... -->
<feat xlink:href="#xpointer(id('tok_18')/range-to(id('tok_29')))" value="s"/><!-- Sie.... -->
<feat xlink:href="#xpointer(id('tok_30')/range-to(id('tok_54')))" value="s"/><!-- Dort.... -->
<feat xlink:href="#xpointer(id('tok_55')/range-to(id('tok_77')))" value="s"/><!-- Denn.... -->
<feat xlink:href="#xpointer(id('tok_78')/range-to(id('tok_85')))" value="s"/><!-- Der.... -->
<feat xlink:href="#xpointer(id('tok_86')/range-to(id('tok_91')))" value="s"/><!-- Daran.... -->
<feat xlink:href="#xpointer(id('tok_92')/range-to(id('tok_105')))" value="s"/><!-- Auf_.... -->
<feat xlink:href="#xpointer(id('tok_106')/range-to(id('tok_115')))" value="s"/><!-- Dies.... -->
<feat xlink:href="#xpointer(id('tok_116')/range-to(id('tok_123')))" value="s"/><!-- Denn.... -->
<feat xlink:href="#xpointer(id('tok_124')/range-to(id('tok_137')))" value="s"/><!-- Gut.... -->
<feat xlink:href="#xpointer(id('tok_138')/range-to(id('tok_150')))" value="s"/><!-- Vielleicht.... -->
<feat xlink:href="#xpointer(id('tok_151')/range-to(id('tok_159')))" value="s"/><!-- UnbegrÃ¼ndete.... -->
<feat xlink:href="#xpointer(id('tok_160')/range-to(id('tok_180')))" value="s"/><!-- Doch.... -->
<feat xlink:href="#xpointer(id('tok_181')/range-to(id('tok_187')))" value="s"/><!-- Und...Kunden -->
</featList>

</sfb632_standard>
