<?xml version="1.0" encoding="UTF-8" standalone="no"?>


<!DOCTYPE sfb632_standard SYSTEM "sfb632_feat.dtd">
<sfb632_standard version="1.0">

<header sfb_id="exmaralda.maz-4181_Inf-Stat" type="Inf-Stat"/>

<featList xmlns:xlink="http://www.w3.org/1999/xlink" type="Inf-Stat" xml:base="tiger.ID_maz-4181.tok.xml">

<feat xlink:href="#xpointer(id('tok_2')/range-to(id('tok_3')))" value="acc-gen"/><!-- Der...Euro -->
<feat xlink:href="#xpointer(id('tok_9')/range-to(id('tok_10')))" value="new"/><!-- Manche...GeschÃ¤ftsleute -->
<feat xlink:href="#xpointer(id('tok_14')/range-to(id('tok_15')))" value="acc-gen"/><!-- die...WÃ¤hrungsumstellung -->
<feat xlink:href="#tok_18" value="giv-active"/><!-- Sie -->
<feat xlink:href="#tok_20" value="new"/><!-- Informationsveranstaltungen -->
<feat xlink:href="#tok_23" value="giv-active"/><!-- sie -->
<feat xlink:href="#xpointer(id('tok_25')/range-to(id('tok_26')))" value="new"/><!-- der...Handwerkskammer -->
<feat xlink:href="#xpointer(id('tok_32')/range-to(id('tok_33')))" value="giv-active"/><!-- die...Dienstleister -->
<feat xlink:href="#tok_36" value="giv-active"/><!-- sie -->
<feat xlink:href="#tok_40" value="giv-active"/><!-- sie -->
<feat xlink:href="#xpointer(id('tok_45')/range-to(id('tok_46')))" value="giv-inactive"/><!-- die...EuroeinfÃ¼hrung -->
<feat xlink:href="#xpointer(id('tok_61')/range-to(id('tok_63')))" value="acc-inf"/><!-- der...Auszeichnung -->
<feat xlink:href="#xpointer(id('tok_64')/range-to(id('tok_65')))" value="new"/><!-- der...Waren -->
<feat xlink:href="#xpointer(id('tok_68')/range-to(id('tok_72')))" value="acc-inf"/><!-- die...Umrechnung -->
<feat xlink:href="#tok_74" value="acc-gen"/><!-- Mark -->
<feat xlink:href="#tok_76" value="giv-inactive"/><!-- Euro -->
<feat xlink:href="#xpointer(id('tok_78')/range-to(id('tok_79')))" value="acc-gen"/><!-- Der...Umrechnungskurs -->
<feat xlink:href="#xpointer(id('tok_81')/range-to(id('tok_82')))" value="giv-active"/><!-- den...Euro -->
<feat xlink:href="#tok_86" value="giv-active"/><!-- Daran -->
<feat xlink:href="#xpointer(id('tok_96')/range-to(id('tok_97')))" value="acc-gen"/><!-- zwei...Stellen -->
<feat xlink:href="#xpointer(id('tok_99')/range-to(id('tok_100')))" value="acc-gen"/><!-- dem...Komma -->
<feat xlink:href="#xpointer(id('tok_103')/range-to(id('tok_104')))" value="acc-gen"/><!-- kaufmÃ¤nnischem...Prinzip -->
<feat xlink:href="#tok_106" value="giv-active"/><!-- Dies -->
<feat xlink:href="#xpointer(id('tok_110')/range-to(id('tok_111')))" value="giv-inactive"/><!-- den...Gewerbetreibenden -->
<feat xlink:href="#tok_113" value="new"/><!-- Einnahmeverlusten -->
<feat xlink:href="#tok_118" value="idiom"/><!-- Kleinvieh -->
<feat xlink:href="#tok_122" value="idiom"/><!-- Mist -->
<feat xlink:href="#xpointer(id('tok_134')/range-to(id('tok_135')))" value="giv-inactive"/><!-- der...Rechnerei -->
<feat xlink:href="#xpointer(id('tok_141')/range-to(id('tok_143')))" value="new"/><!-- der...Bonbonpreis -->
<feat xlink:href="#xpointer(id('tok_145')/range-to(id('tok_147')))" value="new"/><!-- den...Schokoladenpreis -->
<feat xlink:href="#xpointer(id('tok_151')/range-to(id('tok_154')))" value="new"/><!-- UnbegrÃ¼ndete...PreiserhÃ¶hungen -->
<feat xlink:href="#xpointer(id('tok_157')/range-to(id('tok_158')))" value="new"/><!-- die...Kunden -->
<feat xlink:href="#xpointer(id('tok_169')/range-to(id('tok_170')))" value="giv-inactive"/><!-- den...Rechnereien -->
<feat xlink:href="#xpointer(id('tok_176')/range-to(id('tok_177')))" value="giv-inactive"/><!-- der...Euroumstellung -->
<feat xlink:href="#xpointer(id('tok_184')/range-to(id('tok_185')))" value="new"/><!-- das...Vertrauen -->
<feat xlink:href="#xpointer(id('tok_186')/range-to(id('tok_187')))" value="giv-inactive"/><!-- seiner...Kunden -->
</featList>

</sfb632_standard>
