<?xml version="1.0" encoding="UTF-8" standalone="no"?>


<!DOCTYPE sfb632_standard SYSTEM "sfb632_feat.dtd">
<sfb632_standard version="1.0">

<header sfb_id="exmaralda.maz-4181_PP" type="PP"/>

<featList xmlns:xlink="http://www.w3.org/1999/xlink" type="PP" xml:base="tiger.ID_maz-4181.tok.xml">

<feat xlink:href="#xpointer(id('tok_13')/range-to(id('tok_15')))" value="PP"/><!-- auf...WÃ¤hrungsumstellung -->
<feat xlink:href="#xpointer(id('tok_24')/range-to(id('tok_26')))" value="PP"/><!-- von...Handwerkskammer -->
<feat xlink:href="#xpointer(id('tok_44')/range-to(id('tok_46')))" value="PP"/><!-- auf...EuroeinfÃ¼hrung -->
<feat xlink:href="#xpointer(id('tok_73')/range-to(id('tok_74')))" value="PP"/><!-- von...Mark -->
<feat xlink:href="#xpointer(id('tok_75')/range-to(id('tok_76')))" value="PP"/><!-- in...Euro -->
<feat xlink:href="#xpointer(id('tok_80')/range-to(id('tok_82')))" value="PP"/><!-- fÃ¼r...Euro -->
<feat xlink:href="#xpointer(id('tok_98')/range-to(id('tok_100')))" value="PP"/><!-- hinter...Komma -->
<feat xlink:href="#xpointer(id('tok_102')/range-to(id('tok_104')))" value="PP"/><!-- nach...Prinzip -->
<feat xlink:href="#xpointer(id('tok_109')/range-to(id('tok_111')))" value="PP"/><!-- bei...Gewerbetreibenden -->
<feat xlink:href="#xpointer(id('tok_112')/range-to(id('tok_113')))" value="PP"/><!-- zu...Einnahmeverlusten -->
<feat xlink:href="#xpointer(id('tok_133')/range-to(id('tok_135')))" value="PP"/><!-- mit...Rechnerei -->
<feat xlink:href="#xpointer(id('tok_144')/range-to(id('tok_147')))" value="PP"/><!-- durch...Schokoladenpreis -->
<feat xlink:href="#xpointer(id('tok_168')/range-to(id('tok_170')))" value="PP"/><!-- mit...Rechnereien -->
<feat xlink:href="#xpointer(id('tok_175')/range-to(id('tok_177')))" value="PP"/><!-- bei...Euroumstellung -->
</featList>

</sfb632_standard>
