<?xml version="1.0" standalone="no"?>


<!DOCTYPE sfb632_standard SYSTEM "sfb632_feat.dtd">
<sfb632_standard version="1.0">

<header sfb_id="tiger.ID_maz-5010_lemma" type="lemma"/>

<featList xmlns:xlink="http://www.w3.org/1999/xlink" type="lemma" xml:base="urml.maz-5010.tok.xml">

<feat xlink:href="#tok_1" value="Augenschein"/><!-- Augenschein -->
<feat xlink:href="#tok_2" value="der"/><!-- Die -->
<feat xlink:href="#tok_3" value="US-Regierung"/><!-- US_Regierung -->
<feat xlink:href="#tok_4" value="machen"/><!-- macht -->
<feat xlink:href="#tok_5" value="dieser"/><!-- dieser -->
<feat xlink:href="#tok_6" value="Tag"/><!-- Tage -->
<feat xlink:href="#tok_7" value="Druck"/><!-- Druck -->
<feat xlink:href="#tok_8" value="auf"/><!-- auf -->
<feat xlink:href="#tok_9" value="Fernsehstation"/><!-- Fernsehstationen -->
<feat xlink:href="#tok_10" value=","/><!-- , -->
<feat xlink:href="#tok_11" value="Video-Ansprache"/><!-- Video_Ansprachen -->
<feat xlink:href="#tok_12" value="Osama"/><!-- Osama -->
<feat xlink:href="#tok_13" value="bin"/><!-- bin -->
<feat xlink:href="#tok_14" value="Laden"/><!-- Ladens -->
<feat xlink:href="#tok_15" value="gar"/><!-- gar -->
<feat xlink:href="#tok_16" value="nicht"/><!-- nicht -->
<feat xlink:href="#tok_17" value="mehr"/><!-- mehr -->
<feat xlink:href="#tok_18" value="oder"/><!-- oder -->
<feat xlink:href="#tok_19" value="nur"/><!-- nur -->
<feat xlink:href="#tok_20" value="stark"/><!-- stark -->
<feat xlink:href="#tok_21" value="k&#xFC;rzen"/><!-- gekÃ¼rzt -->
<feat xlink:href="#tok_22" value="zu"/><!-- zu -->
<feat xlink:href="#tok_23" value="senden"/><!-- senden -->
<feat xlink:href="#tok_24" value="."/><!-- . -->
<feat xlink:href="#tok_25" value="der"/><!-- Das -->
<feat xlink:href="#tok_26" value="sein"/><!-- ist -->
<feat xlink:href="#tok_27" value="nat&#xFC;rlich"/><!-- natÃ¼rlich -->
<feat xlink:href="#tok_28" value="ein"/><!-- ein -->
<feat xlink:href="#tok_29" value="Eingriff"/><!-- Eingriff -->
<feat xlink:href="#tok_30" value="in"/><!-- in -->
<feat xlink:href="#tok_31" value="der"/><!-- die -->
<feat xlink:href="#tok_32" value="Pressefreiheit"/><!-- Pressefreiheit -->
<feat xlink:href="#tok_33" value="und"/><!-- und -->
<feat xlink:href="#tok_34" value="doch"/><!-- doch -->
<feat xlink:href="#tok_35" value="sein"/><!-- ist -->
<feat xlink:href="#tok_36" value="nicht"/><!-- nicht -->
<feat xlink:href="#tok_37" value="ausschlie&#xDF;en"/><!-- auszuschlieÃen -->
<feat xlink:href="#tok_38" value=","/><!-- , -->
<feat xlink:href="#tok_39" value="dass"/><!-- dass -->
<feat xlink:href="#tok_40" value="versteckt"/><!-- versteckte -->
<feat xlink:href="#tok_41" value="Botschaft"/><!-- Botschaften -->
<feat xlink:href="#tok_42" value="zu"/><!-- zum -->
<feat xlink:href="#tok_43" value="&quot;"/><!-- " -->
<feat xlink:href="#tok_44" value="aufwecken"/><!-- Aufwecken -->
<feat xlink:href="#tok_45" value="&quot;"/><!-- " -->
<feat xlink:href="#tok_46" value="so"/><!-- so -->
<feat xlink:href="#tok_47" value="genannt"/><!-- genannter -->
<feat xlink:href="#tok_48" value="&quot;"/><!-- " -->
<feat xlink:href="#tok_49" value="Schl&#xE4;fer"/><!-- SchlÃ¤fer -->
<feat xlink:href="#tok_50" value="&quot;"/><!-- " -->
<feat xlink:href="#tok_51" value="darin"/><!-- darin -->
<feat xlink:href="#tok_52" value="verbergen"/><!-- verborgen -->
<feat xlink:href="#tok_53" value="sein"/><!-- sind -->
<feat xlink:href="#tok_54" value="."/><!-- . -->
<feat xlink:href="#tok_55" value="ein"/><!-- Eine -->
<feat xlink:href="#tok_56" value="westlich"/><!-- westliche -->
<feat xlink:href="#tok_57" value="Journalistengruppe"/><!-- Journalistengruppe -->
<feat xlink:href="#tok_58" value="besuchen"/><!-- besucht -->
<feat xlink:href="#tok_59" value="auf"/><!-- auf -->
<feat xlink:href="#tok_60" value="Einladung"/><!-- Einladung -->
<feat xlink:href="#tok_61" value="der"/><!-- der -->
<feat xlink:href="#tok_62" value="Taliban"/><!-- Taliban -->
<feat xlink:href="#tok_63" value="ein"/><!-- ein -->
<feat xlink:href="#tok_64" value="zerst&#xF6;rt"/><!-- zerstÃ¶rtes -->
<feat xlink:href="#tok_65" value="Dorf"/><!-- Dorf -->
<feat xlink:href="#tok_66" value="in"/><!-- in -->
<feat xlink:href="#tok_67" value="Afghanistan"/><!-- Afghanistan -->
<feat xlink:href="#tok_68" value="."/><!-- . -->
<feat xlink:href="#tok_69" value="ein"/><!-- Ein -->
<feat xlink:href="#tok_70" value="authentisch"/><!-- authentischer -->
<feat xlink:href="#tok_71" value="Ortstermin"/><!-- Ortstermin -->
<feat xlink:href="#tok_72" value="und"/><!-- und -->
<feat xlink:href="#tok_73" value="doch"/><!-- doch -->
<feat xlink:href="#tok_74" value="wissen"/><!-- wissen -->
<feat xlink:href="#tok_75" value="der"/><!-- die -->
<feat xlink:href="#tok_76" value="Berichterstatter"/><!-- Berichterstatter -->
<feat xlink:href="#tok_77" value="nicht"/><!-- nicht -->
<feat xlink:href="#tok_78" value="wirklich"/><!-- wirklich -->
<feat xlink:href="#tok_79" value=","/><!-- , -->
<feat xlink:href="#tok_80" value="was"/><!-- was -->
<feat xlink:href="#tok_81" value="sie"/><!-- sie -->
<feat xlink:href="#tok_82" value="da"/><!-- da -->
<feat xlink:href="#tok_83" value="mit"/><!-- mit -->
<feat xlink:href="#tok_84" value="eigen"/><!-- eigenen -->
<feat xlink:href="#tok_85" value="Auge"/><!-- Augen -->
<feat xlink:href="#tok_86" value="sehen"/><!-- sehen -->
<feat xlink:href="#tok_87" value=":"/><!-- : -->
<feat xlink:href="#tok_88" value="was"/><!-- Was -->
<feat xlink:href="#tok_89" value="sein"/><!-- war -->
<feat xlink:href="#tok_90" value="bereits"/><!-- bereits -->
<feat xlink:href="#tok_91" value="zerst&#xF6;ren"/><!-- zerstÃ¶rt -->
<feat xlink:href="#tok_92" value="?"/><!-- ? -->
<feat xlink:href="#tok_93" value="wer"/><!-- Wer -->
<feat xlink:href="#tok_94" value="haben"/><!-- hat -->
<feat xlink:href="#tok_95" value="es"/><!-- es -->
<feat xlink:href="#tok_96" value="zerst&#xF6;ren"/><!-- zerstÃ¶rt -->
<feat xlink:href="#tok_97" value="?"/><!-- ? -->
<feat xlink:href="#tok_98" value="und"/><!-- Und -->
<feat xlink:href="#tok_99" value="zu"/><!-- zu -->
<feat xlink:href="#tok_100" value="wessen"/><!-- wessen -->
<feat xlink:href="#tok_101" value="Werkzeug"/><!-- Werkzeug -->
<feat xlink:href="#tok_102" value="werden"/><!-- werden -->
<feat xlink:href="#tok_103" value="ihr"/><!-- ihre -->
<feat xlink:href="#tok_104" value="Reportage"/><!-- Reportagen -->
<feat xlink:href="#tok_105" value="an"/><!-- am -->
<feat xlink:href="#tok_106" value="Ende"/><!-- Ende -->
<feat xlink:href="#tok_107" value="?"/><!-- ? -->
<feat xlink:href="#tok_108" value="allzu"/><!-- Allzu -->
<feat xlink:href="#tok_109" value="pr&#xE4;zise"/><!-- prÃ¤zise -->
<feat xlink:href="#tok_110" value="Treffer-Bild"/><!-- Treffer_Bilder -->
<feat xlink:href="#tok_111" value="aus"/><!-- aus -->
<feat xlink:href="#tok_112" value="Washington"/><!-- Washington -->
<feat xlink:href="#tok_113" value="machen"/><!-- machen -->
<feat xlink:href="#tok_114" value="ebenso"/><!-- ebenso -->
<feat xlink:href="#tok_115" value="stutzig"/><!-- stutzig -->
<feat xlink:href="#tok_116" value="wie"/><!-- wie -->
<feat xlink:href="#tok_117" value="verbl&#xFC;ffend"/><!-- verblÃ¼ffend -->
<feat xlink:href="#tok_118" value="rasch"/><!-- rasche -->
<feat xlink:href="#tok_119" value="Meldung"/><!-- Meldungen -->
<feat xlink:href="#tok_120" value="aus"/><!-- aus -->
<feat xlink:href="#tok_121" value="der"/><!-- dem -->
<feat xlink:href="#tok_122" value="afghanisch"/><!-- afghanischen -->
<feat xlink:href="#tok_123" value="Chaos"/><!-- Chaos -->
<feat xlink:href="#tok_124" value="&#xFC;ber"/><!-- Ã¼ber -->
<feat xlink:href="#tok_125" value="hoch"/><!-- hohe -->
<feat xlink:href="#tok_126" value="Opferzahl"/><!-- Opferzahlen -->
<feat xlink:href="#tok_127" value="unter"/><!-- unter -->
<feat xlink:href="#tok_128" value="der"/><!-- der -->
<feat xlink:href="#tok_129" value="Zivilbev&#xF6;lkerung"/><!-- ZivilbevÃ¶lkerung -->
<feat xlink:href="#tok_130" value="."/><!-- . -->
<feat xlink:href="#tok_131" value="bei"/><!-- Bei -->
<feat xlink:href="#tok_132" value="Nachricht"/><!-- Nachrichten -->
<feat xlink:href="#tok_133" value="aus"/><!-- aus -->
<feat xlink:href="#tok_134" value="nur"/><!-- nur -->
<feat xlink:href="#tok_135" value="ein"/><!-- einer -->
<feat xlink:href="#tok_136" value="Quelle"/><!-- Quelle -->
<feat xlink:href="#tok_137" value="verhalten"/><!-- verhÃ¤lt -->
<feat xlink:href="#tok_138" value="es"/><!-- es -->
<feat xlink:href="#tok_139" value="sich"/><!-- sich -->
<feat xlink:href="#tok_140" value="dieser"/><!-- dieser -->
<feat xlink:href="#tok_141" value="Tag"/><!-- Tage -->
<feat xlink:href="#tok_142" value="wie"/><!-- wie -->
<feat xlink:href="#tok_143" value="mit"/><!-- mit -->
<feat xlink:href="#tok_144" value="der"/><!-- den -->
<feat xlink:href="#tok_145" value="Lotto-Zahl"/><!-- Lotto_Zahlen -->
<feat xlink:href="#tok_146" value=":"/><!-- : -->
<feat xlink:href="#tok_147" value="es"/><!-- Es -->
<feat xlink:href="#tok_148" value="geben"/><!-- gibt -->
<feat xlink:href="#tok_149" value="kein"/><!-- keine -->
<feat xlink:href="#tok_150" value="Gew&#xE4;hr"/><!-- GewÃ¤hr -->
<feat xlink:href="#tok_151" value="."/><!-- . -->
</featList>

</sfb632_standard>
