<?xml version="1.0" standalone="no"?>
<!DOCTYPE sfb632_standard SYSTEM "sfb632_struct.dtd">


<sfb632_standard version="1.0">
<header sfb_id="tiger.ID_maz-5010_const" type="const"/>

<structList xmlns:xlink="http://www.w3.org/1999/xlink" type="const">

<struct id="const_1">
<rel id="rel_1" type="edge" xlink:href="urml.maz-5010.tok.xml#tok_2"/><!-- Die -->
<rel id="rel_2" type="edge" xlink:href="urml.maz-5010.tok.xml#tok_3"/><!-- US_Regierung -->
</struct>

<struct id="const_2">
<rel id="rel_3" type="edge" xlink:href="urml.maz-5010.tok.xml#tok_5"/><!-- dieser -->
<rel id="rel_4" type="edge" xlink:href="urml.maz-5010.tok.xml#tok_6"/><!-- Tage -->
</struct>

<struct id="const_3">
<rel id="rel_5" type="edge" xlink:href="urml.maz-5010.tok.xml#tok_8"/><!-- auf -->
<rel id="rel_6" type="edge" xlink:href="urml.maz-5010.tok.xml#tok_9"/><!-- Fernsehstationen -->
</struct>

<struct id="const_4">
<rel id="rel_7" type="edge" xlink:href="urml.maz-5010.tok.xml#tok_12"/><!-- Osama -->
<rel id="rel_8" type="edge" xlink:href="urml.maz-5010.tok.xml#tok_13"/><!-- bin -->
<rel id="rel_9" type="edge" xlink:href="urml.maz-5010.tok.xml#tok_14"/><!-- Ladens -->
</struct>

<struct id="const_5">
<rel id="rel_10" type="edge" xlink:href="urml.maz-5010.tok.xml#tok_15"/><!-- gar -->
<rel id="rel_11" type="edge" xlink:href="urml.maz-5010.tok.xml#tok_16"/><!-- nicht -->
<rel id="rel_12" type="edge" xlink:href="urml.maz-5010.tok.xml#tok_17"/><!-- mehr -->
</struct>

<struct id="const_6">
<rel id="rel_13" type="edge" xlink:href="urml.maz-5010.tok.xml#tok_19"/><!-- nur -->
<rel id="rel_14" type="edge" xlink:href="urml.maz-5010.tok.xml#tok_20"/><!-- stark -->
<rel id="rel_15" type="edge" xlink:href="urml.maz-5010.tok.xml#tok_21"/><!-- gekÃ¼rzt -->
</struct>

<struct id="const_7">
<rel id="rel_16" type="edge" xlink:href="urml.maz-5010.tok.xml#tok_22"/><!-- zu -->
<rel id="rel_17" type="edge" xlink:href="urml.maz-5010.tok.xml#tok_23"/><!-- senden -->
</struct>

<struct id="const_8">
<rel id="rel_19" type="edge" xlink:href="urml.maz-5010.tok.xml#tok_11"/><!-- Video_Ansprachen -->
<rel id="rel_20" type="edge" xlink:href="const_4"/>
</struct>

<struct id="const_9">
<rel id="rel_22" type="edge" xlink:href="const_6"/>
<rel id="rel_23" type="edge" xlink:href="const_7"/>
<rel id="rel_21" type="secedge" xlink:href="const_8"/>
</struct>

<struct id="const_10">
<rel id="rel_24" type="edge" xlink:href="const_5"/>
<rel id="rel_25" type="edge" xlink:href="const_8"/>
<rel id="rel_18" type="secedge" xlink:href="const_7"/>
</struct>

<struct id="const_11">
<rel id="rel_26" type="edge" xlink:href="urml.maz-5010.tok.xml#tok_18"/><!-- oder -->
<rel id="rel_27" type="edge" xlink:href="const_9"/>
<rel id="rel_28" type="edge" xlink:href="const_10"/>
</struct>

<struct id="const_12">
<rel id="rel_29" type="edge" xlink:href="urml.maz-5010.tok.xml#tok_7"/><!-- Druck -->
<rel id="rel_30" type="edge" xlink:href="const_3"/>
<rel id="rel_31" type="edge" xlink:href="const_11"/>
</struct>

<struct id="const_13">
<rel id="rel_32" type="edge" xlink:href="urml.maz-5010.tok.xml#tok_4"/><!-- macht -->
<rel id="rel_33" type="edge" xlink:href="const_1"/>
<rel id="rel_34" type="edge" xlink:href="const_2"/>
<rel id="rel_35" type="edge" xlink:href="const_12"/>
</struct>

<struct id="const_14">
<rel id="rel_36" type="edge" xlink:href="urml.maz-5010.tok.xml#tok_30"/><!-- in -->
<rel id="rel_37" type="edge" xlink:href="urml.maz-5010.tok.xml#tok_31"/><!-- die -->
<rel id="rel_38" type="edge" xlink:href="urml.maz-5010.tok.xml#tok_32"/><!-- Pressefreiheit -->
</struct>

<struct id="const_15">
<rel id="rel_39" type="edge" xlink:href="urml.maz-5010.tok.xml#tok_46"/><!-- so -->
<rel id="rel_40" type="edge" xlink:href="urml.maz-5010.tok.xml#tok_47"/><!-- genannter -->
</struct>

<struct id="const_16">
<rel id="rel_41" type="edge" xlink:href="urml.maz-5010.tok.xml#tok_51"/><!-- darin -->
<rel id="rel_42" type="edge" xlink:href="urml.maz-5010.tok.xml#tok_52"/><!-- verborgen -->
</struct>

<struct id="const_17">
<rel id="rel_43" type="edge" xlink:href="urml.maz-5010.tok.xml#tok_28"/><!-- ein -->
<rel id="rel_44" type="edge" xlink:href="urml.maz-5010.tok.xml#tok_29"/><!-- Eingriff -->
<rel id="rel_45" type="edge" xlink:href="const_14"/>
</struct>

<struct id="const_18">
<rel id="rel_46" type="edge" xlink:href="urml.maz-5010.tok.xml#tok_49"/><!-- SchlÃ¤fer -->
<rel id="rel_47" type="edge" xlink:href="const_15"/>
</struct>

<struct id="const_19">
<rel id="rel_48" type="edge" xlink:href="urml.maz-5010.tok.xml#tok_25"/><!-- Das -->
<rel id="rel_49" type="edge" xlink:href="urml.maz-5010.tok.xml#tok_26"/><!-- ist -->
<rel id="rel_50" type="edge" xlink:href="urml.maz-5010.tok.xml#tok_27"/><!-- natÃ¼rlich -->
<rel id="rel_51" type="edge" xlink:href="const_17"/>
</struct>

<struct id="const_20">
<rel id="rel_52" type="edge" xlink:href="urml.maz-5010.tok.xml#tok_42"/><!-- zum -->
<rel id="rel_53" type="edge" xlink:href="urml.maz-5010.tok.xml#tok_44"/><!-- Aufwecken -->
<rel id="rel_54" type="edge" xlink:href="const_18"/>
</struct>

<struct id="const_21">
<rel id="rel_55" type="edge" xlink:href="urml.maz-5010.tok.xml#tok_40"/><!-- versteckte -->
<rel id="rel_56" type="edge" xlink:href="urml.maz-5010.tok.xml#tok_41"/><!-- Botschaften -->
<rel id="rel_57" type="edge" xlink:href="const_20"/>
</struct>

<struct id="const_22">
<rel id="rel_58" type="edge" xlink:href="urml.maz-5010.tok.xml#tok_39"/><!-- dass -->
<rel id="rel_59" type="edge" xlink:href="urml.maz-5010.tok.xml#tok_53"/><!-- sind -->
<rel id="rel_60" type="edge" xlink:href="const_16"/>
<rel id="rel_61" type="edge" xlink:href="const_21"/>
</struct>

<struct id="const_23">
<rel id="rel_62" type="edge" xlink:href="urml.maz-5010.tok.xml#tok_34"/><!-- doch -->
<rel id="rel_63" type="edge" xlink:href="urml.maz-5010.tok.xml#tok_35"/><!-- ist -->
<rel id="rel_64" type="edge" xlink:href="urml.maz-5010.tok.xml#tok_36"/><!-- nicht -->
<rel id="rel_65" type="edge" xlink:href="urml.maz-5010.tok.xml#tok_37"/><!-- auszuschlieÃen -->
<rel id="rel_66" type="edge" xlink:href="const_22"/>
</struct>

<struct id="const_24">
<rel id="rel_67" type="edge" xlink:href="urml.maz-5010.tok.xml#tok_33"/><!-- und -->
<rel id="rel_68" type="edge" xlink:href="const_19"/>
<rel id="rel_69" type="edge" xlink:href="const_23"/>
</struct>

<struct id="const_25">
<rel id="rel_70" type="edge" xlink:href="urml.maz-5010.tok.xml#tok_55"/><!-- Eine -->
<rel id="rel_71" type="edge" xlink:href="urml.maz-5010.tok.xml#tok_56"/><!-- westliche -->
<rel id="rel_72" type="edge" xlink:href="urml.maz-5010.tok.xml#tok_57"/><!-- Journalistengruppe -->
</struct>

<struct id="const_26">
<rel id="rel_73" type="edge" xlink:href="urml.maz-5010.tok.xml#tok_61"/><!-- der -->
<rel id="rel_74" type="edge" xlink:href="urml.maz-5010.tok.xml#tok_62"/><!-- Taliban -->
</struct>

<struct id="const_27">
<rel id="rel_75" type="edge" xlink:href="urml.maz-5010.tok.xml#tok_63"/><!-- ein -->
<rel id="rel_76" type="edge" xlink:href="urml.maz-5010.tok.xml#tok_64"/><!-- zerstÃ¶rtes -->
<rel id="rel_77" type="edge" xlink:href="urml.maz-5010.tok.xml#tok_65"/><!-- Dorf -->
</struct>

<struct id="const_28">
<rel id="rel_78" type="edge" xlink:href="urml.maz-5010.tok.xml#tok_66"/><!-- in -->
<rel id="rel_79" type="edge" xlink:href="urml.maz-5010.tok.xml#tok_67"/><!-- Afghanistan -->
</struct>

<struct id="const_29">
<rel id="rel_80" type="edge" xlink:href="urml.maz-5010.tok.xml#tok_59"/><!-- auf -->
<rel id="rel_81" type="edge" xlink:href="urml.maz-5010.tok.xml#tok_60"/><!-- Einladung -->
<rel id="rel_82" type="edge" xlink:href="const_26"/>
</struct>

<struct id="const_30">
<rel id="rel_83" type="edge" xlink:href="urml.maz-5010.tok.xml#tok_58"/><!-- besucht -->
<rel id="rel_84" type="edge" xlink:href="const_25"/>
<rel id="rel_85" type="edge" xlink:href="const_27"/>
<rel id="rel_86" type="edge" xlink:href="const_28"/>
<rel id="rel_87" type="edge" xlink:href="const_29"/>
</struct>

<struct id="const_31">
<rel id="rel_88" type="edge" xlink:href="urml.maz-5010.tok.xml#tok_69"/><!-- Ein -->
<rel id="rel_89" type="edge" xlink:href="urml.maz-5010.tok.xml#tok_70"/><!-- authentischer -->
<rel id="rel_90" type="edge" xlink:href="urml.maz-5010.tok.xml#tok_71"/><!-- Ortstermin -->
</struct>

<struct id="const_32">
<rel id="rel_91" type="edge" xlink:href="urml.maz-5010.tok.xml#tok_75"/><!-- die -->
<rel id="rel_92" type="edge" xlink:href="urml.maz-5010.tok.xml#tok_76"/><!-- Berichterstatter -->
</struct>

<struct id="const_33">
<rel id="rel_93" type="edge" xlink:href="urml.maz-5010.tok.xml#tok_77"/><!-- nicht -->
<rel id="rel_94" type="edge" xlink:href="urml.maz-5010.tok.xml#tok_78"/><!-- wirklich -->
</struct>

<struct id="const_34">
<rel id="rel_95" type="edge" xlink:href="urml.maz-5010.tok.xml#tok_83"/><!-- mit -->
<rel id="rel_96" type="edge" xlink:href="urml.maz-5010.tok.xml#tok_84"/><!-- eigenen -->
<rel id="rel_97" type="edge" xlink:href="urml.maz-5010.tok.xml#tok_85"/><!-- Augen -->
</struct>

<struct id="const_35">
<rel id="rel_98" type="edge" xlink:href="const_31"/>
</struct>

<struct id="const_36">
<rel id="rel_99" type="edge" xlink:href="urml.maz-5010.tok.xml#tok_80"/><!-- was -->
<rel id="rel_100" type="edge" xlink:href="urml.maz-5010.tok.xml#tok_81"/><!-- sie -->
<rel id="rel_101" type="edge" xlink:href="urml.maz-5010.tok.xml#tok_82"/><!-- da -->
<rel id="rel_102" type="edge" xlink:href="urml.maz-5010.tok.xml#tok_86"/><!-- sehen -->
<rel id="rel_103" type="edge" xlink:href="const_34"/>
</struct>

<struct id="const_37">
<rel id="rel_104" type="edge" xlink:href="urml.maz-5010.tok.xml#tok_73"/><!-- doch -->
<rel id="rel_105" type="edge" xlink:href="urml.maz-5010.tok.xml#tok_74"/><!-- wissen -->
<rel id="rel_106" type="edge" xlink:href="const_32"/>
<rel id="rel_107" type="edge" xlink:href="const_33"/>
<rel id="rel_108" type="edge" xlink:href="const_36"/>
</struct>

<struct id="const_38">
<rel id="rel_109" type="edge" xlink:href="urml.maz-5010.tok.xml#tok_72"/><!-- und -->
<rel id="rel_110" type="edge" xlink:href="const_35"/>
<rel id="rel_111" type="edge" xlink:href="const_37"/>
</struct>

<struct id="const_39">
<rel id="rel_112" type="edge" xlink:href="urml.maz-5010.tok.xml#tok_90"/><!-- bereits -->
<rel id="rel_113" type="edge" xlink:href="urml.maz-5010.tok.xml#tok_91"/><!-- zerstÃ¶rt -->
</struct>

<struct id="const_40">
<rel id="rel_114" type="edge" xlink:href="urml.maz-5010.tok.xml#tok_88"/><!-- Was -->
<rel id="rel_115" type="edge" xlink:href="urml.maz-5010.tok.xml#tok_89"/><!-- war -->
<rel id="rel_116" type="edge" xlink:href="const_39"/>
</struct>

<struct id="const_41">
<rel id="rel_117" type="edge" xlink:href="urml.maz-5010.tok.xml#tok_95"/><!-- es -->
<rel id="rel_118" type="edge" xlink:href="urml.maz-5010.tok.xml#tok_96"/><!-- zerstÃ¶rt -->
</struct>

<struct id="const_42">
<rel id="rel_119" type="edge" xlink:href="urml.maz-5010.tok.xml#tok_93"/><!-- Wer -->
<rel id="rel_120" type="edge" xlink:href="urml.maz-5010.tok.xml#tok_94"/><!-- hat -->
<rel id="rel_121" type="edge" xlink:href="const_41"/>
</struct>

<struct id="const_43">
<rel id="rel_122" type="edge" xlink:href="urml.maz-5010.tok.xml#tok_99"/><!-- zu -->
<rel id="rel_123" type="edge" xlink:href="urml.maz-5010.tok.xml#tok_100"/><!-- wessen -->
<rel id="rel_124" type="edge" xlink:href="urml.maz-5010.tok.xml#tok_101"/><!-- Werkzeug -->
</struct>

<struct id="const_44">
<rel id="rel_125" type="edge" xlink:href="urml.maz-5010.tok.xml#tok_103"/><!-- ihre -->
<rel id="rel_126" type="edge" xlink:href="urml.maz-5010.tok.xml#tok_104"/><!-- Reportagen -->
</struct>

<struct id="const_45">
<rel id="rel_127" type="edge" xlink:href="urml.maz-5010.tok.xml#tok_105"/><!-- am -->
<rel id="rel_128" type="edge" xlink:href="urml.maz-5010.tok.xml#tok_106"/><!-- Ende -->
</struct>

<struct id="const_46">
<rel id="rel_129" type="edge" xlink:href="urml.maz-5010.tok.xml#tok_98"/><!-- Und -->
<rel id="rel_130" type="edge" xlink:href="urml.maz-5010.tok.xml#tok_102"/><!-- werden -->
<rel id="rel_131" type="edge" xlink:href="const_43"/>
<rel id="rel_132" type="edge" xlink:href="const_44"/>
<rel id="rel_133" type="edge" xlink:href="const_45"/>
</struct>

<struct id="const_47">
<rel id="rel_134" type="edge" xlink:href="urml.maz-5010.tok.xml#tok_108"/><!-- Allzu -->
<rel id="rel_135" type="edge" xlink:href="urml.maz-5010.tok.xml#tok_109"/><!-- prÃ¤zise -->
</struct>

<struct id="const_48">
<rel id="rel_136" type="edge" xlink:href="urml.maz-5010.tok.xml#tok_111"/><!-- aus -->
<rel id="rel_137" type="edge" xlink:href="urml.maz-5010.tok.xml#tok_112"/><!-- Washington -->
</struct>

<struct id="const_49">
<rel id="rel_138" type="edge" xlink:href="urml.maz-5010.tok.xml#tok_117"/><!-- verblÃ¼ffend -->
<rel id="rel_139" type="edge" xlink:href="urml.maz-5010.tok.xml#tok_118"/><!-- rasche -->
</struct>

<struct id="const_50">
<rel id="rel_140" type="edge" xlink:href="urml.maz-5010.tok.xml#tok_120"/><!-- aus -->
<rel id="rel_141" type="edge" xlink:href="urml.maz-5010.tok.xml#tok_121"/><!-- dem -->
<rel id="rel_142" type="edge" xlink:href="urml.maz-5010.tok.xml#tok_122"/><!-- afghanischen -->
<rel id="rel_143" type="edge" xlink:href="urml.maz-5010.tok.xml#tok_123"/><!-- Chaos -->
</struct>

<struct id="const_51">
<rel id="rel_144" type="edge" xlink:href="urml.maz-5010.tok.xml#tok_127"/><!-- unter -->
<rel id="rel_145" type="edge" xlink:href="urml.maz-5010.tok.xml#tok_128"/><!-- der -->
<rel id="rel_146" type="edge" xlink:href="urml.maz-5010.tok.xml#tok_129"/><!-- ZivilbevÃ¶lkerung -->
</struct>

<struct id="const_52">
<rel id="rel_147" type="edge" xlink:href="urml.maz-5010.tok.xml#tok_110"/><!-- Treffer_Bilder -->
<rel id="rel_148" type="edge" xlink:href="const_47"/>
<rel id="rel_149" type="edge" xlink:href="const_48"/>
</struct>

<struct id="const_53">
<rel id="rel_150" type="edge" xlink:href="urml.maz-5010.tok.xml#tok_124"/><!-- Ã¼ber -->
<rel id="rel_151" type="edge" xlink:href="urml.maz-5010.tok.xml#tok_125"/><!-- hohe -->
<rel id="rel_152" type="edge" xlink:href="urml.maz-5010.tok.xml#tok_126"/><!-- Opferzahlen -->
<rel id="rel_153" type="edge" xlink:href="const_51"/>
</struct>

<struct id="const_54">
<rel id="rel_154" type="edge" xlink:href="urml.maz-5010.tok.xml#tok_116"/><!-- wie -->
<rel id="rel_155" type="edge" xlink:href="urml.maz-5010.tok.xml#tok_119"/><!-- Meldungen -->
<rel id="rel_156" type="edge" xlink:href="const_49"/>
<rel id="rel_157" type="edge" xlink:href="const_50"/>
<rel id="rel_158" type="edge" xlink:href="const_53"/>
</struct>

<struct id="const_55">
<rel id="rel_159" type="edge" xlink:href="urml.maz-5010.tok.xml#tok_114"/><!-- ebenso -->
<rel id="rel_160" type="edge" xlink:href="const_54"/>
</struct>

<struct id="const_56">
<rel id="rel_161" type="edge" xlink:href="urml.maz-5010.tok.xml#tok_115"/><!-- stutzig -->
<rel id="rel_162" type="edge" xlink:href="const_55"/>
</struct>

<struct id="const_57">
<rel id="rel_163" type="edge" xlink:href="urml.maz-5010.tok.xml#tok_113"/><!-- machen -->
<rel id="rel_164" type="edge" xlink:href="const_52"/>
<rel id="rel_165" type="edge" xlink:href="const_56"/>
</struct>

<struct id="const_58">
<rel id="rel_166" type="edge" xlink:href="urml.maz-5010.tok.xml#tok_134"/><!-- nur -->
<rel id="rel_167" type="edge" xlink:href="urml.maz-5010.tok.xml#tok_135"/><!-- einer -->
</struct>

<struct id="const_59">
<rel id="rel_168" type="edge" xlink:href="urml.maz-5010.tok.xml#tok_140"/><!-- dieser -->
<rel id="rel_169" type="edge" xlink:href="urml.maz-5010.tok.xml#tok_141"/><!-- Tage -->
</struct>

<struct id="const_60">
<rel id="rel_170" type="edge" xlink:href="urml.maz-5010.tok.xml#tok_142"/><!-- wie -->
<rel id="rel_171" type="edge" xlink:href="urml.maz-5010.tok.xml#tok_143"/><!-- mit -->
<rel id="rel_172" type="edge" xlink:href="urml.maz-5010.tok.xml#tok_144"/><!-- den -->
<rel id="rel_173" type="edge" xlink:href="urml.maz-5010.tok.xml#tok_145"/><!-- Lotto_Zahlen -->
</struct>

<struct id="const_61">
<rel id="rel_174" type="edge" xlink:href="urml.maz-5010.tok.xml#tok_133"/><!-- aus -->
<rel id="rel_175" type="edge" xlink:href="urml.maz-5010.tok.xml#tok_136"/><!-- Quelle -->
<rel id="rel_176" type="edge" xlink:href="const_58"/>
</struct>

<struct id="const_62">
<rel id="rel_177" type="edge" xlink:href="urml.maz-5010.tok.xml#tok_131"/><!-- Bei -->
<rel id="rel_178" type="edge" xlink:href="urml.maz-5010.tok.xml#tok_132"/><!-- Nachrichten -->
<rel id="rel_179" type="edge" xlink:href="const_61"/>
</struct>

<struct id="const_63">
<rel id="rel_180" type="edge" xlink:href="urml.maz-5010.tok.xml#tok_137"/><!-- verhÃ¤lt -->
<rel id="rel_181" type="edge" xlink:href="urml.maz-5010.tok.xml#tok_138"/><!-- es -->
<rel id="rel_182" type="edge" xlink:href="urml.maz-5010.tok.xml#tok_139"/><!-- sich -->
<rel id="rel_183" type="edge" xlink:href="const_59"/>
<rel id="rel_184" type="edge" xlink:href="const_60"/>
<rel id="rel_185" type="edge" xlink:href="const_62"/>
</struct>

<struct id="const_64">
<rel id="rel_186" type="edge" xlink:href="urml.maz-5010.tok.xml#tok_149"/><!-- keine -->
<rel id="rel_187" type="edge" xlink:href="urml.maz-5010.tok.xml#tok_150"/><!-- GewÃ¤hr -->
</struct>

<struct id="const_65">
<rel id="rel_188" type="edge" xlink:href="urml.maz-5010.tok.xml#tok_147"/><!-- Es -->
<rel id="rel_189" type="edge" xlink:href="urml.maz-5010.tok.xml#tok_148"/><!-- gibt -->
<rel id="rel_190" type="edge" xlink:href="const_64"/>
</struct>

</structList>
</sfb632_standard>
