<?xml version="1.0" standalone="no"?>


<!DOCTYPE sfb632_standard SYSTEM "sfb632_feat.dtd">
<sfb632_standard version="1.0">

<header sfb_id="tiger.ID_maz-5010_pos" type="pos"/>

<featList xmlns:xlink="http://www.w3.org/1999/xlink" type="pos" xml:base="urml.maz-5010.tok.xml">

<feat xlink:href="#tok_1" value="stts.type_pos.xml#NN"/><!-- Augenschein -->
<feat xlink:href="#tok_2" value="stts.type_pos.xml#ART"/><!-- Die -->
<feat xlink:href="#tok_3" value="stts.type_pos.xml#NN"/><!-- US_Regierung -->
<feat xlink:href="#tok_4" value="stts.type_pos.xml#VVFIN"/><!-- macht -->
<feat xlink:href="#tok_5" value="stts.type_pos.xml#PDAT"/><!-- dieser -->
<feat xlink:href="#tok_6" value="stts.type_pos.xml#NN"/><!-- Tage -->
<feat xlink:href="#tok_7" value="stts.type_pos.xml#NN"/><!-- Druck -->
<feat xlink:href="#tok_8" value="stts.type_pos.xml#APPR"/><!-- auf -->
<feat xlink:href="#tok_9" value="stts.type_pos.xml#NN"/><!-- Fernsehstationen -->
<feat xlink:href="#tok_10" value="stts.type_pos.xml#DOLLAR_COMMA"/><!-- , -->
<feat xlink:href="#tok_11" value="stts.type_pos.xml#NN"/><!-- Video_Ansprachen -->
<feat xlink:href="#tok_12" value="stts.type_pos.xml#NE"/><!-- Osama -->
<feat xlink:href="#tok_13" value="stts.type_pos.xml#NE"/><!-- bin -->
<feat xlink:href="#tok_14" value="stts.type_pos.xml#NE"/><!-- Ladens -->
<feat xlink:href="#tok_15" value="stts.type_pos.xml#ADV"/><!-- gar -->
<feat xlink:href="#tok_16" value="stts.type_pos.xml#PTKNEG"/><!-- nicht -->
<feat xlink:href="#tok_17" value="stts.type_pos.xml#ADV"/><!-- mehr -->
<feat xlink:href="#tok_18" value="stts.type_pos.xml#KON"/><!-- oder -->
<feat xlink:href="#tok_19" value="stts.type_pos.xml#ADV"/><!-- nur -->
<feat xlink:href="#tok_20" value="stts.type_pos.xml#ADJD"/><!-- stark -->
<feat xlink:href="#tok_21" value="stts.type_pos.xml#VVPP"/><!-- gekÃ¼rzt -->
<feat xlink:href="#tok_22" value="stts.type_pos.xml#PTKZU"/><!-- zu -->
<feat xlink:href="#tok_23" value="stts.type_pos.xml#VVINF"/><!-- senden -->
<feat xlink:href="#tok_24" value="stts.type_pos.xml#DOLLAR_PERIOD"/><!-- . -->
<feat xlink:href="#tok_25" value="stts.type_pos.xml#PDS"/><!-- Das -->
<feat xlink:href="#tok_26" value="stts.type_pos.xml#VAFIN"/><!-- ist -->
<feat xlink:href="#tok_27" value="stts.type_pos.xml#ADV"/><!-- natÃ¼rlich -->
<feat xlink:href="#tok_28" value="stts.type_pos.xml#ART"/><!-- ein -->
<feat xlink:href="#tok_29" value="stts.type_pos.xml#NN"/><!-- Eingriff -->
<feat xlink:href="#tok_30" value="stts.type_pos.xml#APPR"/><!-- in -->
<feat xlink:href="#tok_31" value="stts.type_pos.xml#ART"/><!-- die -->
<feat xlink:href="#tok_32" value="stts.type_pos.xml#NN"/><!-- Pressefreiheit -->
<feat xlink:href="#tok_33" value="stts.type_pos.xml#KON"/><!-- und -->
<feat xlink:href="#tok_34" value="stts.type_pos.xml#ADV"/><!-- doch -->
<feat xlink:href="#tok_35" value="stts.type_pos.xml#VAFIN"/><!-- ist -->
<feat xlink:href="#tok_36" value="stts.type_pos.xml#PTKNEG"/><!-- nicht -->
<feat xlink:href="#tok_37" value="stts.type_pos.xml#VVIZU"/><!-- auszuschlieÃen -->
<feat xlink:href="#tok_38" value="stts.type_pos.xml#DOLLAR_COMMA"/><!-- , -->
<feat xlink:href="#tok_39" value="stts.type_pos.xml#KOUS"/><!-- dass -->
<feat xlink:href="#tok_40" value="stts.type_pos.xml#ADJA"/><!-- versteckte -->
<feat xlink:href="#tok_41" value="stts.type_pos.xml#NN"/><!-- Botschaften -->
<feat xlink:href="#tok_42" value="stts.type_pos.xml#APPRART"/><!-- zum -->
<feat xlink:href="#tok_43" value="stts.type_pos.xml#DOLLAR_OPENPAREN"/><!-- " -->
<feat xlink:href="#tok_44" value="stts.type_pos.xml#NN"/><!-- Aufwecken -->
<feat xlink:href="#tok_45" value="stts.type_pos.xml#DOLLAR_OPENPAREN"/><!-- " -->
<feat xlink:href="#tok_46" value="stts.type_pos.xml#ADV"/><!-- so -->
<feat xlink:href="#tok_47" value="stts.type_pos.xml#ADJA"/><!-- genannter -->
<feat xlink:href="#tok_48" value="stts.type_pos.xml#DOLLAR_OPENPAREN"/><!-- " -->
<feat xlink:href="#tok_49" value="stts.type_pos.xml#NN"/><!-- SchlÃ¤fer -->
<feat xlink:href="#tok_50" value="stts.type_pos.xml#DOLLAR_OPENPAREN"/><!-- " -->
<feat xlink:href="#tok_51" value="stts.type_pos.xml#PROAV"/><!-- darin -->
<feat xlink:href="#tok_52" value="stts.type_pos.xml#VVPP"/><!-- verborgen -->
<feat xlink:href="#tok_53" value="stts.type_pos.xml#VAFIN"/><!-- sind -->
<feat xlink:href="#tok_54" value="stts.type_pos.xml#DOLLAR_PERIOD"/><!-- . -->
<feat xlink:href="#tok_55" value="stts.type_pos.xml#ART"/><!-- Eine -->
<feat xlink:href="#tok_56" value="stts.type_pos.xml#ADJA"/><!-- westliche -->
<feat xlink:href="#tok_57" value="stts.type_pos.xml#NN"/><!-- Journalistengruppe -->
<feat xlink:href="#tok_58" value="stts.type_pos.xml#VVFIN"/><!-- besucht -->
<feat xlink:href="#tok_59" value="stts.type_pos.xml#APPR"/><!-- auf -->
<feat xlink:href="#tok_60" value="stts.type_pos.xml#NN"/><!-- Einladung -->
<feat xlink:href="#tok_61" value="stts.type_pos.xml#ART"/><!-- der -->
<feat xlink:href="#tok_62" value="stts.type_pos.xml#NE"/><!-- Taliban -->
<feat xlink:href="#tok_63" value="stts.type_pos.xml#ART"/><!-- ein -->
<feat xlink:href="#tok_64" value="stts.type_pos.xml#ADJA"/><!-- zerstÃ¶rtes -->
<feat xlink:href="#tok_65" value="stts.type_pos.xml#NN"/><!-- Dorf -->
<feat xlink:href="#tok_66" value="stts.type_pos.xml#APPR"/><!-- in -->
<feat xlink:href="#tok_67" value="stts.type_pos.xml#NE"/><!-- Afghanistan -->
<feat xlink:href="#tok_68" value="stts.type_pos.xml#DOLLAR_PERIOD"/><!-- . -->
<feat xlink:href="#tok_69" value="stts.type_pos.xml#ART"/><!-- Ein -->
<feat xlink:href="#tok_70" value="stts.type_pos.xml#ADJA"/><!-- authentischer -->
<feat xlink:href="#tok_71" value="stts.type_pos.xml#NN"/><!-- Ortstermin -->
<feat xlink:href="#tok_72" value="stts.type_pos.xml#KON"/><!-- und -->
<feat xlink:href="#tok_73" value="stts.type_pos.xml#ADV"/><!-- doch -->
<feat xlink:href="#tok_74" value="stts.type_pos.xml#VVFIN"/><!-- wissen -->
<feat xlink:href="#tok_75" value="stts.type_pos.xml#ART"/><!-- die -->
<feat xlink:href="#tok_76" value="stts.type_pos.xml#NN"/><!-- Berichterstatter -->
<feat xlink:href="#tok_77" value="stts.type_pos.xml#PTKNEG"/><!-- nicht -->
<feat xlink:href="#tok_78" value="stts.type_pos.xml#ADJD"/><!-- wirklich -->
<feat xlink:href="#tok_79" value="stts.type_pos.xml#DOLLAR_COMMA"/><!-- , -->
<feat xlink:href="#tok_80" value="stts.type_pos.xml#PWS"/><!-- was -->
<feat xlink:href="#tok_81" value="stts.type_pos.xml#PPER"/><!-- sie -->
<feat xlink:href="#tok_82" value="stts.type_pos.xml#ADV"/><!-- da -->
<feat xlink:href="#tok_83" value="stts.type_pos.xml#APPR"/><!-- mit -->
<feat xlink:href="#tok_84" value="stts.type_pos.xml#ADJA"/><!-- eigenen -->
<feat xlink:href="#tok_85" value="stts.type_pos.xml#NN"/><!-- Augen -->
<feat xlink:href="#tok_86" value="stts.type_pos.xml#VVFIN"/><!-- sehen -->
<feat xlink:href="#tok_87" value="stts.type_pos.xml#DOLLAR_PERIOD"/><!-- : -->
<feat xlink:href="#tok_88" value="stts.type_pos.xml#PWS"/><!-- Was -->
<feat xlink:href="#tok_89" value="stts.type_pos.xml#VAFIN"/><!-- war -->
<feat xlink:href="#tok_90" value="stts.type_pos.xml#ADV"/><!-- bereits -->
<feat xlink:href="#tok_91" value="stts.type_pos.xml#VVPP"/><!-- zerstÃ¶rt -->
<feat xlink:href="#tok_92" value="stts.type_pos.xml#DOLLAR_PERIOD"/><!-- ? -->
<feat xlink:href="#tok_93" value="stts.type_pos.xml#PWS"/><!-- Wer -->
<feat xlink:href="#tok_94" value="stts.type_pos.xml#VAFIN"/><!-- hat -->
<feat xlink:href="#tok_95" value="stts.type_pos.xml#PPER"/><!-- es -->
<feat xlink:href="#tok_96" value="stts.type_pos.xml#VVPP"/><!-- zerstÃ¶rt -->
<feat xlink:href="#tok_97" value="stts.type_pos.xml#DOLLAR_PERIOD"/><!-- ? -->
<feat xlink:href="#tok_98" value="stts.type_pos.xml#KON"/><!-- Und -->
<feat xlink:href="#tok_99" value="stts.type_pos.xml#APPR"/><!-- zu -->
<feat xlink:href="#tok_100" value="stts.type_pos.xml#PWS"/><!-- wessen -->
<feat xlink:href="#tok_101" value="stts.type_pos.xml#NN"/><!-- Werkzeug -->
<feat xlink:href="#tok_102" value="stts.type_pos.xml#VAFIN"/><!-- werden -->
<feat xlink:href="#tok_103" value="stts.type_pos.xml#PPOSAT"/><!-- ihre -->
<feat xlink:href="#tok_104" value="stts.type_pos.xml#NN"/><!-- Reportagen -->
<feat xlink:href="#tok_105" value="stts.type_pos.xml#APPRART"/><!-- am -->
<feat xlink:href="#tok_106" value="stts.type_pos.xml#NN"/><!-- Ende -->
<feat xlink:href="#tok_107" value="stts.type_pos.xml#DOLLAR_PERIOD"/><!-- ? -->
<feat xlink:href="#tok_108" value="stts.type_pos.xml#PTKA"/><!-- Allzu -->
<feat xlink:href="#tok_109" value="stts.type_pos.xml#ADJA"/><!-- prÃ¤zise -->
<feat xlink:href="#tok_110" value="stts.type_pos.xml#NN"/><!-- Treffer_Bilder -->
<feat xlink:href="#tok_111" value="stts.type_pos.xml#APPR"/><!-- aus -->
<feat xlink:href="#tok_112" value="stts.type_pos.xml#NE"/><!-- Washington -->
<feat xlink:href="#tok_113" value="stts.type_pos.xml#VVFIN"/><!-- machen -->
<feat xlink:href="#tok_114" value="stts.type_pos.xml#ADV"/><!-- ebenso -->
<feat xlink:href="#tok_115" value="stts.type_pos.xml#ADJD"/><!-- stutzig -->
<feat xlink:href="#tok_116" value="stts.type_pos.xml#KOKOM"/><!-- wie -->
<feat xlink:href="#tok_117" value="stts.type_pos.xml#ADJD"/><!-- verblÃ¼ffend -->
<feat xlink:href="#tok_118" value="stts.type_pos.xml#ADJA"/><!-- rasche -->
<feat xlink:href="#tok_119" value="stts.type_pos.xml#NN"/><!-- Meldungen -->
<feat xlink:href="#tok_120" value="stts.type_pos.xml#APPR"/><!-- aus -->
<feat xlink:href="#tok_121" value="stts.type_pos.xml#ART"/><!-- dem -->
<feat xlink:href="#tok_122" value="stts.type_pos.xml#ADJA"/><!-- afghanischen -->
<feat xlink:href="#tok_123" value="stts.type_pos.xml#NN"/><!-- Chaos -->
<feat xlink:href="#tok_124" value="stts.type_pos.xml#APPR"/><!-- Ã¼ber -->
<feat xlink:href="#tok_125" value="stts.type_pos.xml#ADJA"/><!-- hohe -->
<feat xlink:href="#tok_126" value="stts.type_pos.xml#NN"/><!-- Opferzahlen -->
<feat xlink:href="#tok_127" value="stts.type_pos.xml#APPR"/><!-- unter -->
<feat xlink:href="#tok_128" value="stts.type_pos.xml#ART"/><!-- der -->
<feat xlink:href="#tok_129" value="stts.type_pos.xml#NN"/><!-- ZivilbevÃ¶lkerung -->
<feat xlink:href="#tok_130" value="stts.type_pos.xml#DOLLAR_PERIOD"/><!-- . -->
<feat xlink:href="#tok_131" value="stts.type_pos.xml#APPR"/><!-- Bei -->
<feat xlink:href="#tok_132" value="stts.type_pos.xml#NN"/><!-- Nachrichten -->
<feat xlink:href="#tok_133" value="stts.type_pos.xml#APPR"/><!-- aus -->
<feat xlink:href="#tok_134" value="stts.type_pos.xml#ADV"/><!-- nur -->
<feat xlink:href="#tok_135" value="stts.type_pos.xml#ART"/><!-- einer -->
<feat xlink:href="#tok_136" value="stts.type_pos.xml#NN"/><!-- Quelle -->
<feat xlink:href="#tok_137" value="stts.type_pos.xml#VVFIN"/><!-- verhÃ¤lt -->
<feat xlink:href="#tok_138" value="stts.type_pos.xml#PPER"/><!-- es -->
<feat xlink:href="#tok_139" value="stts.type_pos.xml#PRF"/><!-- sich -->
<feat xlink:href="#tok_140" value="stts.type_pos.xml#PDAT"/><!-- dieser -->
<feat xlink:href="#tok_141" value="stts.type_pos.xml#NN"/><!-- Tage -->
<feat xlink:href="#tok_142" value="stts.type_pos.xml#KOKOM"/><!-- wie -->
<feat xlink:href="#tok_143" value="stts.type_pos.xml#APPR"/><!-- mit -->
<feat xlink:href="#tok_144" value="stts.type_pos.xml#ART"/><!-- den -->
<feat xlink:href="#tok_145" value="stts.type_pos.xml#NN"/><!-- Lotto_Zahlen -->
<feat xlink:href="#tok_146" value="stts.type_pos.xml#DOLLAR_PERIOD"/><!-- : -->
<feat xlink:href="#tok_147" value="stts.type_pos.xml#PPER"/><!-- Es -->
<feat xlink:href="#tok_148" value="stts.type_pos.xml#VVFIN"/><!-- gibt -->
<feat xlink:href="#tok_149" value="stts.type_pos.xml#PIAT"/><!-- keine -->
<feat xlink:href="#tok_150" value="stts.type_pos.xml#NN"/><!-- GewÃ¤hr -->
<feat xlink:href="#tok_151" value="stts.type_pos.xml#DOLLAR_PERIOD"/><!-- . -->
</featList>

</sfb632_standard>
