<?xml version="1.0" standalone="no"?>


<!DOCTYPE sfb632_standard SYSTEM "sfb632_feat.dtd">
<sfb632_standard version="1.0">

<header sfb_id="tiger.ID_maz-5010_morph" type="morph"/>

<featList xmlns:xlink="http://www.w3.org/1999/xlink" type="morph" xml:base="urml.maz-5010.tok.xml">

<feat xlink:href="#tok_1" value="Nom.Sg.Masc"/><!-- Augenschein -->
<feat xlink:href="#tok_2" value="Nom.Sg.Fem"/><!-- Die -->
<feat xlink:href="#tok_3" value="Nom.Sg.Fem"/><!-- US_Regierung -->
<feat xlink:href="#tok_4" value="3.Sg.Pres.Ind"/><!-- macht -->
<feat xlink:href="#tok_5" value="Gen.Pl.Masc"/><!-- dieser -->
<feat xlink:href="#tok_6" value="Gen.Pl.Masc"/><!-- Tage -->
<feat xlink:href="#tok_7" value="Acc.Sg.Masc"/><!-- Druck -->
<feat xlink:href="#tok_8" value="--"/><!-- auf -->
<feat xlink:href="#tok_9" value="Acc.Pl.Fem"/><!-- Fernsehstationen -->
<feat xlink:href="#tok_10" value="--"/><!-- , -->
<feat xlink:href="#tok_11" value="Acc.Pl.Fem"/><!-- Video_Ansprachen -->
<feat xlink:href="#tok_12" value="Nom.Sg.Masc"/><!-- Osama -->
<feat xlink:href="#tok_13" value="*.*.*"/><!-- bin -->
<feat xlink:href="#tok_14" value="Gen.Sg.Masc"/><!-- Ladens -->
<feat xlink:href="#tok_15" value="--"/><!-- gar -->
<feat xlink:href="#tok_16" value="--"/><!-- nicht -->
<feat xlink:href="#tok_17" value="--"/><!-- mehr -->
<feat xlink:href="#tok_18" value="--"/><!-- oder -->
<feat xlink:href="#tok_19" value="--"/><!-- nur -->
<feat xlink:href="#tok_20" value="Pos"/><!-- stark -->
<feat xlink:href="#tok_21" value="Psp"/><!-- gekÃ¼rzt -->
<feat xlink:href="#tok_22" value="--"/><!-- zu -->
<feat xlink:href="#tok_23" value="Inf"/><!-- senden -->
<feat xlink:href="#tok_24" value="--"/><!-- . -->
<feat xlink:href="#tok_25" value="Nom.Sg.Neut"/><!-- Das -->
<feat xlink:href="#tok_26" value="3.Sg.Pres.Ind"/><!-- ist -->
<feat xlink:href="#tok_27" value="--"/><!-- natÃ¼rlich -->
<feat xlink:href="#tok_28" value="Nom.Sg.Masc"/><!-- ein -->
<feat xlink:href="#tok_29" value="Nom.Sg.Masc"/><!-- Eingriff -->
<feat xlink:href="#tok_30" value="--"/><!-- in -->
<feat xlink:href="#tok_31" value="Acc.Sg.Fem"/><!-- die -->
<feat xlink:href="#tok_32" value="Acc.Sg.Fem"/><!-- Pressefreiheit -->
<feat xlink:href="#tok_33" value="--"/><!-- und -->
<feat xlink:href="#tok_34" value="--"/><!-- doch -->
<feat xlink:href="#tok_35" value="3.Sg.Pres.Ind"/><!-- ist -->
<feat xlink:href="#tok_36" value="--"/><!-- nicht -->
<feat xlink:href="#tok_37" value="Infzu"/><!-- auszuschlieÃen -->
<feat xlink:href="#tok_38" value="--"/><!-- , -->
<feat xlink:href="#tok_39" value="--"/><!-- dass -->
<feat xlink:href="#tok_40" value="Pos.Nom.Pl.Fem"/><!-- versteckte -->
<feat xlink:href="#tok_41" value="Nom.Pl.Fem"/><!-- Botschaften -->
<feat xlink:href="#tok_42" value="Dat.Sg.Neut"/><!-- zum -->
<feat xlink:href="#tok_43" value="--"/><!-- " -->
<feat xlink:href="#tok_44" value="Dat.Sg.Neut"/><!-- Aufwecken -->
<feat xlink:href="#tok_45" value="--"/><!-- " -->
<feat xlink:href="#tok_46" value="--"/><!-- so -->
<feat xlink:href="#tok_47" value="Pos.Gen.Pl.Masc"/><!-- genannter -->
<feat xlink:href="#tok_48" value="--"/><!-- " -->
<feat xlink:href="#tok_49" value="Gen.Pl.Masc"/><!-- SchlÃ¤fer -->
<feat xlink:href="#tok_50" value="--"/><!-- " -->
<feat xlink:href="#tok_51" value="--"/><!-- darin -->
<feat xlink:href="#tok_52" value="Psp"/><!-- verborgen -->
<feat xlink:href="#tok_53" value="3.Pl.Pres.Ind"/><!-- sind -->
<feat xlink:href="#tok_54" value="--"/><!-- . -->
<feat xlink:href="#tok_55" value="Nom.Sg.Fem"/><!-- Eine -->
<feat xlink:href="#tok_56" value="Pos.Nom.Sg.Fem"/><!-- westliche -->
<feat xlink:href="#tok_57" value="Nom.Sg.Fem"/><!-- Journalistengruppe -->
<feat xlink:href="#tok_58" value="3.Sg.Pres.Ind"/><!-- besucht -->
<feat xlink:href="#tok_59" value="--"/><!-- auf -->
<feat xlink:href="#tok_60" value="Acc.Sg.Fem"/><!-- Einladung -->
<feat xlink:href="#tok_61" value="Gen.*.Fem"/><!-- der -->
<feat xlink:href="#tok_62" value="Gen.*.Fem"/><!-- Taliban -->
<feat xlink:href="#tok_63" value="Acc.Sg.Neut"/><!-- ein -->
<feat xlink:href="#tok_64" value="Pos.Acc.Sg.Neut"/><!-- zerstÃ¶rtes -->
<feat xlink:href="#tok_65" value="Acc.Sg.Neut"/><!-- Dorf -->
<feat xlink:href="#tok_66" value="--"/><!-- in -->
<feat xlink:href="#tok_67" value="Dat.Sg.Neut"/><!-- Afghanistan -->
<feat xlink:href="#tok_68" value="--"/><!-- . -->
<feat xlink:href="#tok_69" value="Nom.Sg.Masc"/><!-- Ein -->
<feat xlink:href="#tok_70" value="Pos.Nom.Sg.Masc"/><!-- authentischer -->
<feat xlink:href="#tok_71" value="Nom.Sg.Masc"/><!-- Ortstermin -->
<feat xlink:href="#tok_72" value="--"/><!-- und -->
<feat xlink:href="#tok_73" value="--"/><!-- doch -->
<feat xlink:href="#tok_74" value="3.Pl.Pres.Ind"/><!-- wissen -->
<feat xlink:href="#tok_75" value="Nom.Pl.Masc"/><!-- die -->
<feat xlink:href="#tok_76" value="Nom.Pl.Masc"/><!-- Berichterstatter -->
<feat xlink:href="#tok_77" value="--"/><!-- nicht -->
<feat xlink:href="#tok_78" value="Pos"/><!-- wirklich -->
<feat xlink:href="#tok_79" value="--"/><!-- , -->
<feat xlink:href="#tok_80" value="Acc.Sg.Neut"/><!-- was -->
<feat xlink:href="#tok_81" value="3.Nom.Pl.Masc"/><!-- sie -->
<feat xlink:href="#tok_82" value="--"/><!-- da -->
<feat xlink:href="#tok_83" value="--"/><!-- mit -->
<feat xlink:href="#tok_84" value="Pos.Dat.Pl.Neut"/><!-- eigenen -->
<feat xlink:href="#tok_85" value="Dat.Pl.Neut"/><!-- Augen -->
<feat xlink:href="#tok_86" value="3.Pl.Pres.Ind"/><!-- sehen -->
<feat xlink:href="#tok_87" value="--"/><!-- : -->
<feat xlink:href="#tok_88" value="Nom.Sg.Neut"/><!-- Was -->
<feat xlink:href="#tok_89" value="3.Sg.Past.Ind"/><!-- war -->
<feat xlink:href="#tok_90" value="--"/><!-- bereits -->
<feat xlink:href="#tok_91" value="Psp"/><!-- zerstÃ¶rt -->
<feat xlink:href="#tok_92" value="--"/><!-- ? -->
<feat xlink:href="#tok_93" value="Nom.Sg.Masc"/><!-- Wer -->
<feat xlink:href="#tok_94" value="3.Sg.Pres.Ind"/><!-- hat -->
<feat xlink:href="#tok_95" value="3.Acc.Sg.Neut"/><!-- es -->
<feat xlink:href="#tok_96" value="Psp"/><!-- zerstÃ¶rt -->
<feat xlink:href="#tok_97" value="--"/><!-- ? -->
<feat xlink:href="#tok_98" value="--"/><!-- Und -->
<feat xlink:href="#tok_99" value="--"/><!-- zu -->
<feat xlink:href="#tok_100" value="Gen.Sg.Masc"/><!-- wessen -->
<feat xlink:href="#tok_101" value="Dat.Sg.Neut"/><!-- Werkzeug -->
<feat xlink:href="#tok_102" value="3.Pl.Pres.Ind"/><!-- werden -->
<feat xlink:href="#tok_103" value="Nom.Pl.Fem"/><!-- ihre -->
<feat xlink:href="#tok_104" value="Nom.Pl.Fem"/><!-- Reportagen -->
<feat xlink:href="#tok_105" value="Dat.Sg.Neut"/><!-- am -->
<feat xlink:href="#tok_106" value="Dat.Sg.Neut"/><!-- Ende -->
<feat xlink:href="#tok_107" value="--"/><!-- ? -->
<feat xlink:href="#tok_108" value="--"/><!-- Allzu -->
<feat xlink:href="#tok_109" value="Pos.Nom.Pl.Neut"/><!-- prÃ¤zise -->
<feat xlink:href="#tok_110" value="Nom.Pl.Neut"/><!-- Treffer_Bilder -->
<feat xlink:href="#tok_111" value="--"/><!-- aus -->
<feat xlink:href="#tok_112" value="Dat.Sg.Neut"/><!-- Washington -->
<feat xlink:href="#tok_113" value="3.Pl.Pres.Ind"/><!-- machen -->
<feat xlink:href="#tok_114" value="--"/><!-- ebenso -->
<feat xlink:href="#tok_115" value="Pos"/><!-- stutzig -->
<feat xlink:href="#tok_116" value="--"/><!-- wie -->
<feat xlink:href="#tok_117" value="Pos"/><!-- verblÃ¼ffend -->
<feat xlink:href="#tok_118" value="Pos.Nom.Pl.Fem"/><!-- rasche -->
<feat xlink:href="#tok_119" value="Nom.Pl.Fem"/><!-- Meldungen -->
<feat xlink:href="#tok_120" value="--"/><!-- aus -->
<feat xlink:href="#tok_121" value="Dat.Sg.Neut"/><!-- dem -->
<feat xlink:href="#tok_122" value="Pos.Dat.Sg.Neut"/><!-- afghanischen -->
<feat xlink:href="#tok_123" value="Dat.Sg.Neut"/><!-- Chaos -->
<feat xlink:href="#tok_124" value="--"/><!-- Ã¼ber -->
<feat xlink:href="#tok_125" value="Pos.Acc.Pl.Fem"/><!-- hohe -->
<feat xlink:href="#tok_126" value="Acc.Pl.Fem"/><!-- Opferzahlen -->
<feat xlink:href="#tok_127" value="--"/><!-- unter -->
<feat xlink:href="#tok_128" value="Dat.Sg.Fem"/><!-- der -->
<feat xlink:href="#tok_129" value="Dat.Sg.Fem"/><!-- ZivilbevÃ¶lkerung -->
<feat xlink:href="#tok_130" value="--"/><!-- . -->
<feat xlink:href="#tok_131" value="--"/><!-- Bei -->
<feat xlink:href="#tok_132" value="Dat.Pl.Fem"/><!-- Nachrichten -->
<feat xlink:href="#tok_133" value="--"/><!-- aus -->
<feat xlink:href="#tok_134" value="--"/><!-- nur -->
<feat xlink:href="#tok_135" value="Dat.Sg.Fem"/><!-- einer -->
<feat xlink:href="#tok_136" value="Dat.Sg.Fem"/><!-- Quelle -->
<feat xlink:href="#tok_137" value="3.Sg.Pres.Ind"/><!-- verhÃ¤lt -->
<feat xlink:href="#tok_138" value="3.Nom.Sg.Neut"/><!-- es -->
<feat xlink:href="#tok_139" value="3.Acc.Sg"/><!-- sich -->
<feat xlink:href="#tok_140" value="Gen.Pl.Masc"/><!-- dieser -->
<feat xlink:href="#tok_141" value="Gen.Pl.Masc"/><!-- Tage -->
<feat xlink:href="#tok_142" value="--"/><!-- wie -->
<feat xlink:href="#tok_143" value="--"/><!-- mit -->
<feat xlink:href="#tok_144" value="Dat.Pl.Fem"/><!-- den -->
<feat xlink:href="#tok_145" value="Dat.Pl.Fem"/><!-- Lotto_Zahlen -->
<feat xlink:href="#tok_146" value="--"/><!-- : -->
<feat xlink:href="#tok_147" value="3.Nom.Sg.Neut"/><!-- Es -->
<feat xlink:href="#tok_148" value="3.Sg.Pres.Ind"/><!-- gibt -->
<feat xlink:href="#tok_149" value="Acc.Sg.Fem"/><!-- keine -->
<feat xlink:href="#tok_150" value="Acc.Sg.Fem"/><!-- GewÃ¤hr -->
<feat xlink:href="#tok_151" value="--"/><!-- . -->
</featList>

</sfb632_standard>
