<?xml version="1.0" standalone="no"?>


<!DOCTYPE sfb632_standard SYSTEM "sfb632_feat.dtd">
<sfb632_standard version="1.0">

<header sfb_id="tiger.ID_maz-5010_func" type="func"/>

<featList xmlns:xlink="http://www.w3.org/1999/xlink" type="func" xml:base="tiger.ID_maz-5010.const.xml">

<feat xlink:href="#rel_1" value="NK"/><!-- Die -->
<feat xlink:href="#rel_2" value="NK"/><!-- US_Regierung -->
<feat xlink:href="#rel_3" value="NK"/><!-- dieser -->
<feat xlink:href="#rel_4" value="NK"/><!-- Tage -->
<feat xlink:href="#rel_5" value="AC"/><!-- auf -->
<feat xlink:href="#rel_6" value="NK"/><!-- Fernsehstationen -->
<feat xlink:href="#rel_7" value="PNC"/><!-- Osama -->
<feat xlink:href="#rel_8" value="PNC"/><!-- bin -->
<feat xlink:href="#rel_9" value="PNC"/><!-- Ladens -->
<feat xlink:href="#rel_10" value="MO"/><!-- gar -->
<feat xlink:href="#rel_11" value="HD"/><!-- nicht -->
<feat xlink:href="#rel_12" value="MO"/><!-- mehr -->
<feat xlink:href="#rel_13" value="MO"/><!-- nur -->
<feat xlink:href="#rel_14" value="MO"/><!-- stark -->
<feat xlink:href="#rel_15" value="HD"/><!-- gekÃ¼rzt -->
<feat xlink:href="#rel_16" value="PM"/><!-- zu -->
<feat xlink:href="#rel_17" value="HD"/><!-- senden -->
<feat xlink:href="#rel_19" value="NK"/><!-- Video_Ansprachen -->
<feat xlink:href="#rel_20" value="AG"/>
<feat xlink:href="#rel_22" value="MO"/>
<feat xlink:href="#rel_23" value="HD"/>
<feat xlink:href="#rel_21" value="OA"/>
<feat xlink:href="#rel_24" value="NG"/>
<feat xlink:href="#rel_25" value="OA"/>
<feat xlink:href="#rel_18" value="HD"/>
<feat xlink:href="#rel_26" value="CD"/><!-- oder -->
<feat xlink:href="#rel_27" value="CJ"/>
<feat xlink:href="#rel_28" value="CJ"/>
<feat xlink:href="#rel_29" value="NK"/><!-- Druck -->
<feat xlink:href="#rel_30" value="MNR"/>
<feat xlink:href="#rel_31" value="MNR"/>
<feat xlink:href="#rel_32" value="HD"/><!-- macht -->
<feat xlink:href="#rel_33" value="SB"/>
<feat xlink:href="#rel_34" value="MO"/>
<feat xlink:href="#rel_35" value="OA"/>
<feat xlink:href="#rel_36" value="AC"/><!-- in -->
<feat xlink:href="#rel_37" value="NK"/><!-- die -->
<feat xlink:href="#rel_38" value="NK"/><!-- Pressefreiheit -->
<feat xlink:href="#rel_39" value="MO"/><!-- so -->
<feat xlink:href="#rel_40" value="HD"/><!-- genannter -->
<feat xlink:href="#rel_41" value="MO"/><!-- darin -->
<feat xlink:href="#rel_42" value="HD"/><!-- verborgen -->
<feat xlink:href="#rel_43" value="NK"/><!-- ein -->
<feat xlink:href="#rel_44" value="NK"/><!-- Eingriff -->
<feat xlink:href="#rel_45" value="MNR"/>
<feat xlink:href="#rel_46" value="NK"/><!-- SchlÃ¤fer -->
<feat xlink:href="#rel_47" value="NK"/>
<feat xlink:href="#rel_48" value="SB"/><!-- Das -->
<feat xlink:href="#rel_49" value="HD"/><!-- ist -->
<feat xlink:href="#rel_50" value="MO"/><!-- natÃ¼rlich -->
<feat xlink:href="#rel_51" value="PD"/>
<feat xlink:href="#rel_52" value="AC"/><!-- zum -->
<feat xlink:href="#rel_53" value="NK"/><!-- Aufwecken -->
<feat xlink:href="#rel_54" value="AG"/>
<feat xlink:href="#rel_55" value="NK"/><!-- versteckte -->
<feat xlink:href="#rel_56" value="NK"/><!-- Botschaften -->
<feat xlink:href="#rel_57" value="MNR"/>
<feat xlink:href="#rel_58" value="CP"/><!-- dass -->
<feat xlink:href="#rel_59" value="HD"/><!-- sind -->
<feat xlink:href="#rel_60" value="PD"/>
<feat xlink:href="#rel_61" value="SB"/>
<feat xlink:href="#rel_62" value="MO"/><!-- doch -->
<feat xlink:href="#rel_63" value="HD"/><!-- ist -->
<feat xlink:href="#rel_64" value="NG"/><!-- nicht -->
<feat xlink:href="#rel_65" value="OC"/><!-- auszuschlieÃen -->
<feat xlink:href="#rel_66" value="SB"/>
<feat xlink:href="#rel_67" value="CD"/><!-- und -->
<feat xlink:href="#rel_68" value="CJ"/>
<feat xlink:href="#rel_69" value="CJ"/>
<feat xlink:href="#rel_70" value="NK"/><!-- Eine -->
<feat xlink:href="#rel_71" value="NK"/><!-- westliche -->
<feat xlink:href="#rel_72" value="NK"/><!-- Journalistengruppe -->
<feat xlink:href="#rel_73" value="NK"/><!-- der -->
<feat xlink:href="#rel_74" value="NK"/><!-- Taliban -->
<feat xlink:href="#rel_75" value="NK"/><!-- ein -->
<feat xlink:href="#rel_76" value="NK"/><!-- zerstÃ¶rtes -->
<feat xlink:href="#rel_77" value="NK"/><!-- Dorf -->
<feat xlink:href="#rel_78" value="AC"/><!-- in -->
<feat xlink:href="#rel_79" value="NK"/><!-- Afghanistan -->
<feat xlink:href="#rel_80" value="AC"/><!-- auf -->
<feat xlink:href="#rel_81" value="NK"/><!-- Einladung -->
<feat xlink:href="#rel_82" value="AG"/>
<feat xlink:href="#rel_83" value="HD"/><!-- besucht -->
<feat xlink:href="#rel_84" value="SB"/>
<feat xlink:href="#rel_85" value="OA"/>
<feat xlink:href="#rel_86" value="MO"/>
<feat xlink:href="#rel_87" value="MO"/>
<feat xlink:href="#rel_88" value="NK"/><!-- Ein -->
<feat xlink:href="#rel_89" value="NK"/><!-- authentischer -->
<feat xlink:href="#rel_90" value="NK"/><!-- Ortstermin -->
<feat xlink:href="#rel_91" value="NK"/><!-- die -->
<feat xlink:href="#rel_92" value="NK"/><!-- Berichterstatter -->
<feat xlink:href="#rel_93" value="NG"/><!-- nicht -->
<feat xlink:href="#rel_94" value="HD"/><!-- wirklich -->
<feat xlink:href="#rel_95" value="AC"/><!-- mit -->
<feat xlink:href="#rel_96" value="NK"/><!-- eigenen -->
<feat xlink:href="#rel_97" value="NK"/><!-- Augen -->
<feat xlink:href="#rel_98" value="PD"/>
<feat xlink:href="#rel_99" value="OA"/><!-- was -->
<feat xlink:href="#rel_100" value="SB"/><!-- sie -->
<feat xlink:href="#rel_101" value="MO"/><!-- da -->
<feat xlink:href="#rel_102" value="HD"/><!-- sehen -->
<feat xlink:href="#rel_103" value="MO"/>
<feat xlink:href="#rel_104" value="MO"/><!-- doch -->
<feat xlink:href="#rel_105" value="HD"/><!-- wissen -->
<feat xlink:href="#rel_106" value="SB"/>
<feat xlink:href="#rel_107" value="MO"/>
<feat xlink:href="#rel_108" value="OC"/>
<feat xlink:href="#rel_109" value="CD"/><!-- und -->
<feat xlink:href="#rel_110" value="CJ"/>
<feat xlink:href="#rel_111" value="CJ"/>
<feat xlink:href="#rel_112" value="MO"/><!-- bereits -->
<feat xlink:href="#rel_113" value="HD"/><!-- zerstÃ¶rt -->
<feat xlink:href="#rel_114" value="SB"/><!-- Was -->
<feat xlink:href="#rel_115" value="HD"/><!-- war -->
<feat xlink:href="#rel_116" value="PD"/>
<feat xlink:href="#rel_117" value="OA"/><!-- es -->
<feat xlink:href="#rel_118" value="HD"/><!-- zerstÃ¶rt -->
<feat xlink:href="#rel_119" value="SB"/><!-- Wer -->
<feat xlink:href="#rel_120" value="HD"/><!-- hat -->
<feat xlink:href="#rel_121" value="OC"/>
<feat xlink:href="#rel_122" value="AC"/><!-- zu -->
<feat xlink:href="#rel_123" value="AG"/><!-- wessen -->
<feat xlink:href="#rel_124" value="NK"/><!-- Werkzeug -->
<feat xlink:href="#rel_125" value="NK"/><!-- ihre -->
<feat xlink:href="#rel_126" value="NK"/><!-- Reportagen -->
<feat xlink:href="#rel_127" value="AC"/><!-- am -->
<feat xlink:href="#rel_128" value="NK"/><!-- Ende -->
<feat xlink:href="#rel_129" value="JU"/><!-- Und -->
<feat xlink:href="#rel_130" value="HD"/><!-- werden -->
<feat xlink:href="#rel_131" value="MO"/>
<feat xlink:href="#rel_132" value="SB"/>
<feat xlink:href="#rel_133" value="MO"/>
<feat xlink:href="#rel_134" value="MO"/><!-- Allzu -->
<feat xlink:href="#rel_135" value="HD"/><!-- prÃ¤zise -->
<feat xlink:href="#rel_136" value="AC"/><!-- aus -->
<feat xlink:href="#rel_137" value="NK"/><!-- Washington -->
<feat xlink:href="#rel_138" value="MO"/><!-- verblÃ¼ffend -->
<feat xlink:href="#rel_139" value="HD"/><!-- rasche -->
<feat xlink:href="#rel_140" value="AC"/><!-- aus -->
<feat xlink:href="#rel_141" value="NK"/><!-- dem -->
<feat xlink:href="#rel_142" value="NK"/><!-- afghanischen -->
<feat xlink:href="#rel_143" value="NK"/><!-- Chaos -->
<feat xlink:href="#rel_144" value="AC"/><!-- unter -->
<feat xlink:href="#rel_145" value="NK"/><!-- der -->
<feat xlink:href="#rel_146" value="NK"/><!-- ZivilbevÃ¶lkerung -->
<feat xlink:href="#rel_147" value="NK"/><!-- Treffer_Bilder -->
<feat xlink:href="#rel_148" value="NK"/>
<feat xlink:href="#rel_149" value="MNR"/>
<feat xlink:href="#rel_150" value="AC"/><!-- Ã¼ber -->
<feat xlink:href="#rel_151" value="NK"/><!-- hohe -->
<feat xlink:href="#rel_152" value="NK"/><!-- Opferzahlen -->
<feat xlink:href="#rel_153" value="MNR"/>
<feat xlink:href="#rel_154" value="CM"/><!-- wie -->
<feat xlink:href="#rel_155" value="NK"/><!-- Meldungen -->
<feat xlink:href="#rel_156" value="NK"/>
<feat xlink:href="#rel_157" value="MNR"/>
<feat xlink:href="#rel_158" value="MNR"/>
<feat xlink:href="#rel_159" value="HD"/><!-- ebenso -->
<feat xlink:href="#rel_160" value="CC"/>
<feat xlink:href="#rel_161" value="HD"/><!-- stutzig -->
<feat xlink:href="#rel_162" value="MO"/>
<feat xlink:href="#rel_163" value="HD"/><!-- machen -->
<feat xlink:href="#rel_164" value="SB"/>
<feat xlink:href="#rel_165" value="MO"/>
<feat xlink:href="#rel_166" value="MO"/><!-- nur -->
<feat xlink:href="#rel_167" value="HD"/><!-- einer -->
<feat xlink:href="#rel_168" value="NK"/><!-- dieser -->
<feat xlink:href="#rel_169" value="NK"/><!-- Tage -->
<feat xlink:href="#rel_170" value="CM"/><!-- wie -->
<feat xlink:href="#rel_171" value="AC"/><!-- mit -->
<feat xlink:href="#rel_172" value="NK"/><!-- den -->
<feat xlink:href="#rel_173" value="NK"/><!-- Lotto_Zahlen -->
<feat xlink:href="#rel_174" value="AC"/><!-- aus -->
<feat xlink:href="#rel_175" value="NK"/><!-- Quelle -->
<feat xlink:href="#rel_176" value="NK"/>
<feat xlink:href="#rel_177" value="AC"/><!-- Bei -->
<feat xlink:href="#rel_178" value="NK"/><!-- Nachrichten -->
<feat xlink:href="#rel_179" value="MNR"/>
<feat xlink:href="#rel_180" value="HD"/><!-- verhÃ¤lt -->
<feat xlink:href="#rel_181" value="EP"/><!-- es -->
<feat xlink:href="#rel_182" value="OA"/><!-- sich -->
<feat xlink:href="#rel_183" value="MO"/>
<feat xlink:href="#rel_184" value="MO"/>
<feat xlink:href="#rel_185" value="MO"/>
<feat xlink:href="#rel_186" value="NK"/><!-- keine -->
<feat xlink:href="#rel_187" value="NK"/><!-- GewÃ¤hr -->
<feat xlink:href="#rel_188" value="EP"/><!-- Es -->
<feat xlink:href="#rel_189" value="HD"/><!-- gibt -->
<feat xlink:href="#rel_190" value="OA"/>
</featList>

</sfb632_standard>
