<?xml version="1.0" standalone="no"?>


<!DOCTYPE sfb632_standard SYSTEM "sfb632_feat.dtd">
<sfb632_standard version="1.0">

<header sfb_id="tiger.ID_maz-4282_pos" type="pos"/>

<featList xmlns:xlink="http://www.w3.org/1999/xlink" type="pos" xml:base="urml.maz-4282.tok.xml">

<feat xlink:href="#tok_1" value="stts.type_pos.xml#NN"/><!-- Steilpass -->
<feat xlink:href="#tok_2" value="stts.type_pos.xml#NN"/><!-- Wunder -->
<feat xlink:href="#tok_3" value="stts.type_pos.xml#VVFIN"/><!-- gibt -->
<feat xlink:href="#tok_4" value="stts.type_pos.xml#PPER"/><!-- es -->
<feat xlink:href="#tok_5" value="stts.type_pos.xml#ADV"/><!-- immer -->
<feat xlink:href="#tok_6" value="stts.type_pos.xml#ADV"/><!-- wieder -->
<feat xlink:href="#tok_7" value="stts.type_pos.xml#DOLLAR_PERIOD"/><!-- ! -->
<feat xlink:href="#tok_8" value="stts.type_pos.xml#ADV"/><!-- Erst -->
<feat xlink:href="#tok_9" value="stts.type_pos.xml#VVFIN"/><!-- spielen -->
<feat xlink:href="#tok_10" value="stts.type_pos.xml#ART"/><!-- die -->
<feat xlink:href="#tok_11" value="stts.type_pos.xml#ADJA"/><!-- Dallgower -->
<feat xlink:href="#tok_12" value="stts.type_pos.xml#NN"/><!-- Gemeindevertreter -->
<feat xlink:href="#tok_13" value="stts.type_pos.xml#ADV"/><!-- so -->
<feat xlink:href="#tok_14" value="stts.type_pos.xml#ADJD"/><!-- statisch -->
<feat xlink:href="#tok_15" value="stts.type_pos.xml#KON"/><!-- und -->
<feat xlink:href="#tok_16" value="stts.type_pos.xml#ADJD"/><!-- verzagt -->
<feat xlink:href="#tok_17" value="stts.type_pos.xml#KOKOM"/><!-- wie -->
<feat xlink:href="#tok_18" value="stts.type_pos.xml#ART"/><!-- die -->
<feat xlink:href="#tok_19" value="stts.type_pos.xml#ADJA"/><!-- deutsche -->
<feat xlink:href="#tok_20" value="stts.type_pos.xml#NN"/><!-- Abwehrreihe -->
<feat xlink:href="#tok_21" value="stts.type_pos.xml#ART"/><!-- der -->
<feat xlink:href="#tok_22" value="stts.type_pos.xml#NN"/><!-- FuÃballkicker -->
<feat xlink:href="#tok_23" value="stts.type_pos.xml#DOLLAR_PERIOD"/><!-- . -->
<feat xlink:href="#tok_24" value="stts.type_pos.xml#KON"/><!-- Und -->
<feat xlink:href="#tok_25" value="stts.type_pos.xml#ADV"/><!-- dann -->
<feat xlink:href="#tok_26" value="stts.type_pos.xml#VVFIN"/><!-- kommt -->
<feat xlink:href="#tok_27" value="stts.type_pos.xml#APPR"/><!-- aus -->
<feat xlink:href="#tok_28" value="stts.type_pos.xml#ART"/><!-- der -->
<feat xlink:href="#tok_29" value="stts.type_pos.xml#NN"/><!-- Tiefe -->
<feat xlink:href="#tok_30" value="stts.type_pos.xml#PIAT"/><!-- solch -->
<feat xlink:href="#tok_31" value="stts.type_pos.xml#ART"/><!-- ein -->
<feat xlink:href="#tok_32" value="stts.type_pos.xml#ADJA"/><!-- fulminanter -->
<feat xlink:href="#tok_33" value="stts.type_pos.xml#NN"/><!-- Steilpass -->
<feat xlink:href="#tok_34" value="stts.type_pos.xml#DOLLAR_COMMA"/><!-- , -->
<feat xlink:href="#tok_35" value="stts.type_pos.xml#APPR"/><!-- von -->
<feat xlink:href="#tok_36" value="stts.type_pos.xml#PRELS"/><!-- dem -->
<feat xlink:href="#tok_37" value="stts.type_pos.xml#PIS"/><!-- man -->
<feat xlink:href="#tok_38" value="stts.type_pos.xml#VVFIN"/><!-- hofft -->
<feat xlink:href="#tok_39" value="stts.type_pos.xml#DOLLAR_COMMA"/><!-- , -->
<feat xlink:href="#tok_40" value="stts.type_pos.xml#KOUS"/><!-- dass -->
<feat xlink:href="#tok_41" value="stts.type_pos.xml#ART"/><!-- die -->
<feat xlink:href="#tok_42" value="stts.type_pos.xml#ADJA"/><!-- Seeburger -->
<feat xlink:href="#tok_43" value="stts.type_pos.xml#KON"/><!-- oder -->
<feat xlink:href="#tok_44" value="stts.type_pos.xml#ADJA"/><!-- GroÃ_Glienicker -->
<feat xlink:href="#tok_45" value="stts.type_pos.xml#NN"/><!-- Mitspieler -->
<feat xlink:href="#tok_46" value="stts.type_pos.xml#PPER"/><!-- ihn -->
<feat xlink:href="#tok_47" value="stts.type_pos.xml#VVINF"/><!-- aufnehmen -->
<feat xlink:href="#tok_48" value="stts.type_pos.xml#VMFIN"/><!-- kÃ¶nnen -->
<feat xlink:href="#tok_49" value="stts.type_pos.xml#DOLLAR_PERIOD"/><!-- . -->
<feat xlink:href="#tok_50" value="stts.type_pos.xml#ART"/><!-- Ein -->
<feat xlink:href="#tok_51" value="stts.type_pos.xml#NN"/><!-- Befreiungsschlag -->
<feat xlink:href="#tok_52" value="stts.type_pos.xml#VAFIN"/><!-- ist -->
<feat xlink:href="#tok_53" value="stts.type_pos.xml#PPER"/><!-- es -->
<feat xlink:href="#tok_54" value="stts.type_pos.xml#ADV"/><!-- allerdings -->
<feat xlink:href="#tok_55" value="stts.type_pos.xml#PTKNEG"/><!-- nicht -->
<feat xlink:href="#tok_56" value="stts.type_pos.xml#DOLLAR_COMMA"/><!-- , -->
<feat xlink:href="#tok_57" value="stts.type_pos.xml#KOUS"/><!-- weil -->
<feat xlink:href="#tok_58" value="stts.type_pos.xml#PPER"/><!-- es -->
<feat xlink:href="#tok_59" value="stts.type_pos.xml#ADV"/><!-- vorerst -->
<feat xlink:href="#tok_60" value="stts.type_pos.xml#PIAT"/><!-- keine -->
<feat xlink:href="#tok_61" value="stts.type_pos.xml#NN"/><!-- Gefahr -->
<feat xlink:href="#tok_62" value="stts.type_pos.xml#APPRART"/><!-- fÃ¼rs -->
<feat xlink:href="#tok_63" value="stts.type_pos.xml#ADJA"/><!-- Dallgower -->
<feat xlink:href="#tok_64" value="stts.type_pos.xml#NN"/><!-- Tor -->
<feat xlink:href="#tok_65" value="stts.type_pos.xml#VVFIN"/><!-- gab -->
<feat xlink:href="#tok_66" value="stts.type_pos.xml#DOLLAR_PERIOD"/><!-- . -->
<feat xlink:href="#tok_67" value="stts.type_pos.xml#ART"/><!-- Die -->
<feat xlink:href="#tok_68" value="stts.type_pos.xml#NN"/><!-- Seeburger -->
<feat xlink:href="#tok_69" value="stts.type_pos.xml#KON"/><!-- und -->
<feat xlink:href="#tok_70" value="stts.type_pos.xml#PIAT"/><!-- einige -->
<feat xlink:href="#tok_71" value="stts.type_pos.xml#NN"/><!-- GroÃ_Glienicker -->
<feat xlink:href="#tok_72" value="stts.type_pos.xml#VAFIN"/><!-- haben -->
<feat xlink:href="#tok_73" value="stts.type_pos.xml#ART"/><!-- den -->
<feat xlink:href="#tok_74" value="stts.type_pos.xml#NN"/><!-- Ball -->
<feat xlink:href="#tok_75" value="stts.type_pos.xml#ADV"/><!-- erst -->
<feat xlink:href="#tok_76" value="stts.type_pos.xml#VVPP"/><!-- zurÃ¼ckgespielt -->
<feat xlink:href="#tok_77" value="stts.type_pos.xml#KON"/><!-- und -->
<feat xlink:href="#tok_78" value="stts.type_pos.xml#ADV"/><!-- dann -->
<feat xlink:href="#tok_79" value="stts.type_pos.xml#ADV"/><!-- um -->
<feat xlink:href="#tok_80" value="stts.type_pos.xml#ADV"/><!-- so -->
<feat xlink:href="#tok_81" value="stts.type_pos.xml#ADJD"/><!-- drÃ¤ngender -->
<feat xlink:href="#tok_82" value="stts.type_pos.xml#ADV"/><!-- wieder -->
<feat xlink:href="#tok_83" value="stts.type_pos.xml#VVPP"/><!-- gefordert -->
<feat xlink:href="#tok_84" value="stts.type_pos.xml#DOLLAR_PERIOD"/><!-- . -->
<feat xlink:href="#tok_85" value="stts.type_pos.xml#ADV"/><!-- Nun -->
<feat xlink:href="#tok_86" value="stts.type_pos.xml#VMFIN"/><!-- sollen -->
<feat xlink:href="#tok_87" value="stts.type_pos.xml#PPER"/><!-- sie -->
<feat xlink:href="#tok_88" value="stts.type_pos.xml#VVINF"/><!-- zeigen -->
<feat xlink:href="#tok_89" value="stts.type_pos.xml#DOLLAR_COMMA"/><!-- , -->
<feat xlink:href="#tok_90" value="stts.type_pos.xml#PWAV"/><!-- wie -->
<feat xlink:href="#tok_91" value="stts.type_pos.xml#PPER"/><!-- sie -->
<feat xlink:href="#tok_92" value="stts.type_pos.xml#ART"/><!-- die -->
<feat xlink:href="#tok_93" value="stts.type_pos.xml#NN"/><!-- Chance -->
<feat xlink:href="#tok_94" value="stts.type_pos.xml#VVFIN"/><!-- verwerten -->
<feat xlink:href="#tok_95" value="stts.type_pos.xml#DOLLAR_PERIOD"/><!-- . -->
<feat xlink:href="#tok_96" value="stts.type_pos.xml#ART"/><!-- Eine -->
<feat xlink:href="#tok_97" value="stts.type_pos.xml#NN"/><!-- Diskussion -->
<feat xlink:href="#tok_98" value="stts.type_pos.xml#DOLLAR_COMMA"/><!-- , -->
<feat xlink:href="#tok_99" value="stts.type_pos.xml#PWAV"/><!-- wo -->
<feat xlink:href="#tok_100" value="stts.type_pos.xml#ADJD"/><!-- kÃ¼nftig -->
<feat xlink:href="#tok_101" value="stts.type_pos.xml#ART"/><!-- die -->
<feat xlink:href="#tok_102" value="stts.type_pos.xml#NN"/><!-- Trainerkabine -->
<feat xlink:href="#tok_103" value="stts.type_pos.xml#VVINF"/><!-- stehen -->
<feat xlink:href="#tok_104" value="stts.type_pos.xml#VMFIN"/><!-- soll -->
<feat xlink:href="#tok_105" value="stts.type_pos.xml#DOLLAR_COMMA"/><!-- , -->
<feat xlink:href="#tok_106" value="stts.type_pos.xml#VAFIN"/><!-- wÃ¤re -->
<feat xlink:href="#tok_107" value="stts.type_pos.xml#APPR"/><!-- in -->
<feat xlink:href="#tok_108" value="stts.type_pos.xml#ART"/><!-- der -->
<feat xlink:href="#tok_109" value="stts.type_pos.xml#ADJA"/><!-- jetzigen -->
<feat xlink:href="#tok_110" value="stts.type_pos.xml#NN"/><!-- Spielsituation -->
<feat xlink:href="#tok_111" value="stts.type_pos.xml#ADJD"/><!-- verheerend -->
<feat xlink:href="#tok_112" value="stts.type_pos.xml#DOLLAR_PERIOD"/><!-- . -->
<feat xlink:href="#tok_113" value="stts.type_pos.xml#KON"/><!-- Und -->
<feat xlink:href="#tok_114" value="stts.type_pos.xml#ART"/><!-- eine -->
<feat xlink:href="#tok_115" value="stts.type_pos.xml#NN"/><!-- Parallele -->
<feat xlink:href="#tok_116" value="stts.type_pos.xml#APPR"/><!-- zu -->
<feat xlink:href="#tok_117" value="stts.type_pos.xml#ART"/><!-- den -->
<feat xlink:href="#tok_118" value="stts.type_pos.xml#ADJA"/><!-- deutschen -->
<feat xlink:href="#tok_119" value="stts.type_pos.xml#NN"/><!-- Grotten_Kickern -->
<feat xlink:href="#tok_120" value="stts.type_pos.xml#VVFIN"/><!-- gibt -->
<feat xlink:href="#tok_121" value="stts.type_pos.xml#PPER"/><!-- es -->
<feat xlink:href="#tok_122" value="stts.type_pos.xml#ADV"/><!-- immer -->
<feat xlink:href="#tok_123" value="stts.type_pos.xml#ADV"/><!-- noch -->
<feat xlink:href="#tok_124" value="stts.type_pos.xml#DOLLAR_PERIOD"/><!-- . -->
<feat xlink:href="#tok_125" value="stts.type_pos.xml#ADV"/><!-- Auch -->
<feat xlink:href="#tok_126" value="stts.type_pos.xml#KOUS"/><!-- wenn -->
<feat xlink:href="#tok_127" value="stts.type_pos.xml#ART"/><!-- die -->
<feat xlink:href="#tok_128" value="stts.type_pos.xml#NN"/><!-- Spieler -->
<feat xlink:href="#tok_129" value="stts.type_pos.xml#APPR"/><!-- aus -->
<feat xlink:href="#tok_130" value="stts.type_pos.xml#ART"/><!-- den -->
<feat xlink:href="#tok_131" value="stts.type_pos.xml#ADJA"/><!-- verschiedenen -->
<feat xlink:href="#tok_132" value="stts.type_pos.xml#NN"/><!-- Vereinen -->
<feat xlink:href="#tok_133" value="stts.type_pos.xml#VVPP"/><!-- zusammengewÃ¼rfelt -->
<feat xlink:href="#tok_134" value="stts.type_pos.xml#VAFIN"/><!-- sind -->
<feat xlink:href="#tok_135" value="stts.type_pos.xml#DOLLAR_COMMA"/><!-- , -->
<feat xlink:href="#tok_136" value="stts.type_pos.xml#PPER"/><!-- sie -->
<feat xlink:href="#tok_137" value="stts.type_pos.xml#VMFIN"/><!-- mÃ¼ssen -->
<feat xlink:href="#tok_138" value="stts.type_pos.xml#PRF"/><!-- sich -->
<feat xlink:href="#tok_139" value="stts.type_pos.xml#PROAV"/><!-- daran -->
<feat xlink:href="#tok_140" value="stts.type_pos.xml#VVINF"/><!-- gewÃ¶hnen -->
<feat xlink:href="#tok_141" value="stts.type_pos.xml#DOLLAR_COMMA"/><!-- , -->
<feat xlink:href="#tok_142" value="stts.type_pos.xml#KOUS"/><!-- dass -->
<feat xlink:href="#tok_143" value="stts.type_pos.xml#PPER"/><!-- sie -->
<feat xlink:href="#tok_144" value="stts.type_pos.xml#ADV"/><!-- nun -->
<feat xlink:href="#tok_145" value="stts.type_pos.xml#APPR"/><!-- in -->
<feat xlink:href="#tok_146" value="stts.type_pos.xml#ART"/><!-- einer -->
<feat xlink:href="#tok_147" value="stts.type_pos.xml#NN"/><!-- Mannschaft -->
<feat xlink:href="#tok_148" value="stts.type_pos.xml#DOLLAR_OPENPAREN"/><!-- " -->
<feat xlink:href="#tok_149" value="stts.type_pos.xml#ADJA"/><!-- DÃ¶beritzer -->
<feat xlink:href="#tok_150" value="stts.type_pos.xml#NN"/><!-- Heide -->
<feat xlink:href="#tok_151" value="stts.type_pos.xml#DOLLAR_OPENPAREN"/><!-- " -->
<feat xlink:href="#tok_152" value="stts.type_pos.xml#VVFIN"/><!-- spielen -->
<feat xlink:href="#tok_153" value="stts.type_pos.xml#DOLLAR_PERIOD"/><!-- . -->
<feat xlink:href="#tok_154" value="stts.type_pos.xml#KON"/><!-- Und -->
<feat xlink:href="#tok_155" value="stts.type_pos.xml#PDS"/><!-- das -->
<feat xlink:href="#tok_156" value="stts.type_pos.xml#VVFIN"/><!-- heiÃt -->
<feat xlink:href="#tok_157" value="stts.type_pos.xml#ADJD"/><!-- gemeinsam -->
<feat xlink:href="#tok_158" value="stts.type_pos.xml#KON"/><!-- und -->
<feat xlink:href="#tok_159" value="stts.type_pos.xml#PTKNEG"/><!-- nicht -->
<feat xlink:href="#tok_160" value="stts.type_pos.xml#ADV"/><!-- gegeneinander -->
<feat xlink:href="#tok_161" value="stts.type_pos.xml#DOLLAR_PERIOD"/><!-- . -->
<feat xlink:href="#tok_162" value="stts.type_pos.xml#NN"/><!-- Ermahnungen -->
<feat xlink:href="#tok_163" value="stts.type_pos.xml#APPR"/><!-- von -->
<feat xlink:href="#tok_164" value="stts.type_pos.xml#ART"/><!-- der -->
<feat xlink:href="#tok_165" value="stts.type_pos.xml#NN"/><!-- Seitenlinie -->
<feat xlink:href="#tok_166" value="stts.type_pos.xml#DOLLAR_COMMA"/><!-- , -->
<feat xlink:href="#tok_167" value="stts.type_pos.xml#ADV"/><!-- miteinander -->
<feat xlink:href="#tok_168" value="stts.type_pos.xml#ADJD"/><!-- fair -->
<feat xlink:href="#tok_169" value="stts.type_pos.xml#VVIZU"/><!-- umzugehen -->
<feat xlink:href="#tok_170" value="stts.type_pos.xml#KON"/><!-- und -->
<feat xlink:href="#tok_171" value="stts.type_pos.xml#PRF"/><!-- sich -->
<feat xlink:href="#tok_172" value="stts.type_pos.xml#PTKNEG"/><!-- nicht -->
<feat xlink:href="#tok_173" value="stts.type_pos.xml#APPRART"/><!-- beim -->
<feat xlink:href="#tok_174" value="stts.type_pos.xml#ADJA"/><!-- kleinsten -->
<feat xlink:href="#tok_175" value="stts.type_pos.xml#NN"/><!-- Schubser -->
<feat xlink:href="#tok_176" value="stts.type_pos.xml#ADJD"/><!-- gegenseitig -->
<feat xlink:href="#tok_177" value="stts.type_pos.xml#PTKZU"/><!-- zu -->
<feat xlink:href="#tok_178" value="stts.type_pos.xml#VVINF"/><!-- zerfleischen -->
<feat xlink:href="#tok_179" value="stts.type_pos.xml#DOLLAR_COMMA"/><!-- , -->
<feat xlink:href="#tok_180" value="stts.type_pos.xml#VAFIN"/><!-- sind -->
<feat xlink:href="#tok_181" value="stts.type_pos.xml#ADV"/><!-- normalerweise -->
<feat xlink:href="#tok_182" value="stts.type_pos.xml#ADJD"/><!-- Ã¼berflÃ¼ssig -->
<feat xlink:href="#tok_183" value="stts.type_pos.xml#DOLLAR_PERIOD"/><!-- . -->
<feat xlink:href="#tok_184" value="stts.type_pos.xml#ADV"/><!-- Vorerst -->
<feat xlink:href="#tok_185" value="stts.type_pos.xml#ADV"/><!-- allerdings -->
<feat xlink:href="#tok_186" value="stts.type_pos.xml#ADJD"/><!-- hilfreich -->
<feat xlink:href="#tok_187" value="stts.type_pos.xml#DOLLAR_PERIOD"/><!-- . -->
</featList>

</sfb632_standard>
