<?xml version="1.0" standalone="no"?>


<!DOCTYPE sfb632_standard SYSTEM "sfb632_feat.dtd">
<sfb632_standard version="1.0">

<header sfb_id="tiger.ID_maz-4282_morph" type="morph"/>

<featList xmlns:xlink="http://www.w3.org/1999/xlink" type="morph" xml:base="urml.maz-4282.tok.xml">

<feat xlink:href="#tok_1" value="Nom.Sg.Masc"/><!-- Steilpass -->
<feat xlink:href="#tok_2" value="Acc.Pl.Neut"/><!-- Wunder -->
<feat xlink:href="#tok_3" value="3.Sg.Pres.Ind"/><!-- gibt -->
<feat xlink:href="#tok_4" value="3.Nom.Sg.Neut"/><!-- es -->
<feat xlink:href="#tok_5" value="--"/><!-- immer -->
<feat xlink:href="#tok_6" value="--"/><!-- wieder -->
<feat xlink:href="#tok_7" value="--"/><!-- ! -->
<feat xlink:href="#tok_8" value="--"/><!-- Erst -->
<feat xlink:href="#tok_9" value="3.Pl.Pres.Ind"/><!-- spielen -->
<feat xlink:href="#tok_10" value="Nom.Pl.Masc"/><!-- die -->
<feat xlink:href="#tok_11" value="Pos.*.*.*"/><!-- Dallgower -->
<feat xlink:href="#tok_12" value="Nom.Pl.Masc"/><!-- Gemeindevertreter -->
<feat xlink:href="#tok_13" value="--"/><!-- so -->
<feat xlink:href="#tok_14" value="Pos"/><!-- statisch -->
<feat xlink:href="#tok_15" value="--"/><!-- und -->
<feat xlink:href="#tok_16" value="Pos"/><!-- verzagt -->
<feat xlink:href="#tok_17" value="--"/><!-- wie -->
<feat xlink:href="#tok_18" value="Nom.Sg.Fem"/><!-- die -->
<feat xlink:href="#tok_19" value="Pos.Nom.Sg.Fem"/><!-- deutsche -->
<feat xlink:href="#tok_20" value="Nom.Sg.Fem"/><!-- Abwehrreihe -->
<feat xlink:href="#tok_21" value="Gen.Pl.Masc"/><!-- der -->
<feat xlink:href="#tok_22" value="Gen.Pl.Masc"/><!-- FuÃballkicker -->
<feat xlink:href="#tok_23" value="--"/><!-- . -->
<feat xlink:href="#tok_24" value="--"/><!-- Und -->
<feat xlink:href="#tok_25" value="--"/><!-- dann -->
<feat xlink:href="#tok_26" value="3.Sg.Pres.Ind"/><!-- kommt -->
<feat xlink:href="#tok_27" value="--"/><!-- aus -->
<feat xlink:href="#tok_28" value="Dat.Sg.Fem"/><!-- der -->
<feat xlink:href="#tok_29" value="Dat.Sg.Fem"/><!-- Tiefe -->
<feat xlink:href="#tok_30" value="*.*.*"/><!-- solch -->
<feat xlink:href="#tok_31" value="Nom.Sg.Masc"/><!-- ein -->
<feat xlink:href="#tok_32" value="Pos.Nom.Sg.Masc"/><!-- fulminanter -->
<feat xlink:href="#tok_33" value="Nom.Sg.Masc"/><!-- Steilpass -->
<feat xlink:href="#tok_34" value="--"/><!-- , -->
<feat xlink:href="#tok_35" value="--"/><!-- von -->
<feat xlink:href="#tok_36" value="Dat.Sg.Masc"/><!-- dem -->
<feat xlink:href="#tok_37" value="Nom.Sg.*"/><!-- man -->
<feat xlink:href="#tok_38" value="3.Sg.Pres.Ind"/><!-- hofft -->
<feat xlink:href="#tok_39" value="--"/><!-- , -->
<feat xlink:href="#tok_40" value="--"/><!-- dass -->
<feat xlink:href="#tok_41" value="Nom.Pl.Masc"/><!-- die -->
<feat xlink:href="#tok_42" value="Pos.*.*.*"/><!-- Seeburger -->
<feat xlink:href="#tok_43" value="--"/><!-- oder -->
<feat xlink:href="#tok_44" value="Pos.*.*.*"/><!-- GroÃ_Glienicker -->
<feat xlink:href="#tok_45" value="Nom.Pl.Masc"/><!-- Mitspieler -->
<feat xlink:href="#tok_46" value="3.Acc.Sg.Masc"/><!-- ihn -->
<feat xlink:href="#tok_47" value="Inf"/><!-- aufnehmen -->
<feat xlink:href="#tok_48" value="3.Pl.Pres.Ind"/><!-- kÃ¶nnen -->
<feat xlink:href="#tok_49" value="--"/><!-- . -->
<feat xlink:href="#tok_50" value="Nom.Sg.Masc"/><!-- Ein -->
<feat xlink:href="#tok_51" value="Nom.Sg.Masc"/><!-- Befreiungsschlag -->
<feat xlink:href="#tok_52" value="3.Sg.Pres.Ind"/><!-- ist -->
<feat xlink:href="#tok_53" value="3.Nom.Sg.Neut"/><!-- es -->
<feat xlink:href="#tok_54" value="--"/><!-- allerdings -->
<feat xlink:href="#tok_55" value="--"/><!-- nicht -->
<feat xlink:href="#tok_56" value="--"/><!-- , -->
<feat xlink:href="#tok_57" value="--"/><!-- weil -->
<feat xlink:href="#tok_58" value="3.Nom.Sg.Neut"/><!-- es -->
<feat xlink:href="#tok_59" value="--"/><!-- vorerst -->
<feat xlink:href="#tok_60" value="Acc.Sg.Fem"/><!-- keine -->
<feat xlink:href="#tok_61" value="Acc.Sg.Fem"/><!-- Gefahr -->
<feat xlink:href="#tok_62" value="Acc.Sg.Neut"/><!-- fÃ¼rs -->
<feat xlink:href="#tok_63" value="Pos.*.*.*"/><!-- Dallgower -->
<feat xlink:href="#tok_64" value="Acc.Sg.Neut"/><!-- Tor -->
<feat xlink:href="#tok_65" value="3.Sg.Past.Ind"/><!-- gab -->
<feat xlink:href="#tok_66" value="--"/><!-- . -->
<feat xlink:href="#tok_67" value="Nom.Pl.Masc"/><!-- Die -->
<feat xlink:href="#tok_68" value="Nom.Pl.Masc"/><!-- Seeburger -->
<feat xlink:href="#tok_69" value="--"/><!-- und -->
<feat xlink:href="#tok_70" value="Nom.Pl.Masc"/><!-- einige -->
<feat xlink:href="#tok_71" value="Nom.Pl.Masc"/><!-- GroÃ_Glienicker -->
<feat xlink:href="#tok_72" value="3.Pl.Pres.Ind"/><!-- haben -->
<feat xlink:href="#tok_73" value="Acc.Sg.Masc"/><!-- den -->
<feat xlink:href="#tok_74" value="Acc.Sg.Masc"/><!-- Ball -->
<feat xlink:href="#tok_75" value="--"/><!-- erst -->
<feat xlink:href="#tok_76" value="Psp"/><!-- zurÃ¼ckgespielt -->
<feat xlink:href="#tok_77" value="--"/><!-- und -->
<feat xlink:href="#tok_78" value="--"/><!-- dann -->
<feat xlink:href="#tok_79" value="--"/><!-- um -->
<feat xlink:href="#tok_80" value="--"/><!-- so -->
<feat xlink:href="#tok_81" value="Pos"/><!-- drÃ¤ngender -->
<feat xlink:href="#tok_82" value="--"/><!-- wieder -->
<feat xlink:href="#tok_83" value="Psp"/><!-- gefordert -->
<feat xlink:href="#tok_84" value="--"/><!-- . -->
<feat xlink:href="#tok_85" value="--"/><!-- Nun -->
<feat xlink:href="#tok_86" value="3.Pl.Pres.Ind"/><!-- sollen -->
<feat xlink:href="#tok_87" value="3.Nom.Pl.*"/><!-- sie -->
<feat xlink:href="#tok_88" value="Inf"/><!-- zeigen -->
<feat xlink:href="#tok_89" value="--"/><!-- , -->
<feat xlink:href="#tok_90" value="--"/><!-- wie -->
<feat xlink:href="#tok_91" value="3.Nom.Pl.*"/><!-- sie -->
<feat xlink:href="#tok_92" value="Acc.Sg.Fem"/><!-- die -->
<feat xlink:href="#tok_93" value="Acc.Sg.Fem"/><!-- Chance -->
<feat xlink:href="#tok_94" value="3.Pl.Pres.Ind"/><!-- verwerten -->
<feat xlink:href="#tok_95" value="--"/><!-- . -->
<feat xlink:href="#tok_96" value="Nom.Sg.Fem"/><!-- Eine -->
<feat xlink:href="#tok_97" value="Nom.Sg.Fem"/><!-- Diskussion -->
<feat xlink:href="#tok_98" value="--"/><!-- , -->
<feat xlink:href="#tok_99" value="--"/><!-- wo -->
<feat xlink:href="#tok_100" value="Pos"/><!-- kÃ¼nftig -->
<feat xlink:href="#tok_101" value="Nom.Sg.Fem"/><!-- die -->
<feat xlink:href="#tok_102" value="Nom.Sg.Fem"/><!-- Trainerkabine -->
<feat xlink:href="#tok_103" value="Inf"/><!-- stehen -->
<feat xlink:href="#tok_104" value="3.Sg.Pres.Ind"/><!-- soll -->
<feat xlink:href="#tok_105" value="--"/><!-- , -->
<feat xlink:href="#tok_106" value="3.Sg.Past.Subj"/><!-- wÃ¤re -->
<feat xlink:href="#tok_107" value="--"/><!-- in -->
<feat xlink:href="#tok_108" value="Dat.Sg.Fem"/><!-- der -->
<feat xlink:href="#tok_109" value="Pos.Dat.Sg.Fem"/><!-- jetzigen -->
<feat xlink:href="#tok_110" value="Dat.Sg.Fem"/><!-- Spielsituation -->
<feat xlink:href="#tok_111" value="Pos"/><!-- verheerend -->
<feat xlink:href="#tok_112" value="--"/><!-- . -->
<feat xlink:href="#tok_113" value="--"/><!-- Und -->
<feat xlink:href="#tok_114" value="Acc.Sg.Fem"/><!-- eine -->
<feat xlink:href="#tok_115" value="Acc.Sg.Fem"/><!-- Parallele -->
<feat xlink:href="#tok_116" value="--"/><!-- zu -->
<feat xlink:href="#tok_117" value="Dat.Pl.Masc"/><!-- den -->
<feat xlink:href="#tok_118" value="Pos.Dat.Pl.Masc"/><!-- deutschen -->
<feat xlink:href="#tok_119" value="Dat.Pl.Masc"/><!-- Grotten_Kickern -->
<feat xlink:href="#tok_120" value="3.Sg.Pres.Ind"/><!-- gibt -->
<feat xlink:href="#tok_121" value="3.Nom.Sg.Neut"/><!-- es -->
<feat xlink:href="#tok_122" value="--"/><!-- immer -->
<feat xlink:href="#tok_123" value="--"/><!-- noch -->
<feat xlink:href="#tok_124" value="--"/><!-- . -->
<feat xlink:href="#tok_125" value="--"/><!-- Auch -->
<feat xlink:href="#tok_126" value="--"/><!-- wenn -->
<feat xlink:href="#tok_127" value="Nom.Pl.Masc"/><!-- die -->
<feat xlink:href="#tok_128" value="Nom.Pl.Masc"/><!-- Spieler -->
<feat xlink:href="#tok_129" value="--"/><!-- aus -->
<feat xlink:href="#tok_130" value="Dat.Pl.Masc"/><!-- den -->
<feat xlink:href="#tok_131" value="Pos.Dat.Pl.Masc"/><!-- verschiedenen -->
<feat xlink:href="#tok_132" value="Dat.Pl.Masc"/><!-- Vereinen -->
<feat xlink:href="#tok_133" value="Psp"/><!-- zusammengewÃ¼rfelt -->
<feat xlink:href="#tok_134" value="3.Pl.Pres.Ind"/><!-- sind -->
<feat xlink:href="#tok_135" value="--"/><!-- , -->
<feat xlink:href="#tok_136" value="3.Nom.Pl.Masc"/><!-- sie -->
<feat xlink:href="#tok_137" value="3.Pl.Pres.Ind"/><!-- mÃ¼ssen -->
<feat xlink:href="#tok_138" value="3.Acc.Pl"/><!-- sich -->
<feat xlink:href="#tok_139" value="--"/><!-- daran -->
<feat xlink:href="#tok_140" value="Inf"/><!-- gewÃ¶hnen -->
<feat xlink:href="#tok_141" value="--"/><!-- , -->
<feat xlink:href="#tok_142" value="--"/><!-- dass -->
<feat xlink:href="#tok_143" value="3.Nom.Pl.Masc"/><!-- sie -->
<feat xlink:href="#tok_144" value="--"/><!-- nun -->
<feat xlink:href="#tok_145" value="--"/><!-- in -->
<feat xlink:href="#tok_146" value="Dat.Sg.Fem"/><!-- einer -->
<feat xlink:href="#tok_147" value="Dat.Sg.Fem"/><!-- Mannschaft -->
<feat xlink:href="#tok_148" value="--"/><!-- " -->
<feat xlink:href="#tok_149" value="Pos.*.*.*"/><!-- DÃ¶beritzer -->
<feat xlink:href="#tok_150" value="Nom.Sg.Fem"/><!-- Heide -->
<feat xlink:href="#tok_151" value="--"/><!-- " -->
<feat xlink:href="#tok_152" value="3.Pl.Pres.Ind"/><!-- spielen -->
<feat xlink:href="#tok_153" value="--"/><!-- . -->
<feat xlink:href="#tok_154" value="--"/><!-- Und -->
<feat xlink:href="#tok_155" value="Nom.Sg.Neut"/><!-- das -->
<feat xlink:href="#tok_156" value="3.Sg.Pres.Ind"/><!-- heiÃt -->
<feat xlink:href="#tok_157" value="Pos"/><!-- gemeinsam -->
<feat xlink:href="#tok_158" value="--"/><!-- und -->
<feat xlink:href="#tok_159" value="--"/><!-- nicht -->
<feat xlink:href="#tok_160" value="--"/><!-- gegeneinander -->
<feat xlink:href="#tok_161" value="--"/><!-- . -->
<feat xlink:href="#tok_162" value="Nom.Pl.Fem"/><!-- Ermahnungen -->
<feat xlink:href="#tok_163" value="--"/><!-- von -->
<feat xlink:href="#tok_164" value="Dat.Sg.Fem"/><!-- der -->
<feat xlink:href="#tok_165" value="Dat.Sg.Fem"/><!-- Seitenlinie -->
<feat xlink:href="#tok_166" value="--"/><!-- , -->
<feat xlink:href="#tok_167" value="--"/><!-- miteinander -->
<feat xlink:href="#tok_168" value="Pos"/><!-- fair -->
<feat xlink:href="#tok_169" value="--"/><!-- umzugehen -->
<feat xlink:href="#tok_170" value="--"/><!-- und -->
<feat xlink:href="#tok_171" value="3.Acc.Pl"/><!-- sich -->
<feat xlink:href="#tok_172" value="--"/><!-- nicht -->
<feat xlink:href="#tok_173" value="Dat.Sg.Masc"/><!-- beim -->
<feat xlink:href="#tok_174" value="Sup.Dat.Sg.Masc"/><!-- kleinsten -->
<feat xlink:href="#tok_175" value="Dat.Sg.Masc"/><!-- Schubser -->
<feat xlink:href="#tok_176" value="Pos"/><!-- gegenseitig -->
<feat xlink:href="#tok_177" value="--"/><!-- zu -->
<feat xlink:href="#tok_178" value="Inf"/><!-- zerfleischen -->
<feat xlink:href="#tok_179" value="--"/><!-- , -->
<feat xlink:href="#tok_180" value="3.Pl.Pres.Ind"/><!-- sind -->
<feat xlink:href="#tok_181" value="--"/><!-- normalerweise -->
<feat xlink:href="#tok_182" value="Pos"/><!-- Ã¼berflÃ¼ssig -->
<feat xlink:href="#tok_183" value="--"/><!-- . -->
<feat xlink:href="#tok_184" value="--"/><!-- Vorerst -->
<feat xlink:href="#tok_185" value="--"/><!-- allerdings -->
<feat xlink:href="#tok_186" value="Pos"/><!-- hilfreich -->
<feat xlink:href="#tok_187" value="--"/><!-- . -->
</featList>

</sfb632_standard>
