<?xml version="1.0" standalone="no"?>


<!DOCTYPE sfb632_standard SYSTEM "sfb632_feat.dtd">
<sfb632_standard version="1.0">

<header sfb_id="tiger.ID_maz-4282_lemma" type="lemma"/>

<featList xmlns:xlink="http://www.w3.org/1999/xlink" type="lemma" xml:base="urml.maz-4282.tok.xml">

<feat xlink:href="#tok_1" value="Steilpass"/><!-- Steilpass -->
<feat xlink:href="#tok_2" value="Wunder"/><!-- Wunder -->
<feat xlink:href="#tok_3" value="geben"/><!-- gibt -->
<feat xlink:href="#tok_4" value="es"/><!-- es -->
<feat xlink:href="#tok_5" value="immer"/><!-- immer -->
<feat xlink:href="#tok_6" value="wieder"/><!-- wieder -->
<feat xlink:href="#tok_7" value="!"/><!-- ! -->
<feat xlink:href="#tok_8" value="erst"/><!-- Erst -->
<feat xlink:href="#tok_9" value="spielen"/><!-- spielen -->
<feat xlink:href="#tok_10" value="der"/><!-- die -->
<feat xlink:href="#tok_11" value="Dallgower"/><!-- Dallgower -->
<feat xlink:href="#tok_12" value="Gemeindevertreter"/><!-- Gemeindevertreter -->
<feat xlink:href="#tok_13" value="so"/><!-- so -->
<feat xlink:href="#tok_14" value="statisch"/><!-- statisch -->
<feat xlink:href="#tok_15" value="und"/><!-- und -->
<feat xlink:href="#tok_16" value="verzagt"/><!-- verzagt -->
<feat xlink:href="#tok_17" value="wie"/><!-- wie -->
<feat xlink:href="#tok_18" value="der"/><!-- die -->
<feat xlink:href="#tok_19" value="deutsch"/><!-- deutsche -->
<feat xlink:href="#tok_20" value="Abwehrreihe"/><!-- Abwehrreihe -->
<feat xlink:href="#tok_21" value="der"/><!-- der -->
<feat xlink:href="#tok_22" value="Fu&#xDF;ballkicker"/><!-- FuÃballkicker -->
<feat xlink:href="#tok_23" value="."/><!-- . -->
<feat xlink:href="#tok_24" value="und"/><!-- Und -->
<feat xlink:href="#tok_25" value="dann"/><!-- dann -->
<feat xlink:href="#tok_26" value="kommen"/><!-- kommt -->
<feat xlink:href="#tok_27" value="aus"/><!-- aus -->
<feat xlink:href="#tok_28" value="der"/><!-- der -->
<feat xlink:href="#tok_29" value="Tiefe"/><!-- Tiefe -->
<feat xlink:href="#tok_30" value="solcher"/><!-- solch -->
<feat xlink:href="#tok_31" value="ein"/><!-- ein -->
<feat xlink:href="#tok_32" value="fulminant"/><!-- fulminanter -->
<feat xlink:href="#tok_33" value="Steilpass"/><!-- Steilpass -->
<feat xlink:href="#tok_34" value=","/><!-- , -->
<feat xlink:href="#tok_35" value="von"/><!-- von -->
<feat xlink:href="#tok_36" value="der"/><!-- dem -->
<feat xlink:href="#tok_37" value="man"/><!-- man -->
<feat xlink:href="#tok_38" value="hoffen"/><!-- hofft -->
<feat xlink:href="#tok_39" value=","/><!-- , -->
<feat xlink:href="#tok_40" value="dass"/><!-- dass -->
<feat xlink:href="#tok_41" value="der"/><!-- die -->
<feat xlink:href="#tok_42" value="Seeburg"/><!-- Seeburger -->
<feat xlink:href="#tok_43" value="oder"/><!-- oder -->
<feat xlink:href="#tok_44" value="Gro&#xDF;-Glienick"/><!-- GroÃ_Glienicker -->
<feat xlink:href="#tok_45" value="Mitspieler"/><!-- Mitspieler -->
<feat xlink:href="#tok_46" value="ihn"/><!-- ihn -->
<feat xlink:href="#tok_47" value="aufnehmen"/><!-- aufnehmen -->
<feat xlink:href="#tok_48" value="k&#xF6;nnen"/><!-- kÃ¶nnen -->
<feat xlink:href="#tok_49" value="."/><!-- . -->
<feat xlink:href="#tok_50" value="ein"/><!-- Ein -->
<feat xlink:href="#tok_51" value="Befreiungsschlag"/><!-- Befreiungsschlag -->
<feat xlink:href="#tok_52" value="sein"/><!-- ist -->
<feat xlink:href="#tok_53" value="es"/><!-- es -->
<feat xlink:href="#tok_54" value="allerdings"/><!-- allerdings -->
<feat xlink:href="#tok_55" value="nicht"/><!-- nicht -->
<feat xlink:href="#tok_56" value=","/><!-- , -->
<feat xlink:href="#tok_57" value="weil"/><!-- weil -->
<feat xlink:href="#tok_58" value="es"/><!-- es -->
<feat xlink:href="#tok_59" value="vorerst"/><!-- vorerst -->
<feat xlink:href="#tok_60" value="kein"/><!-- keine -->
<feat xlink:href="#tok_61" value="Gefahr"/><!-- Gefahr -->
<feat xlink:href="#tok_62" value="f&#xFC;r"/><!-- fÃ¼rs -->
<feat xlink:href="#tok_63" value="Dallgower"/><!-- Dallgower -->
<feat xlink:href="#tok_64" value="Tor"/><!-- Tor -->
<feat xlink:href="#tok_65" value="geben"/><!-- gab -->
<feat xlink:href="#tok_66" value="."/><!-- . -->
<feat xlink:href="#tok_67" value="der"/><!-- Die -->
<feat xlink:href="#tok_68" value="Seeburger"/><!-- Seeburger -->
<feat xlink:href="#tok_69" value="und"/><!-- und -->
<feat xlink:href="#tok_70" value="einiger"/><!-- einige -->
<feat xlink:href="#tok_71" value="Gro&#xDF;-Glienicker"/><!-- GroÃ_Glienicker -->
<feat xlink:href="#tok_72" value="haben"/><!-- haben -->
<feat xlink:href="#tok_73" value="der"/><!-- den -->
<feat xlink:href="#tok_74" value="Ball"/><!-- Ball -->
<feat xlink:href="#tok_75" value="erst"/><!-- erst -->
<feat xlink:href="#tok_76" value="zur&#xFC;ckspielen"/><!-- zurÃ¼ckgespielt -->
<feat xlink:href="#tok_77" value="und"/><!-- und -->
<feat xlink:href="#tok_78" value="dann"/><!-- dann -->
<feat xlink:href="#tok_79" value="um"/><!-- um -->
<feat xlink:href="#tok_80" value="so"/><!-- so -->
<feat xlink:href="#tok_81" value="dr&#xE4;ngend"/><!-- drÃ¤ngender -->
<feat xlink:href="#tok_82" value="wieder"/><!-- wieder -->
<feat xlink:href="#tok_83" value="fordern"/><!-- gefordert -->
<feat xlink:href="#tok_84" value="."/><!-- . -->
<feat xlink:href="#tok_85" value="nun"/><!-- Nun -->
<feat xlink:href="#tok_86" value="sollen"/><!-- sollen -->
<feat xlink:href="#tok_87" value="sie"/><!-- sie -->
<feat xlink:href="#tok_88" value="zeigen"/><!-- zeigen -->
<feat xlink:href="#tok_89" value=","/><!-- , -->
<feat xlink:href="#tok_90" value="wie"/><!-- wie -->
<feat xlink:href="#tok_91" value="sie"/><!-- sie -->
<feat xlink:href="#tok_92" value="der"/><!-- die -->
<feat xlink:href="#tok_93" value="Chance"/><!-- Chance -->
<feat xlink:href="#tok_94" value="verwerten"/><!-- verwerten -->
<feat xlink:href="#tok_95" value="."/><!-- . -->
<feat xlink:href="#tok_96" value="ein"/><!-- Eine -->
<feat xlink:href="#tok_97" value="Diskussion"/><!-- Diskussion -->
<feat xlink:href="#tok_98" value=","/><!-- , -->
<feat xlink:href="#tok_99" value="wo"/><!-- wo -->
<feat xlink:href="#tok_100" value="k&#xFC;nftig"/><!-- kÃ¼nftig -->
<feat xlink:href="#tok_101" value="der"/><!-- die -->
<feat xlink:href="#tok_102" value="Trainerkabine"/><!-- Trainerkabine -->
<feat xlink:href="#tok_103" value="stehen"/><!-- stehen -->
<feat xlink:href="#tok_104" value="sollen"/><!-- soll -->
<feat xlink:href="#tok_105" value=","/><!-- , -->
<feat xlink:href="#tok_106" value="sein"/><!-- wÃ¤re -->
<feat xlink:href="#tok_107" value="in"/><!-- in -->
<feat xlink:href="#tok_108" value="der"/><!-- der -->
<feat xlink:href="#tok_109" value="jetziger"/><!-- jetzigen -->
<feat xlink:href="#tok_110" value="Spielsituation"/><!-- Spielsituation -->
<feat xlink:href="#tok_111" value="verheerend"/><!-- verheerend -->
<feat xlink:href="#tok_112" value="."/><!-- . -->
<feat xlink:href="#tok_113" value="und"/><!-- Und -->
<feat xlink:href="#tok_114" value="ein"/><!-- eine -->
<feat xlink:href="#tok_115" value="Parallele"/><!-- Parallele -->
<feat xlink:href="#tok_116" value="zu"/><!-- zu -->
<feat xlink:href="#tok_117" value="der"/><!-- den -->
<feat xlink:href="#tok_118" value="deutsch"/><!-- deutschen -->
<feat xlink:href="#tok_119" value="Grotten-Kicker"/><!-- Grotten_Kickern -->
<feat xlink:href="#tok_120" value="geben"/><!-- gibt -->
<feat xlink:href="#tok_121" value="es"/><!-- es -->
<feat xlink:href="#tok_122" value="immer"/><!-- immer -->
<feat xlink:href="#tok_123" value="noch"/><!-- noch -->
<feat xlink:href="#tok_124" value="."/><!-- . -->
<feat xlink:href="#tok_125" value="auch"/><!-- Auch -->
<feat xlink:href="#tok_126" value="wenn"/><!-- wenn -->
<feat xlink:href="#tok_127" value="der"/><!-- die -->
<feat xlink:href="#tok_128" value="Spieler"/><!-- Spieler -->
<feat xlink:href="#tok_129" value="aus"/><!-- aus -->
<feat xlink:href="#tok_130" value="der"/><!-- den -->
<feat xlink:href="#tok_131" value="verschieden"/><!-- verschiedenen -->
<feat xlink:href="#tok_132" value="Verein"/><!-- Vereinen -->
<feat xlink:href="#tok_133" value="zusammenw&#xFC;rfeln"/><!-- zusammengewÃ¼rfelt -->
<feat xlink:href="#tok_134" value="sein"/><!-- sind -->
<feat xlink:href="#tok_135" value=","/><!-- , -->
<feat xlink:href="#tok_136" value="sie"/><!-- sie -->
<feat xlink:href="#tok_137" value="m&#xFC;ssen"/><!-- mÃ¼ssen -->
<feat xlink:href="#tok_138" value="sich"/><!-- sich -->
<feat xlink:href="#tok_139" value="daran"/><!-- daran -->
<feat xlink:href="#tok_140" value="gew&#xF6;hnen"/><!-- gewÃ¶hnen -->
<feat xlink:href="#tok_141" value=","/><!-- , -->
<feat xlink:href="#tok_142" value="dass"/><!-- dass -->
<feat xlink:href="#tok_143" value="sie"/><!-- sie -->
<feat xlink:href="#tok_144" value="nun"/><!-- nun -->
<feat xlink:href="#tok_145" value="in"/><!-- in -->
<feat xlink:href="#tok_146" value="ein"/><!-- einer -->
<feat xlink:href="#tok_147" value="Mannschaft"/><!-- Mannschaft -->
<feat xlink:href="#tok_148" value="&quot;"/><!-- " -->
<feat xlink:href="#tok_149" value="D&#xF6;beritzer"/><!-- DÃ¶beritzer -->
<feat xlink:href="#tok_150" value="Heide"/><!-- Heide -->
<feat xlink:href="#tok_151" value="&quot;"/><!-- " -->
<feat xlink:href="#tok_152" value="spielen"/><!-- spielen -->
<feat xlink:href="#tok_153" value="."/><!-- . -->
<feat xlink:href="#tok_154" value="und"/><!-- Und -->
<feat xlink:href="#tok_155" value="der"/><!-- das -->
<feat xlink:href="#tok_156" value="hei&#xDF;en"/><!-- heiÃt -->
<feat xlink:href="#tok_157" value="gemeinsam"/><!-- gemeinsam -->
<feat xlink:href="#tok_158" value="und"/><!-- und -->
<feat xlink:href="#tok_159" value="nicht"/><!-- nicht -->
<feat xlink:href="#tok_160" value="gegeneinander"/><!-- gegeneinander -->
<feat xlink:href="#tok_161" value="."/><!-- . -->
<feat xlink:href="#tok_162" value="Ermahnung"/><!-- Ermahnungen -->
<feat xlink:href="#tok_163" value="von"/><!-- von -->
<feat xlink:href="#tok_164" value="der"/><!-- der -->
<feat xlink:href="#tok_165" value="Seitenlinie"/><!-- Seitenlinie -->
<feat xlink:href="#tok_166" value=","/><!-- , -->
<feat xlink:href="#tok_167" value="miteinander"/><!-- miteinander -->
<feat xlink:href="#tok_168" value="fair"/><!-- fair -->
<feat xlink:href="#tok_169" value="umgehen"/><!-- umzugehen -->
<feat xlink:href="#tok_170" value="und"/><!-- und -->
<feat xlink:href="#tok_171" value="sich"/><!-- sich -->
<feat xlink:href="#tok_172" value="nicht"/><!-- nicht -->
<feat xlink:href="#tok_173" value="bei"/><!-- beim -->
<feat xlink:href="#tok_174" value="klein"/><!-- kleinsten -->
<feat xlink:href="#tok_175" value="Schubser"/><!-- Schubser -->
<feat xlink:href="#tok_176" value="gegenseitig"/><!-- gegenseitig -->
<feat xlink:href="#tok_177" value="zu"/><!-- zu -->
<feat xlink:href="#tok_178" value="zerfleischen"/><!-- zerfleischen -->
<feat xlink:href="#tok_179" value=","/><!-- , -->
<feat xlink:href="#tok_180" value="sein"/><!-- sind -->
<feat xlink:href="#tok_181" value="normalerweise"/><!-- normalerweise -->
<feat xlink:href="#tok_182" value="&#xFC;berfl&#xFC;ssig"/><!-- Ã¼berflÃ¼ssig -->
<feat xlink:href="#tok_183" value="."/><!-- . -->
<feat xlink:href="#tok_184" value="vorerst"/><!-- Vorerst -->
<feat xlink:href="#tok_185" value="allerdings"/><!-- allerdings -->
<feat xlink:href="#tok_186" value="hilfreich"/><!-- hilfreich -->
<feat xlink:href="#tok_187" value="."/><!-- . -->
</featList>

</sfb632_standard>
