<?xml version="1.0" encoding="UTF-8" standalone="no"?>
<!DOCTYPE sfb632_standard SYSTEM "sfb632_feat.dtd">
<sfb632_standard version="1.0">


<header sfb_id="tiger.ID_maz-4282.annoFeat" type="annoFeat"/>

<featList xmlns:xlink="http://www.w3.org/1999/xlink" type="annoFeat" xml:base="tiger.ID_maz-4282.anno.xml">

<feat xlink:href="#anno_1" value="const"/>
<feat xlink:href="#rel_2" value="cat"/>
<feat xlink:href="#rel_3" value="func"/>
<feat xlink:href="#anno_2" value="text"/>
<feat xlink:href="#anno_3" value="tok"/>
<feat xlink:href="#rel_6" value="lemma"/>
<feat xlink:href="#rel_7" value="morph"/>
<feat xlink:href="#rel_8" value="pos"/>
<feat xlink:href="#anno_4" value="tagset"/>
<feat xlink:href="#rel_9" value="typeHierarchy"/>
<feat xlink:href="#rel_10" value="typeValue"/>

</featList>
</sfb632_standard>
