<?xml version="1.0" encoding="UTF-8" standalone="no"?>


<!DOCTYPE paula SYSTEM "paula_mark.dtd">
<paula version="1.0">

<header paula_id="exmaralda.85DEU-H01TBT-00X9100_morphSeg"/>

<markList xmlns:xlink="http://www.w3.org/1999/xlink" type="morphSeg" xml:base="exmaralda.85DEU-H01TBT-00X9100.tok.xml">

<mark id="morphSeg_1" xlink:href="#tok_1"/><!-- Sie -->
<mark id="morphSeg_2" xlink:href="#tok_2"/><!-- wurde -->
<mark id="morphSeg_3" xlink:href="#tok_3"/><!-- ins -->
<mark id="morphSeg_4" xlink:href="#tok_4"/><!-- Krankenhaus -->
<mark id="morphSeg_5" xlink:href="#tok_5"/><!-- gebracht -->
<mark id="morphSeg_6" xlink:href="#tok_7"/><!-- Der -->
<mark id="morphSeg_7" xlink:href="#tok_8"/><!-- Doktor -->
<mark id="morphSeg_8" xlink:href="#tok_9"/><!-- sagte -->
<mark id="morphSeg_9" xlink:href="#tok_10"/><!-- ihr -->
<mark id="morphSeg_10" xlink:href="#tok_12"/><!-- dass -->
<mark id="morphSeg_11" xlink:href="#tok_13"/><!-- es -->
<mark id="morphSeg_12" xlink:href="#tok_14"/><!-- nichts -->
<mark id="morphSeg_13" xlink:href="#tok_15"/><!-- Ernstes -->
<mark id="morphSeg_14" xlink:href="#tok_16"/><!-- sei -->
</markList>

</paula>
