<?xml version="1.0" encoding="UTF-8" standalone="no"?>


<!DOCTYPE paula SYSTEM "paula_mark.dtd">
<paula version="1.0">

<header paula_id="exmaralda.85DEU-H01TBT-00X9100_int-tonesSeg"/>

<markList xmlns:xlink="http://www.w3.org/1999/xlink" type="int-tonesSeg" xml:base="exmaralda.85DEU-H01TBT-00X9100.tok.xml">

<mark id="int-tonesSeg_1" xlink:href="#tok_4"/><!-- Krankenhaus -->
<mark id="int-tonesSeg_2" xlink:href="#tok_6"/><!-- . -->
<mark id="int-tonesSeg_3" xlink:href="#tok_8"/><!-- Doktor -->
<mark id="int-tonesSeg_4" xlink:href="#tok_11"/><!-- , -->
<mark id="int-tonesSeg_5" xlink:href="#tok_15"/><!-- Ernstes -->
<mark id="int-tonesSeg_6" xlink:href="#tok_17"/><!-- . -->
</markList>

</paula>
