<?xml version="1.0" encoding="UTF-8" standalone="no"?>
<!DOCTYPE paula SYSTEM "paula_feat.dtd">
<paula version="1.0">


<header paula_id="exmaralda.85DEU-H01TBT-00X9100.Description"/>

<featList xmlns:xlink="http://www.w3.org/1999/xlink" type="Description" xml:base="exmaralda.85DEU-H01TBT-00X9100.anno.xml">

<feat xlink:href="#anno_1" value="Translations tasks (20 sentences)"/>
<feat xlink:href="#anno_2" value="Translations tasks (20 sentences)"/>
<feat xlink:href="#anno_3" value="Translations tasks (20 sentences)"/>
<feat xlink:href="#anno_4" value="Translations tasks (20 sentences)"/>
<feat xlink:href="#anno_5" value="Translations tasks (20 sentences)"/>
<feat xlink:href="#anno_6" value="Translations tasks (20 sentences)"/>
<feat xlink:href="#anno_7" value="Translations tasks (20 sentences)"/>
<feat xlink:href="#anno_8" value="Translations tasks (20 sentences)"/>
<feat xlink:href="#anno_9" value="Translations tasks (20 sentences)"/>
<feat xlink:href="#anno_10" value="Translations tasks (20 sentences)"/>
<feat xlink:href="#anno_11" value="Translations tasks (20 sentences)"/>
<feat xlink:href="#anno_12" value="Translations tasks (20 sentences)"/>
<feat xlink:href="#anno_13" value="Translations tasks (20 sentences)"/>
<feat xlink:href="#anno_14" value="Translations tasks (20 sentences)"/>
<feat xlink:href="#anno_15" value="Translations tasks (20 sentences)"/>
<feat xlink:href="#anno_16" value="Translations tasks (20 sentences)"/>
<feat xlink:href="#anno_17" value="Translations tasks (20 sentences)"/>
<feat xlink:href="#anno_18" value="Translations tasks (20 sentences)"/>
<feat xlink:href="#anno_19" value="Translations tasks (20 sentences)"/>
<feat xlink:href="#anno_20" value="Translations tasks (20 sentences)"/>
<feat xlink:href="#anno_21" value="Translations tasks (20 sentences)"/>
<feat xlink:href="#anno_22" value="Translations tasks (20 sentences)"/>
<feat xlink:href="#anno_23" value="Translations tasks (20 sentences)"/>
<feat xlink:href="#anno_24" value="Translations tasks (20 sentences)"/>
<feat xlink:href="#anno_25" value="Translations tasks (20 sentences)"/>
<feat xlink:href="#anno_26" value="Translations tasks (20 sentences)"/>
<feat xlink:href="#anno_27" value="Translations tasks (20 sentences)"/>
<feat xlink:href="#anno_28" value="Translations tasks (20 sentences)"/>
<feat xlink:href="#anno_29" value="Translations tasks (20 sentences)"/>
<feat xlink:href="#anno_30" value="Translations tasks (20 sentences)"/>
<feat xlink:href="#anno_31" value="Translations tasks (20 sentences)"/>
<feat xlink:href="#anno_32" value="Translations tasks (20 sentences)"/>

</featList>
</paula>
