<?xml version="1.0" encoding="UTF-8" standalone="no"?>


<!DOCTYPE paula SYSTEM "paula_feat.dtd">
<paula version="1.0">

<header paula_id="exmaralda.85DEU-H01TBT-00X9100_cs2"/>

<featList xmlns:xlink="http://www.w3.org/1999/xlink" type="cs2" xml:base="exmaralda.85DEU-H01TBT-00X9100.cs2Seg.xml">

<feat xlink:href="#cs2Seg_1" value="NP"/><!-- Sie -->
<feat xlink:href="#cs2Seg_2" value="PP"/><!-- ins...Krankenhaus -->
<feat xlink:href="#cs2Seg_3" value="V"/><!-- gebracht -->
<feat xlink:href="#cs2Seg_4" value="NP"/><!-- Der...Doktor -->
<feat xlink:href="#cs2Seg_5" value="V"/><!-- sagte -->
<feat xlink:href="#cs2Seg_6" value="NP"/><!-- ihr -->
<feat xlink:href="#cs2Seg_7" value="S-ARG"/><!-- dass.... -->
</featList>

</paula>
