<?xml version="1.0" encoding="UTF-8" standalone="no"?>


<!DOCTYPE paula SYSTEM "paula_feat.dtd">
<paula version="1.0">

<header paula_id="exmaralda.85DEU-H01TBT-00X9100_int-tones"/>

<featList xmlns:xlink="http://www.w3.org/1999/xlink" type="int-tones" xml:base="exmaralda.85DEU-H01TBT-00X9100.int-tonesSeg.xml">

<feat xlink:href="#int-tonesSeg_1" value="L+H*#0#0"/><!-- Krankenhaus -->
<feat xlink:href="#int-tonesSeg_2" value="Li"/><!-- . -->
<feat xlink:href="#int-tonesSeg_3" value="L+H*#0"/><!-- Doktor -->
<feat xlink:href="#int-tonesSeg_4" value="Hp"/><!-- , -->
<feat xlink:href="#int-tonesSeg_5" value="H+L*#0"/><!-- Ernstes -->
<feat xlink:href="#int-tonesSeg_6" value="Li"/><!-- . -->
</featList>

</paula>
