<?xml version="1.0" encoding="UTF-8" standalone="no"?>


<!DOCTYPE paula SYSTEM "paula_mark.dtd">
<paula version="1.0">

<header paula_id="exmaralda.85DEU-H01TBT-00X9100_glossSeg"/>

<markList xmlns:xlink="http://www.w3.org/1999/xlink" type="glossSeg" xml:base="exmaralda.85DEU-H01TBT-00X9100.tok.xml">

<mark id="glossSeg_1" xlink:href="#tok_1"/><!-- Sie -->
<mark id="glossSeg_2" xlink:href="#tok_2"/><!-- wurde -->
<mark id="glossSeg_3" xlink:href="#tok_3"/><!-- ins -->
<mark id="glossSeg_4" xlink:href="#tok_4"/><!-- Krankenhaus -->
<mark id="glossSeg_5" xlink:href="#tok_5"/><!-- gebracht -->
<mark id="glossSeg_6" xlink:href="#tok_7"/><!-- Der -->
<mark id="glossSeg_7" xlink:href="#tok_8"/><!-- Doktor -->
<mark id="glossSeg_8" xlink:href="#tok_9"/><!-- sagte -->
<mark id="glossSeg_9" xlink:href="#tok_10"/><!-- ihr -->
<mark id="glossSeg_10" xlink:href="#tok_12"/><!-- dass -->
<mark id="glossSeg_11" xlink:href="#tok_13"/><!-- es -->
<mark id="glossSeg_12" xlink:href="#tok_14"/><!-- nichts -->
<mark id="glossSeg_13" xlink:href="#tok_15"/><!-- Ernstes -->
<mark id="glossSeg_14" xlink:href="#tok_16"/><!-- sei -->
</markList>

</paula>
