<?xml version="1.0" encoding="UTF-8" standalone="no"?>


<!DOCTYPE paula SYSTEM "paula_feat.dtd">
<paula version="1.0">

<header paula_id="exmaralda.85DEU-H01TBT-00X9100_phones"/>

<featList xmlns:xlink="http://www.w3.org/1999/xlink" type="phones" xml:base="exmaralda.85DEU-H01TBT-00X9100.phonesSeg.xml">

<feat xlink:href="#phonesSeg_1" value="zi:"/><!-- Sie -->
<feat xlink:href="#phonesSeg_2" value="wU6#d@"/><!-- wurde -->
<feat xlink:href="#phonesSeg_3" value="Ins"/><!-- ins -->
<feat xlink:href="#phonesSeg_4" value="kRaN#k@n#haUs"/><!-- Krankenhaus -->
<feat xlink:href="#phonesSeg_5" value="g@#bRaXt"/><!-- gebracht -->
<feat xlink:href="#phonesSeg_6" value="dE6"/><!-- Der -->
<feat xlink:href="#phonesSeg_7" value="dOk#tO6"/><!-- Doktor -->
<feat xlink:href="#phonesSeg_8" value="za:k#t@"/><!-- sagte -->
<feat xlink:href="#phonesSeg_9" value="i:6"/><!-- ihr -->
<feat xlink:href="#phonesSeg_10" value="das"/><!-- dass -->
<feat xlink:href="#phonesSeg_11" value="Es"/><!-- es -->
<feat xlink:href="#phonesSeg_12" value="nICts"/><!-- nichts -->
<feat xlink:href="#phonesSeg_13" value="E6n#st@s"/><!-- Ernstes -->
<feat xlink:href="#phonesSeg_14" value="zaI"/><!-- sei -->
</featList>

</paula>
