<?xml version="1.0" encoding="UTF-8" standalone="no"?>


<!DOCTYPE paula SYSTEM "paula_feat.dtd">
<paula version="1.0">

<header paula_id="exmaralda.85DEU-H01TBT-00X9100_gloss"/>

<featList xmlns:xlink="http://www.w3.org/1999/xlink" type="gloss" xml:base="exmaralda.85DEU-H01TBT-00X9100.glossSeg.xml">

<feat xlink:href="#glossSeg_1" value="3.F.SG.NOM"/><!-- Sie -->
<feat xlink:href="#glossSeg_2" value="COP:3.SG.PST"/><!-- wurde -->
<feat xlink:href="#glossSeg_3" value="in=DEF:N.SG.ACC"/><!-- ins -->
<feat xlink:href="#glossSeg_4" value="ill-0-house.N[SG.ACC]"/><!-- Krankenhaus -->
<feat xlink:href="#glossSeg_5" value="PTCP.PRF_1-bring_1"/><!-- gebracht -->
<feat xlink:href="#glossSeg_6" value="DEF:M.SG.NOM"/><!-- Der -->
<feat xlink:href="#glossSeg_7" value="doctor.M[SG.NOM]"/><!-- Doktor -->
<feat xlink:href="#glossSeg_8" value="say-PST-3.SG"/><!-- sagte -->
<feat xlink:href="#glossSeg_9" value="3.SG.F.DAT"/><!-- ihr -->
<feat xlink:href="#glossSeg_10" value="that"/><!-- dass -->
<feat xlink:href="#glossSeg_11" value="3.SG.N.NOM"/><!-- es -->
<feat xlink:href="#glossSeg_12" value="nothing.N.SG[NOM]"/><!-- nichts -->
<feat xlink:href="#glossSeg_13" value="serious-N.SG.NOM"/><!-- Ernstes -->
<feat xlink:href="#glossSeg_14" value="COP-3.SG.SBJV"/><!-- sei -->
</featList>

</paula>
