<?xml version="1.0" encoding="UTF-8" standalone="no"?>


<!DOCTYPE paula SYSTEM "paula_mark.dtd">
<paula version="1.0">

<header paula_id="exmaralda.85DEU-H01TBT-00X9100_infostatSeg"/>

<markList xmlns:xlink="http://www.w3.org/1999/xlink" type="infostatSeg" xml:base="exmaralda.85DEU-H01TBT-00X9100.tok.xml">

<mark id="infostatSeg_1" xlink:href="#tok_1"/><!-- Sie -->
<mark id="infostatSeg_2" xlink:href="#xpointer(id('tok_3')/range-to(id('tok_4')))"/><!-- ins...Krankenhaus -->
<mark id="infostatSeg_3" xlink:href="#xpointer(id('tok_7')/range-to(id('tok_8')))"/><!-- Der...Doktor -->
<mark id="infostatSeg_4" xlink:href="#tok_10"/><!-- ihr -->
<mark id="infostatSeg_5" xlink:href="#tok_13"/><!-- es -->
<mark id="infostatSeg_6" xlink:href="#xpointer(id('tok_14')/range-to(id('tok_15')))"/><!-- nichts...Ernstes -->
</markList>

</paula>
