<?xml version="1.0" encoding="UTF-8" standalone="no"?>


<!DOCTYPE paula SYSTEM "paula_feat.dtd">
<paula version="1.0">

<header paula_id="exmaralda.85DEU-H01TBT-00X9100_function"/>

<featList xmlns:xlink="http://www.w3.org/1999/xlink" type="function" xml:base="exmaralda.85DEU-H01TBT-00X9100.functionSeg.xml">

<feat xlink:href="#functionSeg_1" value="SUBJ"/><!-- Sie -->
<feat xlink:href="#functionSeg_2" value="ADJ"/><!-- ins...Krankenhaus -->
<feat xlink:href="#functionSeg_3" value="SUBJ#0"/><!-- Der...Doktor -->
<feat xlink:href="#functionSeg_4" value="IO"/><!-- ihr -->
<feat xlink:href="#functionSeg_5" value="SUBJ"/><!-- es -->
<feat xlink:href="#functionSeg_6" value="PRDNOM#0"/><!-- nichts...Ernstes -->
</featList>

</paula>
