<?xml version="1.0" encoding="UTF-8" standalone="no"?>


<!DOCTYPE paula SYSTEM "paula_mark.dtd">
<paula version="1.0">

<header paula_id="exmaralda.85DEU-H01TBT-00X9100_stressSeg"/>

<markList xmlns:xlink="http://www.w3.org/1999/xlink" type="stressSeg" xml:base="exmaralda.85DEU-H01TBT-00X9100.tok.xml">

<mark id="stressSeg_1" xlink:href="#tok_4"/><!-- Krankenhaus -->
<mark id="stressSeg_2" xlink:href="#tok_5"/><!-- gebracht -->
<mark id="stressSeg_3" xlink:href="#tok_9"/><!-- sagte -->
<mark id="stressSeg_4" xlink:href="#tok_14"/><!-- nichts -->
<mark id="stressSeg_5" xlink:href="#tok_15"/><!-- Ernstes -->
</markList>

</paula>
