<?xml version="1.0" encoding="UTF-8" standalone="no"?>


<!DOCTYPE paula SYSTEM "paula_feat.dtd">
<paula version="1.0">

<header paula_id="exmaralda.85DEU-H01TBT-00X9100_stress"/>

<featList xmlns:xlink="http://www.w3.org/1999/xlink" type="stress" xml:base="exmaralda.85DEU-H01TBT-00X9100.stressSeg.xml">

<feat xlink:href="#stressSeg_1" value="1#0#2"/><!-- Krankenhaus -->
<feat xlink:href="#stressSeg_2" value="0#1"/><!-- gebracht -->
<feat xlink:href="#stressSeg_3" value="1#0"/><!-- sagte -->
<feat xlink:href="#stressSeg_4" value="1"/><!-- nichts -->
<feat xlink:href="#stressSeg_5" value="1#0"/><!-- Ernstes -->
</featList>

</paula>
