<?xml version="1.0" encoding="UTF-8" standalone="no"?>


<!DOCTYPE paula SYSTEM "paula_mark.dtd">
<paula version="1.0">

<header paula_id="exmaralda.85DEU-H01TBT-00X9100_posSeg"/>

<markList xmlns:xlink="http://www.w3.org/1999/xlink" type="posSeg" xml:base="exmaralda.85DEU-H01TBT-00X9100.tok.xml">

<mark id="posSeg_1" xlink:href="#tok_1"/><!-- Sie -->
<mark id="posSeg_2" xlink:href="#tok_2"/><!-- wurde -->
<mark id="posSeg_3" xlink:href="#tok_3"/><!-- ins -->
<mark id="posSeg_4" xlink:href="#tok_4"/><!-- Krankenhaus -->
<mark id="posSeg_5" xlink:href="#tok_5"/><!-- gebracht -->
<mark id="posSeg_6" xlink:href="#tok_7"/><!-- Der -->
<mark id="posSeg_7" xlink:href="#tok_8"/><!-- Doktor -->
<mark id="posSeg_8" xlink:href="#tok_9"/><!-- sagte -->
<mark id="posSeg_9" xlink:href="#tok_10"/><!-- ihr -->
<mark id="posSeg_10" xlink:href="#tok_12"/><!-- dass -->
<mark id="posSeg_11" xlink:href="#tok_13"/><!-- es -->
<mark id="posSeg_12" xlink:href="#tok_14"/><!-- nichts -->
<mark id="posSeg_13" xlink:href="#tok_15"/><!-- Ernstes -->
<mark id="posSeg_14" xlink:href="#tok_16"/><!-- sei -->
</markList>

</paula>
