<?xml version="1.0" encoding="UTF-8" standalone="no"?>


<!DOCTYPE paula SYSTEM "paula_feat.dtd">
<paula version="1.0">

<header paula_id="exmaralda.85DEU-H01TBT-00X9100_pos"/>

<featList xmlns:xlink="http://www.w3.org/1999/xlink" type="pos" xml:base="exmaralda.85DEU-H01TBT-00X9100.posSeg.xml">

<feat xlink:href="#posSeg_1" value="PRONPRS"/><!-- Sie -->
<feat xlink:href="#posSeg_2" value="VAUX"/><!-- wurde -->
<feat xlink:href="#posSeg_3" value="P=DET"/><!-- ins -->
<feat xlink:href="#posSeg_4" value="NCOM"/><!-- Krankenhaus -->
<feat xlink:href="#posSeg_5" value="VTR"/><!-- gebracht -->
<feat xlink:href="#posSeg_6" value="DET"/><!-- Der -->
<feat xlink:href="#posSeg_7" value="NCOM"/><!-- Doktor -->
<feat xlink:href="#posSeg_8" value="VTR"/><!-- sagte -->
<feat xlink:href="#posSeg_9" value="PRONPRS"/><!-- ihr -->
<feat xlink:href="#posSeg_10" value="SUBCOM"/><!-- dass -->
<feat xlink:href="#posSeg_11" value="PRONPRS"/><!-- es -->
<feat xlink:href="#posSeg_12" value="PRONQUANT"/><!-- nichts -->
<feat xlink:href="#posSeg_13" value="A"/><!-- Ernstes -->
<feat xlink:href="#posSeg_14" value="VCOP"/><!-- sei -->
</featList>

</paula>
