<?xml version="1.0" encoding="UTF-8" standalone="no"?>


<!DOCTYPE paula SYSTEM "paula_mark.dtd">
<paula version="1.0">

<header paula_id="exmaralda.85DEU-H01TBT-00X9100_cs2Seg"/>

<markList xmlns:xlink="http://www.w3.org/1999/xlink" type="cs2Seg" xml:base="exmaralda.85DEU-H01TBT-00X9100.tok.xml">

<mark id="cs2Seg_1" xlink:href="#tok_1"/><!-- Sie -->
<mark id="cs2Seg_2" xlink:href="#xpointer(id('tok_3')/range-to(id('tok_4')))"/><!-- ins...Krankenhaus -->
<mark id="cs2Seg_3" xlink:href="#tok_5"/><!-- gebracht -->
<mark id="cs2Seg_4" xlink:href="#xpointer(id('tok_7')/range-to(id('tok_8')))"/><!-- Der...Doktor -->
<mark id="cs2Seg_5" xlink:href="#tok_9"/><!-- sagte -->
<mark id="cs2Seg_6" xlink:href="#tok_10"/><!-- ihr -->
<mark id="cs2Seg_7" xlink:href="#xpointer(id('tok_12')/range-to(id('tok_17')))"/><!-- dass.... -->
</markList>

</paula>
