<?xml version="1.0" encoding="UTF-8" standalone="no"?>
<!DOCTYPE paula SYSTEM "paula_feat.dtd">
<paula version="1.0">


<header paula_id="exmaralda.85DEU-H01TBT-00X9100.SessionNr."/>

<featList xmlns:xlink="http://www.w3.org/1999/xlink" type="SessionNr." xml:base="exmaralda.85DEU-H01TBT-00X9100.anno.xml">

<feat xlink:href="#anno_1" value="00"/>
<feat xlink:href="#anno_2" value="00"/>
<feat xlink:href="#anno_3" value="00"/>
<feat xlink:href="#anno_4" value="00"/>
<feat xlink:href="#anno_5" value="00"/>
<feat xlink:href="#anno_6" value="00"/>
<feat xlink:href="#anno_7" value="00"/>
<feat xlink:href="#anno_8" value="00"/>
<feat xlink:href="#anno_9" value="00"/>
<feat xlink:href="#anno_10" value="00"/>
<feat xlink:href="#anno_11" value="00"/>
<feat xlink:href="#anno_12" value="00"/>
<feat xlink:href="#anno_13" value="00"/>
<feat xlink:href="#anno_14" value="00"/>
<feat xlink:href="#anno_15" value="00"/>
<feat xlink:href="#anno_16" value="00"/>
<feat xlink:href="#anno_17" value="00"/>
<feat xlink:href="#anno_18" value="00"/>
<feat xlink:href="#anno_19" value="00"/>
<feat xlink:href="#anno_20" value="00"/>
<feat xlink:href="#anno_21" value="00"/>
<feat xlink:href="#anno_22" value="00"/>
<feat xlink:href="#anno_23" value="00"/>
<feat xlink:href="#anno_24" value="00"/>
<feat xlink:href="#anno_25" value="00"/>
<feat xlink:href="#anno_26" value="00"/>
<feat xlink:href="#anno_27" value="00"/>
<feat xlink:href="#anno_28" value="00"/>
<feat xlink:href="#anno_29" value="00"/>
<feat xlink:href="#anno_30" value="00"/>
<feat xlink:href="#anno_31" value="00"/>
<feat xlink:href="#anno_32" value="00"/>

</featList>
</paula>
