<?xml version="1.0" encoding="UTF-8" standalone="no"?>


<!DOCTYPE paula SYSTEM "paula_feat.dtd">
<paula version="1.0">

<header paula_id="exmaralda.85DEU-H01TBT-00X9100_morph"/>

<featList xmlns:xlink="http://www.w3.org/1999/xlink" type="morph" xml:base="exmaralda.85DEU-H01TBT-00X9100.morphSeg.xml">

<feat xlink:href="#morphSeg_1" value="Sie"/><!-- Sie -->
<feat xlink:href="#morphSeg_2" value="wurde"/><!-- wurde -->
<feat xlink:href="#morphSeg_3" value="in=s"/><!-- ins -->
<feat xlink:href="#morphSeg_4" value="Krank-en-haus"/><!-- Krankenhaus -->
<feat xlink:href="#morphSeg_5" value="ge-brach-t"/><!-- gebracht -->
<feat xlink:href="#morphSeg_6" value="Der"/><!-- Der -->
<feat xlink:href="#morphSeg_7" value="Doktor"/><!-- Doktor -->
<feat xlink:href="#morphSeg_8" value="sag-t-e"/><!-- sagte -->
<feat xlink:href="#morphSeg_9" value="ihr"/><!-- ihr -->
<feat xlink:href="#morphSeg_10" value="dass"/><!-- dass -->
<feat xlink:href="#morphSeg_11" value="es"/><!-- es -->
<feat xlink:href="#morphSeg_12" value="nichts"/><!-- nichts -->
<feat xlink:href="#morphSeg_13" value="Ernst-es"/><!-- Ernstes -->
<feat xlink:href="#morphSeg_14" value="sei-0"/><!-- sei -->
</featList>

</paula>
