<?xml version="1.0" encoding="UTF-8" standalone="no"?>


<!DOCTYPE paula SYSTEM "paula_feat.dtd">
<paula version="1.0">

<header paula_id="exmaralda.85DEU-H01TBT-00X9100_infostat"/>

<featList xmlns:xlink="http://www.w3.org/1999/xlink" type="infostat" xml:base="exmaralda.85DEU-H01TBT-00X9100.infostatSeg.xml">

<feat xlink:href="#infostatSeg_1" value="acc"/><!-- Sie -->
<feat xlink:href="#infostatSeg_2" value="new"/><!-- ins...Krankenhaus -->
<feat xlink:href="#infostatSeg_3" value="acc"/><!-- Der...Doktor -->
<feat xlink:href="#infostatSeg_4" value="giv"/><!-- ihr -->
<feat xlink:href="#infostatSeg_5" value="acc"/><!-- es -->
<feat xlink:href="#infostatSeg_6" value="new"/><!-- nichts...Ernstes -->
</featList>

</paula>
