<?xml version="1.0" standalone="no"?>
<!DOCTYPE paula SYSTEM "paula_mark.dtd">


<paula version="1.0">
<header paula_id="exmaralda.85DEU-H01TBT-00X9100_tok"/>

<markList xmlns:xlink="http://www.w3.org/1999/xlink" type="tok" xml:base="exmaralda.85DEU-H01TBT-00X9100.text.xml">
<mark id="tok_1" xlink:href="#xpointer(string-range(//body,'',1,3))"/><!-- Sie -->
<mark id="tok_2" xlink:href="#xpointer(string-range(//body,'',5,5))"/><!-- wurde -->
<mark id="tok_3" xlink:href="#xpointer(string-range(//body,'',11,3))"/><!-- ins -->
<mark id="tok_4" xlink:href="#xpointer(string-range(//body,'',15,11))"/><!-- Krankenhaus -->
<mark id="tok_5" xlink:href="#xpointer(string-range(//body,'',27,8))"/><!-- gebracht -->
<mark id="tok_6" xlink:href="#xpointer(string-range(//body,'',36,1))"/><!-- . -->
<mark id="tok_7" xlink:href="#xpointer(string-range(//body,'',38,3))"/><!-- Der -->
<mark id="tok_8" xlink:href="#xpointer(string-range(//body,'',42,6))"/><!-- Doktor -->
<mark id="tok_9" xlink:href="#xpointer(string-range(//body,'',49,5))"/><!-- sagte -->
<mark id="tok_10" xlink:href="#xpointer(string-range(//body,'',55,3))"/><!-- ihr -->
<mark id="tok_11" xlink:href="#xpointer(string-range(//body,'',59,1))"/><!-- , -->
<mark id="tok_12" xlink:href="#xpointer(string-range(//body,'',61,4))"/><!-- dass -->
<mark id="tok_13" xlink:href="#xpointer(string-range(//body,'',66,2))"/><!-- es -->
<mark id="tok_14" xlink:href="#xpointer(string-range(//body,'',69,6))"/><!-- nichts -->
<mark id="tok_15" xlink:href="#xpointer(string-range(//body,'',76,7))"/><!-- Ernstes -->
<mark id="tok_16" xlink:href="#xpointer(string-range(//body,'',84,3))"/><!-- sei -->
<mark id="tok_17" xlink:href="#xpointer(string-range(//body,'',88,1))"/><!-- . -->
</markList>
</paula>
