<?xml version="1.0" encoding="UTF-8" standalone="no"?>


<!DOCTYPE paula SYSTEM "paula_mark.dtd">
<paula version="1.0">

<header paula_id="exmaralda.85DEU-H01TBT-00X9100_phonesSeg"/>

<markList xmlns:xlink="http://www.w3.org/1999/xlink" type="phonesSeg" xml:base="exmaralda.85DEU-H01TBT-00X9100.tok.xml">

<mark id="phonesSeg_1" xlink:href="#tok_1"/><!-- Sie -->
<mark id="phonesSeg_2" xlink:href="#tok_2"/><!-- wurde -->
<mark id="phonesSeg_3" xlink:href="#tok_3"/><!-- ins -->
<mark id="phonesSeg_4" xlink:href="#tok_4"/><!-- Krankenhaus -->
<mark id="phonesSeg_5" xlink:href="#tok_5"/><!-- gebracht -->
<mark id="phonesSeg_6" xlink:href="#tok_7"/><!-- Der -->
<mark id="phonesSeg_7" xlink:href="#tok_8"/><!-- Doktor -->
<mark id="phonesSeg_8" xlink:href="#tok_9"/><!-- sagte -->
<mark id="phonesSeg_9" xlink:href="#tok_10"/><!-- ihr -->
<mark id="phonesSeg_10" xlink:href="#tok_12"/><!-- dass -->
<mark id="phonesSeg_11" xlink:href="#tok_13"/><!-- es -->
<mark id="phonesSeg_12" xlink:href="#tok_14"/><!-- nichts -->
<mark id="phonesSeg_13" xlink:href="#tok_15"/><!-- Ernstes -->
<mark id="phonesSeg_14" xlink:href="#tok_16"/><!-- sei -->
</markList>

</paula>
