<?xml version="1.0" encoding="UTF-8" standalone="no"?>
<!DOCTYPE paula SYSTEM "paula_feat.dtd">
<paula version="1.0">


<header paula_id="exmaralda.85DEU-H01TBT-00X9100.Instructor_ethnicGroup"/>

<featList xmlns:xlink="http://www.w3.org/1999/xlink" type="Instructor_ethnicGroup" xml:base="exmaralda.85DEU-H01TBT-00X9100.anno.xml">

<feat xlink:href="#anno_1" value="German"/>
<feat xlink:href="#anno_2" value="German"/>
<feat xlink:href="#anno_3" value="German"/>
<feat xlink:href="#anno_4" value="German"/>
<feat xlink:href="#anno_5" value="German"/>
<feat xlink:href="#anno_6" value="German"/>
<feat xlink:href="#anno_7" value="German"/>
<feat xlink:href="#anno_8" value="German"/>
<feat xlink:href="#anno_9" value="German"/>
<feat xlink:href="#anno_10" value="German"/>
<feat xlink:href="#anno_11" value="German"/>
<feat xlink:href="#anno_12" value="German"/>
<feat xlink:href="#anno_13" value="German"/>
<feat xlink:href="#anno_14" value="German"/>
<feat xlink:href="#anno_15" value="German"/>
<feat xlink:href="#anno_16" value="German"/>
<feat xlink:href="#anno_17" value="German"/>
<feat xlink:href="#anno_18" value="German"/>
<feat xlink:href="#anno_19" value="German"/>
<feat xlink:href="#anno_20" value="German"/>
<feat xlink:href="#anno_21" value="German"/>
<feat xlink:href="#anno_22" value="German"/>
<feat xlink:href="#anno_23" value="German"/>
<feat xlink:href="#anno_24" value="German"/>
<feat xlink:href="#anno_25" value="German"/>
<feat xlink:href="#anno_26" value="German"/>
<feat xlink:href="#anno_27" value="German"/>
<feat xlink:href="#anno_28" value="German"/>
<feat xlink:href="#anno_29" value="German"/>
<feat xlink:href="#anno_30" value="German"/>
<feat xlink:href="#anno_31" value="German"/>
<feat xlink:href="#anno_32" value="German"/>

</featList>
</paula>
