<?xml version="1.0" encoding="UTF-8" standalone="no"?>


<!DOCTYPE paula SYSTEM "paula_mark.dtd">
<paula version="1.0">

<header paula_id="exmaralda.82DEU-I11FCT-00X9100_phpSeg"/>

<markList xmlns:xlink="http://www.w3.org/1999/xlink" type="phpSeg" xml:base="exmaralda.82DEU-I11FCT-00X9100.tok.xml">

<mark id="phpSeg_1" xlink:href="#tok_1"/><!-- Mary -->
<mark id="phpSeg_2" xlink:href="#xpointer(id('tok_3')/range-to(id('tok_6')))"/><!-- hat...gegessen -->
<mark id="phpSeg_3" xlink:href="#xpointer(id('tok_8')/range-to(id('tok_9')))"/><!-- Nicht...Mary -->
<mark id="phpSeg_4" xlink:href="#xpointer(id('tok_11')/range-to(id('tok_12')))"/><!-- sondern...John -->
<mark id="phpSeg_5" xlink:href="#xpointer(id('tok_14')/range-to(id('tok_19')))"/><!-- Nicht...gegessen -->
<mark id="phpSeg_6" xlink:href="#xpointer(id('tok_21')/range-to(id('tok_22')))"/><!-- sondern...John -->
</markList>

</paula>
