<?xml version="1.0" encoding="UTF-8" standalone="no"?>
<!DOCTYPE paula SYSTEM "paula_struct.dtd">

<paula version="1.0">
<header paula_id="exmaralda.82DEU-I11FCT-00X9100.annoSet"/>

<structList xmlns:xlink="http://www.w3.org/1999/xlink" type="annoSet">

<struct id="anno_1">
  <rel id="rel_1" xlink:href="exmaralda.82DEU-I11FCT-00X9100.meta_Researcher.xml"/>
  <rel id="rel_2" xlink:href="exmaralda.82DEU-I11FCT-00X9100.meta_Language.xml"/>
  <rel id="rel_3" xlink:href="exmaralda.82DEU-I11FCT-00X9100.meta_SessionNr..xml"/>
  <rel id="rel_4" xlink:href="exmaralda.82DEU-I11FCT-00X9100.meta_Date.xml"/>
  <rel id="rel_5" xlink:href="exmaralda.82DEU-I11FCT-00X9100.meta_Address.xml"/>
  <rel id="rel_6" xlink:href="exmaralda.82DEU-I11FCT-00X9100.meta_Country.xml"/>
  <rel id="rel_7" xlink:href="exmaralda.82DEU-I11FCT-00X9100.meta_Instructor.xml"/>
  <rel id="rel_8" xlink:href="exmaralda.82DEU-I11FCT-00X9100.meta_Speaker1.xml"/>
  <rel id="rel_9" xlink:href="exmaralda.82DEU-I11FCT-00X9100.meta_Speaker2.xml"/>
  <rel id="rel_10" xlink:href="exmaralda.82DEU-I11FCT-00X9100.meta_Description.xml"/>
  <rel id="rel_11" xlink:href="exmaralda.82DEU-I11FCT-00X9100.meta_TechnicalProblems.xml"/>
  <rel id="rel_12" xlink:href="exmaralda.82DEU-I11FCT-00X9100.meta_Comments.xml"/>
  <rel id="rel_13" xlink:href="exmaralda.82DEU-I11FCT-00X9100.meta_Instructor_name.xml"/>
  <rel id="rel_14" xlink:href="exmaralda.82DEU-I11FCT-00X9100.meta_Instructor_fullName.xml"/>
  <rel id="rel_15" xlink:href="exmaralda.82DEU-I11FCT-00X9100.meta_Instructor_anonymized.xml"/>
  <rel id="rel_16" xlink:href="exmaralda.82DEU-I11FCT-00X9100.meta_Instructor_ethnicGroup.xml"/>
  <rel id="rel_17" xlink:href="exmaralda.82DEU-I11FCT-00X9100.meta_Instructor_dateOfBirth.xml"/>
  <rel id="rel_18" xlink:href="exmaralda.82DEU-I11FCT-00X9100.meta_Instructor_age.xml"/>
  <rel id="rel_19" xlink:href="exmaralda.82DEU-I11FCT-00X9100.meta_Instructor_sex.xml"/>
  <rel id="rel_20" xlink:href="exmaralda.82DEU-I11FCT-00X9100.meta_Instructor_education.xml"/>
  <rel id="rel_21" xlink:href="exmaralda.82DEU-I11FCT-00X9100.meta_Instructor_occupation.xml"/>
  <rel id="rel_22" xlink:href="exmaralda.82DEU-I11FCT-00X9100.meta_Instructor_address.xml"/>
  <rel id="rel_23" xlink:href="exmaralda.82DEU-I11FCT-00X9100.meta_Instructor_bornRaisedIn.xml"/>
  <rel id="rel_24" xlink:href="exmaralda.82DEU-I11FCT-00X9100.meta_Instructor_alsoLivedIn.xml"/>
  <rel id="rel_25" xlink:href="exmaralda.82DEU-I11FCT-00X9100.meta_Instructor_motherTongue.xml"/>
  <rel id="rel_26" xlink:href="exmaralda.82DEU-I11FCT-00X9100.meta_Instructor_primaryLanguage.xml"/>
  <rel id="rel_27" xlink:href="exmaralda.82DEU-I11FCT-00X9100.meta_Instructor_otherLanguagesSpoken.xml"/>
  <rel id="rel_28" xlink:href="exmaralda.82DEU-I11FCT-00X9100.meta_Instructor_languageOfMother.xml"/>
  <rel id="rel_29" xlink:href="exmaralda.82DEU-I11FCT-00X9100.meta_Instructor_languageOfFather.xml"/>
  <rel id="rel_30" xlink:href="exmaralda.82DEU-I11FCT-00X9100.meta_Instructor_languageOfSpouse.xml"/>
  <rel id="rel_31" xlink:href="exmaralda.82DEU-I11FCT-00X9100.meta_Speaker1_name.xml"/>
  <rel id="rel_32" xlink:href="exmaralda.82DEU-I11FCT-00X9100.meta_Speaker1_fullName.xml"/>
  <rel id="rel_33" xlink:href="exmaralda.82DEU-I11FCT-00X9100.meta_Speaker1_anonymized.xml"/>
  <rel id="rel_34" xlink:href="exmaralda.82DEU-I11FCT-00X9100.meta_Speaker1_ethnicGroup.xml"/>
  <rel id="rel_35" xlink:href="exmaralda.82DEU-I11FCT-00X9100.meta_Speaker1_dateOfBirth.xml"/>
  <rel id="rel_36" xlink:href="exmaralda.82DEU-I11FCT-00X9100.meta_Speaker1_age.xml"/>
  <rel id="rel_37" xlink:href="exmaralda.82DEU-I11FCT-00X9100.meta_Speaker1_sex.xml"/>
  <rel id="rel_38" xlink:href="exmaralda.82DEU-I11FCT-00X9100.meta_Speaker1_education.xml"/>
  <rel id="rel_39" xlink:href="exmaralda.82DEU-I11FCT-00X9100.meta_Speaker1_occupation.xml"/>
  <rel id="rel_40" xlink:href="exmaralda.82DEU-I11FCT-00X9100.meta_Speaker1_address.xml"/>
  <rel id="rel_41" xlink:href="exmaralda.82DEU-I11FCT-00X9100.meta_Speaker1_bornRaisedIn.xml"/>
  <rel id="rel_42" xlink:href="exmaralda.82DEU-I11FCT-00X9100.meta_Speaker1_alsoLivedIn.xml"/>
  <rel id="rel_43" xlink:href="exmaralda.82DEU-I11FCT-00X9100.meta_Speaker1_motherTongue.xml"/>
  <rel id="rel_44" xlink:href="exmaralda.82DEU-I11FCT-00X9100.meta_Speaker1_primaryLanguage.xml"/>
  <rel id="rel_45" xlink:href="exmaralda.82DEU-I11FCT-00X9100.meta_Speaker1_otherLanguagesSpoken.xml"/>
  <rel id="rel_46" xlink:href="exmaralda.82DEU-I11FCT-00X9100.meta_Speaker1_languageOfMother.xml"/>
  <rel id="rel_47" xlink:href="exmaralda.82DEU-I11FCT-00X9100.meta_Speaker1_languageOfFather.xml"/>
  <rel id="rel_48" xlink:href="exmaralda.82DEU-I11FCT-00X9100.meta_Speaker1_languageOfSpouse.xml"/>
  <rel id="rel_49" xlink:href="exmaralda.82DEU-I11FCT-00X9100.meta_Speaker2_name.xml"/>
  <rel id="rel_50" xlink:href="exmaralda.82DEU-I11FCT-00X9100.meta_Speaker2_fullName.xml"/>
  <rel id="rel_51" xlink:href="exmaralda.82DEU-I11FCT-00X9100.meta_Speaker2_anonymized.xml"/>
  <rel id="rel_52" xlink:href="exmaralda.82DEU-I11FCT-00X9100.meta_Speaker2_ethnicGroup.xml"/>
  <rel id="rel_53" xlink:href="exmaralda.82DEU-I11FCT-00X9100.meta_Speaker2_dateOfBirth.xml"/>
  <rel id="rel_54" xlink:href="exmaralda.82DEU-I11FCT-00X9100.meta_Speaker2_age.xml"/>
  <rel id="rel_55" xlink:href="exmaralda.82DEU-I11FCT-00X9100.meta_Speaker2_sex.xml"/>
  <rel id="rel_56" xlink:href="exmaralda.82DEU-I11FCT-00X9100.meta_Speaker2_education.xml"/>
  <rel id="rel_57" xlink:href="exmaralda.82DEU-I11FCT-00X9100.meta_Speaker2_occupation.xml"/>
  <rel id="rel_58" xlink:href="exmaralda.82DEU-I11FCT-00X9100.meta_Speaker2_address.xml"/>
  <rel id="rel_59" xlink:href="exmaralda.82DEU-I11FCT-00X9100.meta_Speaker2_bornRaisedIn.xml"/>
  <rel id="rel_60" xlink:href="exmaralda.82DEU-I11FCT-00X9100.meta_Speaker2_alsoLivedIn.xml"/>
  <rel id="rel_61" xlink:href="exmaralda.82DEU-I11FCT-00X9100.meta_Speaker2_motherTongue.xml"/>
  <rel id="rel_62" xlink:href="exmaralda.82DEU-I11FCT-00X9100.meta_Speaker2_primaryLanguage.xml"/>
  <rel id="rel_63" xlink:href="exmaralda.82DEU-I11FCT-00X9100.meta_Speaker2_otherLanguagesSpoken.xml"/>
  <rel id="rel_64" xlink:href="exmaralda.82DEU-I11FCT-00X9100.meta_Speaker2_languageOfMother.xml"/>
  <rel id="rel_65" xlink:href="exmaralda.82DEU-I11FCT-00X9100.meta_Speaker2_languageOfFather.xml"/>
  <rel id="rel_66" xlink:href="exmaralda.82DEU-I11FCT-00X9100.meta_Speaker2_languageOfSpouse.xml"/>
</struct>
<struct id="anno_2">
  <rel id="rel_67" xlink:href="exmaralda.82DEU-I11FCT-00X9100.anno_feat.xml"/>
</struct>

<struct id="anno_3">
  <rel id="rel_68" xlink:href="exmaralda.82DEU-I11FCT-00X9100.wfocusSeg.xml"/>
  <rel id="rel_69" xlink:href="exmaralda.82DEU-I11FCT-00X9100.wfocusSeg_wfocus.xml"/>
</struct>

<struct id="anno_4">
  <rel id="rel_70" xlink:href="exmaralda.82DEU-I11FCT-00X9100.cs3Seg.xml"/>
  <rel id="rel_71" xlink:href="exmaralda.82DEU-I11FCT-00X9100.cs3Seg_cs3.xml"/>
</struct>

<struct id="anno_5">
  <rel id="rel_72" xlink:href="exmaralda.82DEU-I11FCT-00X9100.cs2Seg.xml"/>
  <rel id="rel_73" xlink:href="exmaralda.82DEU-I11FCT-00X9100.cs2Seg_cs2.xml"/>
</struct>

<struct id="anno_6">
  <rel id="rel_74" xlink:href="exmaralda.82DEU-I11FCT-00X9100.cfocusSeg.xml"/>
  <rel id="rel_75" xlink:href="exmaralda.82DEU-I11FCT-00X9100.cfocusSeg_cfocus.xml"/>
</struct>

<struct id="anno_7">
  <rel id="rel_76" xlink:href="exmaralda.82DEU-I11FCT-00X9100.backgroundSeg.xml"/>
  <rel id="rel_77" xlink:href="exmaralda.82DEU-I11FCT-00X9100.backgroundSeg_background.xml"/>
</struct>

<struct id="anno_8">
  <rel id="rel_78" xlink:href="exmaralda.82DEU-I11FCT-00X9100.posSeg.xml"/>
  <rel id="rel_79" xlink:href="exmaralda.82DEU-I11FCT-00X9100.posSeg_pos.xml"/>
</struct>

<struct id="anno_9">
  <rel id="rel_80" xlink:href="exmaralda.82DEU-I11FCT-00X9100.phonesSeg.xml"/>
  <rel id="rel_81" xlink:href="exmaralda.82DEU-I11FCT-00X9100.phonesSeg_phones.xml"/>
</struct>

<struct id="anno_10">
  <rel id="rel_82" xlink:href="exmaralda.82DEU-I11FCT-00X9100.phontonesSeg.xml"/>
  <rel id="rel_83" xlink:href="exmaralda.82DEU-I11FCT-00X9100.phontonesSeg_phontones.xml"/>
</struct>

<struct id="anno_11">
  <rel id="rel_84" xlink:href="exmaralda.82DEU-I11FCT-00X9100.lex-tonesSeg.xml"/>
  <rel id="rel_85" xlink:href="exmaralda.82DEU-I11FCT-00X9100.lex-tonesSeg_lex-tones.xml"/>
</struct>

<struct id="anno_12">
  <rel id="rel_86" xlink:href="exmaralda.82DEU-I11FCT-00X9100.accentSeg.xml"/>
  <rel id="rel_87" xlink:href="exmaralda.82DEU-I11FCT-00X9100.accentSeg_accent.xml"/>
</struct>

<struct id="anno_13">
  <rel id="rel_88" xlink:href="exmaralda.82DEU-I11FCT-00X9100.rolesSeg.xml"/>
  <rel id="rel_89" xlink:href="exmaralda.82DEU-I11FCT-00X9100.rolesSeg_roles.xml"/>
</struct>

<struct id="anno_14">
  <rel id="rel_90" xlink:href="exmaralda.82DEU-I11FCT-00X9100.audioFileSeg.xml"/>
  <rel id="rel_91" xlink:href="exmaralda.82DEU-I11FCT-00X9100.audioFileSeg_audioFile.xml"/>
</struct>

<struct id="anno_15">
  <rel id="rel_92" xlink:href="exmaralda.82DEU-I11FCT-00X9100.transSeg.xml"/>
  <rel id="rel_93" xlink:href="exmaralda.82DEU-I11FCT-00X9100.transSeg_trans.xml"/>
</struct>

<struct id="anno_16">
  <rel id="rel_94" xlink:href="exmaralda.82DEU-I11FCT-00X9100.topicSeg.xml"/>
  <rel id="rel_95" xlink:href="exmaralda.82DEU-I11FCT-00X9100.topicSeg_topic.xml"/>
</struct>

<struct id="anno_17">
  <rel id="rel_96" xlink:href="exmaralda.82DEU-I11FCT-00X9100.infostatSeg.xml"/>
  <rel id="rel_97" xlink:href="exmaralda.82DEU-I11FCT-00X9100.infostatSeg_infostat.xml"/>
</struct>

<struct id="anno_18">
  <rel id="rel_98" xlink:href="exmaralda.82DEU-I11FCT-00X9100.glossSeg.xml"/>
  <rel id="rel_99" xlink:href="exmaralda.82DEU-I11FCT-00X9100.glossSeg_gloss.xml"/>
</struct>

<struct id="anno_19">
  <rel id="rel_100" xlink:href="exmaralda.82DEU-I11FCT-00X9100.surfaceSeg.xml"/>
  <rel id="rel_101" xlink:href="exmaralda.82DEU-I11FCT-00X9100.surfaceSeg_surface.xml"/>
</struct>

<struct id="anno_20">
  <rel id="rel_102" xlink:href="exmaralda.82DEU-I11FCT-00X9100.tok.xml"/>
</struct>

<struct id="anno_21">
  <rel id="rel_103" xlink:href="exmaralda.82DEU-I11FCT-00X9100.cs1Seg.xml"/>
  <rel id="rel_104" xlink:href="exmaralda.82DEU-I11FCT-00X9100.cs1Seg_cs1.xml"/>
</struct>

<struct id="anno_22">
  <rel id="rel_105" xlink:href="exmaralda.82DEU-I11FCT-00X9100.infoSeg.xml"/>
  <rel id="rel_106" xlink:href="exmaralda.82DEU-I11FCT-00X9100.infoSeg_info.xml"/>
</struct>

<struct id="anno_23">
  <rel id="rel_107" xlink:href="exmaralda.82DEU-I11FCT-00X9100.stressSeg.xml"/>
  <rel id="rel_108" xlink:href="exmaralda.82DEU-I11FCT-00X9100.stressSeg_stress.xml"/>
</struct>

<struct id="anno_24">
  <rel id="rel_109" xlink:href="exmaralda.82DEU-I11FCT-00X9100.phpSeg.xml"/>
  <rel id="rel_110" xlink:href="exmaralda.82DEU-I11FCT-00X9100.phpSeg_php.xml"/>
</struct>

<struct id="anno_25">
  <rel id="rel_111" xlink:href="exmaralda.82DEU-I11FCT-00X9100.qupSeg.xml"/>
  <rel id="rel_112" xlink:href="exmaralda.82DEU-I11FCT-00X9100.qupSeg_qup.xml"/>
</struct>

<struct id="anno_26">
  <rel id="rel_113" xlink:href="exmaralda.82DEU-I11FCT-00X9100.functionSeg.xml"/>
  <rel id="rel_114" xlink:href="exmaralda.82DEU-I11FCT-00X9100.functionSeg_function.xml"/>
</struct>

<struct id="anno_27">
  <rel id="rel_115" xlink:href="exmaralda.82DEU-I11FCT-00X9100.ipSeg.xml"/>
  <rel id="rel_116" xlink:href="exmaralda.82DEU-I11FCT-00X9100.ipSeg_ip.xml"/>
</struct>

<struct id="anno_28">
  <rel id="rel_117" xlink:href="exmaralda.82DEU-I11FCT-00X9100.morphSeg.xml"/>
  <rel id="rel_118" xlink:href="exmaralda.82DEU-I11FCT-00X9100.morphSeg_morph.xml"/>
</struct>

<struct id="anno_29">
  <rel id="rel_119" xlink:href="exmaralda.82DEU-I11FCT-00X9100.text.xml"/>
</struct>

<struct id="anno_30">
  <rel id="rel_120" xlink:href="exmaralda.82DEU-I11FCT-00X9100.int-tonesSeg.xml"/>
  <rel id="rel_121" xlink:href="exmaralda.82DEU-I11FCT-00X9100.int-tonesSeg_int-tones.xml"/>
</struct>

<struct id="anno_31">
  <rel id="rel_122" xlink:href="exmaralda.82DEU-I11FCT-00X9100.nfocusSeg.xml"/>
  <rel id="rel_123" xlink:href="exmaralda.82DEU-I11FCT-00X9100.nfocusSeg_nfocus.xml"/>
</struct>

</structList>
</paula>
