<?xml version="1.0" encoding="UTF-8" standalone="no"?>


<!DOCTYPE paula SYSTEM "paula_mark.dtd">
<paula version="1.0">

<header paula_id="exmaralda.82DEU-I11FCT-00X9100_stressSeg"/>

<markList xmlns:xlink="http://www.w3.org/1999/xlink" type="stressSeg" xml:base="exmaralda.82DEU-I11FCT-00X9100.tok.xml">

<mark id="stressSeg_1" xlink:href="#tok_5"/><!-- Bohnen -->
<mark id="stressSeg_2" xlink:href="#tok_6"/><!-- gegessen -->
<mark id="stressSeg_3" xlink:href="#tok_11"/><!-- sondern -->
<mark id="stressSeg_4" xlink:href="#tok_12"/><!-- John -->
<mark id="stressSeg_5" xlink:href="#tok_18"/><!-- Bohnen -->
<mark id="stressSeg_6" xlink:href="#tok_19"/><!-- gegessen -->
<mark id="stressSeg_7" xlink:href="#tok_21"/><!-- sondern -->
<mark id="stressSeg_8" xlink:href="#tok_22"/><!-- John -->
</markList>

</paula>
