<?xml version="1.0" encoding="UTF-8" standalone="no"?>
<!DOCTYPE paula SYSTEM "paula_feat.dtd">
<paula version="1.0">


<header paula_id="exmaralda.82DEU-I11FCT-00X9100.Speaker1"/>

<featList xmlns:xlink="http://www.w3.org/1999/xlink" type="Speaker1" xml:base="exmaralda.82DEU-I11FCT-00X9100.anno.xml">

<feat xlink:href="#anno_1" value="SFB632_1010"/>
<feat xlink:href="#anno_2" value="SFB632_1010"/>
<feat xlink:href="#anno_3" value="SFB632_1010"/>
<feat xlink:href="#anno_4" value="SFB632_1010"/>
<feat xlink:href="#anno_5" value="SFB632_1010"/>
<feat xlink:href="#anno_6" value="SFB632_1010"/>
<feat xlink:href="#anno_7" value="SFB632_1010"/>
<feat xlink:href="#anno_8" value="SFB632_1010"/>
<feat xlink:href="#anno_9" value="SFB632_1010"/>
<feat xlink:href="#anno_10" value="SFB632_1010"/>
<feat xlink:href="#anno_11" value="SFB632_1010"/>
<feat xlink:href="#anno_12" value="SFB632_1010"/>
<feat xlink:href="#anno_13" value="SFB632_1010"/>
<feat xlink:href="#anno_14" value="SFB632_1010"/>
<feat xlink:href="#anno_15" value="SFB632_1010"/>
<feat xlink:href="#anno_16" value="SFB632_1010"/>
<feat xlink:href="#anno_17" value="SFB632_1010"/>
<feat xlink:href="#anno_18" value="SFB632_1010"/>
<feat xlink:href="#anno_19" value="SFB632_1010"/>
<feat xlink:href="#anno_20" value="SFB632_1010"/>
<feat xlink:href="#anno_21" value="SFB632_1010"/>
<feat xlink:href="#anno_22" value="SFB632_1010"/>
<feat xlink:href="#anno_23" value="SFB632_1010"/>
<feat xlink:href="#anno_24" value="SFB632_1010"/>
<feat xlink:href="#anno_25" value="SFB632_1010"/>
<feat xlink:href="#anno_26" value="SFB632_1010"/>
<feat xlink:href="#anno_27" value="SFB632_1010"/>
<feat xlink:href="#anno_28" value="SFB632_1010"/>
<feat xlink:href="#anno_29" value="SFB632_1010"/>
<feat xlink:href="#anno_30" value="SFB632_1010"/>
<feat xlink:href="#anno_31" value="SFB632_1010"/>

</featList>
</paula>
