<?xml version="1.0" encoding="UTF-8" standalone="no"?>
<!DOCTYPE paula SYSTEM "paula_feat.dtd">
<paula version="1.0">


<header paula_id="exmaralda.82DEU-I11FCT-00X9100.Speaker2_fullName"/>

<featList xmlns:xlink="http://www.w3.org/1999/xlink" type="Speaker2_fullName" xml:base="exmaralda.82DEU-I11FCT-00X9100.anno.xml">

<feat xlink:href="#anno_1" value="n.a."/>
<feat xlink:href="#anno_2" value="n.a."/>
<feat xlink:href="#anno_3" value="n.a."/>
<feat xlink:href="#anno_4" value="n.a."/>
<feat xlink:href="#anno_5" value="n.a."/>
<feat xlink:href="#anno_6" value="n.a."/>
<feat xlink:href="#anno_7" value="n.a."/>
<feat xlink:href="#anno_8" value="n.a."/>
<feat xlink:href="#anno_9" value="n.a."/>
<feat xlink:href="#anno_10" value="n.a."/>
<feat xlink:href="#anno_11" value="n.a."/>
<feat xlink:href="#anno_12" value="n.a."/>
<feat xlink:href="#anno_13" value="n.a."/>
<feat xlink:href="#anno_14" value="n.a."/>
<feat xlink:href="#anno_15" value="n.a."/>
<feat xlink:href="#anno_16" value="n.a."/>
<feat xlink:href="#anno_17" value="n.a."/>
<feat xlink:href="#anno_18" value="n.a."/>
<feat xlink:href="#anno_19" value="n.a."/>
<feat xlink:href="#anno_20" value="n.a."/>
<feat xlink:href="#anno_21" value="n.a."/>
<feat xlink:href="#anno_22" value="n.a."/>
<feat xlink:href="#anno_23" value="n.a."/>
<feat xlink:href="#anno_24" value="n.a."/>
<feat xlink:href="#anno_25" value="n.a."/>
<feat xlink:href="#anno_26" value="n.a."/>
<feat xlink:href="#anno_27" value="n.a."/>
<feat xlink:href="#anno_28" value="n.a."/>
<feat xlink:href="#anno_29" value="n.a."/>
<feat xlink:href="#anno_30" value="n.a."/>
<feat xlink:href="#anno_31" value="n.a."/>

</featList>
</paula>
