<?xml version="1.0" encoding="UTF-8" standalone="no"?>


<!DOCTYPE paula SYSTEM "paula_feat.dtd">
<paula version="1.0">

<header paula_id="exmaralda.82DEU-I11FCT-00X9100_accent"/>

<featList xmlns:xlink="http://www.w3.org/1999/xlink" type="accent" xml:base="exmaralda.82DEU-I11FCT-00X9100.accentSeg.xml">

<feat xlink:href="#accentSeg_1" value="1#0"/><!-- Mary -->
<feat xlink:href="#accentSeg_2" value="1#0"/><!-- Bohnen -->
<feat xlink:href="#accentSeg_3" value="1#0"/><!-- Mary -->
<feat xlink:href="#accentSeg_4" value="1"/><!-- John -->
<feat xlink:href="#accentSeg_5" value="1#0"/><!-- Mary -->
<feat xlink:href="#accentSeg_6" value="1"/><!-- John -->
</featList>

</paula>
