<?xml version="1.0" encoding="UTF-8" standalone="no"?>


<!DOCTYPE paula SYSTEM "paula_mark.dtd">
<paula version="1.0">

<header paula_id="exmaralda.82DEU-I11FCT-00X9100_accentSeg"/>

<markList xmlns:xlink="http://www.w3.org/1999/xlink" type="accentSeg" xml:base="exmaralda.82DEU-I11FCT-00X9100.tok.xml">

<mark id="accentSeg_1" xlink:href="#tok_1"/><!-- Mary -->
<mark id="accentSeg_2" xlink:href="#tok_5"/><!-- Bohnen -->
<mark id="accentSeg_3" xlink:href="#tok_9"/><!-- Mary -->
<mark id="accentSeg_4" xlink:href="#tok_12"/><!-- John -->
<mark id="accentSeg_5" xlink:href="#tok_15"/><!-- Mary -->
<mark id="accentSeg_6" xlink:href="#tok_22"/><!-- John -->
</markList>

</paula>
