<?xml version="1.0" encoding="UTF-8" standalone="no"?>
<!DOCTYPE paula SYSTEM "paula_feat.dtd">
<paula version="1.0">


<header paula_id="exmaralda.82DEU-I11FCT-00X9100.Date"/>

<featList xmlns:xlink="http://www.w3.org/1999/xlink" type="Date" xml:base="exmaralda.82DEU-I11FCT-00X9100.anno.xml">

<feat xlink:href="#anno_1" value="04.04.2006"/>
<feat xlink:href="#anno_2" value="04.04.2006"/>
<feat xlink:href="#anno_3" value="04.04.2006"/>
<feat xlink:href="#anno_4" value="04.04.2006"/>
<feat xlink:href="#anno_5" value="04.04.2006"/>
<feat xlink:href="#anno_6" value="04.04.2006"/>
<feat xlink:href="#anno_7" value="04.04.2006"/>
<feat xlink:href="#anno_8" value="04.04.2006"/>
<feat xlink:href="#anno_9" value="04.04.2006"/>
<feat xlink:href="#anno_10" value="04.04.2006"/>
<feat xlink:href="#anno_11" value="04.04.2006"/>
<feat xlink:href="#anno_12" value="04.04.2006"/>
<feat xlink:href="#anno_13" value="04.04.2006"/>
<feat xlink:href="#anno_14" value="04.04.2006"/>
<feat xlink:href="#anno_15" value="04.04.2006"/>
<feat xlink:href="#anno_16" value="04.04.2006"/>
<feat xlink:href="#anno_17" value="04.04.2006"/>
<feat xlink:href="#anno_18" value="04.04.2006"/>
<feat xlink:href="#anno_19" value="04.04.2006"/>
<feat xlink:href="#anno_20" value="04.04.2006"/>
<feat xlink:href="#anno_21" value="04.04.2006"/>
<feat xlink:href="#anno_22" value="04.04.2006"/>
<feat xlink:href="#anno_23" value="04.04.2006"/>
<feat xlink:href="#anno_24" value="04.04.2006"/>
<feat xlink:href="#anno_25" value="04.04.2006"/>
<feat xlink:href="#anno_26" value="04.04.2006"/>
<feat xlink:href="#anno_27" value="04.04.2006"/>
<feat xlink:href="#anno_28" value="04.04.2006"/>
<feat xlink:href="#anno_29" value="04.04.2006"/>
<feat xlink:href="#anno_30" value="04.04.2006"/>
<feat xlink:href="#anno_31" value="04.04.2006"/>

</featList>
</paula>
