<?xml version="1.0" standalone="no"?>
<!DOCTYPE paula SYSTEM "paula_mark.dtd">


<paula version="1.0">
<header paula_id="exmaralda.82DEU-I11FCT-00X9100_tok"/>

<markList xmlns:xlink="http://www.w3.org/1999/xlink" type="tok" xml:base="exmaralda.82DEU-I11FCT-00X9100.text.xml">
<mark id="tok_1" xlink:href="#xpointer(string-range(//body,'',1,4))"/><!-- Mary -->
<mark id="tok_2" xlink:href="#xpointer(string-range(//body,'',6,0))"/><!--  -->
<mark id="tok_3" xlink:href="#xpointer(string-range(//body,'',7,3))"/><!-- hat -->
<mark id="tok_4" xlink:href="#xpointer(string-range(//body,'',11,3))"/><!-- die -->
<mark id="tok_5" xlink:href="#xpointer(string-range(//body,'',15,6))"/><!-- Bohnen -->
<mark id="tok_6" xlink:href="#xpointer(string-range(//body,'',22,8))"/><!-- gegessen -->
<mark id="tok_7" xlink:href="#xpointer(string-range(//body,'',31,1))"/><!-- . -->
<mark id="tok_8" xlink:href="#xpointer(string-range(//body,'',33,5))"/><!-- Nicht -->
<mark id="tok_9" xlink:href="#xpointer(string-range(//body,'',39,4))"/><!-- Mary -->
<mark id="tok_10" xlink:href="#xpointer(string-range(//body,'',44,1))"/><!-- , -->
<mark id="tok_11" xlink:href="#xpointer(string-range(//body,'',46,7))"/><!-- sondern -->
<mark id="tok_12" xlink:href="#xpointer(string-range(//body,'',54,4))"/><!-- John -->
<mark id="tok_13" xlink:href="#xpointer(string-range(//body,'',59,1))"/><!-- . -->
<mark id="tok_14" xlink:href="#xpointer(string-range(//body,'',61,5))"/><!-- Nicht -->
<mark id="tok_15" xlink:href="#xpointer(string-range(//body,'',67,4))"/><!-- Mary -->
<mark id="tok_16" xlink:href="#xpointer(string-range(//body,'',72,3))"/><!-- hat -->
<mark id="tok_17" xlink:href="#xpointer(string-range(//body,'',76,3))"/><!-- die -->
<mark id="tok_18" xlink:href="#xpointer(string-range(//body,'',80,6))"/><!-- Bohnen -->
<mark id="tok_19" xlink:href="#xpointer(string-range(//body,'',87,8))"/><!-- gegessen -->
<mark id="tok_20" xlink:href="#xpointer(string-range(//body,'',96,1))"/><!-- , -->
<mark id="tok_21" xlink:href="#xpointer(string-range(//body,'',98,7))"/><!-- sondern -->
<mark id="tok_22" xlink:href="#xpointer(string-range(//body,'',106,4))"/><!-- John -->
<mark id="tok_23" xlink:href="#xpointer(string-range(//body,'',111,1))"/><!-- . -->
</markList>
</paula>
