<?xml version="1.0" encoding="UTF-8" standalone="no"?>


<!DOCTYPE paula SYSTEM "paula_feat.dtd">
<paula version="1.0">

<header paula_id="exmaralda.82DEU-I11FCT-00X9100_infostat"/>

<featList xmlns:xlink="http://www.w3.org/1999/xlink" type="infostat" xml:base="exmaralda.82DEU-I11FCT-00X9100.infostatSeg.xml">

<feat xlink:href="#infostatSeg_1" value="new"/><!-- Mary -->
<feat xlink:href="#infostatSeg_2" value="new"/><!-- die...Bohnen -->
<feat xlink:href="#infostatSeg_3" value="giv"/><!-- Mary -->
<feat xlink:href="#infostatSeg_4" value="new"/><!-- John -->
<feat xlink:href="#infostatSeg_5" value="giv"/><!-- Mary -->
<feat xlink:href="#infostatSeg_6" value="giv"/><!-- die...Bohnen -->
<feat xlink:href="#infostatSeg_7" value="new"/><!-- John -->
</featList>

</paula>
