<?xml version="1.0" encoding="UTF-8" standalone="no"?>
<!DOCTYPE paula SYSTEM "paula_feat.dtd">
<paula version="1.0">


<header paula_id="exmaralda.82DEU-I11FCT-00X9100.Instructor_occupation"/>

<featList xmlns:xlink="http://www.w3.org/1999/xlink" type="Instructor_occupation" xml:base="exmaralda.82DEU-I11FCT-00X9100.anno.xml">

<feat xlink:href="#anno_1" value="--anonymous--"/>
<feat xlink:href="#anno_2" value="--anonymous--"/>
<feat xlink:href="#anno_3" value="--anonymous--"/>
<feat xlink:href="#anno_4" value="--anonymous--"/>
<feat xlink:href="#anno_5" value="--anonymous--"/>
<feat xlink:href="#anno_6" value="--anonymous--"/>
<feat xlink:href="#anno_7" value="--anonymous--"/>
<feat xlink:href="#anno_8" value="--anonymous--"/>
<feat xlink:href="#anno_9" value="--anonymous--"/>
<feat xlink:href="#anno_10" value="--anonymous--"/>
<feat xlink:href="#anno_11" value="--anonymous--"/>
<feat xlink:href="#anno_12" value="--anonymous--"/>
<feat xlink:href="#anno_13" value="--anonymous--"/>
<feat xlink:href="#anno_14" value="--anonymous--"/>
<feat xlink:href="#anno_15" value="--anonymous--"/>
<feat xlink:href="#anno_16" value="--anonymous--"/>
<feat xlink:href="#anno_17" value="--anonymous--"/>
<feat xlink:href="#anno_18" value="--anonymous--"/>
<feat xlink:href="#anno_19" value="--anonymous--"/>
<feat xlink:href="#anno_20" value="--anonymous--"/>
<feat xlink:href="#anno_21" value="--anonymous--"/>
<feat xlink:href="#anno_22" value="--anonymous--"/>
<feat xlink:href="#anno_23" value="--anonymous--"/>
<feat xlink:href="#anno_24" value="--anonymous--"/>
<feat xlink:href="#anno_25" value="--anonymous--"/>
<feat xlink:href="#anno_26" value="--anonymous--"/>
<feat xlink:href="#anno_27" value="--anonymous--"/>
<feat xlink:href="#anno_28" value="--anonymous--"/>
<feat xlink:href="#anno_29" value="--anonymous--"/>
<feat xlink:href="#anno_30" value="--anonymous--"/>
<feat xlink:href="#anno_31" value="--anonymous--"/>

</featList>
</paula>
