<?xml version="1.0" encoding="UTF-8" standalone="no"?>


<!DOCTYPE paula SYSTEM "paula_feat.dtd">
<paula version="1.0">

<header paula_id="exmaralda.82DEU-I11FCT-00X9100_cs1"/>

<featList xmlns:xlink="http://www.w3.org/1999/xlink" type="cs1" xml:base="exmaralda.82DEU-I11FCT-00X9100.cs1Seg.xml">

<feat xlink:href="#cs1Seg_1" value="NP"/><!-- Mary -->
<feat xlink:href="#cs1Seg_2" value="NP"/><!-- die...Bohnen -->
<feat xlink:href="#cs1Seg_3" value="V"/><!-- gegessen -->
<feat xlink:href="#cs1Seg_4" value="NP"/><!-- Mary -->
<feat xlink:href="#cs1Seg_5" value="NP"/><!-- John -->
<feat xlink:href="#cs1Seg_6" value="NP"/><!-- Mary -->
<feat xlink:href="#cs1Seg_7" value="NP"/><!-- die...Bohnen -->
<feat xlink:href="#cs1Seg_8" value="V"/><!-- gegessen -->
<feat xlink:href="#cs1Seg_9" value="NP"/><!-- John -->
</featList>

</paula>
