<?xml version="1.0" encoding="UTF-8" standalone="no"?>


<!DOCTYPE paula SYSTEM "paula_feat.dtd">
<paula version="1.0">

<header paula_id="exmaralda.82DEU-I11FCT-00X9100_php"/>

<featList xmlns:xlink="http://www.w3.org/1999/xlink" type="php" xml:base="exmaralda.82DEU-I11FCT-00X9100.phpSeg.xml">

<feat xlink:href="#phpSeg_1" value="PP"/><!-- Mary -->
<feat xlink:href="#phpSeg_2" value="PP"/><!-- hat...gegessen -->
<feat xlink:href="#phpSeg_3" value="PP"/><!-- Nicht...Mary -->
<feat xlink:href="#phpSeg_4" value="PP"/><!-- sondern...John -->
<feat xlink:href="#phpSeg_5" value="PP"/><!-- Nicht...gegessen -->
<feat xlink:href="#phpSeg_6" value="PP"/><!-- sondern...John -->
</featList>

</paula>
