<?xml version="1.0" encoding="UTF-8" standalone="no"?>


<!DOCTYPE paula SYSTEM "paula_feat.dtd">
<paula version="1.0">

<header paula_id="exmaralda.82DEU-I11FCT-00X9100_phones"/>

<featList xmlns:xlink="http://www.w3.org/1999/xlink" type="phones" xml:base="exmaralda.82DEU-I11FCT-00X9100.phonesSeg.xml">

<feat xlink:href="#phonesSeg_1" value="mE#Ri"/><!-- Mary -->
<feat xlink:href="#phonesSeg_2" value="hat"/><!-- hat -->
<feat xlink:href="#phonesSeg_3" value="di:"/><!-- die -->
<feat xlink:href="#phonesSeg_4" value="bo:#n@n "/><!-- Bohnen -->
<feat xlink:href="#phonesSeg_5" value="g@#gEs#s@n"/><!-- gegessen -->
<feat xlink:href="#phonesSeg_6" value="nICt"/><!-- Nicht -->
<feat xlink:href="#phonesSeg_7" value="mE#Ri"/><!-- Mary -->
<feat xlink:href="#phonesSeg_8" value="zOn#d6n"/><!-- sondern -->
<feat xlink:href="#phonesSeg_9" value="dZOn"/><!-- John -->
<feat xlink:href="#phonesSeg_10" value="nICt"/><!-- Nicht -->
<feat xlink:href="#phonesSeg_11" value="mE#Ri"/><!-- Mary -->
<feat xlink:href="#phonesSeg_12" value="hat"/><!-- hat -->
<feat xlink:href="#phonesSeg_13" value="di:"/><!-- die -->
<feat xlink:href="#phonesSeg_14" value="bo:#n@n"/><!-- Bohnen -->
<feat xlink:href="#phonesSeg_15" value="g@#gEs#s@n"/><!-- gegessen -->
<feat xlink:href="#phonesSeg_16" value="zOn#d6n"/><!-- sondern -->
<feat xlink:href="#phonesSeg_17" value="dZOn"/><!-- John -->
</featList>

</paula>
