<?xml version="1.0" encoding="UTF-8" standalone="no"?>


<!DOCTYPE paula SYSTEM "paula_feat.dtd">
<paula version="1.0">

<header paula_id="exmaralda.82DEU-I11FCT-00X9100_pos"/>

<featList xmlns:xlink="http://www.w3.org/1999/xlink" type="pos" xml:base="exmaralda.82DEU-I11FCT-00X9100.posSeg.xml">

<feat xlink:href="#posSeg_1" value="NPRP"/><!-- Mary -->
<feat xlink:href="#posSeg_2" value="VAUX"/><!-- hat -->
<feat xlink:href="#posSeg_3" value="DET"/><!-- die -->
<feat xlink:href="#posSeg_4" value="NCOM"/><!-- Bohnen -->
<feat xlink:href="#posSeg_5" value="VTR"/><!-- gegessen -->
<feat xlink:href="#posSeg_6" value="ADV"/><!-- Nicht -->
<feat xlink:href="#posSeg_7" value="NPRP"/><!-- Mary -->
<feat xlink:href="#posSeg_8" value="SUBCOM"/><!-- sondern -->
<feat xlink:href="#posSeg_9" value="NPRP"/><!-- John -->
<feat xlink:href="#posSeg_10" value="ADV"/><!-- Nicht -->
<feat xlink:href="#posSeg_11" value="NPRP"/><!-- Mary -->
<feat xlink:href="#posSeg_12" value="VAUX"/><!-- hat -->
<feat xlink:href="#posSeg_13" value="DET"/><!-- die -->
<feat xlink:href="#posSeg_14" value="NCOM"/><!-- Bohnen -->
<feat xlink:href="#posSeg_15" value="VTR"/><!-- gegessen -->
<feat xlink:href="#posSeg_16" value="SUBCOM"/><!-- sondern -->
<feat xlink:href="#posSeg_17" value="NPRP"/><!-- John -->
</featList>

</paula>
