<?xml version="1.0" encoding="UTF-8" standalone="no"?>
<!DOCTYPE paula SYSTEM "paula_feat.dtd">
<paula version="1.0">


<header paula_id="exmaralda.82DEU-I11FCT-00X9100.Speaker1_bornRaisedIn"/>

<featList xmlns:xlink="http://www.w3.org/1999/xlink" type="Speaker1_bornRaisedIn" xml:base="exmaralda.82DEU-I11FCT-00X9100.anno.xml">

<feat xlink:href="#anno_1" value="Germany"/>
<feat xlink:href="#anno_2" value="Germany"/>
<feat xlink:href="#anno_3" value="Germany"/>
<feat xlink:href="#anno_4" value="Germany"/>
<feat xlink:href="#anno_5" value="Germany"/>
<feat xlink:href="#anno_6" value="Germany"/>
<feat xlink:href="#anno_7" value="Germany"/>
<feat xlink:href="#anno_8" value="Germany"/>
<feat xlink:href="#anno_9" value="Germany"/>
<feat xlink:href="#anno_10" value="Germany"/>
<feat xlink:href="#anno_11" value="Germany"/>
<feat xlink:href="#anno_12" value="Germany"/>
<feat xlink:href="#anno_13" value="Germany"/>
<feat xlink:href="#anno_14" value="Germany"/>
<feat xlink:href="#anno_15" value="Germany"/>
<feat xlink:href="#anno_16" value="Germany"/>
<feat xlink:href="#anno_17" value="Germany"/>
<feat xlink:href="#anno_18" value="Germany"/>
<feat xlink:href="#anno_19" value="Germany"/>
<feat xlink:href="#anno_20" value="Germany"/>
<feat xlink:href="#anno_21" value="Germany"/>
<feat xlink:href="#anno_22" value="Germany"/>
<feat xlink:href="#anno_23" value="Germany"/>
<feat xlink:href="#anno_24" value="Germany"/>
<feat xlink:href="#anno_25" value="Germany"/>
<feat xlink:href="#anno_26" value="Germany"/>
<feat xlink:href="#anno_27" value="Germany"/>
<feat xlink:href="#anno_28" value="Germany"/>
<feat xlink:href="#anno_29" value="Germany"/>
<feat xlink:href="#anno_30" value="Germany"/>
<feat xlink:href="#anno_31" value="Germany"/>

</featList>
</paula>
