<?xml version="1.0" encoding="UTF-8" standalone="no"?>
<!DOCTYPE paula SYSTEM "paula_feat.dtd">
<paula version="1.0">

<header paula_id="exmaralda.82DEU-I11FCT-00X9100.annoFeat"/>

<featList xmlns:xlink="http://www.w3.org/1999/xlink" type="annoFeat" xml:base="exmaralda.82DEU-I11FCT-00X9100.anno.xml">

<feat xlink:href="#anno_1" value="meta"/>
 <feat xlink:href="#rel_1" value="meta_Researcher"/>
 <feat xlink:href="#rel_2" value="meta_Language"/>
 <feat xlink:href="#rel_3" value="meta_SessionNr."/>
 <feat xlink:href="#rel_4" value="meta_Date"/>
 <feat xlink:href="#rel_5" value="meta_Address"/>
 <feat xlink:href="#rel_6" value="meta_Country"/>
 <feat xlink:href="#rel_7" value="meta_Instructor"/>
 <feat xlink:href="#rel_8" value="meta_Speaker1"/>
 <feat xlink:href="#rel_9" value="meta_Speaker2"/>
 <feat xlink:href="#rel_10" value="meta_Description"/>
 <feat xlink:href="#rel_11" value="meta_TechnicalProblems"/>
 <feat xlink:href="#rel_12" value="meta_Comments"/>
 <feat xlink:href="#rel_13" value="meta_Instructor_name"/>
 <feat xlink:href="#rel_14" value="meta_Instructor_fullName"/>
 <feat xlink:href="#rel_15" value="meta_Instructor_anonymized"/>
 <feat xlink:href="#rel_16" value="meta_Instructor_ethnicGroup"/>
 <feat xlink:href="#rel_17" value="meta_Instructor_dateOfBirth"/>
 <feat xlink:href="#rel_18" value="meta_Instructor_age"/>
 <feat xlink:href="#rel_19" value="meta_Instructor_sex"/>
 <feat xlink:href="#rel_20" value="meta_Instructor_education"/>
 <feat xlink:href="#rel_21" value="meta_Instructor_occupation"/>
 <feat xlink:href="#rel_22" value="meta_Instructor_address"/>
 <feat xlink:href="#rel_23" value="meta_Instructor_bornRaisedIn"/>
 <feat xlink:href="#rel_24" value="meta_Instructor_alsoLivedIn"/>
 <feat xlink:href="#rel_25" value="meta_Instructor_motherTongue"/>
 <feat xlink:href="#rel_26" value="meta_Instructor_primaryLanguage"/>
 <feat xlink:href="#rel_27" value="meta_Instructor_otherLanguagesSpoken"/>
 <feat xlink:href="#rel_28" value="meta_Instructor_languageOfMother"/>
 <feat xlink:href="#rel_29" value="meta_Instructor_languageOfFather"/>
 <feat xlink:href="#rel_30" value="meta_Instructor_languageOfSpouse"/>
 <feat xlink:href="#rel_31" value="meta_Speaker1_name"/>
 <feat xlink:href="#rel_32" value="meta_Speaker1_fullName"/>
 <feat xlink:href="#rel_33" value="meta_Speaker1_anonymized"/>
 <feat xlink:href="#rel_34" value="meta_Speaker1_ethnicGroup"/>
 <feat xlink:href="#rel_35" value="meta_Speaker1_dateOfBirth"/>
 <feat xlink:href="#rel_36" value="meta_Speaker1_age"/>
 <feat xlink:href="#rel_37" value="meta_Speaker1_sex"/>
 <feat xlink:href="#rel_38" value="meta_Speaker1_education"/>
 <feat xlink:href="#rel_39" value="meta_Speaker1_occupation"/>
 <feat xlink:href="#rel_40" value="meta_Speaker1_address"/>
 <feat xlink:href="#rel_41" value="meta_Speaker1_bornRaisedIn"/>
 <feat xlink:href="#rel_42" value="meta_Speaker1_alsoLivedIn"/>
 <feat xlink:href="#rel_43" value="meta_Speaker1_motherTongue"/>
 <feat xlink:href="#rel_44" value="meta_Speaker1_primaryLanguage"/>
 <feat xlink:href="#rel_45" value="meta_Speaker1_otherLanguagesSpoken"/>
 <feat xlink:href="#rel_46" value="meta_Speaker1_languageOfMother"/>
 <feat xlink:href="#rel_47" value="meta_Speaker1_languageOfFather"/>
 <feat xlink:href="#rel_48" value="meta_Speaker1_languageOfSpouse"/>
 <feat xlink:href="#rel_49" value="meta_Speaker2_name"/>
 <feat xlink:href="#rel_50" value="meta_Speaker2_fullName"/>
 <feat xlink:href="#rel_51" value="meta_Speaker2_anonymized"/>
 <feat xlink:href="#rel_52" value="meta_Speaker2_ethnicGroup"/>
 <feat xlink:href="#rel_53" value="meta_Speaker2_dateOfBirth"/>
 <feat xlink:href="#rel_54" value="meta_Speaker2_age"/>
 <feat xlink:href="#rel_55" value="meta_Speaker2_sex"/>
 <feat xlink:href="#rel_56" value="meta_Speaker2_education"/>
 <feat xlink:href="#rel_57" value="meta_Speaker2_occupation"/>
 <feat xlink:href="#rel_58" value="meta_Speaker2_address"/>
 <feat xlink:href="#rel_59" value="meta_Speaker2_bornRaisedIn"/>
 <feat xlink:href="#rel_60" value="meta_Speaker2_alsoLivedIn"/>
 <feat xlink:href="#rel_61" value="meta_Speaker2_motherTongue"/>
 <feat xlink:href="#rel_62" value="meta_Speaker2_primaryLanguage"/>
 <feat xlink:href="#rel_63" value="meta_Speaker2_otherLanguagesSpoken"/>
 <feat xlink:href="#rel_64" value="meta_Speaker2_languageOfMother"/>
 <feat xlink:href="#rel_65" value="meta_Speaker2_languageOfFather"/>
 <feat xlink:href="#rel_66" value="meta_Speaker2_languageOfSpouse"/>
 <feat xlink:href="#rel_67" value="annoFeat"/>
 <feat xlink:href="#rel_68" value="wfocusSeg"/>
 <feat xlink:href="#rel_69" value="wfocus"/>
 <feat xlink:href="#rel_70" value="cs3Seg"/>
 <feat xlink:href="#rel_71" value="cs3"/>
 <feat xlink:href="#rel_72" value="cs2Seg"/>
 <feat xlink:href="#rel_73" value="cs2"/>
 <feat xlink:href="#rel_74" value="cfocusSeg"/>
 <feat xlink:href="#rel_75" value="cfocus"/>
 <feat xlink:href="#rel_76" value="backgroundSeg"/>
 <feat xlink:href="#rel_77" value="background"/>
 <feat xlink:href="#rel_78" value="posSeg"/>
 <feat xlink:href="#rel_79" value="pos"/>
 <feat xlink:href="#rel_80" value="phonesSeg"/>
 <feat xlink:href="#rel_81" value="phones"/>
 <feat xlink:href="#rel_82" value="phontonesSeg"/>
 <feat xlink:href="#rel_83" value="phontones"/>
 <feat xlink:href="#rel_84" value="lex-tonesSeg"/>
 <feat xlink:href="#rel_85" value="lex-tones"/>
 <feat xlink:href="#rel_86" value="accentSeg"/>
 <feat xlink:href="#rel_87" value="accent"/>
 <feat xlink:href="#rel_88" value="rolesSeg"/>
 <feat xlink:href="#rel_89" value="roles"/>
 <feat xlink:href="#rel_90" value="audioFileSeg"/>
 <feat xlink:href="#rel_91" value="audioFile"/>
 <feat xlink:href="#rel_92" value="transSeg"/>
 <feat xlink:href="#rel_93" value="trans"/>
 <feat xlink:href="#rel_94" value="topicSeg"/>
 <feat xlink:href="#rel_95" value="topic"/>
 <feat xlink:href="#rel_96" value="infostatSeg"/>
 <feat xlink:href="#rel_97" value="infostat"/>
 <feat xlink:href="#rel_98" value="glossSeg"/>
 <feat xlink:href="#rel_99" value="gloss"/>
 <feat xlink:href="#rel_100" value="surfaceSeg"/>
 <feat xlink:href="#rel_101" value="surface"/>
 <feat xlink:href="#rel_102" value="tok"/>
 <feat xlink:href="#rel_103" value="cs1Seg"/>
 <feat xlink:href="#rel_104" value="cs1"/>
 <feat xlink:href="#rel_105" value="infoSeg"/>
 <feat xlink:href="#rel_106" value="info"/>
 <feat xlink:href="#rel_107" value="stressSeg"/>
 <feat xlink:href="#rel_108" value="stress"/>
 <feat xlink:href="#rel_109" value="phpSeg"/>
 <feat xlink:href="#rel_110" value="php"/>
 <feat xlink:href="#rel_111" value="qupSeg"/>
 <feat xlink:href="#rel_112" value="qup"/>
 <feat xlink:href="#rel_113" value="functionSeg"/>
 <feat xlink:href="#rel_114" value="function"/>
 <feat xlink:href="#rel_115" value="ipSeg"/>
 <feat xlink:href="#rel_116" value="ip"/>
 <feat xlink:href="#rel_117" value="morphSeg"/>
 <feat xlink:href="#rel_118" value="morph"/>
 <feat xlink:href="#rel_119" value="text"/>
 <feat xlink:href="#rel_120" value="int-tonesSeg"/>
 <feat xlink:href="#rel_121" value="int-tones"/>
 <feat xlink:href="#rel_122" value="nfocusSeg"/>
 <feat xlink:href="#rel_123" value="nfocus"/>
</featList>
</paula>
