<?xml version="1.0" encoding="UTF-8" standalone="no"?>


<!DOCTYPE paula SYSTEM "paula_feat.dtd">
<paula version="1.0">

<header paula_id="exmaralda.82DEU-I11FCT-00X9100_function"/>

<featList xmlns:xlink="http://www.w3.org/1999/xlink" type="function" xml:base="exmaralda.82DEU-I11FCT-00X9100.functionSeg.xml">

<feat xlink:href="#functionSeg_1" value="SUBJ"/><!-- Mary -->
<feat xlink:href="#functionSeg_2" value="DO"/><!-- die...Bohnen -->
<feat xlink:href="#functionSeg_3" value="SUBJ"/><!-- Mary -->
<feat xlink:href="#functionSeg_4" value="SUBJ"/><!-- John -->
<feat xlink:href="#functionSeg_5" value="SUBJ"/><!-- Mary -->
<feat xlink:href="#functionSeg_6" value="DO"/><!-- die...Bohnen -->
<feat xlink:href="#functionSeg_7" value="SUBJ"/><!-- John -->
</featList>

</paula>
