<?xml version="1.0" encoding="UTF-8" standalone="no"?>


<!DOCTYPE paula SYSTEM "paula_feat.dtd">
<paula version="1.0">

<header paula_id="exmaralda.82DEU-I11FCT-00X9100_stress"/>

<featList xmlns:xlink="http://www.w3.org/1999/xlink" type="stress" xml:base="exmaralda.82DEU-I11FCT-00X9100.stressSeg.xml">

<feat xlink:href="#stressSeg_1" value="1#0"/><!-- Bohnen -->
<feat xlink:href="#stressSeg_2" value="0#1#0"/><!-- gegessen -->
<feat xlink:href="#stressSeg_3" value="1#0"/><!-- sondern -->
<feat xlink:href="#stressSeg_4" value="1"/><!-- John -->
<feat xlink:href="#stressSeg_5" value="1#0"/><!-- Bohnen -->
<feat xlink:href="#stressSeg_6" value="0#1#0"/><!-- gegessen -->
<feat xlink:href="#stressSeg_7" value="1#0"/><!-- sondern -->
<feat xlink:href="#stressSeg_8" value="1"/><!-- John -->
</featList>

</paula>
