<?xml version="1.0" encoding="UTF-8" standalone="no"?>


<!DOCTYPE paula SYSTEM "paula_mark.dtd">
<paula version="1.0">

<header paula_id="exmaralda.82DEU-I11FCT-00X9100_phonesSeg"/>

<markList xmlns:xlink="http://www.w3.org/1999/xlink" type="phonesSeg" xml:base="exmaralda.82DEU-I11FCT-00X9100.tok.xml">

<mark id="phonesSeg_1" xlink:href="#tok_1"/><!-- Mary -->
<mark id="phonesSeg_2" xlink:href="#tok_3"/><!-- hat -->
<mark id="phonesSeg_3" xlink:href="#tok_4"/><!-- die -->
<mark id="phonesSeg_4" xlink:href="#tok_5"/><!-- Bohnen -->
<mark id="phonesSeg_5" xlink:href="#tok_6"/><!-- gegessen -->
<mark id="phonesSeg_6" xlink:href="#tok_8"/><!-- Nicht -->
<mark id="phonesSeg_7" xlink:href="#tok_9"/><!-- Mary -->
<mark id="phonesSeg_8" xlink:href="#tok_11"/><!-- sondern -->
<mark id="phonesSeg_9" xlink:href="#tok_12"/><!-- John -->
<mark id="phonesSeg_10" xlink:href="#tok_14"/><!-- Nicht -->
<mark id="phonesSeg_11" xlink:href="#tok_15"/><!-- Mary -->
<mark id="phonesSeg_12" xlink:href="#tok_16"/><!-- hat -->
<mark id="phonesSeg_13" xlink:href="#tok_17"/><!-- die -->
<mark id="phonesSeg_14" xlink:href="#tok_18"/><!-- Bohnen -->
<mark id="phonesSeg_15" xlink:href="#tok_19"/><!-- gegessen -->
<mark id="phonesSeg_16" xlink:href="#tok_21"/><!-- sondern -->
<mark id="phonesSeg_17" xlink:href="#tok_22"/><!-- John -->
</markList>

</paula>
