<?xml version="1.0" encoding="UTF-8" standalone="no"?>


<!DOCTYPE paula SYSTEM "paula_feat.dtd">
<paula version="1.0">

<header paula_id="exmaralda.82DEU-I11FCT-00X9100_gloss"/>

<featList xmlns:xlink="http://www.w3.org/1999/xlink" type="gloss" xml:base="exmaralda.82DEU-I11FCT-00X9100.glossSeg.xml">

<feat xlink:href="#glossSeg_1" value="Mary.F.SG[NOM]"/><!-- Mary -->
<feat xlink:href="#glossSeg_2" value="have:3.SG"/><!-- hat -->
<feat xlink:href="#glossSeg_3" value="DEF:PL.ACC"/><!-- die -->
<feat xlink:href="#glossSeg_4" value="bean.F-PL.ACC"/><!-- Bohnen -->
<feat xlink:href="#glossSeg_5" value="PTCP.PRF_1-0-eat-_1"/><!-- gegessen -->
<feat xlink:href="#glossSeg_6" value="NEG"/><!-- Nicht -->
<feat xlink:href="#glossSeg_7" value="Mary.F.SG[NOM]"/><!-- Mary -->
<feat xlink:href="#glossSeg_8" value="but"/><!-- sondern -->
<feat xlink:href="#glossSeg_9" value="John.M.SG[NOM]"/><!-- John -->
<feat xlink:href="#glossSeg_10" value="NEG"/><!-- Nicht -->
<feat xlink:href="#glossSeg_11" value="Mary.F.SG[NOM]"/><!-- Mary -->
<feat xlink:href="#glossSeg_12" value="have:3.SG"/><!-- hat -->
<feat xlink:href="#glossSeg_13" value="DEF:PL.ACC"/><!-- die -->
<feat xlink:href="#glossSeg_14" value="bean.F-PL.ACC"/><!-- Bohnen -->
<feat xlink:href="#glossSeg_15" value="PTCP.PRF_1-0-eat-_1"/><!-- gegessen -->
<feat xlink:href="#glossSeg_16" value="but"/><!-- sondern -->
<feat xlink:href="#glossSeg_17" value="John.M.SG[NOM]"/><!-- John -->
</featList>

</paula>
