<?xml version="1.0" encoding="UTF-8" standalone="no"?>


<!DOCTYPE paula SYSTEM "paula_feat.dtd">
<paula version="1.0">

<header paula_id="exmaralda.82DEU-I11FCT-00X9100_morph"/>

<featList xmlns:xlink="http://www.w3.org/1999/xlink" type="morph" xml:base="exmaralda.82DEU-I11FCT-00X9100.morphSeg.xml">

<feat xlink:href="#morphSeg_1" value="Mary"/><!-- Mary -->
<feat xlink:href="#morphSeg_2" value="hat"/><!-- hat -->
<feat xlink:href="#morphSeg_3" value="die"/><!-- die -->
<feat xlink:href="#morphSeg_4" value="Bohn-en"/><!-- Bohnen -->
<feat xlink:href="#morphSeg_5" value="ge-g-ess-en"/><!-- gegessen -->
<feat xlink:href="#morphSeg_6" value="Nicht"/><!-- Nicht -->
<feat xlink:href="#morphSeg_7" value="Mary"/><!-- Mary -->
<feat xlink:href="#morphSeg_8" value="sondern"/><!-- sondern -->
<feat xlink:href="#morphSeg_9" value="John"/><!-- John -->
<feat xlink:href="#morphSeg_10" value="Nicht"/><!-- Nicht -->
<feat xlink:href="#morphSeg_11" value="Mary"/><!-- Mary -->
<feat xlink:href="#morphSeg_12" value="hat"/><!-- hat -->
<feat xlink:href="#morphSeg_13" value="die"/><!-- die -->
<feat xlink:href="#morphSeg_14" value="Bohn-en"/><!-- Bohnen -->
<feat xlink:href="#morphSeg_15" value="ge-g-ess-en"/><!-- gegessen -->
<feat xlink:href="#morphSeg_16" value="sondern"/><!-- sondern -->
<feat xlink:href="#morphSeg_17" value="John"/><!-- John -->
</featList>

</paula>
