<?xml version="1.0" encoding="UTF-8" standalone="no"?>


<!DOCTYPE paula SYSTEM "paula_mark.dtd">
<paula version="1.0">

<header paula_id="exmaralda.82DEU-I11FCT-00X9100_int-tonesSeg"/>

<markList xmlns:xlink="http://www.w3.org/1999/xlink" type="int-tonesSeg" xml:base="exmaralda.82DEU-I11FCT-00X9100.tok.xml">

<mark id="int-tonesSeg_1" xlink:href="#tok_2"/><!--  -->
<mark id="int-tonesSeg_2" xlink:href="#tok_7"/><!-- . -->
<mark id="int-tonesSeg_3" xlink:href="#tok_10"/><!-- , -->
<mark id="int-tonesSeg_4" xlink:href="#tok_12"/><!-- John -->
<mark id="int-tonesSeg_5" xlink:href="#tok_13"/><!-- . -->
<mark id="int-tonesSeg_6" xlink:href="#tok_20"/><!-- , -->
<mark id="int-tonesSeg_7" xlink:href="#tok_22"/><!-- John -->
<mark id="int-tonesSeg_8" xlink:href="#tok_23"/><!-- . -->
</markList>

</paula>
