<?xml version="1.0" encoding="UTF-8" standalone="no"?>
<!DOCTYPE paula SYSTEM "paula_feat.dtd">
<paula version="1.0">


<header paula_id="exmaralda.82DEU-I11FCT-00X9100.Instructor_otherLanguagesSpoken"/>

<featList xmlns:xlink="http://www.w3.org/1999/xlink" type="Instructor_otherLanguagesSpoken" xml:base="exmaralda.82DEU-I11FCT-00X9100.anno.xml">

<feat xlink:href="#anno_1" value="English"/>
<feat xlink:href="#anno_2" value="English"/>
<feat xlink:href="#anno_3" value="English"/>
<feat xlink:href="#anno_4" value="English"/>
<feat xlink:href="#anno_5" value="English"/>
<feat xlink:href="#anno_6" value="English"/>
<feat xlink:href="#anno_7" value="English"/>
<feat xlink:href="#anno_8" value="English"/>
<feat xlink:href="#anno_9" value="English"/>
<feat xlink:href="#anno_10" value="English"/>
<feat xlink:href="#anno_11" value="English"/>
<feat xlink:href="#anno_12" value="English"/>
<feat xlink:href="#anno_13" value="English"/>
<feat xlink:href="#anno_14" value="English"/>
<feat xlink:href="#anno_15" value="English"/>
<feat xlink:href="#anno_16" value="English"/>
<feat xlink:href="#anno_17" value="English"/>
<feat xlink:href="#anno_18" value="English"/>
<feat xlink:href="#anno_19" value="English"/>
<feat xlink:href="#anno_20" value="English"/>
<feat xlink:href="#anno_21" value="English"/>
<feat xlink:href="#anno_22" value="English"/>
<feat xlink:href="#anno_23" value="English"/>
<feat xlink:href="#anno_24" value="English"/>
<feat xlink:href="#anno_25" value="English"/>
<feat xlink:href="#anno_26" value="English"/>
<feat xlink:href="#anno_27" value="English"/>
<feat xlink:href="#anno_28" value="English"/>
<feat xlink:href="#anno_29" value="English"/>
<feat xlink:href="#anno_30" value="English"/>
<feat xlink:href="#anno_31" value="English"/>

</featList>
</paula>
