<?xml version="1.0" encoding="UTF-8" standalone="no"?>


<!DOCTYPE paula SYSTEM "paula_mark.dtd">
<paula version="1.0">

<header paula_id="exmaralda.82DEU-I11FCT-00X9100_glossSeg"/>

<markList xmlns:xlink="http://www.w3.org/1999/xlink" type="glossSeg" xml:base="exmaralda.82DEU-I11FCT-00X9100.tok.xml">

<mark id="glossSeg_1" xlink:href="#tok_1"/><!-- Mary -->
<mark id="glossSeg_2" xlink:href="#tok_3"/><!-- hat -->
<mark id="glossSeg_3" xlink:href="#tok_4"/><!-- die -->
<mark id="glossSeg_4" xlink:href="#tok_5"/><!-- Bohnen -->
<mark id="glossSeg_5" xlink:href="#tok_6"/><!-- gegessen -->
<mark id="glossSeg_6" xlink:href="#tok_8"/><!-- Nicht -->
<mark id="glossSeg_7" xlink:href="#tok_9"/><!-- Mary -->
<mark id="glossSeg_8" xlink:href="#tok_11"/><!-- sondern -->
<mark id="glossSeg_9" xlink:href="#tok_12"/><!-- John -->
<mark id="glossSeg_10" xlink:href="#tok_14"/><!-- Nicht -->
<mark id="glossSeg_11" xlink:href="#tok_15"/><!-- Mary -->
<mark id="glossSeg_12" xlink:href="#tok_16"/><!-- hat -->
<mark id="glossSeg_13" xlink:href="#tok_17"/><!-- die -->
<mark id="glossSeg_14" xlink:href="#tok_18"/><!-- Bohnen -->
<mark id="glossSeg_15" xlink:href="#tok_19"/><!-- gegessen -->
<mark id="glossSeg_16" xlink:href="#tok_21"/><!-- sondern -->
<mark id="glossSeg_17" xlink:href="#tok_22"/><!-- John -->
</markList>

</paula>
