<?xml version="1.0" encoding="UTF-8" standalone="no"?>


<!DOCTYPE paula SYSTEM "paula_feat.dtd">
<paula version="1.0">

<header paula_id="exmaralda.82DEU-I11FCT-00X9100_roles"/>

<featList xmlns:xlink="http://www.w3.org/1999/xlink" type="roles" xml:base="exmaralda.82DEU-I11FCT-00X9100.rolesSeg.xml">

<feat xlink:href="#rolesSeg_1" value="AG"/><!-- Mary -->
<feat xlink:href="#rolesSeg_2" value="THEME"/><!-- die...Bohnen -->
<feat xlink:href="#rolesSeg_3" value="AG"/><!-- Mary -->
<feat xlink:href="#rolesSeg_4" value="AG"/><!-- John -->
<feat xlink:href="#rolesSeg_5" value="AG"/><!-- Mary -->
<feat xlink:href="#rolesSeg_6" value="THEME"/><!-- die...Bohnen -->
<feat xlink:href="#rolesSeg_7" value="AG"/><!-- John -->
</featList>

</paula>
