<?xml version="1.0" encoding="UTF-8" standalone="no"?>


<!DOCTYPE paula SYSTEM "paula_mark.dtd">
<paula version="1.0">

<header paula_id="exmaralda.82DEU-I11FCT-00X9100_cs1Seg"/>

<markList xmlns:xlink="http://www.w3.org/1999/xlink" type="cs1Seg" xml:base="exmaralda.82DEU-I11FCT-00X9100.tok.xml">

<mark id="cs1Seg_1" xlink:href="#tok_1"/><!-- Mary -->
<mark id="cs1Seg_2" xlink:href="#xpointer(id('tok_4')/range-to(id('tok_5')))"/><!-- die...Bohnen -->
<mark id="cs1Seg_3" xlink:href="#tok_6"/><!-- gegessen -->
<mark id="cs1Seg_4" xlink:href="#tok_9"/><!-- Mary -->
<mark id="cs1Seg_5" xlink:href="#tok_12"/><!-- John -->
<mark id="cs1Seg_6" xlink:href="#tok_15"/><!-- Mary -->
<mark id="cs1Seg_7" xlink:href="#xpointer(id('tok_17')/range-to(id('tok_18')))"/><!-- die...Bohnen -->
<mark id="cs1Seg_8" xlink:href="#tok_19"/><!-- gegessen -->
<mark id="cs1Seg_9" xlink:href="#tok_22"/><!-- John -->
</markList>

</paula>
