<?xml version="1.0" encoding="UTF-8" standalone="no"?>


<!DOCTYPE sfb632_standard SYSTEM "sfb632_feat.dtd">
<sfb632_standard version="1.0">

<header sfb_id="exmaralda.maz-6488_Topic" type="Topic"/>

<featList xmlns:xlink="http://www.w3.org/1999/xlink" type="Topic" xml:base="tiger.ID_maz-6488.tok.xml">

<feat xlink:href="#xpointer(id('tok_5')/range-to(id('tok_6')))" value="fs"/><!-- Als...1999 -->
<feat xlink:href="#xpointer(id('tok_7')/range-to(id('tok_17')))" value="ab"/><!-- die...SeebrÃ¼cke -->
<feat xlink:href="#xpointer(id('tok_50')/range-to(id('tok_51')))" value="ab"/><!-- SanitÃ¤re...Anlagen -->
<feat xlink:href="#tok_65" value="ab"/><!-- Radewege -->
<feat xlink:href="#xpointer(id('tok_83')/range-to(id('tok_84')))" value="ab"/><!-- die...Anlage -->
<feat xlink:href="#xpointer(id('tok_118')/range-to(id('tok_124')))" value="ab"/><!-- Ein...TreffmÃ¶glichkeiten -->
<feat xlink:href="#tok_141" value="ab"/><!-- diese -->
<feat xlink:href="#tok_153" value="ab"/><!-- Radewege -->
<feat xlink:href="#xpointer(id('tok_175')/range-to(id('tok_176')))" value="ab"/><!-- der...SanitÃ¤rtrakt -->
<feat xlink:href="#tok_184" value="ab"/><!-- Radewege -->
<feat xlink:href="#xpointer(id('tok_201')/range-to(id('tok_202')))" value="ab"/><!-- das...Dorf -->
</featList>

</sfb632_standard>
