<?xml version="1.0" encoding="UTF-8" standalone="no"?>


<!DOCTYPE sfb632_standard SYSTEM "sfb632_feat.dtd">
<sfb632_standard version="1.0">

<header sfb_id="exmaralda.maz-6488_NP" type="NP"/>

<featList xmlns:xlink="http://www.w3.org/1999/xlink" type="NP" xml:base="tiger.ID_maz-6488.tok.xml">

<feat xlink:href="#tok_6" value="NP"/><!-- 1999 -->
<feat xlink:href="#xpointer(id('tok_7')/range-to(id('tok_15')))" value="NP"/><!-- die...Ablage -->
<feat xlink:href="#tok_17" value="NP"/><!-- SeebrÃ¼cke -->
<feat xlink:href="#xpointer(id('tok_19')/range-to(id('tok_20')))" value="NP"/><!-- viel...Pomp -->
<feat xlink:href="#xpointer(id('tok_33')/range-to(id('tok_34')))" value="NP"/><!-- die...Infrastruktur -->
<feat xlink:href="#xpointer(id('tok_36')/range-to(id('tok_37')))" value="NP"/><!-- den...Wassertourismus -->
<feat xlink:href="#xpointer(id('tok_46')/range-to(id('tok_47')))" value="NP"/><!-- nÃ¤chsten...Steg -->
<feat xlink:href="#xpointer(id('tok_50')/range-to(id('tok_51')))" value="NP"/><!-- SanitÃ¤re...Anlagen -->
<feat xlink:href="#tok_55" value="NP"/><!-- Standard -->
<feat xlink:href="#xpointer(id('tok_56')/range-to(id('tok_57')))" value="NP"/><!-- groÃer...LiegeplÃ¤tze -->
<feat xlink:href="#xpointer(id('tok_61')/range-to(id('tok_62')))" value="NP"/><!-- der...NachrÃ¼stung -->
<feat xlink:href="#tok_65" value="NP"/><!-- Radewege -->
<feat xlink:href="#xpointer(id('tok_83')/range-to(id('tok_84')))" value="NP"/><!-- die...Anlage -->
<feat xlink:href="#xpointer(id('tok_87')/range-to(id('tok_88')))" value="NP"/><!-- die...MeinungsfÃ¼hrer -->
<feat xlink:href="#tok_90" value="NP"/><!-- Gemeinderat -->
<feat xlink:href="#tok_92" value="NP"/><!-- BeschlÃ¼sse -->
<feat xlink:href="#tok_101" value="NP"/><!-- Alternativen -->
<feat xlink:href="#xpointer(id('tok_106')/range-to(id('tok_107')))" value="NP"/><!-- brauchbare...VorschlÃ¤ge -->
<feat xlink:href="#xpointer(id('tok_109')/range-to(id('tok_110')))" value="NP"/><!-- den...Tisch -->
<feat xlink:href="#xpointer(id('tok_118')/range-to(id('tok_120')))" value="NP"/><!-- Ein...Objekt -->
<feat xlink:href="#xpointer(id('tok_122')/range-to(id('tok_124')))" value="NP"/><!-- Umkleide_...TreffmÃ¶glichkeiten -->
<feat xlink:href="#xpointer(id('tok_127')/range-to(id('tok_128')))" value="NP"/><!-- bessere...Variante -->
<feat xlink:href="#xpointer(id('tok_134')/range-to(id('tok_136')))" value="NP"/><!-- eine...Idee -->
<feat xlink:href="#tok_141" value="NP"/><!-- diese -->
<feat xlink:href="#xpointer(id('tok_147')/range-to(id('tok_149')))" value="NP"/><!-- einem...Blatt -->
<feat xlink:href="#tok_153" value="NP"/><!-- Radewege -->
<feat xlink:href="#xpointer(id('tok_155')/range-to(id('tok_159')))" value="NP"/><!-- dem...Haus -->
<feat xlink:href="#xpointer(id('tok_160')/range-to(id('tok_163')))" value="NP"/><!-- des...V. -->
<feat xlink:href="#xpointer(id('tok_164')/range-to(id('tok_165')))" value="NP"/><!-- ein...GebÃ¤ude -->
<feat xlink:href="#tok_167" value="NP"/><!-- das -->
<feat xlink:href="#xpointer(id('tok_168')/range-to(id('tok_169')))" value="NP"/><!-- vielen...FreizeitbedÃ¼rfnissen -->
<feat xlink:href="#xpointer(id('tok_175')/range-to(id('tok_176')))" value="NP"/><!-- der...SanitÃ¤rtrakt -->
<feat xlink:href="#xpointer(id('tok_180')/range-to(id('tok_181')))" value="NP"/><!-- nÃ¤chsten...Saison -->
<feat xlink:href="#tok_184" value="NP"/><!-- Radewege -->
<feat xlink:href="#xpointer(id('tok_186')/range-to(id('tok_187')))" value="NP"/><!-- den...Wettbewerb -->
<feat xlink:href="#tok_189" value="NP"/><!-- FreizeitkapitÃ¤ne -->
<feat xlink:href="#xpointer(id('tok_191')/range-to(id('tok_192')))" value="NP"/><!-- dem...Beetzsee -->
<feat xlink:href="#xpointer(id('tok_194')/range-to(id('tok_195')))" value="NP"/><!-- anderen...Anbietern -->
<feat xlink:href="#xpointer(id('tok_201')/range-to(id('tok_202')))" value="NP"/><!-- das...Dorf -->
<feat xlink:href="#xpointer(id('tok_203')/range-to(id('tok_204')))" value="NP"/><!-- jede...Einnahme -->
</featList>

</sfb632_standard>
