<?xml version="1.0" encoding="UTF-8" standalone="no"?>
<!DOCTYPE sfb632_standard SYSTEM "sfb632_feat.dtd">
<sfb632_standard version="1.0">


<header sfb_id="exmaralda.maz-6488.annoFeat" type="annoFeat"/>

<featList xmlns:xlink="http://www.w3.org/1999/xlink" type="annoFeat" xml:base="exmaralda.maz-6488.anno.xml">

<feat xlink:href="#anno_1" value="text"/>
<feat xlink:href="#anno_2" value="tok"/>
<feat xlink:href="#rel_3" value="Focus_newInf"/>
<feat xlink:href="#rel_4" value="Inf-Stat"/>
<feat xlink:href="#rel_5" value="NP"/>
<feat xlink:href="#rel_6" value="PP"/>
<feat xlink:href="#rel_7" value="Sent"/>
<feat xlink:href="#rel_8" value="Topic"/>

</featList>
</sfb632_standard>
