<?xml version="1.0" encoding="UTF-8" standalone="no"?>


<!DOCTYPE sfb632_standard SYSTEM "sfb632_feat.dtd">
<sfb632_standard version="1.0">

<header sfb_id="exmaralda.maz-6488_Inf-Stat" type="Inf-Stat"/>

<featList xmlns:xlink="http://www.w3.org/1999/xlink" type="Inf-Stat" xml:base="tiger.ID_maz-6488.tok.xml">

<feat xlink:href="#xpointer(id('tok_7')/range-to(id('tok_15')))" value="new"/><!-- die...Ablage -->
<feat xlink:href="#tok_17" value="acc-inf"/><!-- SeebrÃ¼cke -->
<feat xlink:href="#xpointer(id('tok_19')/range-to(id('tok_20')))" value="idiom"/><!-- viel...Pomp -->
<feat xlink:href="#xpointer(id('tok_33')/range-to(id('tok_34')))" value="new"/><!-- die...Infrastruktur -->
<feat xlink:href="#xpointer(id('tok_36')/range-to(id('tok_37')))" value="new"/><!-- den...Wassertourismus -->
<feat xlink:href="#xpointer(id('tok_46')/range-to(id('tok_47')))" value="idiom"/><!-- nÃ¤chsten...Steg -->
<feat xlink:href="#xpointer(id('tok_50')/range-to(id('tok_51')))" value="acc-inf"/><!-- SanitÃ¤re...Anlagen -->
<feat xlink:href="#xpointer(id('tok_56')/range-to(id('tok_57')))" value="acc-inf"/><!-- groÃer...LiegeplÃ¤tze -->
<feat xlink:href="#tok_65" value="giv-inactive"/><!-- Radewege -->
<feat xlink:href="#xpointer(id('tok_83')/range-to(id('tok_84')))" value="giv-inactive"/><!-- die...Anlage -->
<feat xlink:href="#xpointer(id('tok_87')/range-to(id('tok_88')))" value="new"/><!-- die...MeinungsfÃ¼hrer -->
<feat xlink:href="#tok_90" value="new"/><!-- Gemeinderat -->
<feat xlink:href="#tok_92" value="new"/><!-- BeschlÃ¼sse -->
<feat xlink:href="#tok_101" value="new"/><!-- Alternativen -->
<feat xlink:href="#xpointer(id('tok_106')/range-to(id('tok_107')))" value="new"/><!-- brauchbare...VorschlÃ¤ge -->
<feat xlink:href="#xpointer(id('tok_109')/range-to(id('tok_110')))" value="idiom"/><!-- den...Tisch -->
<feat xlink:href="#xpointer(id('tok_118')/range-to(id('tok_120')))" value="giv-inacitve"/><!-- Ein...Objekt -->
<feat xlink:href="#xpointer(id('tok_122')/range-to(id('tok_124')))" value="giv-inactive"/><!-- Umkleide_...TreffmÃ¶glichkeiten -->
<feat xlink:href="#xpointer(id('tok_127')/range-to(id('tok_128')))" value="acc-inf"/><!-- bessere...Variante -->
<feat xlink:href="#xpointer(id('tok_134')/range-to(id('tok_136')))" value="new"/><!-- eine...Idee -->
<feat xlink:href="#tok_141" value="giv-active"/><!-- diese -->
<feat xlink:href="#xpointer(id('tok_147')/range-to(id('tok_149')))" value="idiom"/><!-- einem...Blatt -->
<feat xlink:href="#tok_153" value="giv-inactive"/><!-- Radewege -->
<feat xlink:href="#xpointer(id('tok_155')/range-to(id('tok_159')))" value="new"/><!-- dem...Haus -->
<feat xlink:href="#xpointer(id('tok_160')/range-to(id('tok_163')))" value="acc-gen"/><!-- des...V. -->
<feat xlink:href="#xpointer(id('tok_164')/range-to(id('tok_165')))" value="giv-active"/><!-- ein...GebÃ¤ude -->
<feat xlink:href="#tok_167" value="giv-active"/><!-- das -->
<feat xlink:href="#xpointer(id('tok_168')/range-to(id('tok_169')))" value="new"/><!-- vielen...FreizeitbedÃ¼rfnissen -->
<feat xlink:href="#xpointer(id('tok_175')/range-to(id('tok_176')))" value="giv-inactive"/><!-- der...SanitÃ¤rtrakt -->
<feat xlink:href="#xpointer(id('tok_180')/range-to(id('tok_181')))" value="acc-gen"/><!-- nÃ¤chsten...Saison -->
<feat xlink:href="#tok_184" value="giv-active"/><!-- Radewege -->
<feat xlink:href="#tok_189" value="giv-inactive"/><!-- FreizeitkapitÃ¤ne -->
<feat xlink:href="#xpointer(id('tok_191')/range-to(id('tok_192')))" value="acc-gen"/><!-- dem...Beetzsee -->
<feat xlink:href="#xpointer(id('tok_194')/range-to(id('tok_195')))" value="new"/><!-- anderen...Anbietern -->
<feat xlink:href="#xpointer(id('tok_201')/range-to(id('tok_202')))" value="giv-active"/><!-- das...Dorf -->
</featList>

</sfb632_standard>
