<?xml version="1.0" encoding="UTF-8" standalone="no"?>


<!DOCTYPE sfb632_standard SYSTEM "sfb632_feat.dtd">
<sfb632_standard version="1.0">

<header sfb_id="exmaralda.maz-6488_Sent" type="Sent"/>

<featList xmlns:xlink="http://www.w3.org/1999/xlink" type="Sent" xml:base="tiger.ID_maz-6488.tok.xml">

<feat xlink:href="#xpointer(id('tok_5')/range-to(id('tok_31')))" value="s"/><!-- Als.... -->
<feat xlink:href="#xpointer(id('tok_32')/range-to(id('tok_49')))" value="s"/><!-- Wer.... -->
<feat xlink:href="#xpointer(id('tok_50')/range-to(id('tok_58')))" value="s"/><!-- SanitÃ¤re.... -->
<feat xlink:href="#xpointer(id('tok_59')/range-to(id('tok_67')))" value="s"/><!-- Doch.... -->
<feat xlink:href="#xpointer(id('tok_68')/range-to(id('tok_76')))" value="s"/><!-- Was.... -->
<feat xlink:href="#xpointer(id('tok_77')/range-to(id('tok_91')))" value="s"/><!-- Zu.... -->
<feat xlink:href="#xpointer(id('tok_92')/range-to(id('tok_117')))" value="s"/><!-- BeschlÃ¼sse.... -->
<feat xlink:href="#xpointer(id('tok_118')/range-to(id('tok_138')))" value="s"/><!-- Ein.... -->
<feat xlink:href="#xpointer(id('tok_139')/range-to(id('tok_150')))" value="s"/><!-- Und.... -->
<feat xlink:href="#xpointer(id('tok_151')/range-to(id('tok_173')))" value="s"/><!-- AuÃerdem.... -->
<feat xlink:href="#xpointer(id('tok_174')/range-to(id('tok_198')))" value="s"/><!-- Kommt.... -->
<feat xlink:href="#xpointer(id('tok_199')/range-to(id('tok_205')))" value="s"/><!-- Dabei...nÃ¶tig -->
</featList>

</sfb632_standard>
