<?xml version="1.0" encoding="UTF-8" standalone="no"?>


<!DOCTYPE sfb632_standard SYSTEM "sfb632_feat.dtd">
<sfb632_standard version="1.0">

<header sfb_id="exmaralda.maz-6488_PP" type="PP"/>

<featList xmlns:xlink="http://www.w3.org/1999/xlink" type="PP" xml:base="tiger.ID_maz-6488.tok.xml">

<feat xlink:href="#xpointer(id('tok_8')/range-to(id('tok_11')))" value="PP"/><!-- im...Dorferneuerung -->
<feat xlink:href="#xpointer(id('tok_18')/range-to(id('tok_20')))" value="PP"/><!-- mit...Pomp -->
<feat xlink:href="#xpointer(id('tok_35')/range-to(id('tok_37')))" value="PP"/><!-- fÃ¼r...Wassertourismus -->
<feat xlink:href="#xpointer(id('tok_44')/range-to(id('tok_47')))" value="PP"/><!-- bis...Steg -->
<feat xlink:href="#xpointer(id('tok_54')/range-to(id('tok_57')))" value="PP"/><!-- zum...LiegeplÃ¤tze -->
<feat xlink:href="#xpointer(id('tok_60')/range-to(id('tok_62')))" value="PP"/><!-- mit...NachrÃ¼stung -->
<feat xlink:href="#xpointer(id('tok_89')/range-to(id('tok_90')))" value="PP"/><!-- im...Gemeinderat -->
<feat xlink:href="#xpointer(id('tok_100')/range-to(id('tok_101')))" value="PP"/><!-- von...Alternativen -->
<feat xlink:href="#xpointer(id('tok_108')/range-to(id('tok_110')))" value="PP"/><!-- auf...Tisch -->
<feat xlink:href="#xpointer(id('tok_121')/range-to(id('tok_124')))" value="PP"/><!-- mit...TreffmÃ¶glichkeiten -->
<feat xlink:href="#xpointer(id('tok_146')/range-to(id('tok_149')))" value="PP"/><!-- auf...Blatt -->
<feat xlink:href="#xpointer(id('tok_154')/range-to(id('tok_163')))" value="PP"/><!-- mit...V. -->
<feat xlink:href="#xpointer(id('tok_179')/range-to(id('tok_181')))" value="PP"/><!-- zur...Saison -->
<feat xlink:href="#xpointer(id('tok_190')/range-to(id('tok_192')))" value="PP"/><!-- auf...Beetzsee -->
<feat xlink:href="#xpointer(id('tok_193')/range-to(id('tok_195')))" value="PP"/><!-- mit...Anbietern -->
</featList>

</sfb632_standard>
