<?xml version="1.0" encoding="UTF-8" standalone="no"?>


<!DOCTYPE sfb632_standard SYSTEM "sfb632_feat.dtd">
<sfb632_standard version="1.0">

<header sfb_id="exmaralda.maz-6488_Focus_newInf" type="Focus_newInf"/>

<featList xmlns:xlink="http://www.w3.org/1999/xlink" type="Focus_newInf" xml:base="tiger.ID_maz-6488.tok.xml">

<feat xlink:href="#xpointer(id('tok_18')/range-to(id('tok_30')))" value="nf-unsol"/><!-- mit...was -->
<feat xlink:href="#xpointer(id('tok_52')/range-to(id('tok_57')))" value="nf-unsol"/><!-- gehÃ¶ren...LiegeplÃ¤tze -->
<feat xlink:href="#xpointer(id('tok_59')/range-to(id('tok_64')))" value="nf-unsol"/><!-- Doch...sich -->
<feat xlink:href="#tok_66" value="nf-unsol"/><!-- schwer -->
<feat xlink:href="#xpointer(id('tok_80')/range-to(id('tok_82')))" value="nf-unsol"/><!-- zu...sei -->
<feat xlink:href="#xpointer(id('tok_93')/range-to(id('tok_116')))" value="nf-unsol"/><!-- zu...billig -->
<feat xlink:href="#xpointer(id('tok_125')/range-to(id('tok_137')))" value="nf-unsol"/><!-- als...geblieben -->
<feat xlink:href="#xpointer(id('tok_151')/range-to(id('tok_152')))" value="nf-unsol"/><!-- AuÃerdem...hat -->
<feat xlink:href="#xpointer(id('tok_154')/range-to(id('tok_172')))" value="nf-unsol"/><!-- mit...kann -->
<feat xlink:href="#tok_174" value="nf-unsol"/><!-- Kommt -->
<feat xlink:href="#xpointer(id('tok_177')/range-to(id('tok_181')))" value="nf-unsol"/><!-- nicht...Saison -->
<feat xlink:href="#tok_183" value="nf-unsol"/><!-- droht -->
<feat xlink:href="#xpointer(id('tok_186')/range-to(id('tok_197')))" value="nf-unsol"/><!-- den...verlieren -->
</featList>

</sfb632_standard>
