<?xml version="1.0" standalone="no"?>


<!DOCTYPE sfb632_standard SYSTEM "sfb632_feat.dtd">
<sfb632_standard version="1.0">

<header sfb_id="tiger.ID_maz-6488_func" type="func"/>

<featList xmlns:xlink="http://www.w3.org/1999/xlink" type="func" xml:base="tiger.ID_maz-6488.const.xml">

<feat xlink:href="#rel_1" value="MO"/><!-- Da -->
<feat xlink:href="#rel_2" value="HD"/><!-- fehlt -->
<feat xlink:href="#rel_3" value="MO"/><!-- noch -->
<feat xlink:href="#rel_4" value="SB"/><!-- was -->
<feat xlink:href="#rel_5" value="NK"/><!-- der -->
<feat xlink:href="#rel_6" value="NK"/><!-- Dorferneuerung -->
<feat xlink:href="#rel_7" value="AC"/><!-- inklusive -->
<feat xlink:href="#rel_8" value="NK"/><!-- SeebrÃ¼cke -->
<feat xlink:href="#rel_9" value="AC"/><!-- mit -->
<feat xlink:href="#rel_10" value="NK"/><!-- viel -->
<feat xlink:href="#rel_11" value="NK"/><!-- Pomp -->
<feat xlink:href="#rel_12" value="AC"/><!-- im -->
<feat xlink:href="#rel_13" value="NK"/><!-- Rahmen -->
<feat xlink:href="#rel_14" value="AG"/>
<feat xlink:href="#rel_15" value="MO"/><!-- 1999 -->
<feat xlink:href="#rel_16" value="HD"/><!-- eingeweiht -->
<feat xlink:href="#rel_17" value="MO"/>
<feat xlink:href="#rel_18" value="MO"/>
<feat xlink:href="#rel_19" value="MO"/><!-- neu -->
<feat xlink:href="#rel_20" value="HD"/><!-- gestaltete -->
<feat xlink:href="#rel_21" value="MO"/>
<feat xlink:href="#rel_22" value="NK"/><!-- die -->
<feat xlink:href="#rel_23" value="NK"/><!-- Radeweger -->
<feat xlink:href="#rel_24" value="NK"/><!-- Ablage -->
<feat xlink:href="#rel_25" value="NK"/>
<feat xlink:href="#rel_26" value="CP"/><!-- Als -->
<feat xlink:href="#rel_27" value="HD"/><!-- wurde -->
<feat xlink:href="#rel_28" value="OC"/>
<feat xlink:href="#rel_29" value="SB"/>
<feat xlink:href="#rel_30" value="HD"/><!-- war -->
<feat xlink:href="#rel_31" value="PD"/><!-- klar -->
<feat xlink:href="#rel_32" value="MO"/>
<feat xlink:href="#rel_33" value="MO"/><!-- Da -->
<feat xlink:href="#rel_34" value="HD"/><!-- fehlt -->
<feat xlink:href="#rel_35" value="MO"/><!-- noch -->
<feat xlink:href="#rel_36" value="SB"/><!-- was -->
<feat xlink:href="#rel_37" value="NK"/><!-- die -->
<feat xlink:href="#rel_38" value="NK"/><!-- Infrastruktur -->
<feat xlink:href="#rel_39" value="AC"/><!-- fÃ¼r -->
<feat xlink:href="#rel_40" value="NK"/><!-- den -->
<feat xlink:href="#rel_41" value="NK"/><!-- Wassertourismus -->
<feat xlink:href="#rel_42" value="NG"/><!-- nicht -->
<feat xlink:href="#rel_43" value="HD"/><!-- nur -->
<feat xlink:href="#rel_44" value="HD"/><!-- vorantreiben -->
<feat xlink:href="#rel_45" value="OA"/>
<feat xlink:href="#rel_46" value="MO"/>
<feat xlink:href="#rel_47" value="AC"/><!-- bis -->
<feat xlink:href="#rel_48" value="AC"/><!-- zum -->
<feat xlink:href="#rel_49" value="NK"/><!-- nÃ¤chsten -->
<feat xlink:href="#rel_50" value="NK"/><!-- Steg -->
<feat xlink:href="#rel_51" value="MO"/>
<feat xlink:href="#rel_52" value="SB"/><!-- Wer -->
<feat xlink:href="#rel_53" value="HD"/><!-- will -->
<feat xlink:href="#rel_54" value="OC"/>
<feat xlink:href="#rel_55" value="HD"/><!-- denken -->
<feat xlink:href="#rel_56" value="MO"/>
<feat xlink:href="#rel_57" value="HD"/><!-- darf -->
<feat xlink:href="#rel_58" value="SB"/>
<feat xlink:href="#rel_59" value="OC"/>
<feat xlink:href="#rel_60" value="NK"/><!-- SanitÃ¤re -->
<feat xlink:href="#rel_61" value="NK"/><!-- Anlagen -->
<feat xlink:href="#rel_62" value="NK"/><!-- groÃer -->
<feat xlink:href="#rel_63" value="NK"/><!-- LiegeplÃ¤tze -->
<feat xlink:href="#rel_64" value="AC"/><!-- zum -->
<feat xlink:href="#rel_65" value="NK"/><!-- Standard -->
<feat xlink:href="#rel_66" value="AG"/>
<feat xlink:href="#rel_67" value="HD"/><!-- gehÃ¶ren -->
<feat xlink:href="#rel_68" value="MO"/><!-- heute -->
<feat xlink:href="#rel_69" value="SB"/>
<feat xlink:href="#rel_70" value="OP"/>
<feat xlink:href="#rel_71" value="AC"/><!-- mit -->
<feat xlink:href="#rel_72" value="NK"/><!-- der -->
<feat xlink:href="#rel_73" value="NK"/><!-- NachrÃ¼stung -->
<feat xlink:href="#rel_74" value="JU"/><!-- Doch -->
<feat xlink:href="#rel_75" value="HD"/><!-- tut -->
<feat xlink:href="#rel_76" value="OA"/><!-- sich -->
<feat xlink:href="#rel_77" value="SB"/><!-- Radewege -->
<feat xlink:href="#rel_78" value="MO"/><!-- schwer -->
<feat xlink:href="#rel_79" value="MO"/>
<feat xlink:href="#rel_80" value="MO"/><!-- einst -->
<feat xlink:href="#rel_81" value="HD"/><!-- beschlossen -->
<feat xlink:href="#rel_82" value="HD"/><!-- nicht -->
<feat xlink:href="#rel_83" value="MO"/><!-- mehr -->
<feat xlink:href="#rel_84" value="SB"/><!-- Was -->
<feat xlink:href="#rel_85" value="HD"/><!-- wurde -->
<feat xlink:href="#rel_86" value="OC"/>
<feat xlink:href="#rel_87" value="HD"/><!-- zÃ¤hlt -->
<feat xlink:href="#rel_88" value="NG"/>
<feat xlink:href="#rel_89" value="SB"/>
<feat xlink:href="#rel_90" value="MO"/><!-- Zu -->
<feat xlink:href="#rel_91" value="HD"/><!-- teuer -->
<feat xlink:href="#rel_92" value="MO"/><!-- zu -->
<feat xlink:href="#rel_93" value="HD"/><!-- hÃ¤sslich -->
<feat xlink:href="#rel_94" value="NK"/><!-- die -->
<feat xlink:href="#rel_95" value="NK"/><!-- Anlage -->
<feat xlink:href="#rel_96" value="AC"/><!-- im -->
<feat xlink:href="#rel_97" value="NK"/><!-- Gemeinderat -->
<feat xlink:href="#rel_98" value="CJ"/>
<feat xlink:href="#rel_99" value="CJ"/>
<feat xlink:href="#rel_100" value="NK"/><!-- die -->
<feat xlink:href="#rel_101" value="NK"/><!-- MeinungsfÃ¼hrer -->
<feat xlink:href="#rel_102" value="MNR"/>
<feat xlink:href="#rel_103" value="HD"/><!-- sei -->
<feat xlink:href="#rel_104" value="SB"/>
<feat xlink:href="#rel_105" value="PD"/>
<feat xlink:href="#rel_106" value="HD"/><!-- sagen -->
<feat xlink:href="#rel_107" value="SB"/>
<feat xlink:href="#rel_108" value="OC"/>
<feat xlink:href="#rel_109" value="PM"/><!-- zu -->
<feat xlink:href="#rel_110" value="HD"/><!-- Ã¼berdenken -->
<feat xlink:href="#rel_111" value="MO"/><!-- nur -->
<feat xlink:href="#rel_112" value="AC"/><!-- von -->
<feat xlink:href="#rel_113" value="NK"/><!-- Alternativen -->
<feat xlink:href="#rel_114" value="PM"/><!-- zu -->
<feat xlink:href="#rel_115" value="HD"/><!-- reden -->
<feat xlink:href="#rel_116" value="NK"/><!-- brauchbare -->
<feat xlink:href="#rel_117" value="NK"/><!-- VorschlÃ¤ge -->
<feat xlink:href="#rel_118" value="AC"/><!-- auf -->
<feat xlink:href="#rel_119" value="NK"/><!-- den -->
<feat xlink:href="#rel_120" value="NK"/><!-- Tisch -->
<feat xlink:href="#rel_121" value="PM"/><!-- zu -->
<feat xlink:href="#rel_122" value="HD"/><!-- legen -->
<feat xlink:href="#rel_123" value="MO"/><!-- zu -->
<feat xlink:href="#rel_124" value="HD"/><!-- billig -->
<feat xlink:href="#rel_125" value="OA"/><!-- BeschlÃ¼sse -->
<feat xlink:href="#rel_126" value="HD"/>
<feat xlink:href="#rel_127" value="CP"/><!-- ohne -->
<feat xlink:href="#rel_128" value="OA"/>
<feat xlink:href="#rel_129" value="MO"/>
<feat xlink:href="#rel_130" value="HD"/>
<feat xlink:href="#rel_131" value="HD"/><!-- ist -->
<feat xlink:href="#rel_132" value="PD"/><!-- legitim -->
<feat xlink:href="#rel_133" value="SB"/>
<feat xlink:href="#rel_134" value="OP"/>
<feat xlink:href="#rel_135" value="HD"/>
<feat xlink:href="#rel_136" value="MO"/>
<feat xlink:href="#rel_137" value="HD"/><!-- ist -->
<feat xlink:href="#rel_138" value="PD"/>
<feat xlink:href="#rel_139" value="SB"/>
<feat xlink:href="#rel_140" value="CD"/><!-- doch -->
<feat xlink:href="#rel_141" value="CJ"/>
<feat xlink:href="#rel_142" value="CJ"/>
<feat xlink:href="#rel_143" value="CJ"/><!-- Umkleide_ -->
<feat xlink:href="#rel_144" value="CD"/><!-- und -->
<feat xlink:href="#rel_145" value="CJ"/><!-- TreffmÃ¶glichkeiten -->
<feat xlink:href="#rel_146" value="MO"/><!-- angeblich -->
<feat xlink:href="#rel_147" value="HD"/><!-- bessere -->
<feat xlink:href="#rel_148" value="CM"/><!-- als -->
<feat xlink:href="#rel_149" value="NK"/><!-- eine -->
<feat xlink:href="#rel_150" value="NK"/><!-- fiktive -->
<feat xlink:href="#rel_151" value="NK"/><!-- Idee -->
<feat xlink:href="#rel_152" value="AC"/><!-- mit -->
<feat xlink:href="#rel_153" value="NK"/>
<feat xlink:href="#rel_154" value="AC"/><!-- als -->
<feat xlink:href="#rel_155" value="NK"/><!-- Variante -->
<feat xlink:href="#rel_156" value="NK"/>
<feat xlink:href="#rel_157" value="NK"/><!-- mehr -->
<feat xlink:href="#rel_158" value="CC"/>
<feat xlink:href="#rel_159" value="NK"/><!-- Ein -->
<feat xlink:href="#rel_160" value="NK"/><!-- multifunktionales -->
<feat xlink:href="#rel_161" value="NK"/><!-- Objekt -->
<feat xlink:href="#rel_162" value="MNR"/>
<feat xlink:href="#rel_163" value="MNR"/>
<feat xlink:href="#rel_164" value="MO"/><!-- bisher -->
<feat xlink:href="#rel_165" value="NG"/><!-- nicht -->
<feat xlink:href="#rel_166" value="HD"/><!-- geblieben -->
<feat xlink:href="#rel_167" value="PD"/>
<feat xlink:href="#rel_168" value="HD"/><!-- ist -->
<feat xlink:href="#rel_169" value="SB"/>
<feat xlink:href="#rel_170" value="OC"/>
<feat xlink:href="#rel_171" value="CP"/><!-- ob -->
<feat xlink:href="#rel_172" value="SB"/><!-- diese -->
<feat xlink:href="#rel_173" value="PD"/><!-- billiger -->
<feat xlink:href="#rel_174" value="HD"/><!-- wird -->
<feat xlink:href="#rel_175" value="AC"/><!-- auf -->
<feat xlink:href="#rel_176" value="NK"/><!-- einem -->
<feat xlink:href="#rel_177" value="NK"/><!-- anderen -->
<feat xlink:href="#rel_178" value="NK"/><!-- Blatt -->
<feat xlink:href="#rel_179" value="JU"/><!-- Und -->
<feat xlink:href="#rel_180" value="HD"/><!-- steht -->
<feat xlink:href="#rel_181" value="SB"/>
<feat xlink:href="#rel_182" value="MO"/>
<feat xlink:href="#rel_183" value="NG"/><!-- nicht -->
<feat xlink:href="#rel_184" value="HD"/><!-- weit -->
<feat xlink:href="#rel_185" value="NK"/><!-- e. -->
<feat xlink:href="#rel_186" value="NK"/><!-- V. -->
<feat xlink:href="#rel_187" value="NK"/><!-- vielen -->
<feat xlink:href="#rel_188" value="NK"/><!-- FreizeitbedÃ¼rfnissen -->
<feat xlink:href="#rel_189" value="HD"/><!-- entfernten -->
<feat xlink:href="#rel_190" value="MO"/>
<feat xlink:href="#rel_191" value="NK"/><!-- Beetzseetreffs -->
<feat xlink:href="#rel_192" value="NK"/>
<feat xlink:href="#rel_193" value="HD"/><!-- gerecht -->
<feat xlink:href="#rel_194" value="DA"/>
<feat xlink:href="#rel_195" value="PNC"/>
<feat xlink:href="#rel_196" value="HD"/><!-- werden -->
<feat xlink:href="#rel_197" value="PD"/>
<feat xlink:href="#rel_198" value="NK"/><!-- des -->
<feat xlink:href="#rel_199" value="NK"/>
<feat xlink:href="#rel_200" value="SB"/><!-- das -->
<feat xlink:href="#rel_201" value="HD"/><!-- kann -->
<feat xlink:href="#rel_202" value="OC"/>
<feat xlink:href="#rel_203" value="AC"/><!-- mit -->
<feat xlink:href="#rel_204" value="NK"/><!-- dem -->
<feat xlink:href="#rel_205" value="NK"/><!-- Haus -->
<feat xlink:href="#rel_206" value="NK"/>
<feat xlink:href="#rel_207" value="AG"/>
<feat xlink:href="#rel_208" value="NK"/><!-- ein -->
<feat xlink:href="#rel_209" value="NK"/><!-- GebÃ¤ude -->
<feat xlink:href="#rel_210" value="RC"/>
<feat xlink:href="#rel_211" value="MO"/><!-- AuÃerdem -->
<feat xlink:href="#rel_212" value="HD"/><!-- hat -->
<feat xlink:href="#rel_213" value="SB"/><!-- Radewege -->
<feat xlink:href="#rel_214" value="MO"/>
<feat xlink:href="#rel_215" value="OA"/>
<feat xlink:href="#rel_216" value="NK"/><!-- der -->
<feat xlink:href="#rel_217" value="NK"/><!-- SanitÃ¤rtrakt -->
<feat xlink:href="#rel_218" value="MO"/><!-- spÃ¤testens -->
<feat xlink:href="#rel_219" value="AC"/><!-- zur -->
<feat xlink:href="#rel_220" value="NK"/><!-- nÃ¤chsten -->
<feat xlink:href="#rel_221" value="NK"/><!-- Saison -->
<feat xlink:href="#rel_222" value="AC"/><!-- auf -->
<feat xlink:href="#rel_223" value="NK"/><!-- dem -->
<feat xlink:href="#rel_224" value="NK"/><!-- Beetzsee -->
<feat xlink:href="#rel_225" value="AC"/><!-- mit -->
<feat xlink:href="#rel_226" value="NK"/><!-- anderen -->
<feat xlink:href="#rel_227" value="NK"/><!-- Anbietern -->
<feat xlink:href="#rel_228" value="PM"/><!-- zu -->
<feat xlink:href="#rel_229" value="HD"/><!-- verlieren -->
<feat xlink:href="#rel_230" value="HD"/><!-- Kommt -->
<feat xlink:href="#rel_231" value="NG"/><!-- nicht -->
<feat xlink:href="#rel_232" value="SB"/>
<feat xlink:href="#rel_233" value="MO"/>
<feat xlink:href="#rel_234" value="AC"/><!-- um -->
<feat xlink:href="#rel_235" value="NK"/><!-- FreizeitkapitÃ¤ne -->
<feat xlink:href="#rel_236" value="MNR"/>
<feat xlink:href="#rel_237" value="NK"/><!-- den -->
<feat xlink:href="#rel_238" value="NK"/><!-- Wettbewerb -->
<feat xlink:href="#rel_239" value="MNR"/>
<feat xlink:href="#rel_240" value="MNR"/>
<feat xlink:href="#rel_241" value="HD"/>
<feat xlink:href="#rel_242" value="OA"/>
<feat xlink:href="#rel_243" value="HD"/><!-- droht -->
<feat xlink:href="#rel_244" value="SB"/><!-- Radewege -->
<feat xlink:href="#rel_245" value="MO"/>
<feat xlink:href="#rel_246" value="OC"/>
<feat xlink:href="#rel_247" value="NK"/><!-- das -->
<feat xlink:href="#rel_248" value="NK"/><!-- Dorf -->
<feat xlink:href="#rel_249" value="NK"/><!-- jede -->
<feat xlink:href="#rel_250" value="NK"/><!-- Einnahme -->
<feat xlink:href="#rel_251" value="MO"/><!-- Dabei -->
<feat xlink:href="#rel_252" value="HD"/><!-- hÃ¤tte -->
<feat xlink:href="#rel_253" value="MO"/><!-- nÃ¶tig -->
<feat xlink:href="#rel_254" value="SB"/>
<feat xlink:href="#rel_255" value="OA"/>
</featList>

</sfb632_standard>
