<?xml version="1.0" standalone="no"?>


<!DOCTYPE sfb632_standard SYSTEM "sfb632_feat.dtd">
<sfb632_standard version="1.0">

<header sfb_id="urml.maz-16153_rst_relation" type="rst_relation"/>

<featList xmlns:xlink="http://www.w3.org/1999/xlink" type="rst_relation" xml:base="urml.maz-16153.const.xml">

<feat xlink:href="#const_1" value="elaboration"/>
<feat xlink:href="#const_2" value="elaboration"/>
<feat xlink:href="#const_3" value="joint"/>
<feat xlink:href="#const_4" value="evaluation"/>
<feat xlink:href="#const_5" value="preparation"/>
<feat xlink:href="#const_6" value="elaboration"/>
<feat xlink:href="#const_7" value="concession"/>
<feat xlink:href="#const_8" value="justify"/>
<feat xlink:href="#const_9" value="joint"/>
<feat xlink:href="#const_10" value="list"/>
</featList>

</sfb632_standard>
