<?xml version="1.0" standalone="no"?>
<!DOCTYPE sfb632_standard SYSTEM "sfb632_mark.dtd">


<sfb632_standard version="1.0">
<header sfb_id="urml.maz-16153_seg" type="seg"/>

<markList xmlns:xlink="http://www.w3.org/1999/xlink" type="seg" xml:base="urml.maz-16153.tok.xml">

<mark id="seg_1" xlink:href="#xpointer(id('tok_1')/range-to(id('tok_2')))"/><!-- Alles [..] offen -->
<mark id="seg_2" xlink:href="#xpointer(id('tok_3')/range-to(id('tok_25')))"/><!-- In [..] . -->
<mark id="seg_3" xlink:href="#xpointer(id('tok_26')/range-to(id('tok_39')))"/><!-- Olympia [..] . -->
<mark id="seg_4" xlink:href="#xpointer(id('tok_40')/range-to(id('tok_54')))"/><!-- Die [..] . -->
<mark id="seg_5" xlink:href="#xpointer(id('tok_55')/range-to(id('tok_60')))"/><!-- Weit [..] . -->
<mark id="seg_6" xlink:href="#xpointer(id('tok_61')/range-to(id('tok_73')))"/><!-- Nach [..] , -->
<mark id="seg_7" xlink:href="#xpointer(id('tok_74')/range-to(id('tok_79')))"/><!-- die [..] . -->
<mark id="seg_8" xlink:href="#xpointer(id('tok_80')/range-to(id('tok_88')))"/><!-- Doch [..] : -->
<mark id="seg_9" xlink:href="#xpointer(id('tok_89')/range-to(id('tok_109')))"/><!-- Die [..] . -->
<mark id="seg_10" xlink:href="#xpointer(id('tok_110')/range-to(id('tok_133')))"/><!-- Zwar [..] . -->
<mark id="seg_11" xlink:href="#xpointer(id('tok_134')/range-to(id('tok_146')))"/><!-- Wie [..] , -->
<mark id="seg_12" xlink:href="#xpointer(id('tok_147')/range-to(id('tok_151')))"/><!-- steht [..] . -->
</markList>
</sfb632_standard>
