<?xml version="1.0" standalone="no"?>


<!DOCTYPE sfb632_standard SYSTEM "sfb632_feat.dtd">
<sfb632_standard version="1.0">

<header sfb_id="urml.maz-16153_func" type="func"/>

<featList xmlns:xlink="http://www.w3.org/1999/xlink" type="func" xml:base="urml.maz-16153.const.xml">

<feat xlink:href="#rel_1" value="nucleus"/><!--lles of...-->
<feat xlink:href="#rel_2" value="satellite"/>
<feat xlink:href="#rel_3" value="nucleus"/><!--n Berli...-->
<feat xlink:href="#rel_4" value="satellite"/><!--lympia ...-->
<feat xlink:href="#rel_5" value="nucleus"/><!--ie es w...-->
<feat xlink:href="#rel_6" value="nucleus"/><!--teht in...-->
<feat xlink:href="#rel_7" value="nucleus"/>
<feat xlink:href="#rel_8" value="satellite"/>
<feat xlink:href="#rel_9" value="nucleus"/>
<feat xlink:href="#rel_10" value="satellite"/>
<feat xlink:href="#rel_11" value="nucleus"/><!--och bei...-->
<feat xlink:href="#rel_12" value="satellite"/>
<feat xlink:href="#rel_13" value="nucleus"/>
<feat xlink:href="#rel_14" value="satellite"/>
<feat xlink:href="#rel_15" value="nucleus"/><!--eit ver...-->
<feat xlink:href="#rel_16" value="satellite"/><!--ie Absa...-->
<feat xlink:href="#rel_17" value="nucleus"/><!--ach auÃ...-->
<feat xlink:href="#rel_18" value="nucleus"/><!--ie PDS ...-->
<feat xlink:href="#rel_19" value="nucleus"/><!--ie Verh...-->
<feat xlink:href="#rel_20" value="nucleus"/><!--war wir...-->
</featList>

</sfb632_standard>
