<?xml version="1.0" standalone="no"?>


<!DOCTYPE sfb632_standard SYSTEM "sfb632_feat.dtd">
<sfb632_standard version="1.0">

<header sfb_id="urml.maz-16153_pos" type="pos"/>

<featList xmlns:xlink="http://www.w3.org/1999/xlink" type="pos" xml:base="urml.maz-16153.tok.xml">

<feat xlink:href="#tok_1" value="PIS"/><!-- Alles -->
<feat xlink:href="#tok_2" value="ADJD"/><!-- offen -->
<feat xlink:href="#tok_3" value="APPR"/><!-- In -->
<feat xlink:href="#tok_4" value="NE"/><!-- Berlin -->
<feat xlink:href="#tok_5" value="VAFIN"/><!-- haben -->
<feat xlink:href="#tok_6" value="ART"/><!-- die -->
<feat xlink:href="#tok_7" value="ADJA"/><!-- rot_roten -->
<feat xlink:href="#tok_8" value="NN"/><!-- Verhandlungspartner -->
<feat xlink:href="#tok_9" value="ART"/><!-- eine -->
<feat xlink:href="#tok_10" value="ADJA"/><!-- wichtige -->
<feat xlink:href="#tok_11" value="NN"/><!-- Regel -->
<feat xlink:href="#tok_12" value="APPR"/><!-- von -->
<feat xlink:href="#tok_13" value="NN"/><!-- Koalitionsrunden -->
<feat xlink:href="#tok_14" value="VVPP"/><!-- befolgt -->
<feat xlink:href="#tok_15" value="$,"/><!-- , -->
<feat xlink:href="#tok_16" value="ADV"/><!-- nÃ¤mlich -->
<feat xlink:href="#tok_17" value="ART"/><!-- die -->
<feat xlink:href="#tok_18" value="$("/><!-- " -->
<feat xlink:href="#tok_19" value="ADJA"/><!-- heiÃen -->
<feat xlink:href="#tok_20" value="NN"/><!-- Eisen -->
<feat xlink:href="#tok_21" value="$("/><!-- " -->
<feat xlink:href="#tok_22" value="ADV"/><!-- mÃ¶glichst -->
<feat xlink:href="#tok_23" value="ADV"/><!-- gleich -->
<feat xlink:href="#tok_24" value="VVIZU"/><!-- anzupacken -->
<feat xlink:href="#tok_25" value="$."/><!-- . -->
<feat xlink:href="#tok_26" value="NE"/><!-- Olympia -->
<feat xlink:href="#tok_27" value="VAFIN"/><!-- war -->
<feat xlink:href="#tok_28" value="ART"/><!-- ein -->
<feat xlink:href="#tok_29" value="$("/><!-- " -->
<feat xlink:href="#tok_30" value="ADJA"/><!-- heiÃes -->
<feat xlink:href="#tok_31" value="NN"/><!-- Eisen -->
<feat xlink:href="#tok_32" value="$("/><!-- " -->
<feat xlink:href="#tok_33" value="$,"/><!-- , -->
<feat xlink:href="#tok_34" value="PRELS"/><!-- das -->
<feat xlink:href="#tok_35" value="PIS"/><!-- andere -->
<feat xlink:href="#tok_36" value="ART"/><!-- der -->
<feat xlink:href="#tok_37" value="NN"/><!-- Ausbau -->
<feat xlink:href="#tok_38" value="NN"/><!-- SchÃ¶nefelds -->
<feat xlink:href="#tok_39" value="$."/><!-- . -->
<feat xlink:href="#tok_40" value="ART"/><!-- Die -->
<feat xlink:href="#tok_41" value="NN"/><!-- Absage -->
<feat xlink:href="#tok_42" value="APPR"/><!-- an -->
<feat xlink:href="#tok_43" value="ART"/><!-- eine -->
<feat xlink:href="#tok_44" value="NN"/><!-- Olympiabewerbung -->
<feat xlink:href="#tok_45" value="KON"/><!-- und -->
<feat xlink:href="#tok_46" value="ART"/><!-- der -->
<feat xlink:href="#tok_47" value="NN"/><!-- Verweis -->
<feat xlink:href="#tok_48" value="APPR"/><!-- auf -->
<feat xlink:href="#tok_49" value="ART"/><!-- die -->
<feat xlink:href="#tok_50" value="ADJA"/><!-- desolate -->
<feat xlink:href="#tok_51" value="NN"/><!-- Haushaltslage -->
<feat xlink:href="#tok_52" value="VAFIN"/><!-- sind -->
<feat xlink:href="#tok_53" value="ADJD"/><!-- einleuchtend -->
<feat xlink:href="#tok_54" value="$."/><!-- . -->
<feat xlink:href="#tok_55" value="ADJD"/><!-- Weit -->
<feat xlink:href="#tok_56" value="ADJA"/><!-- verwirrender -->
<feat xlink:href="#tok_57" value="VAFIN"/><!-- ist -->
<feat xlink:href="#tok_58" value="ART"/><!-- das -->
<feat xlink:href="#tok_59" value="NN"/><!-- Flughafen_Votum -->
<feat xlink:href="#tok_60" value="$."/><!-- . -->
<feat xlink:href="#tok_61" value="APPR"/><!-- Nach -->
<feat xlink:href="#tok_62" value="ADV"/><!-- auÃen -->
<feat xlink:href="#tok_63" value="VAFIN"/><!-- wird -->
<feat xlink:href="#tok_64" value="ART"/><!-- der -->
<feat xlink:href="#tok_65" value="NN"/><!-- Eindruck -->
<feat xlink:href="#tok_66" value="VVPP"/><!-- vermittelt -->
<feat xlink:href="#tok_67" value="$,"/><!-- , -->
<feat xlink:href="#tok_68" value="ART"/><!-- ein -->
<feat xlink:href="#tok_69" value="NN"/><!-- Streitthema -->
<feat xlink:href="#tok_70" value="VAFIN"/><!-- sei -->
<feat xlink:href="#tok_71" value="APPRART"/><!-- vom -->
<feat xlink:href="#tok_72" value="NN"/><!-- Tisch -->
<feat xlink:href="#tok_73" value="$,"/><!-- , -->
<feat xlink:href="#tok_74" value="ART"/><!-- die -->
<feat xlink:href="#tok_75" value="NE"/><!-- PDS -->
<feat xlink:href="#tok_76" value="VAFIN"/><!-- habe -->
<feat xlink:href="#tok_77" value="ADJD"/><!-- klein -->
<feat xlink:href="#tok_78" value="VVPP"/><!-- beigegeben -->
<feat xlink:href="#tok_79" value="$."/><!-- . -->
<feat xlink:href="#tok_80" value="KON"/><!-- Doch -->
<feat xlink:href="#tok_81" value="APPRART"/><!-- beim -->
<feat xlink:href="#tok_82" value="ADJA"/><!-- genauen -->
<feat xlink:href="#tok_83" value="NN"/><!-- Lesen -->
<feat xlink:href="#tok_84" value="ART"/><!-- des -->
<feat xlink:href="#tok_85" value="NN"/><!-- Beschlusses -->
<feat xlink:href="#tok_86" value="VAFIN"/><!-- wird -->
<feat xlink:href="#tok_87" value="ADJD"/><!-- deutlich -->
<feat xlink:href="#tok_88" value="$."/><!-- : -->
<feat xlink:href="#tok_89" value="ART"/><!-- Die -->
<feat xlink:href="#tok_90" value="NN"/><!-- Verhandlungspartner -->
<feat xlink:href="#tok_91" value="VAFIN"/><!-- haben -->
<feat xlink:href="#tok_92" value="ART"/><!-- eine -->
<feat xlink:href="#tok_93" value="VVFIN"/><!-- geschickte -->
<feat xlink:href="#tok_94" value="$,"/><!-- , -->
<feat xlink:href="#tok_95" value="KOUS"/><!-- weil -->
<feat xlink:href="#tok_96" value="ADJD"/><!-- weit -->
<feat xlink:href="#tok_97" value="ADJA"/><!-- interpretierbare -->
<feat xlink:href="#tok_98" value="NN"/><!-- Formel -->
<feat xlink:href="#tok_99" value="VVPP"/><!-- gefunden -->
<feat xlink:href="#tok_100" value="$,"/><!-- , -->
<feat xlink:href="#tok_101" value="APPR"/><!-- mit -->
<feat xlink:href="#tok_102" value="PRELS"/><!-- der -->
<feat xlink:href="#tok_103" value="PPER"/><!-- sie -->
<feat xlink:href="#tok_104" value="PRF"/><!-- sich -->
<feat xlink:href="#tok_105" value="APPR"/><!-- gegen -->
<feat xlink:href="#tok_106" value="PIDAT"/><!-- alle -->
<feat xlink:href="#tok_107" value="NN"/><!-- Risiken -->
<feat xlink:href="#tok_108" value="VVIZU"/><!-- absichern -->
<feat xlink:href="#tok_109" value="$."/><!-- . -->
<feat xlink:href="#tok_110" value="ADV"/><!-- Zwar -->
<feat xlink:href="#tok_111" value="VAFIN"/><!-- wird -->
<feat xlink:href="#tok_112" value="ART"/><!-- das -->
<feat xlink:href="#tok_113" value="NN"/><!-- Planfeststellungsverfahren -->
<feat xlink:href="#tok_114" value="VVPP"/><!-- fortgesetzt -->
<feat xlink:href="#tok_115" value="$,"/><!-- , -->
<feat xlink:href="#tok_116" value="KOUS"/><!-- weil -->
<feat xlink:href="#tok_117" value="ADV"/><!-- auch -->
<feat xlink:href="#tok_118" value="ART"/><!-- die -->
<feat xlink:href="#tok_119" value="NE"/><!-- PDS -->
<feat xlink:href="#tok_120" value="VVINF"/><!-- erkennen -->
<feat xlink:href="#tok_121" value="VVFIN"/><!-- musste -->
<feat xlink:href="#tok_122" value="$,"/><!-- , -->
<feat xlink:href="#tok_123" value="KOUS"/><!-- dass -->
<feat xlink:href="#tok_124" value="PPER"/><!-- es -->
<feat xlink:href="#tok_125" value="PIAT"/><!-- kein -->
<feat xlink:href="#tok_126" value="ADV"/><!-- ZurÃ¼ck -->
<feat xlink:href="#tok_127" value="VVFIN"/><!-- gibt -->
<feat xlink:href="#tok_128" value="$,"/><!-- , -->
<feat xlink:href="#tok_129" value="ADV"/><!-- doch -->
<feat xlink:href="#tok_130" value="ART"/><!-- die -->
<feat xlink:href="#tok_131" value="NN"/><!-- Bedenken -->
<feat xlink:href="#tok_132" value="VVINF"/><!-- bleiben -->
<feat xlink:href="#tok_133" value="$."/><!-- . -->
<feat xlink:href="#tok_134" value="PWAV"/><!-- Wie -->
<feat xlink:href="#tok_135" value="PPER"/><!-- es -->
<feat xlink:href="#tok_136" value="VVFIN"/><!-- weitergeht -->
<feat xlink:href="#tok_137" value="$,"/><!-- , -->
<feat xlink:href="#tok_138" value="KOUS"/><!-- wenn -->
<feat xlink:href="#tok_139" value="ART"/><!-- die -->
<feat xlink:href="#tok_140" value="NN"/><!-- Privatisierung -->
<feat xlink:href="#tok_141" value="ART"/><!-- der -->
<feat xlink:href="#tok_142" value="NN"/><!-- Flughafengesellschaft -->
<feat xlink:href="#tok_143" value="PTKNEG"/><!-- nicht -->
<feat xlink:href="#tok_144" value="ADV"/><!-- zustande -->
<feat xlink:href="#tok_145" value="VVFIN"/><!-- kommt -->
<feat xlink:href="#tok_146" value="$,"/><!-- , -->
<feat xlink:href="#tok_147" value="VVFIN"/><!-- steht -->
<feat xlink:href="#tok_148" value="APPR"/><!-- in -->
<feat xlink:href="#tok_149" value="ART"/><!-- den -->
<feat xlink:href="#tok_150" value="NN"/><!-- Sternen -->
<feat xlink:href="#tok_151" value="$."/><!-- . -->
</featList>

</sfb632_standard>
