<?xml version="1.0" standalone="no"?>
<!DOCTYPE sfb632_standard SYSTEM "sfb632_feat.dtd">



<sfb632_standard version="1.0">

<header sfb_id="mmax.maz-10374_sent" type="sent"/>

<featList xmlns:xlink="http://www.w3.org/1999/xlink" type="sentence" xml:base="mmax.maz-10374.tok.xml">
<feat value="S" xlink:href="#xpointer(id('tok_1')/range-to(id('tok_4')))"/>
<feat value="S" xlink:href="#xpointer(id('tok_5')/range-to(id('tok_12')))"/>
<feat value="S" xlink:href="#xpointer(id('tok_13')/range-to(id('tok_35')))"/>
<feat value="S" xlink:href="#xpointer(id('tok_36')/range-to(id('tok_62')))"/>
<feat value="S" xlink:href="#xpointer(id('tok_63')/range-to(id('tok_73')))"/>
<feat value="S" xlink:href="#xpointer(id('tok_74')/range-to(id('tok_100')))"/>
<feat value="S" xlink:href="#xpointer(id('tok_101')/range-to(id('tok_113')))"/>
<feat value="S" xlink:href="#xpointer(id('tok_114')/range-to(id('tok_147')))"/>
<feat value="S" xlink:href="#xpointer(id('tok_148')/range-to(id('tok_170')))"/>
<feat value="S" xlink:href="#xpointer(id('tok_171')/range-to(id('tok_174')))"/>
</featList>

</sfb632_standard>

