<?xml version="1.0" standalone="no"?>
<!DOCTYPE sfb632_standard SYSTEM "sfb632_feat.dtd">


<sfb632_standard version="1.0">

<header sfb_id="mmax.maz-10374_grammatical_role" type="grammatical_role"/>

<featList xmlns:xlink="http://www.w3.org/1999/xlink" type="grammatical_role" xml:base="mmax.maz-10374.primmarkSeg.xml">
<feat xlink:href="#primmarkSeg_1" value="SBJ"/>
<feat xlink:href="#primmarkSeg_5" value="not_specified"/>
<feat xlink:href="#primmarkSeg_7" value="not_specified"/>
<feat xlink:href="#primmarkSeg_8" value="DIR-OBJ"/>
<feat xlink:href="#primmarkSeg_10" value="not_specified"/>
<feat xlink:href="#primmarkSeg_12" value="not_specified"/>
<feat xlink:href="#primmarkSeg_13" value="SBJ"/>
<feat xlink:href="#primmarkSeg_17" value="SBJ"/>
<feat xlink:href="#primmarkSeg_19" value="not_specified"/>
<feat xlink:href="#primmarkSeg_21" value="INDIR-OBJ"/>
<feat xlink:href="#primmarkSeg_24" value="SBJ"/>
<feat xlink:href="#primmarkSeg_30" value="not_specified"/>
<feat xlink:href="#primmarkSeg_33" value="SBJ"/>
<feat xlink:href="#primmarkSeg_36" value="not_specified"/>
<feat xlink:href="#primmarkSeg_37" value="not_specified"/>
<feat xlink:href="#primmarkSeg_41" value="SBJ"/>
<feat xlink:href="#primmarkSeg_43" value="INDIR-OBJ"/>
<feat xlink:href="#primmarkSeg_49" value="SBJ"/>
<feat xlink:href="#primmarkSeg_50" value="SBJ"/>
<feat xlink:href="#primmarkSeg_57" value="not_specified"/>
<feat xlink:href="#primmarkSeg_58" value="not_specified"/>
<feat xlink:href="#primmarkSeg_59" value="not_specified"/>
<feat xlink:href="#primmarkSeg_61" value="not_specified"/>
<feat xlink:href="#primmarkSeg_63" value="SBJ"/>
<feat xlink:href="#primmarkSeg_65" value="not_specified"/>
<feat xlink:href="#primmarkSeg_67" value="not_specified"/>
<feat xlink:href="#primmarkSeg_68" value="DIR-OBJ"/>
<feat xlink:href="#primmarkSeg_73" value="SBJ"/>
<feat xlink:href="#primmarkSeg_75" value="not_specified"/>
<feat xlink:href="#primmarkSeg_76" value="not_specified"/>
<feat xlink:href="#primmarkSeg_77" value="not_specified"/>
<feat xlink:href="#primmarkSeg_78" value="not_specified"/>
<feat xlink:href="#primmarkSeg_82" value="DIR-OBJ"/>
<feat xlink:href="#primmarkSeg_100010" value="not_specified"/>
<feat xlink:href="#primmarkSeg_100016" value="not_specified"/>
<feat xlink:href="#primmarkSeg_100022" value="not_specified"/>
<feat xlink:href="#primmarkSeg_100023" value="not_specified"/>
<feat xlink:href="#primmarkSeg_100061" value="SBJ"/>
<feat xlink:href="#primmarkSeg_100087" value="not_specified"/>
<feat xlink:href="#primmarkSeg_100088" value="not_specified"/>
<feat xlink:href="#primmarkSeg_1000113" value="not_specified"/>
<feat xlink:href="#primmarkSeg_1000116" value="other"/>
<feat xlink:href="#primmarkSeg_1000144" value="other"/>
<feat xlink:href="#primmarkSeg_1000151" value="not_specified"/>
<feat xlink:href="#primmarkSeg_1000159" value="not_specified"/>
<feat xlink:href="#primmarkSeg_1000160" value="not_specified"/>
</featList>
</sfb632_standard>
