<?xml version="1.0" standalone="no"?>
<!DOCTYPE sfb632_standard SYSTEM "sfb632_mark.dtd">


<sfb632_standard version="1.0">
<header sfb_id="mmax.maz-10374_primmarkSeg" type="primmarkSeg"/>

<markList xmlns:xlink="http://www.w3.org/1999/xlink" type="primmarkSeg" xml:base="mmax.maz-10374.tok.xml">
<mark id="primmarkSeg_1" xlink:href="#xpointer(id('tok_5')/range-to(id('tok_7')))"/>
<mark id="primmarkSeg_5" xlink:href="#xpointer(id('tok_18')/range-to(id('tok_20')))"/>
<mark id="primmarkSeg_7" xlink:href="(#tok_26,#tok_27)"/>
<mark id="primmarkSeg_8" xlink:href="#xpointer(id('tok_28')/range-to(id('tok_30')))"/>
<mark id="primmarkSeg_10" xlink:href="#xpointer(id('tok_16')/range-to(id('tok_20')))"/>
<mark id="primmarkSeg_12" xlink:href="#xpointer(id('tok_13')/range-to(id('tok_20')))"/>
<mark id="primmarkSeg_13" xlink:href="#xpointer(id('tok_22')/range-to(id('tok_27')))"/>
<mark id="primmarkSeg_17" xlink:href="(#tok_41,#tok_42)"/>
<mark id="primmarkSeg_19" xlink:href="#xpointer(id('tok_51')/range-to(id('tok_53')))"/>
<mark id="primmarkSeg_21" xlink:href="#xpointer(id('tok_37')/range-to(id('tok_40')))"/>
<mark id="primmarkSeg_24" xlink:href="#xpointer(id('tok_47')/range-to(id('tok_56')))"/>
<mark id="primmarkSeg_30" xlink:href="#xpointer(id('tok_69')/range-to(id('tok_71')))"/>
<mark id="primmarkSeg_33" xlink:href="#xpointer(id('tok_75')/range-to(id('tok_77')))"/>
<mark id="primmarkSeg_36" xlink:href="(#tok_91,#tok_92)"/>
<mark id="primmarkSeg_37" xlink:href="(#tok_95,#tok_96)"/>
<mark id="primmarkSeg_41" xlink:href="#xpointer(id('tok_93')/range-to(id('tok_96')))"/>
<mark id="primmarkSeg_43" xlink:href="#xpointer(id('tok_83')/range-to(id('tok_92')))"/>
<mark id="primmarkSeg_49" xlink:href="(#tok_103,#tok_104)"/>
<mark id="primmarkSeg_50" xlink:href="(#tok_110,#tok_111)"/>
<mark id="primmarkSeg_57" xlink:href="(#tok_116,#tok_117)"/>
<mark id="primmarkSeg_58" xlink:href="#xpointer(id('tok_127')/range-to(id('tok_129')))"/>
<mark id="primmarkSeg_59" xlink:href="#xpointer(id('tok_132')/range-to(id('tok_135')))"/>
<mark id="primmarkSeg_61" xlink:href="(#tok_143,#tok_144)"/>
<mark id="primmarkSeg_63" xlink:href="#xpointer(id('tok_114')/range-to(id('tok_117')))"/>
<mark id="primmarkSeg_65" xlink:href="#xpointer(id('tok_140')/range-to(id('tok_144')))"/>
<mark id="primmarkSeg_67" xlink:href="#xpointer(id('tok_122')/range-to(id('tok_135')))"/>
<mark id="primmarkSeg_68" xlink:href="#xpointer(id('tok_122')/range-to(id('tok_139')))"/>
<mark id="primmarkSeg_73" xlink:href="#xpointer(id('tok_150')/range-to(id('tok_152')))"/>
<mark id="primmarkSeg_75" xlink:href="#xpointer(id('tok_158')/range-to(id('tok_160')))"/>
<mark id="primmarkSeg_76" xlink:href="(#tok_163,#tok_164)"/>
<mark id="primmarkSeg_77" xlink:href="(#tok_168,#tok_169)"/>
<mark id="primmarkSeg_78" xlink:href="(#tok_155,#tok_156)"/>
<mark id="primmarkSeg_82" xlink:href="(#tok_153,#xpointer(id('tok_155')/range-to(id('tok_156'))),#xpointer(id('tok_158')/range-to(id('tok_169'))))"/>
<mark id="primmarkSeg_100010" xlink:href="#tok_14"/>
<mark id="primmarkSeg_100016" xlink:href="#tok_20"/>
<mark id="primmarkSeg_100022" xlink:href="#tok_26"/>
<mark id="primmarkSeg_100023" xlink:href="#tok_27"/>
<mark id="primmarkSeg_100061" xlink:href="#tok_65"/>
<mark id="primmarkSeg_100087" xlink:href="#tok_91"/>
<mark id="primmarkSeg_100088" xlink:href="#tok_92"/>
<mark id="primmarkSeg_1000113" xlink:href="#tok_117"/>
<mark id="primmarkSeg_1000116" xlink:href="#tok_120"/>
<mark id="primmarkSeg_1000144" xlink:href="#tok_148"/>
<mark id="primmarkSeg_1000151" xlink:href="#tok_155"/>
<mark id="primmarkSeg_1000159" xlink:href="#tok_163"/>
<mark id="primmarkSeg_1000160" xlink:href="#tok_164"/>
</markList>
</sfb632_standard>
