<?xml version="1.0" standalone="no"?>
<!DOCTYPE sfb632_standard SYSTEM "sfb632_feat.dtd">


<sfb632_standard version="1.0">

<header sfb_id="mmax.maz-10374_complex_np" type="complex_np"/>

<featList xmlns:xlink="http://www.w3.org/1999/xlink" type="complex_np" xml:base="mmax.maz-10374.primmarkSeg.xml">
<feat xlink:href="#primmarkSeg_1" value="no"/>
<feat xlink:href="#primmarkSeg_5" value="no"/>
<feat xlink:href="#primmarkSeg_7" value="yes"/>
<feat xlink:href="#primmarkSeg_8" value="no"/>
<feat xlink:href="#primmarkSeg_10" value="no"/>
<feat xlink:href="#primmarkSeg_12" value="yes"/>
<feat xlink:href="#primmarkSeg_13" value="yes"/>
<feat xlink:href="#primmarkSeg_17" value="no"/>
<feat xlink:href="#primmarkSeg_19" value="no"/>
<feat xlink:href="#primmarkSeg_21" value="no"/>
<feat xlink:href="#primmarkSeg_24" value="yes"/>
<feat xlink:href="#primmarkSeg_30" value="no"/>
<feat xlink:href="#primmarkSeg_33" value="no"/>
<feat xlink:href="#primmarkSeg_36" value="yes"/>
<feat xlink:href="#primmarkSeg_37" value="no"/>
<feat xlink:href="#primmarkSeg_41" value="yes"/>
<feat xlink:href="#primmarkSeg_43" value="yes"/>
<feat xlink:href="#primmarkSeg_49" value="no"/>
<feat xlink:href="#primmarkSeg_50" value="no"/>
<feat xlink:href="#primmarkSeg_57" value="no"/>
<feat xlink:href="#primmarkSeg_58" value="no"/>
<feat xlink:href="#primmarkSeg_59" value="no"/>
<feat xlink:href="#primmarkSeg_61" value="no"/>
<feat xlink:href="#primmarkSeg_63" value="yes"/>
<feat xlink:href="#primmarkSeg_65" value="yes"/>
<feat xlink:href="#primmarkSeg_67" value="yes"/>
<feat xlink:href="#primmarkSeg_68" value="yes"/>
<feat xlink:href="#primmarkSeg_73" value="no"/>
<feat xlink:href="#primmarkSeg_75" value="no"/>
<feat xlink:href="#primmarkSeg_76" value="yes"/>
<feat xlink:href="#primmarkSeg_77" value="no"/>
<feat xlink:href="#primmarkSeg_78" value="yes"/>
<feat xlink:href="#primmarkSeg_82" value="yes"/>
<feat xlink:href="#primmarkSeg_100010" value="no"/>
<feat xlink:href="#primmarkSeg_100016" value="no"/>
<feat xlink:href="#primmarkSeg_100022" value="no"/>
<feat xlink:href="#primmarkSeg_100023" value="no"/>
<feat xlink:href="#primmarkSeg_100061" value="no"/>
<feat xlink:href="#primmarkSeg_100087" value="no"/>
<feat xlink:href="#primmarkSeg_100088" value="no"/>
<feat xlink:href="#primmarkSeg_1000113" value="no"/>
<feat xlink:href="#primmarkSeg_1000116" value="no"/>
<feat xlink:href="#primmarkSeg_1000144" value="no"/>
<feat xlink:href="#primmarkSeg_1000151" value="no"/>
<feat xlink:href="#primmarkSeg_1000159" value="no"/>
<feat xlink:href="#primmarkSeg_1000160" value="no"/>
</featList>
</sfb632_standard>
