<?xml version="1.0" standalone="no"?>
<!DOCTYPE sfb632_standard SYSTEM "sfb632_feat.dtd">


<sfb632_standard version="1.0">

<header sfb_id="mmax.maz-10374_np_form" type="np_form"/>

<featList xmlns:xlink="http://www.w3.org/1999/xlink" type="np_form" xml:base="mmax.maz-10374.primmarkSeg.xml">
<feat xlink:href="#primmarkSeg_1" value="defNP"/>
<feat xlink:href="#primmarkSeg_5" value="defNP"/>
<feat xlink:href="#primmarkSeg_7" value="NE"/>
<feat xlink:href="#primmarkSeg_8" value="defNP"/>
<feat xlink:href="#primmarkSeg_10" value="defNP"/>
<feat xlink:href="#primmarkSeg_12" value="defNP"/>
<feat xlink:href="#primmarkSeg_13" value="defNP"/>
<feat xlink:href="#primmarkSeg_17" value="defNP"/>
<feat xlink:href="#primmarkSeg_19" value="defNP"/>
<feat xlink:href="#primmarkSeg_21" value="defNP"/>
<feat xlink:href="#primmarkSeg_24" value="defNP"/>
<feat xlink:href="#primmarkSeg_30" value="defNP"/>
<feat xlink:href="#primmarkSeg_33" value="defNP"/>
<feat xlink:href="#primmarkSeg_36" value="NE"/>
<feat xlink:href="#primmarkSeg_37" value="defNP"/>
<feat xlink:href="#primmarkSeg_41" value="defNP"/>
<feat xlink:href="#primmarkSeg_43" value="defNP"/>
<feat xlink:href="#primmarkSeg_49" value="defNP"/>
<feat xlink:href="#primmarkSeg_50" value="defNP"/>
<feat xlink:href="#primmarkSeg_57" value="defNP"/>
<feat xlink:href="#primmarkSeg_58" value="defNP"/>
<feat xlink:href="#primmarkSeg_59" value="defNP"/>
<feat xlink:href="#primmarkSeg_61" value="defNP"/>
<feat xlink:href="#primmarkSeg_63" value="defNP"/>
<feat xlink:href="#primmarkSeg_65" value="defNP"/>
<feat xlink:href="#primmarkSeg_67" value="defNP"/>
<feat xlink:href="#primmarkSeg_68" value="defNPindefNP"/>
<feat xlink:href="#primmarkSeg_73" value="defNP"/>
<feat xlink:href="#primmarkSeg_75" value="defNP"/>
<feat xlink:href="#primmarkSeg_76" value="NE"/>
<feat xlink:href="#primmarkSeg_77" value="defNP"/>
<feat xlink:href="#primmarkSeg_78" value="NE"/>
<feat xlink:href="#primmarkSeg_82" value="indefNPindefNP"/>
<feat xlink:href="#primmarkSeg_100010" value="PPOS"/>
<feat xlink:href="#primmarkSeg_100016" value="NE"/>
<feat xlink:href="#primmarkSeg_100022" value="NE"/>
<feat xlink:href="#primmarkSeg_100023" value="NE"/>
<feat xlink:href="#primmarkSeg_100061" value="PDS"/>
<feat xlink:href="#primmarkSeg_100087" value="NE"/>
<feat xlink:href="#primmarkSeg_100088" value="NE"/>
<feat xlink:href="#primmarkSeg_1000113" value="NE"/>
<feat xlink:href="#primmarkSeg_1000116" value="PADV"/>
<feat xlink:href="#primmarkSeg_1000144" value="PADV"/>
<feat xlink:href="#primmarkSeg_1000151" value="NE"/>
<feat xlink:href="#primmarkSeg_1000159" value="NE"/>
<feat xlink:href="#primmarkSeg_1000160" value="NE"/>
</featList>
</sfb632_standard>
