<?xml version="1.0" standalone="no"?>
<!DOCTYPE sfb632_standard SYSTEM "sfb632_feat.dtd">


<sfb632_standard version="1.0">

<header sfb_id="mmax.maz-10374_phrase_type" type="phrase_type"/>

<featList xmlns:xlink="http://www.w3.org/1999/xlink" type="phrase_type" xml:base="mmax.maz-10374.primmarkSeg.xml">
<feat xlink:href="#primmarkSeg_1" value="np"/>
<feat xlink:href="#primmarkSeg_5" value="pp"/>
<feat xlink:href="#primmarkSeg_7" value="np"/>
<feat xlink:href="#primmarkSeg_8" value="np"/>
<feat xlink:href="#primmarkSeg_10" value="pp"/>
<feat xlink:href="#primmarkSeg_12" value="pp"/>
<feat xlink:href="#primmarkSeg_13" value="np"/>
<feat xlink:href="#primmarkSeg_17" value="np"/>
<feat xlink:href="#primmarkSeg_19" value="pp"/>
<feat xlink:href="#primmarkSeg_21" value="np"/>
<feat xlink:href="#primmarkSeg_24" value="np"/>
<feat xlink:href="#primmarkSeg_30" value="pp"/>
<feat xlink:href="#primmarkSeg_33" value="np"/>
<feat xlink:href="#primmarkSeg_36" value="np"/>
<feat xlink:href="#primmarkSeg_37" value="pp"/>
<feat xlink:href="#primmarkSeg_41" value="np"/>
<feat xlink:href="#primmarkSeg_43" value="np"/>
<feat xlink:href="#primmarkSeg_49" value="np"/>
<feat xlink:href="#primmarkSeg_50" value="np"/>
<feat xlink:href="#primmarkSeg_57" value="pp"/>
<feat xlink:href="#primmarkSeg_58" value="pp"/>
<feat xlink:href="#primmarkSeg_59" value="pp"/>
<feat xlink:href="#primmarkSeg_61" value="np"/>
<feat xlink:href="#primmarkSeg_63" value="np"/>
<feat xlink:href="#primmarkSeg_65" value="pp"/>
<feat xlink:href="#primmarkSeg_67" value="np"/>
<feat xlink:href="#primmarkSeg_68" value="np"/>
<feat xlink:href="#primmarkSeg_73" value="np"/>
<feat xlink:href="#primmarkSeg_75" value="pp"/>
<feat xlink:href="#primmarkSeg_76" value="np"/>
<feat xlink:href="#primmarkSeg_77" value="pp"/>
<feat xlink:href="#primmarkSeg_78" value="np"/>
<feat xlink:href="#primmarkSeg_82" value="np"/>
<feat xlink:href="#primmarkSeg_100010" value="np"/>
<feat xlink:href="#primmarkSeg_100016" value="np"/>
<feat xlink:href="#primmarkSeg_100022" value="np"/>
<feat xlink:href="#primmarkSeg_100023" value="np"/>
<feat xlink:href="#primmarkSeg_100061" value="np"/>
<feat xlink:href="#primmarkSeg_100087" value="np"/>
<feat xlink:href="#primmarkSeg_100088" value="np"/>
<feat xlink:href="#primmarkSeg_1000113" value="np"/>
<feat xlink:href="#primmarkSeg_1000116" value="pp"/>
<feat xlink:href="#primmarkSeg_1000144" value="pp"/>
<feat xlink:href="#primmarkSeg_1000151" value="np"/>
<feat xlink:href="#primmarkSeg_1000159" value="np"/>
<feat xlink:href="#primmarkSeg_1000160" value="np"/>
</featList>
</sfb632_standard>
