<?xml version="1.0" encoding="UTF-8" standalone="no"?>


<!DOCTYPE sfb632_standard SYSTEM "sfb632_feat.dtd">
<sfb632_standard version="1.0">

<header sfb_id="exmaralda.maz-11766_Topic" type="Topic"/>

<featList xmlns:xlink="http://www.w3.org/1999/xlink" type="Topic" xml:base="urml.maz-11766.tok.xml">

<feat xlink:href="#xpointer(id('tok_4')/range-to(id('tok_7')))" value="ab"/><!-- der...Bosse -->
<feat xlink:href="#xpointer(id('tok_22')/range-to(id('tok_25')))" value="ab"/><!-- die...SPD -->
<feat xlink:href="#xpointer(id('tok_26')/range-to(id('tok_29')))" value="fs"/><!-- im...Wochenendklausur -->
<feat xlink:href="#tok_46" value="ab"/><!-- Millionen -->
<feat xlink:href="#tok_57" value="ab"/><!-- Bosse -->
<feat xlink:href="#xpointer(id('tok_69')/range-to(id('tok_70')))" value="ab"/><!-- der...Versuch -->
<feat xlink:href="#xpointer(id('tok_102')/range-to(id('tok_103')))" value="ab"/><!-- die...Verwaltung -->
<feat xlink:href="#xpointer(id('tok_118')/range-to(id('tok_119')))" value="ab"/><!-- Das...FÃ¼llhorn -->
<feat xlink:href="#xpointer(id('tok_144')/range-to(id('tok_145')))" value="ab"/><!-- Die...PDS -->
<feat xlink:href="#xpointer(id('tok_152')/range-to(id('tok_155')))" value="ab"/><!-- die...Investitionen -->
<feat xlink:href="#xpointer(id('tok_162')/range-to(id('tok_163')))" value="fs"/><!-- am...Ende -->
<feat xlink:href="#xpointer(id('tok_171')/range-to(id('tok_175')))" value="ab"/><!-- Dieses...Haushaltsloch -->
</featList>

</sfb632_standard>
