<?xml version="1.0" encoding="UTF-8" standalone="no"?>


<!DOCTYPE sfb632_standard SYSTEM "sfb632_feat.dtd">
<sfb632_standard version="1.0">

<header sfb_id="exmaralda.maz-11766_PP" type="PP"/>

<featList xmlns:xlink="http://www.w3.org/1999/xlink" type="PP" xml:base="urml.maz-11766.tok.xml">

<feat xlink:href="#xpointer(id('tok_10')/range-to(id('tok_14')))" value="PP"/><!-- bei...Haushalts -->
<feat xlink:href="#xpointer(id('tok_16')/range-to(id('tok_17')))" value="PP"/><!-- ins...Gewissen -->
<feat xlink:href="#xpointer(id('tok_26')/range-to(id('tok_29')))" value="PP"/><!-- im...Wochenendklausur -->
<feat xlink:href="#xpointer(id('tok_32')/range-to(id('tok_35')))" value="PP"/><!-- mit...Sparpositionen -->
<feat xlink:href="#xpointer(id('tok_37')/range-to(id('tok_38')))" value="PP"/><!-- Am...Ende -->
<feat xlink:href="#xpointer(id('tok_42')/range-to(id('tok_43')))" value="PP"/><!-- beim...Alten -->
<feat xlink:href="#xpointer(id('tok_61')/range-to(id('tok_64')))" value="PP"/><!-- auf...Theaterneubau -->
<feat xlink:href="#xpointer(id('tok_83')/range-to(id('tok_84')))" value="PP"/><!-- im...Desaster -->
<feat xlink:href="#xpointer(id('tok_93')/range-to(id('tok_95')))" value="PP"/><!-- zu...Vorhaben -->
<feat xlink:href="#xpointer(id('tok_98')/range-to(id('tok_100')))" value="PP"/><!-- bei...Kammerakademie -->
<feat xlink:href="#xpointer(id('tok_123')/range-to(id('tok_126')))" value="PP"/><!-- Ã¼ber...Schulen -->
<feat xlink:href="#xpointer(id('tok_132')/range-to(id('tok_134')))" value="PP"/><!-- mit...CDU -->
<feat xlink:href="#xpointer(id('tok_140')/range-to(id('tok_142')))" value="PP"/><!-- in...Tasche -->
<feat xlink:href="#xpointer(id('tok_162')/range-to(id('tok_163')))" value="PP"/><!-- am...Ende -->
<feat xlink:href="#xpointer(id('tok_168')/range-to(id('tok_169')))" value="PP"/><!-- von...Tafelsilber -->
<feat xlink:href="#xpointer(id('tok_183')/range-to(id('tok_185')))" value="PP"/><!-- in...WÃ¼ste -->
</featList>

</sfb632_standard>
