<?xml version="1.0" encoding="UTF-8" standalone="no"?>


<!DOCTYPE sfb632_standard SYSTEM "sfb632_feat.dtd">
<sfb632_standard version="1.0">

<header sfb_id="exmaralda.maz-11766_Sent" type="Sent"/>

<featList xmlns:xlink="http://www.w3.org/1999/xlink" type="Sent" xml:base="urml.maz-11766.tok.xml">

<feat xlink:href="#xpointer(id('tok_2')/range-to(id('tok_19')))" value="s"/><!-- Vergeblich.... -->
<feat xlink:href="#xpointer(id('tok_20')/range-to(id('tok_36')))" value="s"/><!-- Zwar.... -->
<feat xlink:href="#xpointer(id('tok_37')/range-to(id('tok_44')))" value="s"/><!-- Am...: -->
<feat xlink:href="#xpointer(id('tok_45')/range-to(id('tok_56')))" value="s"/><!-- Dass.... -->
<feat xlink:href="#xpointer(id('tok_57')/range-to(id('tok_67')))" value="s"/><!-- Bosse.... -->
<feat xlink:href="#xpointer(id('tok_68')/range-to(id('tok_86')))" value="s"/><!-- Doch.... -->
<feat xlink:href="#xpointer(id('tok_87')/range-to(id('tok_96')))" value="s"/><!-- Also.... -->
<feat xlink:href="#xpointer(id('tok_97')/range-to(id('tok_117')))" value="s"/><!-- Wie.... -->
<feat xlink:href="#xpointer(id('tok_118')/range-to(id('tok_128')))" value="s"/><!-- Das.... -->
<feat xlink:href="#xpointer(id('tok_129')/range-to(id('tok_143')))" value="s"/><!-- Dank.... -->
<feat xlink:href="#xpointer(id('tok_144')/range-to(id('tok_150')))" value="s"/><!-- Die.... -->
<feat xlink:href="#xpointer(id('tok_151')/range-to(id('tok_170')))" value="s"/><!-- Um.... -->
<feat xlink:href="#xpointer(id('tok_171')/range-to(id('tok_187')))" value="s"/><!-- Dieses...hat -->
</featList>

</sfb632_standard>
