<?xml version="1.0" encoding="UTF-8" standalone="no"?>


<!DOCTYPE sfb632_standard SYSTEM "sfb632_feat.dtd">
<sfb632_standard version="1.0">

<header sfb_id="exmaralda.maz-11766_NP" type="NP"/>

<featList xmlns:xlink="http://www.w3.org/1999/xlink" type="NP" xml:base="urml.maz-11766.tok.xml">

<feat xlink:href="#xpointer(id('tok_4')/range-to(id('tok_7')))" value="NP"/><!-- der...Bosse -->
<feat xlink:href="#xpointer(id('tok_8')/range-to(id('tok_9')))" value="NP"/><!-- den...Stadtverordneten -->
<feat xlink:href="#xpointer(id('tok_11')/range-to(id('tok_12')))" value="NP"/><!-- der...Einbringung -->
<feat xlink:href="#xpointer(id('tok_13')/range-to(id('tok_14')))" value="NP"/><!-- des...Haushalts -->
<feat xlink:href="#tok_15" value="NP"/><!-- 2002 -->
<feat xlink:href="#tok_17" value="NP"/><!-- Gewissen -->
<feat xlink:href="#xpointer(id('tok_22')/range-to(id('tok_23')))" value="NP"/><!-- die...Haushaltspolitiker -->
<feat xlink:href="#xpointer(id('tok_24')/range-to(id('tok_25')))" value="NP"/><!-- der...SPD -->
<feat xlink:href="#tok_27" value="NP"/><!-- Vorfeld -->
<feat xlink:href="#xpointer(id('tok_28')/range-to(id('tok_29')))" value="NP"/><!-- ihrer...Wochenendklausur -->
<feat xlink:href="#xpointer(id('tok_30')/range-to(id('tok_31')))" value="NP"/><!-- groÃe...Welle -->
<feat xlink:href="#tok_33" value="NP"/><!-- Horrorlisten -->
<feat xlink:href="#xpointer(id('tok_34')/range-to(id('tok_35')))" value="NP"/><!-- mÃ¶glicher...Sparpositionen -->
<feat xlink:href="#tok_38" value="NP"/><!-- Ende -->
<feat xlink:href="#tok_43" value="NP"/><!-- Alten -->
<feat xlink:href="#tok_46" value="NP"/><!-- Millionen -->
<feat xlink:href="#tok_53" value="NP"/><!-- sie -->
<feat xlink:href="#tok_57" value="NP"/><!-- Bosse -->
<feat xlink:href="#xpointer(id('tok_62')/range-to(id('tok_64')))" value="NP"/><!-- den...Theaterneubau -->
<feat xlink:href="#xpointer(id('tok_69')/range-to(id('tok_70')))" value="NP"/><!-- der...Versuch -->
<feat xlink:href="#xpointer(id('tok_72')/range-to(id('tok_73')))" value="NP"/><!-- das...Projekt -->
<feat xlink:href="#xpointer(id('tok_80')/range-to(id('tok_82')))" value="NP"/><!-- der...SPD_CDU_Mehrheit -->
<feat xlink:href="#tok_84" value="NP"/><!-- Desaster -->
<feat xlink:href="#tok_89" value="NP"/><!-- man -->
<feat xlink:href="#xpointer(id('tok_94')/range-to(id('tok_95')))" value="NP"/><!-- dem...Vorhaben -->
<feat xlink:href="#xpointer(id('tok_99')/range-to(id('tok_100')))" value="NP"/><!-- der...Kammerakademie -->
<feat xlink:href="#xpointer(id('tok_102')/range-to(id('tok_103')))" value="NP"/><!-- die...Verwaltung -->
<feat xlink:href="#xpointer(id('tok_118')/range-to(id('tok_119')))" value="NP"/><!-- Das...FÃ¼llhorn -->
<feat xlink:href="#tok_124" value="NP"/><!-- Kitas -->
<feat xlink:href="#tok_126" value="NP"/><!-- Schulen -->
<feat xlink:href="#xpointer(id('tok_130')/range-to(id('tok_131')))" value="NP"/><!-- der...Kooperationsvereinbarung -->
<feat xlink:href="#xpointer(id('tok_133')/range-to(id('tok_134')))" value="NP"/><!-- der...CDU -->
<feat xlink:href="#xpointer(id('tok_137')/range-to(id('tok_138')))" value="NP"/><!-- deren...Zustimmung -->
<feat xlink:href="#xpointer(id('tok_141')/range-to(id('tok_142')))" value="NP"/><!-- der...Tasche -->
<feat xlink:href="#xpointer(id('tok_144')/range-to(id('tok_145')))" value="NP"/><!-- Die...PDS -->
<feat xlink:href="#xpointer(id('tok_152')/range-to(id('tok_155')))" value="NP"/><!-- die...Investitionen -->
<feat xlink:href="#tok_163" value="NP"/><!-- Ende -->
<feat xlink:href="#xpointer(id('tok_166')/range-to(id('tok_167')))" value="NP"/><!-- der...Verkauf -->
<feat xlink:href="#tok_169" value="NP"/><!-- Tafelsilber -->
<feat xlink:href="#xpointer(id('tok_171')/range-to(id('tok_172')))" value="NP"/><!-- Dieses...Problem -->
<feat xlink:href="#xpointer(id('tok_174')/range-to(id('tok_175')))" value="NP"/><!-- das...Haushaltsloch -->
<feat xlink:href="#tok_182" value="NP"/><!-- Bosse -->
<feat xlink:href="#xpointer(id('tok_184')/range-to(id('tok_185')))" value="NP"/><!-- die...WÃ¼ste -->
</featList>

</sfb632_standard>
