<?xml version="1.0" encoding="UTF-8" standalone="no"?>


<!DOCTYPE sfb632_standard SYSTEM "sfb632_feat.dtd">
<sfb632_standard version="1.0">

<header sfb_id="exmaralda.maz-11766_Focus_newInf" type="Focus_newInf"/>

<featList xmlns:xlink="http://www.w3.org/1999/xlink" type="Focus_newInf" xml:base="urml.maz-11766.tok.xml">

<feat xlink:href="#xpointer(id('tok_2')/range-to(id('tok_3')))" value="nf-unsol"/><!-- Vergeblich...hat -->
<feat xlink:href="#xpointer(id('tok_8')/range-to(id('tok_18')))" value="nf-unsol"/><!-- den...geredet -->
<feat xlink:href="#xpointer(id('tok_47')/range-to(id('tok_55')))" value="nf-unsol"/><!-- fehlen...verteilen -->
<feat xlink:href="#xpointer(id('tok_58')/range-to(id('tok_66')))" value="nf-unsol"/><!-- hatte...verzichten -->
<feat xlink:href="#xpointer(id('tok_78')/range-to(id('tok_85')))" value="nf-unsol"/><!-- hÃ¤tte...geendet -->
<feat xlink:href="#xpointer(id('tok_120')/range-to(id('tok_127')))" value="nf-unsol"/><!-- schlieÃlich...aus -->
<feat xlink:href="#xpointer(id('tok_146')/range-to(id('tok_149')))" value="nf-unsol"/><!-- wird...haben -->
<feat xlink:href="#tok_151" value="nf-unsol"/><!-- Um -->
<feat xlink:href="#xpointer(id('tok_156')/range-to(id('tok_169')))" value="nf-unsol"/><!-- tÃ¤tigen...Tafelsilber -->
<feat xlink:href="#xpointer(id('tok_176')/range-to(id('tok_187')))" value="ns-unsol"/><!-- werden...hat -->
</featList>

</sfb632_standard>
