<?xml version="1.0" encoding="UTF-8" standalone="no"?>


<!DOCTYPE sfb632_standard SYSTEM "sfb632_feat.dtd">
<sfb632_standard version="1.0">

<header sfb_id="exmaralda.maz-11766_Inf-Stat" type="Inf-Stat"/>

<featList xmlns:xlink="http://www.w3.org/1999/xlink" type="Inf-Stat" xml:base="urml.maz-11766.tok.xml">

<feat xlink:href="#xpointer(id('tok_4')/range-to(id('tok_7')))" value="new"/><!-- der...Bosse -->
<feat xlink:href="#xpointer(id('tok_8')/range-to(id('tok_9')))" value="new"/><!-- den...Stadtverordneten -->
<feat xlink:href="#xpointer(id('tok_13')/range-to(id('tok_14')))" value="acc-gen"/><!-- des...Haushalts -->
<feat xlink:href="#tok_17" value="idiom"/><!-- Gewissen -->
<feat xlink:href="#xpointer(id('tok_22')/range-to(id('tok_23')))" value="giv-active"/><!-- die...Haushaltspolitiker -->
<feat xlink:href="#xpointer(id('tok_24')/range-to(id('tok_25')))" value="acc-gen"/><!-- der...SPD -->
<feat xlink:href="#xpointer(id('tok_28')/range-to(id('tok_29')))" value="new"/><!-- ihrer...Wochenendklausur -->
<feat xlink:href="#xpointer(id('tok_30')/range-to(id('tok_31')))" value="idiom"/><!-- groÃe...Welle -->
<feat xlink:href="#tok_46" value="acc-gen"/><!-- Millionen -->
<feat xlink:href="#tok_53" value="giv-active"/><!-- sie -->
<feat xlink:href="#tok_57" value="giv-inactive"/><!-- Bosse -->
<feat xlink:href="#xpointer(id('tok_62')/range-to(id('tok_64')))" value="new"/><!-- den...Theaterneubau -->
<feat xlink:href="#xpointer(id('tok_72')/range-to(id('tok_73')))" value="giv-active"/><!-- das...Projekt -->
<feat xlink:href="#xpointer(id('tok_80')/range-to(id('tok_82')))" value="acc-inf"/><!-- der...SPD_CDU_Mehrheit -->
<feat xlink:href="#tok_89" value="acc-inf"/><!-- man -->
<feat xlink:href="#xpointer(id('tok_94')/range-to(id('tok_95')))" value="giv-active"/><!-- dem...Vorhaben -->
<feat xlink:href="#xpointer(id('tok_99')/range-to(id('tok_100')))" value="new"/><!-- der...Kammerakademie -->
<feat xlink:href="#xpointer(id('tok_102')/range-to(id('tok_103')))" value="acc-inf"/><!-- die...Verwaltung -->
<feat xlink:href="#xpointer(id('tok_118')/range-to(id('tok_119')))" value="idiom"/><!-- Das...FÃ¼llhorn -->
<feat xlink:href="#tok_124" value="new"/><!-- Kitas -->
<feat xlink:href="#tok_126" value="new"/><!-- Schulen -->
<feat xlink:href="#xpointer(id('tok_130')/range-to(id('tok_131')))" value="new"/><!-- der...Kooperationsvereinbarung -->
<feat xlink:href="#xpointer(id('tok_133')/range-to(id('tok_134')))" value="giv-inactive"/><!-- der...CDU -->
<feat xlink:href="#xpointer(id('tok_137')/range-to(id('tok_138')))" value="new"/><!-- deren...Zustimmung -->
<feat xlink:href="#xpointer(id('tok_141')/range-to(id('tok_142')))" value="idiom"/><!-- der...Tasche -->
<feat xlink:href="#xpointer(id('tok_144')/range-to(id('tok_145')))" value="new"/><!-- Die...PDS -->
<feat xlink:href="#xpointer(id('tok_152')/range-to(id('tok_155')))" value="acc-gen"/><!-- die...Investitionen -->
<feat xlink:href="#xpointer(id('tok_166')/range-to(id('tok_167')))" value="new"/><!-- der...Verkauf -->
<feat xlink:href="#tok_169" value="new"/><!-- Tafelsilber -->
<feat xlink:href="#xpointer(id('tok_171')/range-to(id('tok_172')))" value="giv-active"/><!-- Dieses...Problem -->
<feat xlink:href="#xpointer(id('tok_174')/range-to(id('tok_175')))" value="giv-inactive"/><!-- das...Haushaltsloch -->
<feat xlink:href="#tok_182" value="giv-inactive"/><!-- Bosse -->
<feat xlink:href="#xpointer(id('tok_184')/range-to(id('tok_185')))" value="idiom"/><!-- die...WÃ¼ste -->
</featList>

</sfb632_standard>
