<?xml version="1.0" encoding="UTF-8" standalone="no"?>


<!DOCTYPE sfb632_standard SYSTEM "sfb632_feat.dtd">
<sfb632_standard version="1.0">

<header sfb_id="exmaralda.maz-10205_Focus_newInf" type="Focus_newInf"/>

<featList xmlns:xlink="http://www.w3.org/1999/xlink" type="Focus_newInf" xml:base="tiger.ID_maz-10205.tok.xml">

<feat xlink:href="#tok_57" value="nf-unsol"/><!-- hÃ¶rt -->
<feat xlink:href="#xpointer(id('tok_64')/range-to(id('tok_66')))" value="nf-unsol"/><!-- inzwischen...weg -->
<feat xlink:href="#xpointer(id('tok_70')/range-to(id('tok_85')))" value="nf-unsol"/><!-- hat...wendet -->
<feat xlink:href="#xpointer(id('tok_91')/range-to(id('tok_98')))" value="nf-unsol"/><!-- die...verlieren -->
<feat xlink:href="#xpointer(id('tok_110')/range-to(id('tok_134')))" value="nf-unsol"/><!-- wollen...NormalbÃ¼rgern -->
<feat xlink:href="#xpointer(id('tok_138')/range-to(id('tok_144')))" value="nf-unsol"/><!-- hat...gewÃ¤hlt -->
<feat xlink:href="#xpointer(id('tok_146')/range-to(id('tok_147')))" value="nf-unsol"/><!-- also...ging -->
<feat xlink:href="#xpointer(id('tok_150')/range-to(id('tok_155')))" value="nf-unsol"/><!-- noch...zu -->
<feat xlink:href="#tok_158" value="nf-unsol"/><!-- lasen -->
<feat xlink:href="#xpointer(id('tok_164')/range-to(id('tok_166')))" value="nf-unsol"/><!-- nun...Leviten -->
</featList>

</sfb632_standard>
