<?xml version="1.0" encoding="UTF-8" standalone="no"?>


<!DOCTYPE sfb632_standard SYSTEM "sfb632_feat.dtd">
<sfb632_standard version="1.0">

<header sfb_id="exmaralda.maz-10205_Topic" type="Topic"/>

<featList xmlns:xlink="http://www.w3.org/1999/xlink" type="Topic" xml:base="tiger.ID_maz-10205.tok.xml">

<feat xlink:href="#xpointer(id('tok_4')/range-to(id('tok_17')))" value="ab"/><!-- den..., -->
<feat xlink:href="#tok_23" value="ab"/><!-- Das -->
<feat xlink:href="#xpointer(id('tok_34')/range-to(id('tok_38')))" value="ab"/><!-- die...Altgedienten -->
<feat xlink:href="#xpointer(id('tok_42')/range-to(id('tok_49')))" value="ab"/><!-- GÃ¼nter...Heym -->
<feat xlink:href="#tok_69" value="ab"/><!-- SchrÃ¶der -->
<feat xlink:href="#tok_89" value="ab"/><!-- er -->
<feat xlink:href="#xpointer(id('tok_107')/range-to(id('tok_109')))" value="ab"/><!-- Die...Autoren -->
<feat xlink:href="#xpointer(id('tok_136')/range-to(id('tok_137')))" value="ab"/><!-- Die...Nation -->
<feat xlink:href="#xpointer(id('tok_148')/range-to(id('tok_149')))" value="ab"/><!-- der...Bundeskanzler -->
<feat xlink:href="#tok_157" value="ab"/><!-- Die -->
<feat xlink:href="#xpointer(id('tok_159')/range-to(id('tok_163')))" value="ab"/><!-- dem...Brandt -->
<feat xlink:href="#xpointer(id('tok_173')/range-to(id('tok_175')))" value="ab"/><!-- die...Namen -->
</featList>

</sfb632_standard>
