<?xml version="1.0" encoding="UTF-8" standalone="no"?>


<!DOCTYPE sfb632_standard SYSTEM "sfb632_feat.dtd">
<sfb632_standard version="1.0">

<header sfb_id="exmaralda.maz-10205_NP" type="NP"/>

<featList xmlns:xlink="http://www.w3.org/1999/xlink" type="NP" xml:base="tiger.ID_maz-10205.tok.xml">

<feat xlink:href="#xpointer(id('tok_4')/range-to(id('tok_7')))" value="NP"/><!-- den...Schriftstellern -->
<feat xlink:href="#tok_9" value="NP"/><!-- die -->
<feat xlink:href="#xpointer(id('tok_11')/range-to(id('tok_12')))" value="NP"/><!-- Gerhard...SchrÃ¶der -->
<feat xlink:href="#tok_14" value="NP"/><!-- Samstagabend -->
<feat xlink:href="#xpointer(id('tok_19')/range-to(id('tok_21')))" value="NP"/><!-- kein...Gesicht -->
<feat xlink:href="#tok_23" value="NP"/><!-- Das -->
<feat xlink:href="#xpointer(id('tok_25')/range-to(id('tok_26')))" value="NP"/><!-- kein...Zufall -->
<feat xlink:href="#xpointer(id('tok_30')/range-to(id('tok_33')))" value="NP"/><!-- die...Autoren -->
<feat xlink:href="#xpointer(id('tok_34')/range-to(id('tok_36')))" value="NP"/><!-- die...Besserwisserei -->
<feat xlink:href="#xpointer(id('tok_37')/range-to(id('tok_38')))" value="NP"/><!-- der...Altgedienten -->
<feat xlink:href="#xpointer(id('tok_42')/range-to(id('tok_43')))" value="NP"/><!-- GÃ¼nter...Grass -->
<feat xlink:href="#xpointer(id('tok_45')/range-to(id('tok_46')))" value="NP"/><!-- Christa...Wolf -->
<feat xlink:href="#xpointer(id('tok_48')/range-to(id('tok_49')))" value="NP"/><!-- Stefan...Heym -->
<feat xlink:href="#xpointer(id('tok_51')/range-to(id('tok_52')))" value="NP"/><!-- politischen...Angelegenheiten -->
<feat xlink:href="#tok_54" value="NP"/><!-- Wort -->
<feat xlink:href="#xpointer(id('tok_58')/range-to(id('tok_63')))" value="NP"/><!-- ein...Intellektuellen -->
<feat xlink:href="#tok_69" value="NP"/><!-- SchrÃ¶der -->
<feat xlink:href="#tok_71" value="NP"/><!-- Angst -->
<feat xlink:href="#xpointer(id('tok_74')/range-to(id('tok_76')))" value="NP"/><!-- die...Meinung -->
<feat xlink:href="#xpointer(id('tok_78')/range-to(id('tok_79')))" value="NP"/><!-- der...Kriegsteilnahme -->
<feat xlink:href="#tok_84" value="NP"/><!-- ihn -->
<feat xlink:href="#tok_89" value="NP"/><!-- er -->
<feat xlink:href="#xpointer(id('tok_91')/range-to(id('tok_92')))" value="NP"/><!-- die...TuchfÃ¼hlung -->
<feat xlink:href="#xpointer(id('tok_94')/range-to(id('tok_95')))" value="NP"/><!-- den...MeinungsfÃ¼hrern -->
<feat xlink:href="#tok_105" value="NP"/><!-- sie -->
<feat xlink:href="#xpointer(id('tok_107')/range-to(id('tok_109')))" value="NP"/><!-- Die...Autoren -->
<feat xlink:href="#xpointer(id('tok_113')/range-to(id('tok_114')))" value="NP"/><!-- gute...BÃ¼cher -->
<feat xlink:href="#tok_121" value="NP"/><!-- sie -->
<feat xlink:href="#xpointer(id('tok_122')/range-to(id('tok_123')))" value="NP"/><!-- dem...Kanzler -->
<feat xlink:href="#tok_124" value="NP"/><!-- RatschlÃ¤ge -->
<feat xlink:href="#tok_128" value="NP"/><!-- die -->
<feat xlink:href="#tok_132" value="NP"/><!-- die -->
<feat xlink:href="#tok_134" value="NP"/><!-- NormalbÃ¼rgern -->
<feat xlink:href="#xpointer(id('tok_136')/range-to(id('tok_137')))" value="NP"/><!-- Die...Nation -->
<feat xlink:href="#xpointer(id('tok_141')/range-to(id('tok_143')))" value="NP"/><!-- keine...Klassensprecher -->
<feat xlink:href="#xpointer(id('tok_148')/range-to(id('tok_149')))" value="NP"/><!-- der...Bundeskanzler -->
<feat xlink:href="#xpointer(id('tok_153')/range-to(id('tok_154')))" value="NP"/><!-- die...alten -->
<feat xlink:href="#xpointer(id('tok_159')/range-to(id('tok_160')))" value="NP"/><!-- dem...Enkel -->
<feat xlink:href="#xpointer(id('tok_162')/range-to(id('tok_163')))" value="NP"/><!-- Willy...Brandt -->
<feat xlink:href="#xpointer(id('tok_165')/range-to(id('tok_166')))" value="NP"/><!-- die...Leviten -->
<feat xlink:href="#tok_168" value="NP"/><!-- GlÃ¼ck -->
<feat xlink:href="#xpointer(id('tok_173')/range-to(id('tok_175')))" value="NP"/><!-- die...Namen -->
<feat xlink:href="#xpointer(id('tok_178')/range-to(id('tok_179')))" value="NP"/><!-- wenig...AutoritÃ¤t -->
</featList>

</sfb632_standard>
