<?xml version="1.0" encoding="UTF-8" standalone="no"?>


<!DOCTYPE sfb632_standard SYSTEM "sfb632_feat.dtd">
<sfb632_standard version="1.0">

<header sfb_id="exmaralda.maz-10205_Inf-Stat" type="Inf-Stat"/>

<featList xmlns:xlink="http://www.w3.org/1999/xlink" type="Inf-Stat" xml:base="tiger.ID_maz-10205.tok.xml">

<feat xlink:href="#xpointer(id('tok_4')/range-to(id('tok_7')))" value="new"/><!-- den...Schriftstellern -->
<feat xlink:href="#tok_9" value="giv-active"/><!-- die -->
<feat xlink:href="#xpointer(id('tok_11')/range-to(id('tok_12')))" value="acc-gen"/><!-- Gerhard...SchrÃ¶der -->
<feat xlink:href="#xpointer(id('tok_19')/range-to(id('tok_21')))" value="acc-inf"/><!-- kein...Gesicht -->
<feat xlink:href="#tok_23" value="giv-active"/><!-- Das -->
<feat xlink:href="#xpointer(id('tok_30')/range-to(id('tok_33')))" value="new"/><!-- die...Autoren -->
<feat xlink:href="#xpointer(id('tok_34')/range-to(id('tok_36')))" value="new"/><!-- die...Besserwisserei -->
<feat xlink:href="#xpointer(id('tok_37')/range-to(id('tok_38')))" value="giv-active"/><!-- der...Altgedienten -->
<feat xlink:href="#xpointer(id('tok_42')/range-to(id('tok_43')))" value="acc-inf"/><!-- GÃ¼nter...Grass -->
<feat xlink:href="#xpointer(id('tok_45')/range-to(id('tok_46')))" value="acc-inf"/><!-- Christa...Wolf -->
<feat xlink:href="#xpointer(id('tok_48')/range-to(id('tok_49')))" value="acc-inf"/><!-- Stefan...Heym -->
<feat xlink:href="#xpointer(id('tok_51')/range-to(id('tok_52')))" value="acc-gen"/><!-- politischen...Angelegenheiten -->
<feat xlink:href="#tok_54" value="idiom"/><!-- Wort -->
<feat xlink:href="#xpointer(id('tok_58')/range-to(id('tok_63')))" value="acc-aggr"/><!-- ein...Intellektuellen -->
<feat xlink:href="#tok_69" value="giv-inactive"/><!-- SchrÃ¶der -->
<feat xlink:href="#xpointer(id('tok_74')/range-to(id('tok_76')))" value="new"/><!-- die...Meinung -->
<feat xlink:href="#xpointer(id('tok_78')/range-to(id('tok_79')))" value="acc-gen"/><!-- der...Kriegsteilnahme -->
<feat xlink:href="#tok_84" value="giv-active"/><!-- ihn -->
<feat xlink:href="#tok_89" value="giv-active"/><!-- er -->
<feat xlink:href="#xpointer(id('tok_91')/range-to(id('tok_92')))" value="idiom"/><!-- die...TuchfÃ¼hlung -->
<feat xlink:href="#xpointer(id('tok_94')/range-to(id('tok_95')))" value="acc-inf"/><!-- den...MeinungsfÃ¼hrern -->
<feat xlink:href="#tok_105" value="giv-active"/><!-- sie -->
<feat xlink:href="#xpointer(id('tok_107')/range-to(id('tok_109')))" value="giv-inactive"/><!-- Die...Autoren -->
<feat xlink:href="#xpointer(id('tok_113')/range-to(id('tok_114')))" value="new"/><!-- gute...BÃ¼cher -->
<feat xlink:href="#tok_121" value="giv-acitve"/><!-- sie -->
<feat xlink:href="#xpointer(id('tok_122')/range-to(id('tok_123')))" value="giv-inactive"/><!-- dem...Kanzler -->
<feat xlink:href="#tok_124" value="new"/><!-- RatschlÃ¤ge -->
<feat xlink:href="#tok_128" value="giv-active"/><!-- die -->
<feat xlink:href="#tok_132" value="giv-active"/><!-- die -->
<feat xlink:href="#tok_134" value="acc-gen"/><!-- NormalbÃ¼rgern -->
<feat xlink:href="#xpointer(id('tok_136')/range-to(id('tok_137')))" value="acc-gen"/><!-- Die...Nation -->
<feat xlink:href="#xpointer(id('tok_141')/range-to(id('tok_143')))" value="acc-inf"/><!-- keine...Klassensprecher -->
<feat xlink:href="#xpointer(id('tok_148')/range-to(id('tok_149')))" value="giv-active"/><!-- der...Bundeskanzler -->
<feat xlink:href="#xpointer(id('tok_153')/range-to(id('tok_154')))" value="acc-inf"/><!-- die...alten -->
<feat xlink:href="#tok_157" value="giv-active"/><!-- Die -->
<feat xlink:href="#xpointer(id('tok_159')/range-to(id('tok_160')))" value="acc-gen"/><!-- dem...Enkel -->
<feat xlink:href="#xpointer(id('tok_162')/range-to(id('tok_163')))" value="acc-gen"/><!-- Willy...Brandt -->
<feat xlink:href="#xpointer(id('tok_165')/range-to(id('tok_166')))" value="idiom"/><!-- die...Leviten -->
<feat xlink:href="#xpointer(id('tok_169')/range-to(id('tok_170')))" value="giv-active"/><!-- fÃ¼r...SchrÃ¶der -->
<feat xlink:href="#xpointer(id('tok_173')/range-to(id('tok_175')))" value="giv-active"/><!-- die...Namen -->
</featList>

</sfb632_standard>
