<?xml version="1.0" encoding="UTF-8" standalone="no"?>


<!DOCTYPE sfb632_standard SYSTEM "sfb632_feat.dtd">
<sfb632_standard version="1.0">

<header sfb_id="exmaralda.maz-10205_PP" type="PP"/>

<featList xmlns:xlink="http://www.w3.org/1999/xlink" type="PP" xml:base="tiger.ID_maz-10205.tok.xml">

<feat xlink:href="#xpointer(id('tok_3')/range-to(id('tok_7')))" value="PP"/><!-- Unter...Schriftstellern -->
<feat xlink:href="#xpointer(id('tok_10')/range-to(id('tok_12')))" value="PP"/><!-- von...SchrÃ¶der -->
<feat xlink:href="#xpointer(id('tok_13')/range-to(id('tok_14')))" value="PP"/><!-- am...Samstagabend -->
<feat xlink:href="#xpointer(id('tok_50')/range-to(id('tok_52')))" value="PP"/><!-- in...Angelegenheiten -->
<feat xlink:href="#xpointer(id('tok_53')/range-to(id('tok_54')))" value="PP"/><!-- zu...Wort -->
<feat xlink:href="#xpointer(id('tok_77')/range-to(id('tok_79')))" value="PP"/><!-- wegen...Kriegsteilnahme -->
<feat xlink:href="#xpointer(id('tok_83')/range-to(id('tok_84')))" value="PP"/><!-- gegen...ihn -->
<feat xlink:href="#xpointer(id('tok_93')/range-to(id('tok_95')))" value="PP"/><!-- zu...MeinungsfÃ¼hrern -->
<feat xlink:href="#xpointer(id('tok_133')/range-to(id('tok_134')))" value="PP"/><!-- von...NormalbÃ¼rgern -->
<feat xlink:href="#xpointer(id('tok_152')/range-to(id('tok_154')))" value="PP"/><!-- auf...alten -->
<feat xlink:href="#xpointer(id('tok_161')/range-to(id('tok_163')))" value="PP"/><!-- von...Brandt -->
<feat xlink:href="#xpointer(id('tok_169')/range-to(id('tok_170')))" value="PP"/><!-- fÃ¼r...SchrÃ¶der -->
</featList>

</sfb632_standard>
