<?xml version="1.0" encoding="UTF-8" standalone="no"?>


<!DOCTYPE sfb632_standard SYSTEM "sfb632_feat.dtd">
<sfb632_standard version="1.0">

<header sfb_id="exmaralda.maz-10205_Sent" type="Sent"/>

<featList xmlns:xlink="http://www.w3.org/1999/xlink" type="Sent" xml:base="tiger.ID_maz-10205.tok.xml">

<feat xlink:href="#xpointer(id('tok_3')/range-to(id('tok_22')))" value="s"/><!-- Unter.... -->
<feat xlink:href="#xpointer(id('tok_23')/range-to(id('tok_39')))" value="s"/><!-- Das.... -->
<feat xlink:href="#xpointer(id('tok_40')/range-to(id('tok_67')))" value="s"/><!-- Wenn.... -->
<feat xlink:href="#xpointer(id('tok_68')/range-to(id('tok_86')))" value="s"/><!-- Doch.... -->
<feat xlink:href="#xpointer(id('tok_87')/range-to(id('tok_99')))" value="s"/><!-- Deshalb.... -->
<feat xlink:href="#xpointer(id('tok_100')/range-to(id('tok_106')))" value="s"/><!-- Doch...? -->
<feat xlink:href="#xpointer(id('tok_107')/range-to(id('tok_135')))" value="s"/><!-- Die.... -->
<feat xlink:href="#xpointer(id('tok_136')/range-to(id('tok_156')))" value="s"/><!-- Die.... -->
<feat xlink:href="#xpointer(id('tok_157')/range-to(id('tok_167')))" value="s"/><!-- Die.... -->
<feat xlink:href="#xpointer(id('tok_168')/range-to(id('tok_180')))" value="s"/><!-- GlÃ¼ck...besitzen -->
</featList>

</sfb632_standard>
