<?xml version="1.0" encoding="UTF-8" standalone="no"?>
<!DOCTYPE sfb632_standard SYSTEM "sfb632_feat.dtd">
<sfb632_standard version="1.0">


<header sfb_id="mmax.maz-10374.annoFeat" type="annoFeat"/>

<featList xmlns:xlink="http://www.w3.org/1999/xlink" type="annoFeat" xml:base="mmax.maz-10374.anno.xml">

<feat xlink:href="#anno_1" value="primmarkSeg"/>
<feat xlink:href="#rel_2" value="complex_np"/>
<feat xlink:href="#rel_3" value="grammatical_role"/>
<feat xlink:href="#rel_4" value="np_form"/>
<feat xlink:href="#rel_5" value="phrase_type"/>
<feat xlink:href="#anno_2" value="text"/>
<feat xlink:href="#anno_3" value="tok"/>
<feat xlink:href="#rel_8" value="sent"/>

</featList>
</sfb632_standard>
