<?xml version="1.0" standalone="no"?>
<!DOCTYPE sfb632_standard SYSTEM "sfb632_mark.dtd">


<sfb632_standard version="1.0">
<header sfb_id="urml.maz-16153_tok" type="tok"/>

<markList xmlns:xlink="http://www.w3.org/1999/xlink" type="tok" xml:base="urml.maz-16153.text.xml">
<mark id="tok_1" xlink:href="#xpointer(string-range(//body,'',1,5))"/><!-- Alles -->
<mark id="tok_2" xlink:href="#xpointer(string-range(//body,'',7,5))"/><!-- offen -->
<mark id="tok_3" xlink:href="#xpointer(string-range(//body,'',13,2))"/><!-- In -->
<mark id="tok_4" xlink:href="#xpointer(string-range(//body,'',16,6))"/><!-- Berlin -->
<mark id="tok_5" xlink:href="#xpointer(string-range(//body,'',23,5))"/><!-- haben -->
<mark id="tok_6" xlink:href="#xpointer(string-range(//body,'',29,3))"/><!-- die -->
<mark id="tok_7" xlink:href="#xpointer(string-range(//body,'',33,9))"/><!-- rot_roten -->
<mark id="tok_8" xlink:href="#xpointer(string-range(//body,'',43,19))"/><!-- Verhandlungspartner -->
<mark id="tok_9" xlink:href="#xpointer(string-range(//body,'',63,4))"/><!-- eine -->
<mark id="tok_10" xlink:href="#xpointer(string-range(//body,'',68,8))"/><!-- wichtige -->
<mark id="tok_11" xlink:href="#xpointer(string-range(//body,'',77,5))"/><!-- Regel -->
<mark id="tok_12" xlink:href="#xpointer(string-range(//body,'',83,3))"/><!-- von -->
<mark id="tok_13" xlink:href="#xpointer(string-range(//body,'',87,16))"/><!-- Koalitionsrunden -->
<mark id="tok_14" xlink:href="#xpointer(string-range(//body,'',104,7))"/><!-- befolgt -->
<mark id="tok_15" xlink:href="#xpointer(string-range(//body,'',112,1))"/><!-- , -->
<mark id="tok_16" xlink:href="#xpointer(string-range(//body,'',114,7))"/><!-- nÃ¤mlich -->
<mark id="tok_17" xlink:href="#xpointer(string-range(//body,'',122,3))"/><!-- die -->
<mark id="tok_18" xlink:href="#xpointer(string-range(//body,'',126,1))"/><!-- " -->
<mark id="tok_19" xlink:href="#xpointer(string-range(//body,'',128,6))"/><!-- heiÃen -->
<mark id="tok_20" xlink:href="#xpointer(string-range(//body,'',135,5))"/><!-- Eisen -->
<mark id="tok_21" xlink:href="#xpointer(string-range(//body,'',141,1))"/><!-- " -->
<mark id="tok_22" xlink:href="#xpointer(string-range(//body,'',143,9))"/><!-- mÃ¶glichst -->
<mark id="tok_23" xlink:href="#xpointer(string-range(//body,'',153,6))"/><!-- gleich -->
<mark id="tok_24" xlink:href="#xpointer(string-range(//body,'',160,10))"/><!-- anzupacken -->
<mark id="tok_25" xlink:href="#xpointer(string-range(//body,'',171,1))"/><!-- . -->
<mark id="tok_26" xlink:href="#xpointer(string-range(//body,'',173,7))"/><!-- Olympia -->
<mark id="tok_27" xlink:href="#xpointer(string-range(//body,'',181,3))"/><!-- war -->
<mark id="tok_28" xlink:href="#xpointer(string-range(//body,'',185,3))"/><!-- ein -->
<mark id="tok_29" xlink:href="#xpointer(string-range(//body,'',189,1))"/><!-- " -->
<mark id="tok_30" xlink:href="#xpointer(string-range(//body,'',191,6))"/><!-- heiÃes -->
<mark id="tok_31" xlink:href="#xpointer(string-range(//body,'',198,5))"/><!-- Eisen -->
<mark id="tok_32" xlink:href="#xpointer(string-range(//body,'',204,1))"/><!-- " -->
<mark id="tok_33" xlink:href="#xpointer(string-range(//body,'',206,1))"/><!-- , -->
<mark id="tok_34" xlink:href="#xpointer(string-range(//body,'',208,3))"/><!-- das -->
<mark id="tok_35" xlink:href="#xpointer(string-range(//body,'',212,6))"/><!-- andere -->
<mark id="tok_36" xlink:href="#xpointer(string-range(//body,'',219,3))"/><!-- der -->
<mark id="tok_37" xlink:href="#xpointer(string-range(//body,'',223,6))"/><!-- Ausbau -->
<mark id="tok_38" xlink:href="#xpointer(string-range(//body,'',230,11))"/><!-- SchÃ¶nefelds -->
<mark id="tok_39" xlink:href="#xpointer(string-range(//body,'',242,1))"/><!-- . -->
<mark id="tok_40" xlink:href="#xpointer(string-range(//body,'',244,3))"/><!-- Die -->
<mark id="tok_41" xlink:href="#xpointer(string-range(//body,'',248,6))"/><!-- Absage -->
<mark id="tok_42" xlink:href="#xpointer(string-range(//body,'',255,2))"/><!-- an -->
<mark id="tok_43" xlink:href="#xpointer(string-range(//body,'',258,4))"/><!-- eine -->
<mark id="tok_44" xlink:href="#xpointer(string-range(//body,'',263,16))"/><!-- Olympiabewerbung -->
<mark id="tok_45" xlink:href="#xpointer(string-range(//body,'',280,3))"/><!-- und -->
<mark id="tok_46" xlink:href="#xpointer(string-range(//body,'',284,3))"/><!-- der -->
<mark id="tok_47" xlink:href="#xpointer(string-range(//body,'',288,7))"/><!-- Verweis -->
<mark id="tok_48" xlink:href="#xpointer(string-range(//body,'',296,3))"/><!-- auf -->
<mark id="tok_49" xlink:href="#xpointer(string-range(//body,'',300,3))"/><!-- die -->
<mark id="tok_50" xlink:href="#xpointer(string-range(//body,'',304,8))"/><!-- desolate -->
<mark id="tok_51" xlink:href="#xpointer(string-range(//body,'',313,13))"/><!-- Haushaltslage -->
<mark id="tok_52" xlink:href="#xpointer(string-range(//body,'',327,4))"/><!-- sind -->
<mark id="tok_53" xlink:href="#xpointer(string-range(//body,'',332,12))"/><!-- einleuchtend -->
<mark id="tok_54" xlink:href="#xpointer(string-range(//body,'',345,1))"/><!-- . -->
<mark id="tok_55" xlink:href="#xpointer(string-range(//body,'',347,4))"/><!-- Weit -->
<mark id="tok_56" xlink:href="#xpointer(string-range(//body,'',352,12))"/><!-- verwirrender -->
<mark id="tok_57" xlink:href="#xpointer(string-range(//body,'',365,3))"/><!-- ist -->
<mark id="tok_58" xlink:href="#xpointer(string-range(//body,'',369,3))"/><!-- das -->
<mark id="tok_59" xlink:href="#xpointer(string-range(//body,'',373,15))"/><!-- Flughafen_Votum -->
<mark id="tok_60" xlink:href="#xpointer(string-range(//body,'',389,1))"/><!-- . -->
<mark id="tok_61" xlink:href="#xpointer(string-range(//body,'',391,4))"/><!-- Nach -->
<mark id="tok_62" xlink:href="#xpointer(string-range(//body,'',396,5))"/><!-- auÃen -->
<mark id="tok_63" xlink:href="#xpointer(string-range(//body,'',402,4))"/><!-- wird -->
<mark id="tok_64" xlink:href="#xpointer(string-range(//body,'',407,3))"/><!-- der -->
<mark id="tok_65" xlink:href="#xpointer(string-range(//body,'',411,8))"/><!-- Eindruck -->
<mark id="tok_66" xlink:href="#xpointer(string-range(//body,'',420,10))"/><!-- vermittelt -->
<mark id="tok_67" xlink:href="#xpointer(string-range(//body,'',431,1))"/><!-- , -->
<mark id="tok_68" xlink:href="#xpointer(string-range(//body,'',433,3))"/><!-- ein -->
<mark id="tok_69" xlink:href="#xpointer(string-range(//body,'',437,11))"/><!-- Streitthema -->
<mark id="tok_70" xlink:href="#xpointer(string-range(//body,'',449,3))"/><!-- sei -->
<mark id="tok_71" xlink:href="#xpointer(string-range(//body,'',453,3))"/><!-- vom -->
<mark id="tok_72" xlink:href="#xpointer(string-range(//body,'',457,5))"/><!-- Tisch -->
<mark id="tok_73" xlink:href="#xpointer(string-range(//body,'',463,1))"/><!-- , -->
<mark id="tok_74" xlink:href="#xpointer(string-range(//body,'',465,3))"/><!-- die -->
<mark id="tok_75" xlink:href="#xpointer(string-range(//body,'',469,3))"/><!-- PDS -->
<mark id="tok_76" xlink:href="#xpointer(string-range(//body,'',473,4))"/><!-- habe -->
<mark id="tok_77" xlink:href="#xpointer(string-range(//body,'',478,5))"/><!-- klein -->
<mark id="tok_78" xlink:href="#xpointer(string-range(//body,'',484,10))"/><!-- beigegeben -->
<mark id="tok_79" xlink:href="#xpointer(string-range(//body,'',495,1))"/><!-- . -->
<mark id="tok_80" xlink:href="#xpointer(string-range(//body,'',497,4))"/><!-- Doch -->
<mark id="tok_81" xlink:href="#xpointer(string-range(//body,'',502,4))"/><!-- beim -->
<mark id="tok_82" xlink:href="#xpointer(string-range(//body,'',507,7))"/><!-- genauen -->
<mark id="tok_83" xlink:href="#xpointer(string-range(//body,'',515,5))"/><!-- Lesen -->
<mark id="tok_84" xlink:href="#xpointer(string-range(//body,'',521,3))"/><!-- des -->
<mark id="tok_85" xlink:href="#xpointer(string-range(//body,'',525,11))"/><!-- Beschlusses -->
<mark id="tok_86" xlink:href="#xpointer(string-range(//body,'',537,4))"/><!-- wird -->
<mark id="tok_87" xlink:href="#xpointer(string-range(//body,'',542,8))"/><!-- deutlich -->
<mark id="tok_88" xlink:href="#xpointer(string-range(//body,'',551,1))"/><!-- : -->
<mark id="tok_89" xlink:href="#xpointer(string-range(//body,'',553,3))"/><!-- Die -->
<mark id="tok_90" xlink:href="#xpointer(string-range(//body,'',557,19))"/><!-- Verhandlungspartner -->
<mark id="tok_91" xlink:href="#xpointer(string-range(//body,'',577,5))"/><!-- haben -->
<mark id="tok_92" xlink:href="#xpointer(string-range(//body,'',583,4))"/><!-- eine -->
<mark id="tok_93" xlink:href="#xpointer(string-range(//body,'',588,10))"/><!-- geschickte -->
<mark id="tok_94" xlink:href="#xpointer(string-range(//body,'',599,1))"/><!-- , -->
<mark id="tok_95" xlink:href="#xpointer(string-range(//body,'',601,4))"/><!-- weil -->
<mark id="tok_96" xlink:href="#xpointer(string-range(//body,'',606,4))"/><!-- weit -->
<mark id="tok_97" xlink:href="#xpointer(string-range(//body,'',611,16))"/><!-- interpretierbare -->
<mark id="tok_98" xlink:href="#xpointer(string-range(//body,'',628,6))"/><!-- Formel -->
<mark id="tok_99" xlink:href="#xpointer(string-range(//body,'',635,8))"/><!-- gefunden -->
<mark id="tok_100" xlink:href="#xpointer(string-range(//body,'',644,1))"/><!-- , -->
<mark id="tok_101" xlink:href="#xpointer(string-range(//body,'',646,3))"/><!-- mit -->
<mark id="tok_102" xlink:href="#xpointer(string-range(//body,'',650,3))"/><!-- der -->
<mark id="tok_103" xlink:href="#xpointer(string-range(//body,'',654,3))"/><!-- sie -->
<mark id="tok_104" xlink:href="#xpointer(string-range(//body,'',658,4))"/><!-- sich -->
<mark id="tok_105" xlink:href="#xpointer(string-range(//body,'',663,5))"/><!-- gegen -->
<mark id="tok_106" xlink:href="#xpointer(string-range(//body,'',669,4))"/><!-- alle -->
<mark id="tok_107" xlink:href="#xpointer(string-range(//body,'',674,7))"/><!-- Risiken -->
<mark id="tok_108" xlink:href="#xpointer(string-range(//body,'',682,9))"/><!-- absichern -->
<mark id="tok_109" xlink:href="#xpointer(string-range(//body,'',692,1))"/><!-- . -->
<mark id="tok_110" xlink:href="#xpointer(string-range(//body,'',694,4))"/><!-- Zwar -->
<mark id="tok_111" xlink:href="#xpointer(string-range(//body,'',699,4))"/><!-- wird -->
<mark id="tok_112" xlink:href="#xpointer(string-range(//body,'',704,3))"/><!-- das -->
<mark id="tok_113" xlink:href="#xpointer(string-range(//body,'',708,26))"/><!-- Planfeststellungsverfahren -->
<mark id="tok_114" xlink:href="#xpointer(string-range(//body,'',735,11))"/><!-- fortgesetzt -->
<mark id="tok_115" xlink:href="#xpointer(string-range(//body,'',747,1))"/><!-- , -->
<mark id="tok_116" xlink:href="#xpointer(string-range(//body,'',749,4))"/><!-- weil -->
<mark id="tok_117" xlink:href="#xpointer(string-range(//body,'',754,4))"/><!-- auch -->
<mark id="tok_118" xlink:href="#xpointer(string-range(//body,'',759,3))"/><!-- die -->
<mark id="tok_119" xlink:href="#xpointer(string-range(//body,'',763,3))"/><!-- PDS -->
<mark id="tok_120" xlink:href="#xpointer(string-range(//body,'',767,8))"/><!-- erkennen -->
<mark id="tok_121" xlink:href="#xpointer(string-range(//body,'',776,6))"/><!-- musste -->
<mark id="tok_122" xlink:href="#xpointer(string-range(//body,'',783,1))"/><!-- , -->
<mark id="tok_123" xlink:href="#xpointer(string-range(//body,'',785,4))"/><!-- dass -->
<mark id="tok_124" xlink:href="#xpointer(string-range(//body,'',790,2))"/><!-- es -->
<mark id="tok_125" xlink:href="#xpointer(string-range(//body,'',793,4))"/><!-- kein -->
<mark id="tok_126" xlink:href="#xpointer(string-range(//body,'',798,6))"/><!-- ZurÃ¼ck -->
<mark id="tok_127" xlink:href="#xpointer(string-range(//body,'',805,4))"/><!-- gibt -->
<mark id="tok_128" xlink:href="#xpointer(string-range(//body,'',810,1))"/><!-- , -->
<mark id="tok_129" xlink:href="#xpointer(string-range(//body,'',812,4))"/><!-- doch -->
<mark id="tok_130" xlink:href="#xpointer(string-range(//body,'',817,3))"/><!-- die -->
<mark id="tok_131" xlink:href="#xpointer(string-range(//body,'',821,8))"/><!-- Bedenken -->
<mark id="tok_132" xlink:href="#xpointer(string-range(//body,'',830,7))"/><!-- bleiben -->
<mark id="tok_133" xlink:href="#xpointer(string-range(//body,'',838,1))"/><!-- . -->
<mark id="tok_134" xlink:href="#xpointer(string-range(//body,'',840,3))"/><!-- Wie -->
<mark id="tok_135" xlink:href="#xpointer(string-range(//body,'',844,2))"/><!-- es -->
<mark id="tok_136" xlink:href="#xpointer(string-range(//body,'',847,10))"/><!-- weitergeht -->
<mark id="tok_137" xlink:href="#xpointer(string-range(//body,'',858,1))"/><!-- , -->
<mark id="tok_138" xlink:href="#xpointer(string-range(//body,'',860,4))"/><!-- wenn -->
<mark id="tok_139" xlink:href="#xpointer(string-range(//body,'',865,3))"/><!-- die -->
<mark id="tok_140" xlink:href="#xpointer(string-range(//body,'',869,14))"/><!-- Privatisierung -->
<mark id="tok_141" xlink:href="#xpointer(string-range(//body,'',884,3))"/><!-- der -->
<mark id="tok_142" xlink:href="#xpointer(string-range(//body,'',888,21))"/><!-- Flughafengesellschaft -->
<mark id="tok_143" xlink:href="#xpointer(string-range(//body,'',910,5))"/><!-- nicht -->
<mark id="tok_144" xlink:href="#xpointer(string-range(//body,'',916,8))"/><!-- zustande -->
<mark id="tok_145" xlink:href="#xpointer(string-range(//body,'',925,5))"/><!-- kommt -->
<mark id="tok_146" xlink:href="#xpointer(string-range(//body,'',931,1))"/><!-- , -->
<mark id="tok_147" xlink:href="#xpointer(string-range(//body,'',933,5))"/><!-- steht -->
<mark id="tok_148" xlink:href="#xpointer(string-range(//body,'',939,2))"/><!-- in -->
<mark id="tok_149" xlink:href="#xpointer(string-range(//body,'',942,3))"/><!-- den -->
<mark id="tok_150" xlink:href="#xpointer(string-range(//body,'',946,7))"/><!-- Sternen -->
<mark id="tok_151" xlink:href="#xpointer(string-range(//body,'',954,1))"/><!-- . -->
</markList>
</sfb632_standard>
