<?xml version="1.0" standalone="no"?>


<!DOCTYPE paula SYSTEM "paula_feat.dtd">
<paula version="1.0">

<header paula_id="align.parallel.sample_align_g-e_type"/>

<featList xmlns:xlink="http://www.w3.org/1999/xlink" type="type" xml:base="align.parallel.sample.align_g-e.xml">

<feat xlink:href="#rel_1" value="good"/>
<feat xlink:href="#rel_2" value="good"/>
<feat xlink:href="#rel_3" value="good"/>
<feat xlink:href="#rel_4" value="fuzzy"/>
<feat xlink:href="#rel_5" value="good"/>
</featList>

</paula>
