<?xml version="1.0" standalone="no"?>
<!DOCTYPE paula SYSTEM "paula_rel.dtd">


<paula version="1.0">

<header paula_id="align.parallel.sample_align_e-g"/>

<relList xmlns:xlink="http://www.w3.org/1999/xlink" type="align_e-g">

<rel id="rel_1" xlink:href="english.parallel.sample.tok.xml#tok_1" target="german.parallel.sample.tok.xml#tok_1"/>
<rel id="rel_2" xlink:href="english.parallel.sample.tok.xml#tok_2" target="german.parallel.sample.tok.xml#tok_2"/>
<rel id="rel_3" xlink:href="english.parallel.sample.tok.xml#tok_3" target="german.parallel.sample.tok.xml#tok_3"/>
<rel id="rel_4" xlink:href="english.parallel.sample.tok.xml#tok_4" target="german.parallel.sample.tok.xml#tok_4"/>
<rel id="rel_5" xlink:href="english.parallel.sample.tok.xml#tok_5" target="german.parallel.sample.tok.xml#tok_5"/>


</relList>
</paula>