﻿<?xml version="1.0" encoding="UTF-8" standalone="no"?>

<!DOCTYPE paula SYSTEM "paula_feat.dtd">
<paula version="1.0">

<header paula_id="english.parallel.sample_pos"/>

<featList xmlns:xlink="http://www.w3.org/1999/xlink" type="pos" xml:base="english.parallel.sample.tok.xml">
<feat xlink:href="#tok_1" value="DT"/><!-- This -->
<feat xlink:href="#tok_2" value="VBZ"/><!-- is -->
<feat xlink:href="#tok_3" value="DT"/><!-- an -->
<feat xlink:href="#tok_4" value="NN"/><!-- example -->
<feat xlink:href="#tok_5" value="."/><!-- . -->
</featList>
</paula>
