<?xml version="1.0" standalone="no"?>
<!DOCTYPE paula SYSTEM "paula_struct.dtd">


<paula version="1.0">
<header paula_id="english.SMULTRON_EN_Banana_w_id_const"/>

<structList xmlns:xlink="http://www.w3.org/1999/xlink" type="const">
<struct id="const_1">
<rel id="rel_1" type="edge" xlink:href="english.parallel.sample.tok.xml#tok_1"/>
<rel id="rel_2" type="edge" xlink:href="english.parallel.sample.tok.xml#tok_2"/>
<rel id="rel_3" type="edge" xlink:href="english.parallel.sample.tok.xml#tok_3"/>
<rel id="rel_4" type="edge" xlink:href="english.parallel.sample.tok.xml#tok_4"/>
<rel id="rel_5" type="edge" xlink:href="english.parallel.sample.tok.xml#tok_5"/>
</struct>
</structList>
</paula>
