﻿<?xml version="1.0" encoding="UTF-8" standalone="no"?>

<!DOCTYPE paula SYSTEM "paula_feat.dtd">
<paula version="1.0">

<header paula_id="english.parallel.sample_lemma"/>

<featList xmlns:xlink="http://www.w3.org/1999/xlink" type="lemma" xml:base="english.parallel.sample.tok.xml">
<feat xlink:href="#tok_1" value="this"/><!-- This -->
<feat xlink:href="#tok_2" value="be"/><!-- is -->
<feat xlink:href="#tok_3" value="a"/><!-- an -->
<feat xlink:href="#tok_4" value="example"/><!-- example -->
<feat xlink:href="#tok_5" value="."/><!-- . -->
</featList>
</paula>
