﻿<?xml version="1.0" standalone="no"?>

<!DOCTYPE paula SYSTEM "paula_mark.dtd">
<paula version="1.0">

<header paula_id="english.parallel.sample_tok"/>

<markList xmlns:xlink="http://www.w3.org/1999/xlink" type="tok" xml:base="english.parallel.sample.text.xml">
<mark id="tok_1" xlink:href="#xpointer(string-range(//body,'',1,4))"/><!-- This -->
<mark id="tok_2" xlink:href="#xpointer(string-range(//body,'',6,2))"/><!-- is -->
<mark id="tok_3" xlink:href="#xpointer(string-range(//body,'',9,2))"/><!-- an -->
<mark id="tok_4" xlink:href="#xpointer(string-range(//body,'',12,7))"/><!-- example -->
<mark id="tok_5" xlink:href="#xpointer(string-range(//body,'',20,1))"/><!-- . -->
</markList>
</paula>
