﻿<?xml version="1.0" encoding="UTF-8" standalone="no"?>

<!DOCTYPE paula SYSTEM "paula_feat.dtd">
<paula version="1.0">

<header paula_id="german.parallel.sample_pos"/>

<featList xmlns:xlink="http://www.w3.org/1999/xlink" type="pos" xml:base="german.parallel.sample.tok.xml">
<feat xlink:href="#tok_1" value="PDS"/><!-- This -->
<feat xlink:href="#tok_2" value="VAFIN"/><!-- is -->
<feat xlink:href="#tok_3" value="ART"/><!-- an -->
<feat xlink:href="#tok_4" value="NN"/><!-- example -->
<feat xlink:href="#tok_5" value="$."/><!-- . -->
</featList>
</paula>
