﻿<?xml version="1.0" standalone="no"?>

<!DOCTYPE paula SYSTEM "paula_mark.dtd">
<paula version="1.0">

<header paula_id="german.parallel.sample_tok"/>

<markList xmlns:xlink="http://www.w3.org/1999/xlink" type="tok" xml:base="german.parallel.sample.text.xml">
<mark id="tok_1" xlink:href="#xpointer(string-range(//body,'',1,3))"/><!-- Das -->
<mark id="tok_2" xlink:href="#xpointer(string-range(//body,'',5,3))"/><!-- ist -->
<mark id="tok_3" xlink:href="#xpointer(string-range(//body,'',9,3))"/><!-- ein -->
<mark id="tok_4" xlink:href="#xpointer(string-range(//body,'',13,12))"/><!-- Beispielsatz -->
<mark id="tok_5" xlink:href="#xpointer(string-range(//body,'',26,1))"/><!-- . -->
</markList>
</paula>
