<?xml version="1.0" encoding="UTF-8" standalone="no"?>
<!DOCTYPE paula SYSTEM "paula_struct.dtd">

<paula version="1.0">
 <header paula_id="merged.parallel.sample.annoSet" />
 <structList xmlns:xlink="http://www.w3.org/1999/xlink" type="annoSet">
  <struct id="anno_1">
   <rel id="rel_1" xlink:href="german.parallel.sample.text.xml" />
   <rel id="rel_2" xlink:href="german.parallel.sample.tok.xml" />
   <rel id="rel_3" xlink:href="german.parallel.sample.tok_pos.xml" />
   <rel id="rel_4" xlink:href="german.parallel.sample.tok_lemma.xml" />
  </struct>
    <struct id="anno_2">
     <rel id="rel_5" xlink:href="english.parallel.sample.text.xml" />
     <rel id="rel_6" xlink:href="english.parallel.sample.tok.xml" />
     <rel id="rel_7" xlink:href="english.parallel.sample.tok_pos.xml" />
     <rel id="rel_8" xlink:href="english.parallel.sample.tok_lemma.xml" />
    </struct>
    <struct id="anno_3">
     <rel id="rel_9" xlink:href="align.parallel.sample.align_g-e.xml" />
     <rel id="rel_10" xlink:href="align.parallel.sample.align_g-e_type.xml" />
     <rel id="rel_11" xlink:href="align.parallel.sample.align_e-g.xml" />
     <rel id="rel_12" xlink:href="align.parallel.sample.align_e-g_type.xml" />
    </struct>
 </structList>
</paula>