<?xml version="1.0" encoding="UTF-8" standalone="no"?>
<!DOCTYPE paula SYSTEM "paula_feat.dtd">

<paula version="1.0">
 <header paula_id="merged.parallel.sample.annoFeat" />
 <featList type="annoFeat" xml:base="merged.parallel.sample.anno.xml" xmlns:xlink="http://www.w3.org/1999/xlink">
  <feat xlink:href="#rel_1" value="text" />
  <feat xlink:href="#rel_2" value="tok" />
  <feat xlink:href="#rel_3" value="pos" />
  <feat xlink:href="#rel_4" value="lemma" />
  <feat xlink:href="#rel_5" value="text" />
  <feat xlink:href="#rel_6" value="tok" />
  <feat xlink:href="#rel_7" value="pos" />
  <feat xlink:href="#rel_8" value="lemma" />
  <feat xlink:href="#rel_9" value="align_g-e" />
  <feat xlink:href="#rel_10" value="type" />
  <feat xlink:href="#rel_11" value="align_e-g" />
  <feat xlink:href="#rel_12" value="type" />
 </featList>
</paula>