<?xml version="1.0" encoding="UTF-8" standalone="no"?>
<!DOCTYPE paula SYSTEM "paula_feat.dtd">

<paula version="1.0">
<header paula_id="b4.type_syl_no_value" type="typeValue"/>

<featList xmlns:xlink="http://www.w3.org/1999/xlink" type="value" xml:base="b4.type_syl_no.xml">
>

 <feat xlink:href="#0" value="0"/>
 <feat xlink:href="#1" value="1"/>
 <feat xlink:href="#2" value="2"/>
 <feat xlink:href="#3" value="3"/>
 <feat xlink:href="#4" value="4"/>
 <feat xlink:href="#5" value="5"/>

</featList>

</paula>
