<?xml version="1.0" encoding="UTF-8" standalone="no"?>
<!DOCTYPE paula SYSTEM "paula_feat.dtd">

<paula version="1.0">
<header paula_id="d2.type_int-tones_value" type="typeValue"/>

<featList xmlns:xlink="http://www.w3.org/1999/xlink" type="value" xml:base="d2.type_int-tones.xml">
>

 <feat xlink:href="#%H" value="%H"/>
 <feat xlink:href="#%H*" value="%H*"/>
 <feat xlink:href="#H*" value="H*"/>
 <feat xlink:href="#H%" value="H%"/>
 <feat xlink:href="#%L" value="%L"/>
 <feat xlink:href="#L*" value="L*"/>
 <feat xlink:href="#L%" value="L%"/>
 <feat xlink:href="#%LH" value="%LH"/>
 <feat xlink:href="#%LH*" value="%LH*"/>
 <feat xlink:href="#LH%" value="LH%"/>

</featList>

</paula>
