<?xml version="1.0" encoding="UTF-8" standalone="no"?>
<!DOCTYPE paula SYSTEM "paula_feat.dtd">

<paula version="1.0">
<header paula_id="d2.type_lex-tones_value" type="typeValue"/>

<featList xmlns:xlink="http://www.w3.org/1999/xlink" type="value" xml:base="d2.type_lex-tones.xml">
>

 <feat xlink:href="#H" value="H"/>
 <feat xlink:href="#HH" value="HH"/>
 <feat xlink:href="#HHL" value="HHL"/>
 <feat xlink:href="#HL" value="HL"/>
 <feat xlink:href="#HLL" value="HLL"/>
 <feat xlink:href="#L" value="L"/>
 <feat xlink:href="#LH" value="LH"/>
 <feat xlink:href="#LHH" value="LHH"/>
 <feat xlink:href="#LHL" value="LHL"/>
 <feat xlink:href="#LL" value="LL"/>
 <feat xlink:href="#LLH" value="LLH"/>
 <feat xlink:href="#LLHH" value="LLHH"/>
 <feat xlink:href="#LLHL" value="LLHL"/>
 <feat xlink:href="#LLHLL" value="LLHLL"/>

</featList>

</paula>
