<?xml version="1.0" encoding="UTF-8" standalone="no"?>
<!DOCTYPE paula SYSTEM "paula_struct.dtd">

<paula version="1.0">
<header paula_id="d2.type_lex-tones" type="typeHierarchy"/>

<structList xmlns:xlink="http://www.w3.org/1999/xlink" type="type">

 <struct id="H"/>
 <struct id="HH"/>
 <struct id="HHL"/>
 <struct id="HL"/>
 <struct id="HLL"/>
 <struct id="L"/>
 <struct id="LH"/>
 <struct id="LHH"/>
 <struct id="LHL"/>
 <struct id="LL"/>
 <struct id="LLH"/>
 <struct id="LLHH"/>
 <struct id="LLHL"/>
 <struct id="LLHLL"/>

</structList>

</paula>
