<?xml version="1.0" encoding="UTF-8"?>
<TEI>
  <teiHeader>
    <fileDesc>
      <titleStmt>
        <title> Der allerneuesten Europäischen Welt= und Staats=Geschichte II . Theil .</title>
        <sponsor>LIS Project</sponsor>
        <funder>DFG</funder>
        <respStmt>
          <resp>transformed from TUSTEP to TEI by</resp>
          <name>Peter Fankhauser</name>
        </respStmt>
      </titleStmt>
      <publicationStmt>
        <pubPlace>Erfurt, Thüringen</pubPlace>
        <date when="10-01-1744">10-01-1744</date>
        <idno type="number">IV</idno>
        <availability>
          <p>Creative Commons 3.0: Namensnennung, nicht kommerziell,
            http://creativecommons.org/licenses/by-nc/3.0/de/legalcode </p>
        </availability>
      </publicationStmt>
      <sourceDesc>
        <p>Milestones with @type=tustepsource point to the original tustep transcription in @facs. </p>
        <p>Pagebreaks (pb) point to the jpeg file in @facs.</p>
      </sourceDesc>
    </fileDesc>
    <encodingDesc>
      <editorialDecl>
        <p>Original transcription with TUSTEP markup has been acquired in a double keying procedure. </p>
        <p>TUSTEP markup has been transformed and enriched to TEI.</p>
        <p>No normalization has been carried out.</p>
        <hyphenation>
          <p>Line breaks with attribute @break=no indicate soft hyphenation. Hyphens are encoded as
            either "=" or "-". Hyphenated tokens are explicitly marked up as w-elements. </p>
        </hyphenation>
      </editorialDecl>
    </encodingDesc>
    <profileDesc>
      <creation>
        <date when="2013">2013</date>
        <name type="place">IDS Mannheim</name>
      </creation>
    </profileDesc>
  </teiHeader>
  <text>
    <front>
      <div>
        <pb n="25" facs="http://hdl.handle.net/10932/00-01B8-AE43-88F4-E901-B"/>
        <milestone type="tustepsource" facs="http://hdl.handle.net/10932/00-01B8-AE43-58D4-E801-E"
          unit="absent"/>
        <p rend="text-center"><hi rend="spaced"><lb n="1"/>Der allerneuesten</hi><hi
            rend="fractlarge"><lb n="2"/>Europäischen</hi><hi rend="fractlarge"><lb n="3"/>Welt= und
            Staats=Geschichte</hi><hi rend="antiqualarge"><lb n="4"/>II</hi>. <hi rend="fractlarge"
              ><hi rend="spaced">Theil</hi>.</hi></p>
        <milestone rend="text-center" type="separator" unit="lb" style="height:1px; width:45%"/>
        <p rend="text-center">
          <hi rend="antiqualarge">No. <lb n="5"/><graphic/> IV.</hi>
        </p>
        <milestone type="separator" unit="lb" style="height:1px; width:90%"/>
        <p rend="text-center"><lb n="6"/>2. Woche.<hi rend="fractsmall"><lb n="7"/>Freytags den 10.
            Jenner</hi>, <hi rend="antiquasmall">MDCCXLIV.</hi></p>
        <milestone rend="text-center" type="separator" unit="lb" style="height:1px; width:60%"/>
      </div>
    </front>
    <body>
      <p rend="text-center"><lb n="8"/>Schluß derer Gedancken von <w>Neuen=Jahrs=<lb n="9"
            break="no"/>Zetteln</w>.</p>
      <p><w><hi rend="ini4"><lb n="10"/>W</hi>Jr</w> beschliessen unsere, einer viel weitläufftigern
            <w>Aus=<lb n="11" break="no"/>führung</w> würdige Abhandlung, nur mit einem
            <w>eintzi=<lb n="12" break="no"/>gen</w> Exempel, woraus wir die ohnedem tägliche
            <w>Wahr=<lb n="13" break="no"/>heit</w>, daß mehr Weibs= als Manns=Personen <w>ster=<lb
            n="14" break="no"/>ben</w>, zu Tage legen. Es ist von einem Ort hergenommen, wo<lb
          n="15"/>eine sehr <hi rend="antiqua">frequente Academie flori</hi>ret, und also um so viel
            <w>wich=<lb n="16" break="no"/>tiger</w> vor unsern Satz. Diesemnach sind zu Halle</p>
      <table>
        <row>
          <cell>
            <hi rend="fractsmall"><lb n="17"/>Anno </hi>
          </cell>
          <cell>
            <hi rend="fractsmall"> 1729. </hi>
          </cell>
          <cell>
            <hi rend="fractsmall"> gestorben </hi>
          </cell>
          <cell>
            <hi rend="fractsmall"> 501. </hi>
          </cell>
          <cell>
            <hi rend="fractsmall"> Manns=Personen. </hi>
          </cell>
          <cell>
            <hi rend="fractsmall"> </hi>
          </cell>
          <cell>
            <hi rend="fractsmall"> 543. </hi>
          </cell>
          <cell>
            <hi rend="fractsmall"> Weibs=Personen. </hi>
          </cell>
          <cell>
            <hi rend="fractsmall"/>
          </cell>
        </row>
        <row>
          <cell>
            <hi rend="fractsmall"><lb n="18"/> = </hi>
          </cell>
          <cell>
            <hi rend="fractsmall"> 1730. </hi>
          </cell>
          <cell>
            <hi rend="fractsmall"> = </hi>
          </cell>
          <cell>
            <hi rend="fractsmall"> 462. </hi>
          </cell>
          <cell>
            <hi rend="fractsmall"> = </hi>
          </cell>
          <cell>
            <hi rend="fractsmall"> = </hi>
          </cell>
          <cell>
            <hi rend="fractsmall"> 514. </hi>
          </cell>
          <cell>
            <hi rend="fractsmall"> = </hi>
          </cell>
          <cell>
            <hi rend="fractsmall"> =</hi>
          </cell>
        </row>
        <row>
          <cell>
            <hi rend="fractsmall"><lb n="19"/> = </hi>
          </cell>
          <cell>
            <hi rend="fractsmall"> 1733. </hi>
          </cell>
          <cell>
            <hi rend="fractsmall"> = </hi>
          </cell>
          <cell>
            <hi rend="fractsmall"> 398. </hi>
          </cell>
          <cell>
            <hi rend="fractsmall"> = </hi>
          </cell>
          <cell>
            <hi rend="fractsmall"> = </hi>
          </cell>
          <cell>
            <hi rend="fractsmall"> 363. </hi>
          </cell>
          <cell>
            <hi rend="fractsmall"> = </hi>
          </cell>
          <cell>
            <hi rend="fractsmall"> =</hi>
          </cell>
        </row>
        <row>
          <cell>
            <hi rend="fractsmall"><lb n="20"/> = </hi>
          </cell>
          <cell>
            <hi rend="fractsmall"> 1734. </hi>
          </cell>
          <cell>
            <hi rend="fractsmall"> = </hi>
          </cell>
          <cell>
            <hi rend="fractsmall"> 353. </hi>
          </cell>
          <cell>
            <hi rend="fractsmall"> = </hi>
          </cell>
          <cell>
            <hi rend="fractsmall"> = </hi>
          </cell>
          <cell>
            <hi rend="fractsmall"> 394. </hi>
          </cell>
          <cell>
            <hi rend="fractsmall"> = </hi>
          </cell>
          <cell>
            <hi rend="fractsmall"> =</hi>
          </cell>
        </row>
        <row>
          <cell>
            <hi rend="fractsmall"> </hi>
          </cell>
          <cell>
            <hi rend="fractsmall"><lb n="21"/> Summa</hi>
          </cell>
          <cell> </cell>
          <cell> 1714. </cell>
          <cell> = </cell>
          <cell> = </cell>
          <cell> 1814. </cell>
          <cell> = </cell>
          <cell> =</cell>
        </row>
      </table>
      <p xml:id="idp90705336" next="#idp90725856"><hi rend="antiqua"><lb n="22"/>accurat</hi> in
        vier Jahren, derer letztern 100. mehr, als von ersten.<milestone type="continuation"
          unit="absent"/></p>
      <pb n="26" facs="http://hdl.handle.net/10932/00-01B8-AE43-E7A4-EA01-6"/>
      <milestone type="tustepsource" facs="http://hdl.handle.net/10932/00-01B8-AE43-58D4-E801-E"
        unit="absent"/>
      <p xml:id="idp90725856" prev="#idp90705336"><milestone type="continuation" unit="absent"/><lb
          n="1"/>Nachfolgende besondere und nicht gemeine Nachrichten überlassen<lb n="2"/>wir
        unserer Leser selbst eigenen Betrachtung zum Schluß unserer<lb n="3"/>zeithero mitgetheilten
        Gedancken, und zwar was noch zur <w>Ergän=<lb n="4" break="no"/>tzung</w> von |Preußischen
        Landen dient.</p>
      <p rend="indent1"><hi rend="fractsmall"><lb n="5"/>So sind Anno 1715. bis 1718. inclus. im
          Königreich Preussen gebohren 82712.<lb n="6"/>gestorben 47503. Copulirt 18331. paar. Jn
          der Chur=Marck 64533. geb.<lb n="7"/>48508. gestorb. 18559. paar Copulirt. Neue=Marck
          31481. geb. 22619.<lb n="8"/>gest. 8492. paar Cop. Magdeburgischen 31481. geb. 22619.
          gest. 8490.<lb n="9"/>Cop. Clevischen 30721. geb. 22182. gest. 8843. Cop. Pommern
            30721.<lb n="10"/>geb. 22182. gest. 8843. Cop. Halberstädtischen 10224. geb. 8359.
            gest.<lb n="11"/>2948. Cop. Hohnsteinischen 2383. geb. 1715. gest. 625. Cop. <w>Min=<lb
              n="12" break="no"/>den</w> 7322. geb. 6352. gest. 2237. Cop. Moers 1769. geb. 1366.
          gest. 648.<lb n="13"/>Cop. Geldern 8088. geb. 4360. gest. 1986. Cop. Ravensberg 1907.
            geb.<lb n="14"/>1813. gest. 659. Cop. Lingen 2730. geb. 2411. gest. 836. Cop.
              <w>Lanen=<lb n="15" break="no"/>burgischen</w> 2312. geb. 1469. gest. 584. Cop.
          Frantzös. Colon. 2410. geb.<lb n="16"/>2406. gest. 638. Cop. und von 1735 = 1740.
              <w>erc<unclear reason="illegible"/>lus</w>. sind in selbigen Ländern<lb n="17"
          />327990. Menschen gestorben. An. 1721. sind zn London 26000. gestorben,<lb n="18"
          />worunter sich 82. mit Messern selbst ermordet, An. 1737. aber 27820. gest.<lb n="19"
          />Von An. 1710 = 1715. in Amsterdam 55964. gest. Zu Leipzig sind von 1610.<lb n="20"/>bis
          1710. gestorben 71477. Menschen. Hingegen zu London gebohr. von 1629.<lb n="21"/>bis 1710.
          731015. Von An. 1700 = 1712. an der Pest in Ungarn gest. 300000.<lb n="22"/>An. 1742. zu
          Wien gestorben 6513. An. 1740. zu Paris 24949. gest. An.<lb n="23"/>1730. zu Turin 14000.
          gest. An. 1729. zu Venedig 4816. zu Berlin 3108. gest.<lb n="24"/>An. 1739. in Ungarn an
          der Pest über 100000. gest. An. 1729. zu Coppenhagen<lb n="25"/>3056. gest. An. 1701. zu
          London 20471. zu Wien 1997. gest. Hingegen <w>ge=<lb n="26" break="no"/>bohren</w> 3995.
          Von 1701 = = 1740. in Goßlar gest. 8156. Von 1723 = 1728. incl.<lb n="27"/>zu Jena 1283.
          gest. Von der Eroberung Prag bis zu Ende des Martii 1742.<lb n="28"/>13636. gest. Zu
          London An. 1724. gest. 25952. An. 1722. in gesamten <w>Preus=<lb n="29" break="no"
            />sischen</w> Landen 81251. gest. Bey Errichtung der Rußischen Residentz Petersburg<lb
            n="30"/>und Cronschlott An. 1702. <g ref="#etc">ec.</g> 500000. hungers gestorben,
          erfroren, <g ref="#etc">ec.</g> Anno<lb n="31"/>1710. zu Stockholm an der Pest gest.
          38000. Anno 1709. Schweden in der <w>U=<lb n="32" break="no"/>kraine</w> erfroren 13000.
          Von 1701. bis 1733. exclus. 30. 31. sind zu <w>Langensal=<lb n="33" break="no"/>tza</w>
          7353. gest. An. 1706. in Abrazzo und Drapano durch Erdbeben 17000.<lb n="34"/>Zu Aix,
          Valette, Toulon, Marseille und Provence an der Pest An. 1721. gest.<lb n="35"/>193960.
          Personen. Unter Pabsts</hi>
        <hi rend="antiquasmall">Benedicti XIII</hi>. <hi rend="fractsmall">Regierung bis 1727. sind
              <w>al=<lb n="36" break="no"/>lein</w> zu Rom mit Messern erstochen worden 825. Von
          1701 = 1717. sind zu <w>Frey=<lb n="37" break="no"/>berg</w> in Sachsen gest. 4979. und
          1718. zu Lissabon im Findel=Haus in einem <w>Jah=<lb n="38" break="no"/>re</w> 469.
          Findel=Kinder. An. 1718. sind bis dahin in wenig Jahren in England<lb n="39"/>60000.
          Schulden halber im Gefängniß gestorben. An. 1715. an der Contagion<lb n="40"/>in Böhmen,
          Schlesien, Pohlen, Mähren <g ref="#etc">ec.</g> 500000. Menschen. An. 1709. in<lb n="41"
          />Dantzig und Königsberg an der Pest 40029, Zu Reval und Riga an der Pest<lb n="42"/>und
          in Belagerung 65500. Personen. Zu Paris An. 1716. und 1723. an <w>de=<lb n="43" break="no"
            />nen</w> Kinder=Pocken 27250. <g ref="#etc">ec.</g>
          <g ref="#etc">ec.</g>
          <g ref="#etc">ec.</g></hi></p>
      <p><lb n="44"/>Aus diesem wenigen werden unsere <hi rend="fractlarge">geneigten Leser</hi>
        leicht einsehen,<lb n="45"/>wohin uns die Todten=Zettel leiten können, und wie angenehm<lb
          n="46"/>dergleichen vielfache Betrachtungen fallen müssen.</p>
      <pb n="27" facs="http://hdl.handle.net/10932/00-01B8-AE44-1244-EB01-6"/>
      <milestone type="tustepsource" facs="http://hdl.handle.net/10932/00-01B8-AE43-58D4-E801-E"
        unit="absent"/>
      <p rend="text-center"><lb n="1"/>Neuigkeiten von Teutschland.</p>
      <p><w><hi rend="ini2"><lb n="2"/>J</hi>hro</w> Allerhöchste Kayserl. Majestät haben auf das
            <w>Rück=Schrei=<lb n="3" break="no"/>ben</w> Sr. Groß=Brittannischen Majest. unterm
        22ten Nov.<lb n="4"/>vergangenen Jahres, weitläufftig geantwortet. Die Schrifft ist<lb n="5"
        />sehr merckwürdig, aber von allzu starcker Grösse, daß wir sie unsern<lb n="6"/>Blättern
        ohnmöglich einverleiben können; ohnbeantwortet bleibt<lb n="7"/>sie gewiß nicht, und der
        Hauptzweck gedachter Piece gehet dahin,<lb n="8"/>darzuthun: daß die Ertz=Hertzogin Lbd.
          (<hi rend="antiqua">ita in literis</hi>) nicht nur<lb n="9"/>Chur=Bayern, <hi
          rend="antiqua">qua</hi> Kayser, sondern das gantze Chur=Collegium<lb n="10"/>empfindlichst
        angegriffen, und daß es hier nicht auf die Bayerische<lb n="11"/>Haus=Strittigkeiten,
        sondern vornehmlich auf die Frage ankomme:<hi rend="fractlarge"><lb n="12"/>Ob die Königin
          von Ungarn, ohngehindert Jhres <w>weibli=<lb n="13" break="no"/>chen</w> Geschlechts, die
          Churfürstl. Würde und Amt bekleiden<lb n="14"/>könne</hi>? Man hätte, dem Böhmischen
        Chur=Rechte ohnbeschadet,<lb n="15"/>das <hi rend="antiqua">Votum ſuſpendi</hi>ren müssen;
        die <w><hi rend="antiqua">allegi</hi>rte</w> Wahl=Capitulation<lb n="16"/>könne Jhr nicht zu
        statten kommen, da Sie Jhro Majestät noch<lb n="17"/>nicht als Kayser erkennet. Am Ende
        geben Höchst=Dieselben zu<lb n="18"/>überlegen, daß die Ungarische
            <w>Präliminair=Friedens=Ausdrückun=<lb n="19" break="no"/>gen</w>: <hi rend="fractlarge"
          >die Schadloßhaltung wegen des vergangenen, und die<lb n="20"/>Sicherheit vor das
          zukünfftige</hi>, <hi rend="antiqua">Projecte</hi>
        <hi rend="fractlarge">wären, welche das<lb n="21"/>Reich in die fatalesten Folgen
          setzten.</hi></p>
      <p rend="posindent1"><lb n="22"/>Es continuiret in Wien noch beständig, daß die Bottaische<lb
          n="23"/>Unschuld zu Petersburg unter Paucken= und Trompeten=Schall <w>pu=<lb n="24"
            break="no"/>blicirt</w> worden. Ob es aber an dem sey, was man gleichfalls daselbst<lb
          n="25"/>wissen will; Als sey der Herr Marquis <hi rend="antiqua">de la Chetardie</hi> von
          dem<lb n="26"/>Petersburger Pöbel bey seiner frölichen Ankunfft so vergnügt <w>auf=<lb
            n="27" break="no"/>genommen</w>, und in seinem eigenen Hause so handgreifflich
            <w>compli=<lb n="28" break="no"/>mentiret</w> worden, daß er beynahe seines Lebens nicht
        sicher gewesen,<lb n="29"/>wo ihm nicht die Czaarin fast ein gantz Regiment zu Hülffe
            <w>ge=<lb n="30" break="no"/>schickt</w>; solches wollen wir nicht eher bekräfftigen,
        als bis sich die<lb n="31"/>Nachricht wiederhohlt. Sonst wäre es eben so ohnmöglich
          nicht.<lb n="32"/>Die Rußische Bären= und Zobel=Peltze lassen sich so leicht nicht zum<lb
          n="33"/>Frantzösischen Staats=Jnteresse bekehren; mithin thut der Herr<lb n="34"/>von <hi
          rend="antiqua">Chetardie</hi> recht, daß er sich mit dem bekandten: <hi rend="antiqua"
          >Omne <w>prin-<lb n="35" break="no"/>cipium</w> grave</hi> tröstet.</p>
      <p xml:id="idp90613968" next="#idp90657888" rend="posindent1"><lb n="36"/>Die Ungarische
        Kriegsrüstungen sollen auf eine erstaunliche<milestone type="continuation" unit="absent"
        /></p>
      <pb n="28" facs="http://hdl.handle.net/10932/00-01B8-AE44-F5D4-EC01-6"/>
      <milestone type="tustepsource" facs="http://hdl.handle.net/10932/00-01B8-AE43-58D4-E801-E"
        unit="absent"/>
      <p xml:id="idp90657888" prev="#idp90613968"><milestone type="continuation" unit="absent"/><lb
          n="1"/>Art fortgesetzt werden; alle Regimenter Jnfanterie müssen sich mit<lb n="2"/>300.
        Mann vermehren, die Cavallerie = Regimenter aber 1000.<lb n="3"/>Köpffe ausmachen. Und von
        denen neuen 40000. Ungarischen<lb n="4"/>Jnsurgenten haben schon 15000. Mann Ordre erhalten,
        sich <w>zu=<lb n="5" break="no"/>sammen</w> zu ziehen. Dabey will verlauten, daß in
        künfftiger <w>Cam=<lb n="6" break="no"/>pagne</w> Jhro Königl. Hoheit der Groß=Hertzog von
        Toscana nebst<lb n="7"/>dem Grafen von Königseck im Reich; der Printz Carl aber nebst<lb
          n="8"/>dem Grafen von Khevenhüller in denen Niederlanden <w>commandi=<lb n="9" break="no"
          />ren</w> würden.</p>
      <p rend="posindent1"><lb n="10"/>Der Böhmische Directorial = Gesandte, Baron von Palm,<lb
          n="11"/>wird nach Vollendung des Schwäbischen Creyß = Tages in dieser<hi rend="antiqua"
            ><lb n="12"/>Qualité</hi> nach Franckfurth zur fortwährenden Reichs = <hi rend="antiqua"
          >Dictatur</hi>
        <w>ge=<lb n="13" break="no"/>hen</w>, und ohngeachtet derer etwa vorkommenden
          Protestationen<lb n="14"/>doch allda verbleiben. Der Preußische Gesandte zu Wien, Herr<lb
          n="15"/>Graf von Dohna, hat wegen dieser <w><hi rend="antiqua">Dictatur</hi>-</w> Sache
        auch einen<lb n="16"/>Courier von seinem Hof bekommen, und deswegen mit denen <w>Un=<lb
            n="17" break="no"/>garischen</w> Ministris conferiret. Die Sache ist freylich auf
          beyden<lb n="18"/>höchsten Seiten von äusserster Wichtigkeit, uns deucht aber, man<lb
          n="19"/>sey <hi rend="antiqua">in principiis</hi> noch nicht übereingekommen, und wo
        dieses nicht<lb n="20"/>geschicht, so dörffte diese wichtige Controvers wohl eher aus dem<hi
          rend="antiqua"><lb n="21"/>Jure publico</hi> ventilirt und decidirt werden.</p>
      <p rend="posindent1"><lb n="22"/>Der Obrist=Hof=Cantzlar, Graf von Uhlefeld, hat in der
            <w>Wey=<lb n="23" break="no"/>nachts=Woche</w> eine lange Conferentz mit dem Herrn von
            <w>Burman=<lb n="24" break="no"/>nia</w>, Gesandten derer General=Staaten, gehabt, deren
          Vorwurff<lb n="25"/>die künfftigen Maaß=Regeln und Operationen betroffen.</p>
      <p rend="posindent1"><lb n="26"/>Dem Groß=Hertzog von Toscana ist ein gewisses Project
            <w>über=<lb n="27" break="no"/>reicht</w> worden, wodurch die Königin jährlich nur
        allein aus Böhmen<lb n="28"/>mehr als 40000. fl. an Königl. Einkünfften profitirt. Wie
          denn<lb n="29"/>überhaupt die Finantzen daselbst in so guten Stand gesetzt, daß man<lb
          n="30"/>schon angefangen, die Jnteressen von denen in Holland stehenden<lb n="31"/>und auf
        Böhmen hafftenden Capitalien zu zahlen.</p>
      <p xml:id="idp90654432" next="#idp90617208" rend="posindent1"><lb n="32"/>Aus dem Elsaß sind,
        ohnerachtet des kalten Wetters, die <w>Krie=<lb n="33" break="no"/>ges=Nachrichten</w> noch
        nicht eingefroren. Zu Straßburg und <w>Lan=<lb n="34" break="no"/>dau</w> arbeiten täglich
        etliche 1000. Mann an Fortificationen, und<lb n="35"/>wo nur etwas haltbare Oerter sind,
        solche werden desto stärcker <w>be=<lb n="36" break="no"/>festiget</w>, wie zu Lauterburg,
        Offenburg, Pfaltzburg, Hagenau <g ref="#etc">ec.</g><milestone type="continuation"
          unit="absent"/></p>
      <pb n="29" facs="http://hdl.handle.net/10932/00-01B8-AE45-1B54-ED01-D"/>
      <milestone type="tustepsource" facs="http://hdl.handle.net/10932/00-01B8-AE43-58D4-E801-E"
        unit="absent"/>
      <p xml:id="idp90617208" prev="#idp90654432"><milestone type="continuation" unit="absent"/><lb
          n="1"/>geschicht. Ja die Frantzosen wollen in kurtzen, es koste auch, was es<lb n="2"
        />wolle, ein gewisses Dessein ausführen. Aber was solte es viel kosten?<lb n="3"/>Denen
        Herren Frantzosen nur ein Wort, um das geschehen wird<lb n="4"/>es auch noch Zeit haben.</p>
      <p rend="posindent1"><lb n="5"/>Der Rußische Herr Gesandte, Baron Lanszinsky, frequentirt<lb
          n="6"/>ietzo stärcker als jemahls den Ungarischen Hof und das Ministerium:<lb n="7"
        />welches uns ein sehr sicheres <hi rend="antiqua">bonum innocentiæ atque reſtauratæ<lb
            n="8"/>amicitiæ omen</hi> zu seyn scheinet. Mithin dörffte der <hi rend="antiqua"
          >galante</hi> Herr<lb n="9"/>Tirawley mit seiner <hi rend="antiqua">Ambaſſade</hi> nicht
        nöthig haben zu eilen, weil<lb n="10"/>man vorher sehen kan, daß seine etwanige <hi
          rend="antiqua">Propoſitiones</hi> weit <w>stär=<lb n="11" break="no"/>ckere</w>
        <hi rend="antiqua">contre balance</hi> wegen des <hi rend="antiqua">Commercii</hi> haben
        werden, als die<lb n="12"/>Frantzösischen. So viel ist gewiß, daß gedachter Herr von
          Lanszinsky<lb n="13"/>vor seine Bemühung bey Herstellung der Rußischen guten <w>Freund=<lb
            n="14" break="no"/>schafft</w> ein Präsent von 40000. fl. bekommen.</p>
      <p rend="posindent1"><lb n="15"/>Es scheint, als glaubten die Ungarischen Herren Officiers,<lb
          n="16"/>ihre Degen rosteten ein, ehe sie solche wieder gegen den Feind zögen,<lb n="17"
        />denn letzthin haben sich der General=Feld=Wachmeister, Marchese<lb n="18"/>von Luchesis,
        mit dem Grafen von Paradies duellirt; sie <w>begegne=<lb n="19" break="no"/>ten</w> einander
        in Kutschen, hieben die Gläser in selbigen entzwey,<lb n="20"/>und giengen nachhero so hart
        wider einander, daß ersterer tödtlich<lb n="21"/>bleßirt, letzterer aber auch eine grosse
        Menge Wunden bekommen,<lb n="22"/>ja sie würden einander gar massacrirt haben, wenn der
          Marauis<lb n="23"/>nicht gefallen, und sonach die Leute darzwischen gekommen wären.<lb
          n="24"/>Die andere Parthey wird bald auch aufs Rauff= und Balge= <hi rend="antiqua"
              ><w>Thea-<lb n="25" break="no"/>trum</w></hi> treten; sie besteht aber im
        Obrist=Lieutenant von Trenck, und<lb n="26"/>dem Major beym Fortgatschischen Regiment,
        Grafen von <w>Drasko=<lb n="27" break="no"/>witz</w>, wo nicht die Königin ein <hi
          rend="antiqua">prohibetur</hi> thun läßt.</p>
      <p rend="posindent1"><lb n="28"/>Das vor die Bayerischen Kriegs=Gefangene in Wien <w>ange=<lb
            n="29" break="no"/>kommene</w> Verpflegungs=Geld hat nur in 6000. fl. bestanden.</p>
      <p rend="posindent1"><lb n="30"/>Jn denen Niederlanden glaubt man, daß vor allen Dingen,<lb
          n="31"/>ohnerachtet der starcken Recommendationen vor Fürstl. Personen,<lb n="32"/>niemand
        anders zur Fürst = Bischofflichen Würde gelangen werde,<lb n="33"/>als der dasige
        Dom=Probst, Graf von Elderen. Er ist ein Vetter<lb n="34"/>des ehemahligen Bischoffs
        gleiches Nahmens, welcher das Hertz<lb n="35"/>gehabt, Ludwig <hi rend="antiqua">XIV</hi>.
        in Franckreich förmlich den Krieg <w>anzukün=<lb n="36" break="no"/>digen</w>.</p>
      <pb n="30" facs="http://hdl.handle.net/10932/00-01B8-AE45-5CA4-EE01-D"/>
      <milestone type="tustepsource" facs="http://hdl.handle.net/10932/00-01B8-AE43-58D4-E801-E"
        unit="absent"/>
      <p rend="posindent1"><lb n="1"/>Den 20. abgewichenen Monaths ist die Schwäbische <w>Creyß=<lb
            n="2" break="no"/>Versammlung</w> aus einander gegangen, sie wird aber bald, wegen<lb
          n="3"/>wichtiger Affairen, nach dem Neuen Jahr wieder zusammen <w>kom=<lb n="4" break="no"
          />men</w>.</p>
      <p rend="text-center"><lb n="5"/>Jtalien.</p>
      <p><w><hi rend="ini2"><lb n="6"/>B</hi>eym</w> Don Philippo ist Geld genug aus Spanien
          angekommen,<lb n="7"/>dem ohngeachtet müssen die armen Savoyischen <w>Mäuse=Fän=<lb n="8"
            break="no"/>ger</w> fast alles hergeben, was sie in Leib und Leben haben. Man <w>sin=<lb
            n="9" break="no"/>net</w> auch der Geistlichkeit nunmehr an, ein so genanntes <hi
          rend="antiqua">Don gratuit</hi><lb n="10"/>zu geben; sie wollen sich aber keinesweges
        darzu verstehen, sondern<lb n="11"/>lieber die Extremitäten abwarten.</p>
      <p rend="posindent1"><lb n="12"/>Seit der Piemontesischen Jagd, wobey aber die Spanischen<lb
          n="13"/>Jäger nichts gefangen; hat die Don Philippische Armee abermahl<lb n="14"/>die <hi
          rend="antiqua">Reviſion</hi> gehalten, und befunden, daß sie noch immer beym <w><hi
            rend="antiqua">ſub-<lb n="15" break="no"/>trahi</hi>ren</w> geblieben: massen sie von
        selber Zeit an schon wieder 2000.<lb n="16"/>Todte zehlt. Sie sehnen sich also recht
        hertzlich nach der <w>Frantzösi=<lb n="17" break="no"/>schen</w>
        <hi rend="antiqua">Multiplication.</hi></p>
      <p rend="posindent1"><lb n="18"/>Jüngst ist bey der Spanischen Armee in Savoyen die
            <w>Nach=<lb n="19" break="no"/>richt</w> einer erhaltenen <hi rend="antiqua"
          >Victoire</hi> wider die Oesterreicher im <w>Kirchen=<lb n="20" break="no"/>Staat</w>
        eingelauffen; da man sie aber beym Licht besahe, fande man<lb n="21"/>sie noch weit kleiner
        als <hi rend="antiqua">Sedecimo</hi>, denn der gantze Sieg hat in<lb n="22"/>2. Todten, 3.
        Gefangenen und 1. erbeuteten Oesterreichischen <w>Ba=<lb n="23" break="no"/>gage=Wagen</w>
        bestanden. Denen Herren Spaniern gehet es nicht<lb n="24"/>anders, wie denen Kauffleuten,
        welche erst mit kleinen handeln, ehe<lb n="25"/>sie <hi rend="antiqua">en gros</hi> gewinnen
        können.</p>
      <p rend="text-center"><lb n="26"/>Franckreich.</p>
      <p><w><hi rend="ini2"><lb n="27"/>N</hi>un</w> hat man, nun weiß man die Anrede des Königs von
            <w>Eng=<lb n="28" break="no"/>land</w> an seine versammlete Parlaments = Häuser, man ist
          sehr<lb n="29"/>stutzig drüber, wird sich aber von seinen Maaß=Regeln, die nach<lb n="30"
        />der Hoheit des Frantzösischen Reiches gemessen, nicht irre machen<lb n="31"/>lassen;
        ohnerachtet man die tieffe Politic des Groß=Brittannischen<lb n="32"/>Monarchen nicht genug
        bewundern kan, daß er nicht ein Wort<lb n="33"/>von Duynkirchen in solcher mit einfliessen
        lassen, als wolte derselbe<lb n="34"/>gleichsam dadurch den ersten Schritt zur Ruptur mit
          Franckreich<lb n="35"/>vermeiden.</p>
      <pb n="31" facs="http://hdl.handle.net/10932/00-01B8-AE45-8A54-EF01-B"/>
      <milestone type="tustepsource" facs="http://hdl.handle.net/10932/00-01B8-AE43-58D4-E801-E"
        unit="absent"/>
      <p rend="posindent1"><lb n="1"/>Die Subsidien der Cron=Franckreich an den Kayser sind so<lb
          n="2"/>richtig eben noch nicht, sondern man erwartet erstlich ein Concept<lb n="3"/>wieder
        zurück von Franckfurth, wornach die Convention <w>einzurich=<lb n="4" break="no"
        />ten</w>.</p>
      <p rend="posindent1"><lb n="5"/>Man hat Mittel gefunden, ohne Belästigung des Volcks, in<lb
          n="6"/>kurtzer Zeit eine Summe von 150. Millionen zusammen zu bringen.</p>
      <p rend="posindent1"><lb n="7"/>Von dem verstorbenen Hertzog von Antin ist noch zu
            <w>berich=<lb n="8" break="no"/>ten</w>, daß er Groß=Meister der Frantzösischen
        Freymäuerschafft <w>ge=<lb n="9" break="no"/>wesen</w>.</p>
      <p rend="text-center"><lb n="10"/>Groß=Brittannien.</p>
      <p><w><hi rend="ini2"><lb n="11"/>D</hi>as</w> Unterhaus hat wegen der Subsidien an den König
          bereits<lb n="12"/>den völligen Schluß zum Contentement des Königs gefaßt.<lb n="13"/>Jt.
        zum Jahr 1744. 40000. Matrosen bewilliget, jedem monathl.<lb n="14"/>4. Pf. Sterl. welches
        bey 19. Millionen fl. beträgt. Jt. die <w>Bey=<lb n="15" break="no"/>behaltung</w> der
        16000. Hannoverischen in Englischen Sold, ist mit<lb n="16"/>231. Stimmen gegen 181. im
        Unterhaus, und mit 71. Stimmen <w>ge=<lb n="17" break="no"/>gen</w> 36. im Oberhaus
        überwogen worden. Man weiß sich kaum<lb n="18"/>eines so completen Parlaments in England zu
        erinnern, da das<lb n="19"/>Unterhaus allein 412. Glieder ausgemacht.</p>
      <p rend="posindent1"><lb n="20"/>Zu London ist eine Schrifft heraus gekommen, worinnen der<lb
          n="21"/>Autor die Reichthümer der Englischen Nation zeigt. Er sagt, es<lb n="22"/>sey
        nicht recht, daß sich das Volck über die National=Schulden <w>be=<lb n="23" break="no"
          />klage</w>, die Engländer hätten gar zu viel Geld, das müßig liege, und<lb n="24"/>also
        mehr schade als nütze; denn sie wüsten es nicht mit Vortheil<lb n="25"/>anzubringen. Es
        scheint ein curieux Werck zu seyn, denen <w>Geitzi=<lb n="26" break="no"/>gen</w> aber wird
        es wohl nicht dedicirt seyn worden, es steht auch <w>da=<lb n="27" break="no"/>hin</w>, ob
        es alle Widriggesinnte kauffen werden.</p>
      <p rend="text-center"><lb n="28"/>Niederlande.</p>
      <p xml:id="idp90621456" next="#idp46660264"><w><hi rend="ini2"><lb n="29"/>D</hi>er</w> Graf
        Podewills hat letztlich eine lange Conferentz mit dem<lb n="30"/>Präsidenten Jhro
        Hochmögenden gehalten, und darinn <w>erör=<lb n="31" break="no"/>tert</w>, wie Se.
        Preußische Majestät nichts mehr wünschten, als daß<lb n="32"/>Holland mit England die
        Königin von Ungarn disponireten, mit<lb n="33"/>dem Kayser einen Frieden billigmäßig
        einzugehen, Höchst=Dieselbe<lb n="34"/>versicherten an Jhrer Seits, solches bey Kayserl.
        Majestät <w>gleich=<lb n="35" break="no"/>falls</w> zu bewerckstelligen. Der Herr Graf
        beschloß: <hi rend="fractlarge">Es ist in der<lb n="36"/>That einmahl Zeit mit Ernst den
          Frieden wieder herzustel=</hi><milestone type="continuation" unit="absent"/></p>
      <pb n="32" facs="http://hdl.handle.net/10932/00-01B8-AE45-B684-F001-2"/>
      <milestone type="tustepsource" facs="http://hdl.handle.net/10932/00-01B8-AE43-58D4-E801-E"
        unit="absent"/>
      <p xml:id="idp46660264" prev="#idp90621456">
        <milestone type="continuation" unit="absent"/>
        <hi rend="fractlarge"><lb n="1"/>len; wiedrigen Falls läufft man in Gefahr, an allen vier<lb
            n="2"/>Theilen von Europa das Kriegs=Feuer angezündet zu <w>se=<lb n="3" break="no"
            />hen</w>.</hi>
      </p>
      <p rend="posindent1"><lb n="4"/>Wegen der verlangten Garantie von Schlesien wollen Jhro<lb
          n="5"/>Hochmögenden ehestens Dero positive Erklärung eröffnen.</p>
      <p rend="text-center"><lb n="6"/>Rußland.</p>
      <p><w><hi rend="ini2"><lb n="7"/>D</hi>er</w> Marquis de Chetardie hat seine solenne Audientz
        noch nicht<lb n="8"/>bey der Kayserin gehabt, man will auch muthmassen, es <w>dörff=<lb
            n="9" break="no"/>te</w> dieselbe nicht eher vor sich gehen, bis der Englische
          Extraord.<lb n="10"/>Envoye, Tirawley gleichfalls angelangt. Jhro Czaarische Majest.<lb
          n="11"/>wissen also die Groß=Brittannische Freundschafft sehr wohl zu <w>me=<lb n="12"
            break="no"/>nagiren</w>.</p>
      <p rend="posindent1"><lb n="13"/>Zu Anfang des Decembris vorigen Jahrs, mag ein so <w>unge=<lb
            n="14" break="no"/>mein</w> neblicht und ungesund Wetter zu Petersburg gewesen seyn,<lb
          n="15"/>daß fast kein Häusgen daselbst zu zehlen, wo nicht Schnupfen, <w>Hu=<lb n="16"
            break="no"/>sten</w>
        <g ref="#etc">ec.</g> regiert; das ist auch die Ursache gewesen, warum Jhro <w>Kay=<lb
            n="17" break="no"/>serl</w>. Maj. und Kayserl. Hoheiten sich in Dero Zimmern
            <w>aufgehal=<lb n="18" break="no"/>ten</w>, und dadurch Gelegenheit zu einem falschen
        Bruit gegeben.</p>
      <p rend="text-center"><lb n="19"/>Pohlen.</p>
      <p><w><hi rend="ini2"><lb n="20"/>A</hi>us</w> Schlesien hat man Nachricht, daß es wohl
        zwischen Preussen<lb n="21"/>und Pohlen zu Strittigkeiten kommen dörffte. Weil nach<lb
          n="22"/>Absterben der Aebtißin des Closters Trebnitz, an denen Pohlnischen<lb n="23"
        />Grentzen, die Polacken das Recht, eine aus ihrer Nation zu <w>erwäh=<lb n="24" break="no"
          />len</w>, exerciren wollen. Worgegen aber Preußischer Seits das <w>Prä=<lb n="25"
            break="no"/>venire</w> gespielt, und mit gewaffneter Hand eine Evangelische <w>Aeb=<lb
            n="26" break="no"/>tißin</w> eingesetzt worden. Bey welcher Thätlichkeit beyde Theile
            <w>ei=<lb n="27" break="no"/>nige</w> Mann verlohren.</p>
      <milestone type="separator" unit="lb" style="height:1px; width:90%"/>
      <p rend="negindent1"><lb n="28"/>Aus Ubereilung ist es geschehen, daß vor 1000. Corsenhüther
          10000.<lb n="29"/>gesetzt worden; die einzige Null ist vor Genua zu viel. <hi
          rend="antiqua">pag.</hi><lb n="30"/>4. ist auch statt <hi rend="fractlarge">persöhnlicher
          Freundschafft, versöhnliche,</hi><lb n="31"/>und <hi rend="antiqua">pag</hi>. 18. vor
        1718. 1720. zu lesen.</p>
      <p rend="text-center">

        <lb n="32"/>
        <graphic/>
      </p>
    </body>
  </text>
</TEI>
