<?xml version="1.0" standalone="no"?>
<!DOCTYPE sfb632_standard SYSTEM "sfb632_feat.dtd">



<sfb632_standard version="1.0">

<header sfb_id="mmax.maz-6488_sent" type="sent"/>

<featList xmlns:xlink="http://www.w3.org/1999/xlink" type="sentence" xml:base="tiger.ID_maz-6488.tok.xml">
<feat value="S" xlink:href="#xpointer(id('tok_1')/range-to(id('tok_4')))"/>
<feat value="S" xlink:href="#xpointer(id('tok_5')/range-to(id('tok_23')))"/>
<feat value="S" xlink:href="#xpointer(id('tok_24')/range-to(id('tok_26')))"/>
<feat value="S" xlink:href="#xpointer(id('tok_27')/range-to(id('tok_31')))"/>
<feat value="S" xlink:href="#xpointer(id('tok_32')/range-to(id('tok_40')))"/>
<feat value="S" xlink:href="#xpointer(id('tok_41')/range-to(id('tok_49')))"/>
<feat value="S" xlink:href="#xpointer(id('tok_50')/range-to(id('tok_58')))"/>
<feat value="S" xlink:href="#xpointer(id('tok_59')/range-to(id('tok_67')))"/>
<feat value="S" xlink:href="#xpointer(id('tok_68')/range-to(id('tok_72')))"/>
<feat value="S" xlink:href="#xpointer(id('tok_73')/range-to(id('tok_76')))"/>
<feat value="S" xlink:href="#xpointer(id('tok_77')/range-to(id('tok_85')))"/>
<feat value="S" xlink:href="#xpointer(id('tok_86')/range-to(id('tok_91')))"/>
<feat value="S" xlink:href="#xpointer(id('tok_92')/range-to(id('tok_113')))"/>
<feat value="S" xlink:href="#xpointer(id('tok_114')/range-to(id('tok_117')))"/>
<feat value="S" xlink:href="#xpointer(id('tok_118')/range-to(id('tok_138')))"/>
<feat value="S" xlink:href="#xpointer(id('tok_139')/range-to(id('tok_144')))"/>
<feat value="S" xlink:href="#xpointer(id('tok_145')/range-to(id('tok_150')))"/>
<feat value="S" xlink:href="#xpointer(id('tok_151')/range-to(id('tok_166')))"/>
<feat value="S" xlink:href="#xpointer(id('tok_167')/range-to(id('tok_173')))"/>
<feat value="S" xlink:href="#xpointer(id('tok_174')/range-to(id('tok_198')))"/>
<feat value="S" xlink:href="#xpointer(id('tok_199')/range-to(id('tok_206')))"/>
</featList>

</sfb632_standard>

