<?xml version="1.0" standalone="no"?>
<!DOCTYPE sfb632_standard SYSTEM "sfb632_feat.dtd">


<sfb632_standard version="1.0">

<header sfb_id="mmax.maz-6488_anaphor_type" type="anaphor_type"/>

<featList xmlns:xlink="http://www.w3.org/1999/xlink" type="anaphor_type" xml:base="mmax.maz-6488.primmarkSeg.xml">
<feat xlink:href="#primmarkSeg_33" value="anaphor_nominal"/>
<feat xlink:href="#primmarkSeg_32" value="anaphor_nominal"/>
<feat xlink:href="#primmarkSeg_31" value="anaphor_nominal"/>
<feat xlink:href="#primmarkSeg_46" value="anaphor_nominal"/>
<feat xlink:href="#primmarkSeg_43" value="anaphor_nominal"/>
<feat xlink:href="#primmarkSeg_36" value="anaphor_nominal"/>
<feat xlink:href="#primmarkSeg_37" value="anaphor_nominal"/>
<feat xlink:href="#primmarkSeg_38" value="anaphor_nominal"/>
</featList>
</sfb632_standard>
