<?xml version="1.0" standalone="no"?>
<!DOCTYPE sfb632_standard SYSTEM "sfb632_feat.dtd">


<sfb632_standard version="1.0">

<header sfb_id="mmax.maz-6488_anaphor_antecedent" type="anaphor_antecedent"/>

<featList xmlns:xlink="http://www.w3.org/1999/xlink" type="anaphor_antecedent" xml:base="mmax.maz-6488.primmarkSeg.xml">
<feat xlink:href="#primmarkSeg_33" value="default" target="empty"/>
<feat xlink:href="#primmarkSeg_47" value="default" target="empty"/>
<feat xlink:href="#primmarkSeg_28" value="default" target="empty"/>
<feat xlink:href="#primmarkSeg_42" value="default" target="empty"/>
<feat xlink:href="#primmarkSeg_32" value="default" target="#primmarkSeg_30"/>
<feat xlink:href="#primmarkSeg_23" value="default" target="empty"/>
<feat xlink:href="#primmarkSeg_31" value="default" target="#primmarkSeg_25"/>
<feat xlink:href="#primmarkSeg_26" value="default" target="empty"/>
<feat xlink:href="#primmarkSeg_34" value="default" target="empty"/>
<feat xlink:href="#primmarkSeg_46" value="default" target="#primmarkSeg_43"/>
<feat xlink:href="#primmarkSeg_25" value="default" target="empty"/>
<feat xlink:href="#primmarkSeg_44" value="default" target="empty"/>
<feat xlink:href="#primmarkSeg_39" value="default" target="empty"/>
<feat xlink:href="#primmarkSeg_45" value="default" target="empty"/>
<feat xlink:href="#primmarkSeg_43" value="default" target="#primmarkSeg_38"/>
<feat xlink:href="#primmarkSeg_24" value="default" target="empty"/>
<feat xlink:href="#primmarkSeg_36" value="default" target="#primmarkSeg_49;secmark:markable_50"/>
<feat xlink:href="#primmarkSeg_27" value="default" target="empty"/>
<feat xlink:href="#primmarkSeg_37" value="default" target="empty"/>
<feat xlink:href="#primmarkSeg_40" value="default" target="empty"/>
<feat xlink:href="#primmarkSeg_41" value="default" target="empty"/>
<feat xlink:href="#primmarkSeg_38" value="default" target="#primmarkSeg_31"/>
<feat xlink:href="#primmarkSeg_22" value="default" target="empty"/>
<feat xlink:href="#primmarkSeg_29" value="default" target="empty"/>
<feat xlink:href="#primmarkSeg_30" value="default" target="empty"/>
</featList>
</sfb632_standard>
