<?xml version="1.0" standalone="no"?>
<!DOCTYPE sfb632_standard SYSTEM "sfb632_mark.dtd">


<sfb632_standard version="1.0">
<header sfb_id="mmax.maz-6488_primmarkSeg" type="primmarkSeg"/>

<markList xmlns:xlink="http://www.w3.org/1999/xlink" type="primmarkSeg" xml:base="tiger.ID_maz-6488.tok.xml">
<mark id="primmarkSeg_33" xlink:href="#xpointer(id('tok_87')/range-to(id('tok_88')))"/>
<mark id="primmarkSeg_47" xlink:href="#tok_199"/>
<mark id="primmarkSeg_28" xlink:href="#xpointer(id('tok_45')/range-to(id('tok_47')))"/>
<mark id="primmarkSeg_42" xlink:href="#xpointer(id('tok_179')/range-to(id('tok_181')))"/>
<mark id="primmarkSeg_32" xlink:href="#xpointer(id('tok_83')/range-to(id('tok_84')))"/>
<mark id="primmarkSeg_23" xlink:href="#xpointer(id('tok_10')/range-to(id('tok_11')))"/>
<mark id="primmarkSeg_31" xlink:href="#tok_65"/>
<mark id="primmarkSeg_26" xlink:href="#xpointer(id('tok_33')/range-to(id('tok_37')))"/>
<mark id="primmarkSeg_34" xlink:href="#xpointer(id('tok_89')/range-to(id('tok_90')))"/>
<mark id="primmarkSeg_46" xlink:href="#xpointer(id('tok_201')/range-to(id('tok_202')))"/>
<mark id="primmarkSeg_25" xlink:href="#tok_14"/>
<mark id="primmarkSeg_44" xlink:href="#xpointer(id('tok_186')/range-to(id('tok_195')))"/>
<mark id="primmarkSeg_39" xlink:href="#xpointer(id('tok_154')/range-to(id('tok_163')))"/>
<mark id="primmarkSeg_45" xlink:href="#xpointer(id('tok_190')/range-to(id('tok_192')))"/>
<mark id="primmarkSeg_43" xlink:href="#tok_184"/>
<mark id="primmarkSeg_24" xlink:href="#xpointer(id('tok_7')/range-to(id('tok_17')))"/>
<mark id="primmarkSeg_36" xlink:href="#tok_141"/>
<mark id="primmarkSeg_27" xlink:href="#xpointer(id('tok_35')/range-to(id('tok_37')))"/>
<mark id="primmarkSeg_37" xlink:href="#tok_151"/>
<mark id="primmarkSeg_40" xlink:href="#xpointer(id('tok_160')/range-to(id('tok_163')))"/>
<mark id="primmarkSeg_41" xlink:href="#xpointer(id('tok_175')/range-to(id('tok_176')))"/>
<mark id="primmarkSeg_38" xlink:href="#tok_153"/>
<mark id="primmarkSeg_22" xlink:href="#xpointer(id('tok_8')/range-to(id('tok_11')))"/>
<mark id="primmarkSeg_29" xlink:href="#xpointer(id('tok_54')/range-to(id('tok_57')))"/>
<mark id="primmarkSeg_30" xlink:href="#xpointer(id('tok_60')/range-to(id('tok_62')))"/>
</markList>
</sfb632_standard>
