<?xml version="1.0" standalone="no"?>
<!DOCTYPE sfb632_standard SYSTEM "sfb632_feat.dtd">


<sfb632_standard version="1.0">

<header sfb_id="mmax.maz-6488_dir_speech" type="dir_speech"/>

<featList xmlns:xlink="http://www.w3.org/1999/xlink" type="dir_speech" xml:base="mmax.maz-6488.primmarkSeg.xml">
<feat xlink:href="#primmarkSeg_33" value="text_level"/>
<feat xlink:href="#primmarkSeg_47" value="text_level"/>
<feat xlink:href="#primmarkSeg_28" value="text_level"/>
<feat xlink:href="#primmarkSeg_42" value="text_level"/>
<feat xlink:href="#primmarkSeg_32" value="indirect_speech"/>
<feat xlink:href="#primmarkSeg_23" value="text_level"/>
<feat xlink:href="#primmarkSeg_31" value="text_level"/>
<feat xlink:href="#primmarkSeg_26" value="text_level"/>
<feat xlink:href="#primmarkSeg_34" value="text_level"/>
<feat xlink:href="#primmarkSeg_46" value="text_level"/>
<feat xlink:href="#primmarkSeg_25" value="text_level"/>
<feat xlink:href="#primmarkSeg_44" value="text_level"/>
<feat xlink:href="#primmarkSeg_39" value="text_level"/>
<feat xlink:href="#primmarkSeg_45" value="text_level"/>
<feat xlink:href="#primmarkSeg_43" value="text_level"/>
<feat xlink:href="#primmarkSeg_24" value="text_level"/>
<feat xlink:href="#primmarkSeg_36" value="text_level"/>
<feat xlink:href="#primmarkSeg_27" value="text_level"/>
<feat xlink:href="#primmarkSeg_37" value="text_level"/>
<feat xlink:href="#primmarkSeg_40" value="text_level"/>
<feat xlink:href="#primmarkSeg_41" value="text_level"/>
<feat xlink:href="#primmarkSeg_38" value="text_level"/>
<feat xlink:href="#primmarkSeg_22" value="text_level"/>
<feat xlink:href="#primmarkSeg_29" value="direct_speech"/>
<feat xlink:href="#primmarkSeg_30" value="text_level"/>
</featList>
</sfb632_standard>
