<?xml version="1.0" standalone="no"?>
<!DOCTYPE sfb632_standard SYSTEM "sfb632_feat.dtd">


<sfb632_standard version="1.0">

<header sfb_id="mmax.maz-6488_phrase_type" type="phrase_type"/>

<featList xmlns:xlink="http://www.w3.org/1999/xlink" type="phrase_type" xml:base="mmax.maz-6488.primmarkSeg.xml">
<feat xlink:href="#primmarkSeg_33" value="np"/>
<feat xlink:href="#primmarkSeg_47" value="pp"/>
<feat xlink:href="#primmarkSeg_28" value="pp"/>
<feat xlink:href="#primmarkSeg_42" value="np"/>
<feat xlink:href="#primmarkSeg_32" value="np"/>
<feat xlink:href="#primmarkSeg_23" value="np"/>
<feat xlink:href="#primmarkSeg_31" value="np"/>
<feat xlink:href="#primmarkSeg_26" value="np"/>
<feat xlink:href="#primmarkSeg_34" value="np"/>
<feat xlink:href="#primmarkSeg_46" value="np"/>
<feat xlink:href="#primmarkSeg_25" value="np"/>
<feat xlink:href="#primmarkSeg_44" value="np"/>
<feat xlink:href="#primmarkSeg_39" value="pp"/>
<feat xlink:href="#primmarkSeg_45" value="np"/>
<feat xlink:href="#primmarkSeg_43" value="np"/>
<feat xlink:href="#primmarkSeg_24" value="np"/>
<feat xlink:href="#primmarkSeg_36" value="np"/>
<feat xlink:href="#primmarkSeg_27" value="pp"/>
<feat xlink:href="#primmarkSeg_37" value="pp"/>
<feat xlink:href="#primmarkSeg_40" value="np"/>
<feat xlink:href="#primmarkSeg_41" value="np"/>
<feat xlink:href="#primmarkSeg_38" value="np"/>
<feat xlink:href="#primmarkSeg_22" value="pp"/>
<feat xlink:href="#primmarkSeg_29" value="pp"/>
<feat xlink:href="#primmarkSeg_30" value="np"/>
</featList>
</sfb632_standard>
