<?xml version="1.0" standalone="no"?>
<!DOCTYPE sfb632_standard SYSTEM "sfb632_feat.dtd">


<sfb632_standard version="1.0">

<header sfb_id="mmax.maz-6488_complex_np" type="complex_np"/>

<featList xmlns:xlink="http://www.w3.org/1999/xlink" type="complex_np" xml:base="mmax.maz-6488.primmarkSeg.xml">
<feat xlink:href="#primmarkSeg_33" value="no"/>
<feat xlink:href="#primmarkSeg_47" value="no"/>
<feat xlink:href="#primmarkSeg_28" value="no"/>
<feat xlink:href="#primmarkSeg_42" value="no"/>
<feat xlink:href="#primmarkSeg_32" value="no"/>
<feat xlink:href="#primmarkSeg_23" value="no"/>
<feat xlink:href="#primmarkSeg_31" value="no"/>
<feat xlink:href="#primmarkSeg_26" value="yes"/>
<feat xlink:href="#primmarkSeg_34" value="no"/>
<feat xlink:href="#primmarkSeg_46" value="no"/>
<feat xlink:href="#primmarkSeg_25" value="no"/>
<feat xlink:href="#primmarkSeg_44" value="yes"/>
<feat xlink:href="#primmarkSeg_39" value="yes"/>
<feat xlink:href="#primmarkSeg_45" value="no"/>
<feat xlink:href="#primmarkSeg_43" value="no"/>
<feat xlink:href="#primmarkSeg_24" value="yes"/>
<feat xlink:href="#primmarkSeg_36" value="no"/>
<feat xlink:href="#primmarkSeg_27" value="no"/>
<feat xlink:href="#primmarkSeg_37" value="no"/>
<feat xlink:href="#primmarkSeg_40" value="no"/>
<feat xlink:href="#primmarkSeg_41" value="no"/>
<feat xlink:href="#primmarkSeg_38" value="no"/>
<feat xlink:href="#primmarkSeg_22" value="yes"/>
<feat xlink:href="#primmarkSeg_29" value="yes"/>
<feat xlink:href="#primmarkSeg_30" value="no"/>
</featList>
</sfb632_standard>
