<?xml version="1.0" standalone="no"?>
<!DOCTYPE sfb632_standard SYSTEM "sfb632_feat.dtd">


<sfb632_standard version="1.0">

<header sfb_id="mmax.maz-6488_np_form" type="np_form"/>

<featList xmlns:xlink="http://www.w3.org/1999/xlink" type="np_form" xml:base="mmax.maz-6488.primmarkSeg.xml">
<feat xlink:href="#primmarkSeg_33" value="defnp"/>
<feat xlink:href="#primmarkSeg_47" value="padv"/>
<feat xlink:href="#primmarkSeg_28" value="defnp"/>
<feat xlink:href="#primmarkSeg_42" value="defnp"/>
<feat xlink:href="#primmarkSeg_32" value="defnp"/>
<feat xlink:href="#primmarkSeg_23" value="defnp"/>
<feat xlink:href="#primmarkSeg_31" value="ne"/>
<feat xlink:href="#primmarkSeg_26" value="defnp"/>
<feat xlink:href="#primmarkSeg_34" value="none"/>
<feat xlink:href="#primmarkSeg_46" value="defnp"/>
<feat xlink:href="#primmarkSeg_25" value="ne"/>
<feat xlink:href="#primmarkSeg_44" value="defnp"/>
<feat xlink:href="#primmarkSeg_39" value="defnp"/>
<feat xlink:href="#primmarkSeg_45" value="ne"/>
<feat xlink:href="#primmarkSeg_43" value="ne"/>
<feat xlink:href="#primmarkSeg_24" value="defnp"/>
<feat xlink:href="#primmarkSeg_36" value="pds"/>
<feat xlink:href="#primmarkSeg_27" value="defnp"/>
<feat xlink:href="#primmarkSeg_37" value="padv"/>
<feat xlink:href="#primmarkSeg_40" value="ne"/>
<feat xlink:href="#primmarkSeg_41" value="defnp"/>
<feat xlink:href="#primmarkSeg_38" value="ne"/>
<feat xlink:href="#primmarkSeg_22" value="defnp"/>
<feat xlink:href="#primmarkSeg_29" value="defnp"/>
<feat xlink:href="#primmarkSeg_30" value="defnp"/>
</featList>
</sfb632_standard>
