<?xml version="1.0" standalone="no"?>
<!DOCTYPE sfb632_standard SYSTEM "sfb632_feat.dtd">


<sfb632_standard version="1.0">

<header sfb_id="mmax.maz-10205_referentiality" type="referentiality"/>

<featList xmlns:xlink="http://www.w3.org/1999/xlink" type="referentiality" xml:base="mmax.maz-10205.primmarkSeg.xml">
<feat xlink:href="#primmarkSeg_33" value="referring"/>
<feat xlink:href="#primmarkSeg_47" value="referring"/>
<feat xlink:href="#primmarkSeg_54" value="referring"/>
<feat xlink:href="#primmarkSeg_28" value="referring"/>
<feat xlink:href="#primmarkSeg_53" value="referring"/>
<feat xlink:href="#primmarkSeg_42" value="referring"/>
<feat xlink:href="#primmarkSeg_32" value="other"/>
<feat xlink:href="#primmarkSeg_23" value="referring"/>
<feat xlink:href="#primmarkSeg_31" value="referring"/>
<feat xlink:href="#primmarkSeg_26" value="referring"/>
<feat xlink:href="#primmarkSeg_34" value="referring"/>
<feat xlink:href="#primmarkSeg_50" value="referring"/>
<feat xlink:href="#primmarkSeg_25" value="referring"/>
<feat xlink:href="#primmarkSeg_46" value="referring"/>
<feat xlink:href="#primmarkSeg_44" value="referring"/>
<feat xlink:href="#primmarkSeg_39" value="other"/>
<feat xlink:href="#primmarkSeg_45" value="other"/>
<feat xlink:href="#primmarkSeg_43" value="referring"/>
<feat xlink:href="#primmarkSeg_24" value="referring"/>
<feat xlink:href="#primmarkSeg_36" value="referring"/>
<feat xlink:href="#primmarkSeg_48" value="referring"/>
<feat xlink:href="#primmarkSeg_51" value="referring"/>
<feat xlink:href="#primmarkSeg_27" value="other"/>
<feat xlink:href="#primmarkSeg_37" value="referring"/>
<feat xlink:href="#primmarkSeg_40" value="referring"/>
<feat xlink:href="#primmarkSeg_41" value="referring"/>
<feat xlink:href="#primmarkSeg_38" value="referring"/>
<feat xlink:href="#primmarkSeg_49" value="referring"/>
<feat xlink:href="#primmarkSeg_55" value="referring"/>
<feat xlink:href="#primmarkSeg_22" value="referring"/>
<feat xlink:href="#primmarkSeg_29" value="referring"/>
<feat xlink:href="#primmarkSeg_35" value="referring"/>
<feat xlink:href="#primmarkSeg_30" value="referring"/>
</featList>
</sfb632_standard>
