<?xml version="1.0" standalone="no"?>
<!DOCTYPE sfb632_standard SYSTEM "sfb632_feat.dtd">


<sfb632_standard version="1.0">

<header sfb_id="mmax.maz-10205_grammatical_role" type="grammatical_role"/>

<featList xmlns:xlink="http://www.w3.org/1999/xlink" type="grammatical_role" xml:base="mmax.maz-10205.primmarkSeg.xml">
<feat xlink:href="#primmarkSeg_33" value="sbj"/>
<feat xlink:href="#primmarkSeg_47" value="sbj"/>
<feat xlink:href="#primmarkSeg_54" value="sbj"/>
<feat xlink:href="#primmarkSeg_28" value="other"/>
<feat xlink:href="#primmarkSeg_53" value="other"/>
<feat xlink:href="#primmarkSeg_42" value="sbj"/>
<feat xlink:href="#primmarkSeg_32" value="sbj"/>
<feat xlink:href="#primmarkSeg_23" value="other"/>
<feat xlink:href="#primmarkSeg_31" value="sbj"/>
<feat xlink:href="#primmarkSeg_26" value="dir-obj"/>
<feat xlink:href="#primmarkSeg_34" value="sbj"/>
<feat xlink:href="#primmarkSeg_50" value="indir-obj"/>
<feat xlink:href="#primmarkSeg_25" value="sbj"/>
<feat xlink:href="#primmarkSeg_46" value="sbj"/>
<feat xlink:href="#primmarkSeg_44" value="indir-obj"/>
<feat xlink:href="#primmarkSeg_39" value="dir-obj"/>
<feat xlink:href="#primmarkSeg_45" value="dir-obj"/>
<feat xlink:href="#primmarkSeg_43" value="sbj"/>
<feat xlink:href="#primmarkSeg_24" value="other"/>
<feat xlink:href="#primmarkSeg_36" value="other"/>
<feat xlink:href="#primmarkSeg_48" value="other"/>
<feat xlink:href="#primmarkSeg_51" value="other"/>
<feat xlink:href="#primmarkSeg_27" value="sbj"/>
<feat xlink:href="#primmarkSeg_37" value="other"/>
<feat xlink:href="#primmarkSeg_40" value="other"/>
<feat xlink:href="#primmarkSeg_41" value="dir-obj"/>
<feat xlink:href="#primmarkSeg_38" value="sbj"/>
<feat xlink:href="#primmarkSeg_49" value="sbj"/>
<feat xlink:href="#primmarkSeg_55" value="sbj"/>
<feat xlink:href="#primmarkSeg_22" value="other"/>
<feat xlink:href="#primmarkSeg_29" value="sbj"/>
<feat xlink:href="#primmarkSeg_35" value="other"/>
<feat xlink:href="#primmarkSeg_30" value="sbj"/>
</featList>
</sfb632_standard>
