<?xml version="1.0" standalone="no"?>
<!DOCTYPE sfb632_standard SYSTEM "sfb632_feat.dtd">


<sfb632_standard version="1.0">

<header sfb_id="mmax.maz-10205_anaphor_antecedent" type="anaphor_antecedent"/>

<featList xmlns:xlink="http://www.w3.org/1999/xlink" type="anaphor_antecedent" xml:base="mmax.maz-10205.primmarkSeg.xml">
<feat xlink:href="#primmarkSeg_33" value="default" target="#primmarkSeg_23"/>
<feat xlink:href="#primmarkSeg_47" value="default" target="#primmarkSeg_44"/>
<feat xlink:href="#primmarkSeg_54" value="default" target="empty"/>
<feat xlink:href="#primmarkSeg_28" value="default" target="#primmarkSeg_22"/>
<feat xlink:href="#primmarkSeg_53" value="default" target="#primmarkSeg_50"/>
<feat xlink:href="#primmarkSeg_42" value="default" target="#primmarkSeg_26"/>
<feat xlink:href="#primmarkSeg_32" value="default" target="#primmarkSeg_26"/>
<feat xlink:href="#primmarkSeg_23" value="default" target="empty"/>
<feat xlink:href="#primmarkSeg_31" value="default" target="empty"/>
<feat xlink:href="#primmarkSeg_26" value="default" target="empty"/>
<feat xlink:href="#primmarkSeg_34" value="default" target="empty"/>
<feat xlink:href="#primmarkSeg_50" value="default" target="#primmarkSeg_47"/>
<feat xlink:href="#primmarkSeg_25" value="default" target="empty"/>
<feat xlink:href="#primmarkSeg_46" value="default" target="empty"/>
<feat xlink:href="#primmarkSeg_44" value="default" target="#primmarkSeg_38"/>
<feat xlink:href="#primmarkSeg_39" value="default" target="empty"/>
<feat xlink:href="#primmarkSeg_45" value="default" target="empty"/>
<feat xlink:href="#primmarkSeg_43" value="default" target="#primmarkSeg_42"/>
<feat xlink:href="#primmarkSeg_24" value="default" target="empty"/>
<feat xlink:href="#primmarkSeg_36" value="default" target="#primmarkSeg_33"/>
<feat xlink:href="#primmarkSeg_48" value="default" target="#primmarkSeg_28"/>
<feat xlink:href="#primmarkSeg_51" value="default" target="empty"/>
<feat xlink:href="#primmarkSeg_27" value="default" target="empty"/>
<feat xlink:href="#primmarkSeg_37" value="default" target="empty"/>
<feat xlink:href="#primmarkSeg_40" value="default" target="#primmarkSeg_22;markable_34"/>
<feat xlink:href="#primmarkSeg_41" value="default" target="#primmarkSeg_40"/>
<feat xlink:href="#primmarkSeg_38" value="default" target="#primmarkSeg_36"/>
<feat xlink:href="#primmarkSeg_49" value="default" target="#primmarkSeg_48"/>
<feat xlink:href="#primmarkSeg_55" value="default" target="#primmarkSeg_28"/>
<feat xlink:href="#primmarkSeg_22" value="default" target="empty"/>
<feat xlink:href="#primmarkSeg_29" value="default" target="empty"/>
<feat xlink:href="#primmarkSeg_35" value="default" target="empty"/>
<feat xlink:href="#primmarkSeg_30" value="default" target="empty"/>
</featList>
</sfb632_standard>
