<?xml version="1.0" standalone="no"?>
<!DOCTYPE sfb632_standard SYSTEM "sfb632_feat.dtd">


<sfb632_standard version="1.0">

<header sfb_id="mmax.maz-10205_ambiguity" type="ambiguity"/>

<featList xmlns:xlink="http://www.w3.org/1999/xlink" type="ambiguity" xml:base="mmax.maz-10205.primmarkSeg.xml">
<feat xlink:href="#primmarkSeg_33" value="not_ambig"/>
<feat xlink:href="#primmarkSeg_47" value="not_ambig"/>
<feat xlink:href="#primmarkSeg_54" value="not_ambig"/>
<feat xlink:href="#primmarkSeg_28" value="not_ambig"/>
<feat xlink:href="#primmarkSeg_53" value="not_ambig"/>
<feat xlink:href="#primmarkSeg_42" value="not_ambig"/>
<feat xlink:href="#primmarkSeg_32" value="ambig_rel"/>
<feat xlink:href="#primmarkSeg_23" value="not_ambig"/>
<feat xlink:href="#primmarkSeg_31" value="not_ambig"/>
<feat xlink:href="#primmarkSeg_26" value="not_ambig"/>
<feat xlink:href="#primmarkSeg_34" value="not_ambig"/>
<feat xlink:href="#primmarkSeg_50" value="not_ambig"/>
<feat xlink:href="#primmarkSeg_25" value="not_ambig"/>
<feat xlink:href="#primmarkSeg_46" value="not_ambig"/>
<feat xlink:href="#primmarkSeg_44" value="not_ambig"/>
<feat xlink:href="#primmarkSeg_39" value="not_ambig"/>
<feat xlink:href="#primmarkSeg_45" value="not_ambig"/>
<feat xlink:href="#primmarkSeg_43" value="not_ambig"/>
<feat xlink:href="#primmarkSeg_24" value="not_ambig"/>
<feat xlink:href="#primmarkSeg_36" value="not_ambig"/>
<feat xlink:href="#primmarkSeg_48" value="not_ambig"/>
<feat xlink:href="#primmarkSeg_51" value="not_ambig"/>
<feat xlink:href="#primmarkSeg_27" value="not_ambig"/>
<feat xlink:href="#primmarkSeg_37" value="not_ambig"/>
<feat xlink:href="#primmarkSeg_40" value="ambig_ante"/>
<feat xlink:href="#primmarkSeg_41" value="not_ambig"/>
<feat xlink:href="#primmarkSeg_38" value="not_ambig"/>
<feat xlink:href="#primmarkSeg_49" value="not_ambig"/>
<feat xlink:href="#primmarkSeg_55" value="ambig_rel"/>
<feat xlink:href="#primmarkSeg_22" value="not_ambig"/>
<feat xlink:href="#primmarkSeg_29" value="not_ambig"/>
<feat xlink:href="#primmarkSeg_35" value="not_ambig"/>
<feat xlink:href="#primmarkSeg_30" value="not_ambig"/>
</featList>
</sfb632_standard>
