<?xml version="1.0" standalone="no"?>
<!DOCTYPE sfb632_standard SYSTEM "sfb632_feat.dtd">



<sfb632_standard version="1.0">

<header sfb_id="mmax.maz-10205_sent" type="sent"/>

<featList xmlns:xlink="http://www.w3.org/1999/xlink" type="sentence" xml:base="tiger.ID_maz-10205.tok.xml">
<feat value="S" xlink:href="#xpointer(id('tok_1')/range-to(id('tok_2')))"/>
<feat value="S" xlink:href="#xpointer(id('tok_3')/range-to(id('tok_8')))"/>
<feat value="S" xlink:href="#xpointer(id('tok_9')/range-to(id('tok_17')))"/>
<feat value="S" xlink:href="#xpointer(id('tok_18')/range-to(id('tok_22')))"/>
<feat value="S" xlink:href="#xpointer(id('tok_23')/range-to(id('tok_27')))"/>
<feat value="S" xlink:href="#xpointer(id('tok_28')/range-to(id('tok_39')))"/>
<feat value="S" xlink:href="#xpointer(id('tok_40')/range-to(id('tok_56')))"/>
<feat value="S" xlink:href="#xpointer(id('tok_57')/range-to(id('tok_67')))"/>
<feat value="S" xlink:href="#xpointer(id('tok_68')/range-to(id('tok_72')))"/>
<feat value="S" xlink:href="#xpointer(id('tok_73')/range-to(id('tok_86')))"/>
<feat value="S" xlink:href="#xpointer(id('tok_87')/range-to(id('tok_90')))"/>
<feat value="S" xlink:href="#xpointer(id('tok_91')/range-to(id('tok_99')))"/>
<feat value="S" xlink:href="#xpointer(id('tok_100')/range-to(id('tok_106')))"/>
<feat value="S" xlink:href="#xpointer(id('tok_107')/range-to(id('tok_119')))"/>
<feat value="S" xlink:href="#xpointer(id('tok_120')/range-to(id('tok_127')))"/>
<feat value="S" xlink:href="#xpointer(id('tok_128')/range-to(id('tok_135')))"/>
<feat value="S" xlink:href="#xpointer(id('tok_136')/range-to(id('tok_145')))"/>
<feat value="S" xlink:href="#xpointer(id('tok_146')/range-to(id('tok_156')))"/>
<feat value="S" xlink:href="#xpointer(id('tok_157')/range-to(id('tok_167')))"/>
<feat value="S" xlink:href="#xpointer(id('tok_168')/range-to(id('tok_171')))"/>
<feat value="S" xlink:href="#xpointer(id('tok_172')/range-to(id('tok_181')))"/>
</featList>

</sfb632_standard>

