<?xml version="1.0" standalone="no"?>
<!DOCTYPE sfb632_standard SYSTEM "sfb632_feat.dtd">


<sfb632_standard version="1.0">

<header sfb_id="mmax.maz-10205_anaphor_type" type="anaphor_type"/>

<featList xmlns:xlink="http://www.w3.org/1999/xlink" type="anaphor_type" xml:base="mmax.maz-10205.primmarkSeg.xml">
<feat xlink:href="#primmarkSeg_33" value="anaphor_nominal"/>
<feat xlink:href="#primmarkSeg_47" value="anaphor_nominal"/>
<feat xlink:href="#primmarkSeg_54" value="anaphor_nominal"/>
<feat xlink:href="#primmarkSeg_28" value="anaphor_nominal"/>
<feat xlink:href="#primmarkSeg_53" value="anaphor_nominal"/>
<feat xlink:href="#primmarkSeg_42" value="anaphor_nominal"/>
<feat xlink:href="#primmarkSeg_32" value="anaphor_nominal"/>
<feat xlink:href="#primmarkSeg_50" value="anaphor_nominal"/>
<feat xlink:href="#primmarkSeg_44" value="anaphor_nominal"/>
<feat xlink:href="#primmarkSeg_43" value="anaphor_nominal"/>
<feat xlink:href="#primmarkSeg_36" value="anaphor_nominal"/>
<feat xlink:href="#primmarkSeg_48" value="anaphor_nominal"/>
<feat xlink:href="#primmarkSeg_40" value="anaphor_nominal"/>
<feat xlink:href="#primmarkSeg_41" value="anaphor_nominal"/>
<feat xlink:href="#primmarkSeg_38" value="anaphor_nominal"/>
<feat xlink:href="#primmarkSeg_49" value="anaphor_nominal"/>
<feat xlink:href="#primmarkSeg_55" value="anaphor_nominal"/>
</featList>
</sfb632_standard>
