<?xml version="1.0" standalone="no"?>
<!DOCTYPE sfb632_standard SYSTEM "sfb632_feat.dtd">


<sfb632_standard version="1.0">

<header sfb_id="mmax.maz-10205_type" type="type"/>

<featList xmlns:xlink="http://www.w3.org/1999/xlink" type="type" xml:base="mmax.maz-10205.primmarkSeg.xml">
<feat xlink:href="#primmarkSeg_33" value="anaphoric"/>
<feat xlink:href="#primmarkSeg_47" value="anaphoric"/>
<feat xlink:href="#primmarkSeg_54" value="anaphoric"/>
<feat xlink:href="#primmarkSeg_28" value="anaphoric"/>
<feat xlink:href="#primmarkSeg_53" value="anaphoric"/>
<feat xlink:href="#primmarkSeg_42" value="anaphoric"/>
<feat xlink:href="#primmarkSeg_32" value="anaphoric"/>
<feat xlink:href="#primmarkSeg_23" value="none"/>
<feat xlink:href="#primmarkSeg_31" value="none"/>
<feat xlink:href="#primmarkSeg_26" value="none"/>
<feat xlink:href="#primmarkSeg_34" value="none"/>
<feat xlink:href="#primmarkSeg_50" value="anaphoric"/>
<feat xlink:href="#primmarkSeg_25" value="none"/>
<feat xlink:href="#primmarkSeg_46" value="none"/>
<feat xlink:href="#primmarkSeg_44" value="anaphoric"/>
<feat xlink:href="#primmarkSeg_39" value="none"/>
<feat xlink:href="#primmarkSeg_45" value="none"/>
<feat xlink:href="#primmarkSeg_43" value="anaphoric"/>
<feat xlink:href="#primmarkSeg_24" value="none"/>
<feat xlink:href="#primmarkSeg_36" value="anaphoric"/>
<feat xlink:href="#primmarkSeg_48" value="anaphoric"/>
<feat xlink:href="#primmarkSeg_51" value="none"/>
<feat xlink:href="#primmarkSeg_27" value="none"/>
<feat xlink:href="#primmarkSeg_37" value="none"/>
<feat xlink:href="#primmarkSeg_40" value="anaphoric"/>
<feat xlink:href="#primmarkSeg_41" value="anaphoric"/>
<feat xlink:href="#primmarkSeg_38" value="anaphoric"/>
<feat xlink:href="#primmarkSeg_49" value="anaphoric"/>
<feat xlink:href="#primmarkSeg_55" value="anaphoric"/>
<feat xlink:href="#primmarkSeg_22" value="none"/>
<feat xlink:href="#primmarkSeg_29" value="none"/>
<feat xlink:href="#primmarkSeg_35" value="none"/>
<feat xlink:href="#primmarkSeg_30" value="none"/>
</featList>
</sfb632_standard>
