<?xml version="1.0" standalone="no"?>


<!DOCTYPE sfb632_standard SYSTEM "sfb632_feat.dtd">
<sfb632_standard version="1.0">

<header sfb_id="urml.maz-10205_pos" type="pos"/>

<featList xmlns:xlink="http://www.w3.org/1999/xlink" type="pos" xml:base="tiger.ID_maz-10205.tok.xml">

<feat xlink:href="#tok_1" value="PIAT"/><!-- Keine -->
<feat xlink:href="#tok_2" value="NN"/><!-- AutoritÃ¤ten -->
<feat xlink:href="#tok_3" value="APPR"/><!-- Unter -->
<feat xlink:href="#tok_4" value="ART"/><!-- den -->
<feat xlink:href="#tok_5" value="ADJA"/><!-- namhaften -->
<feat xlink:href="#tok_6" value="ADJA"/><!-- deutschen -->
<feat xlink:href="#tok_7" value="NN"/><!-- Schriftstellern -->
<feat xlink:href="#tok_8" value="$,"/><!-- , -->
<feat xlink:href="#tok_9" value="PRELS"/><!-- die -->
<feat xlink:href="#tok_10" value="APPR"/><!-- von -->
<feat xlink:href="#tok_11" value="NE"/><!-- Gerhard -->
<feat xlink:href="#tok_12" value="NE"/><!-- SchrÃ¶der -->
<feat xlink:href="#tok_13" value="APPRART"/><!-- am -->
<feat xlink:href="#tok_14" value="NN"/><!-- Samstagabend -->
<feat xlink:href="#tok_15" value="VVPP"/><!-- empfangen -->
<feat xlink:href="#tok_16" value="VAFIN"/><!-- wurden -->
<feat xlink:href="#tok_17" value="$,"/><!-- , -->
<feat xlink:href="#tok_18" value="VAFIN"/><!-- war -->
<feat xlink:href="#tok_19" value="PIAT"/><!-- kein -->
<feat xlink:href="#tok_20" value="ADJA"/><!-- faltenloses -->
<feat xlink:href="#tok_21" value="NN"/><!-- Gesicht -->
<feat xlink:href="#tok_22" value="$."/><!-- . -->
<feat xlink:href="#tok_23" value="PDS"/><!-- Das -->
<feat xlink:href="#tok_24" value="VAFIN"/><!-- ist -->
<feat xlink:href="#tok_25" value="PIAT"/><!-- kein -->
<feat xlink:href="#tok_26" value="NN"/><!-- Zufall -->
<feat xlink:href="#tok_27" value="$,"/><!-- , -->
<feat xlink:href="#tok_28" value="ADJD"/><!-- nervt -->
<feat xlink:href="#tok_29" value="ADV"/><!-- doch -->
<feat xlink:href="#tok_30" value="ART"/><!-- die -->
<feat xlink:href="#tok_31" value="PIDAT"/><!-- meisten -->
<feat xlink:href="#tok_32" value="ADJA"/><!-- jÃ¼ngeren -->
<feat xlink:href="#tok_33" value="NN"/><!-- Autoren -->
<feat xlink:href="#tok_34" value="ART"/><!-- die -->
<feat xlink:href="#tok_35" value="ADJA"/><!-- ewige -->
<feat xlink:href="#tok_36" value="NN"/><!-- Besserwisserei -->
<feat xlink:href="#tok_37" value="ART"/><!-- der -->
<feat xlink:href="#tok_38" value="NN"/><!-- Altgedienten -->
<feat xlink:href="#tok_39" value="$."/><!-- . -->
<feat xlink:href="#tok_40" value="KOUS"/><!-- Wenn -->
<feat xlink:href="#tok_41" value="PRF"/><!-- sich -->
<feat xlink:href="#tok_42" value="NE"/><!-- GÃ¼nter -->
<feat xlink:href="#tok_43" value="NE"/><!-- Grass -->
<feat xlink:href="#tok_44" value="$,"/><!-- , -->
<feat xlink:href="#tok_45" value="NE"/><!-- Christa -->
<feat xlink:href="#tok_46" value="NE"/><!-- Wolf -->
<feat xlink:href="#tok_47" value="KON"/><!-- oder -->
<feat xlink:href="#tok_48" value="NE"/><!-- Stefan -->
<feat xlink:href="#tok_49" value="NE"/><!-- Heym -->
<feat xlink:href="#tok_50" value="APPR"/><!-- in -->
<feat xlink:href="#tok_51" value="ADJA"/><!-- politischen -->
<feat xlink:href="#tok_52" value="NN"/><!-- Angelegenheiten -->
<feat xlink:href="#tok_53" value="APPR"/><!-- zu -->
<feat xlink:href="#tok_54" value="NN"/><!-- Wort -->
<feat xlink:href="#tok_55" value="VVINF"/><!-- melden -->
<feat xlink:href="#tok_56" value="$,"/><!-- , -->
<feat xlink:href="#tok_57" value="VVFIN"/><!-- hÃ¶rt -->
<feat xlink:href="#tok_58" value="ART"/><!-- ein -->
<feat xlink:href="#tok_59" value="ADJA"/><!-- groÃer -->
<feat xlink:href="#tok_60" value="NN"/><!-- Teil -->
<feat xlink:href="#tok_61" value="ART"/><!-- der -->
<feat xlink:href="#tok_62" value="ADJA"/><!-- deutschen -->
<feat xlink:href="#tok_63" value="ADJA"/><!-- Intellektuellen -->
<feat xlink:href="#tok_64" value="ADV"/><!-- inzwischen -->
<feat xlink:href="#tok_65" value="ADJD"/><!-- bewusst -->
<feat xlink:href="#tok_66" value="PTKVZ"/><!-- weg -->
<feat xlink:href="#tok_67" value="$."/><!-- . -->
<feat xlink:href="#tok_68" value="KON"/><!-- Doch -->
<feat xlink:href="#tok_69" value="NE"/><!-- SchrÃ¶der -->
<feat xlink:href="#tok_70" value="VAFIN"/><!-- hat -->
<feat xlink:href="#tok_71" value="NN"/><!-- Angst -->
<feat xlink:href="#tok_72" value="$,"/><!-- , -->
<feat xlink:href="#tok_73" value="KOUS"/><!-- dass -->
<feat xlink:href="#tok_74" value="ART"/><!-- die -->
<feat xlink:href="#tok_75" value="ADJA"/><!-- Ã¶ffentliche -->
<feat xlink:href="#tok_76" value="NN"/><!-- Meinung -->
<feat xlink:href="#tok_77" value="APPR"/><!-- wegen -->
<feat xlink:href="#tok_78" value="ART"/><!-- der -->
<feat xlink:href="#tok_79" value="NN"/><!-- Kriegsteilnahme -->
<feat xlink:href="#tok_80" value="VVFIN"/><!-- kippt -->
<feat xlink:href="#tok_81" value="KON"/><!-- und -->
<feat xlink:href="#tok_82" value="PRF"/><!-- sich -->
<feat xlink:href="#tok_83" value="APPR"/><!-- gegen -->
<feat xlink:href="#tok_84" value="PPER"/><!-- ihn -->
<feat xlink:href="#tok_85" value="VVFIN"/><!-- wendet -->
<feat xlink:href="#tok_86" value="$."/><!-- . -->
<feat xlink:href="#tok_87" value="PROAV"/><!-- Deshalb -->
<feat xlink:href="#tok_88" value="VVFIN"/><!-- versucht -->
<feat xlink:href="#tok_89" value="PPER"/><!-- er -->
<feat xlink:href="#tok_90" value="$,"/><!-- , -->
<feat xlink:href="#tok_91" value="ART"/><!-- die -->
<feat xlink:href="#tok_92" value="NN"/><!-- TuchfÃ¼hlung -->
<feat xlink:href="#tok_93" value="APPR"/><!-- zu -->
<feat xlink:href="#tok_94" value="ART"/><!-- den -->
<feat xlink:href="#tok_95" value="NN"/><!-- MeinungsfÃ¼hrern -->
<feat xlink:href="#tok_96" value="PTKNEG"/><!-- nicht -->
<feat xlink:href="#tok_97" value="PTKZU"/><!-- zu -->
<feat xlink:href="#tok_98" value="VVINF"/><!-- verlieren -->
<feat xlink:href="#tok_99" value="$."/><!-- . -->
<feat xlink:href="#tok_100" value="KON"/><!-- Doch -->
<feat xlink:href="#tok_101" value="PWAV"/><!-- wo -->
<feat xlink:href="#tok_102" value="KON"/><!-- und -->
<feat xlink:href="#tok_103" value="PWS"/><!-- wer -->
<feat xlink:href="#tok_104" value="VAFIN"/><!-- sind -->
<feat xlink:href="#tok_105" value="PPER"/><!-- sie -->
<feat xlink:href="#tok_106" value="$."/><!-- ? -->
<feat xlink:href="#tok_107" value="ART"/><!-- Die -->
<feat xlink:href="#tok_108" value="ADJA"/><!-- jungen -->
<feat xlink:href="#tok_109" value="NN"/><!-- Autoren -->
<feat xlink:href="#tok_110" value="VMFIN"/><!-- wollen -->
<feat xlink:href="#tok_111" value="ADV"/><!-- nur -->
<feat xlink:href="#tok_112" value="ADV"/><!-- noch -->
<feat xlink:href="#tok_113" value="ADJA"/><!-- gute -->
<feat xlink:href="#tok_114" value="NN"/><!-- BÃ¼cher -->
<feat xlink:href="#tok_115" value="VVINF"/><!-- schreiben -->
<feat xlink:href="#tok_116" value="KON"/><!-- und -->
<feat xlink:href="#tok_117" value="VVFIN"/><!-- behaupten -->
<feat xlink:href="#tok_118" value="PTKNEG"/><!-- nicht -->
<feat xlink:href="#tok_119" value="$,"/><!-- , -->
<feat xlink:href="#tok_120" value="KOUS"/><!-- dass -->
<feat xlink:href="#tok_121" value="PPER"/><!-- sie -->
<feat xlink:href="#tok_122" value="ART"/><!-- dem -->
<feat xlink:href="#tok_123" value="NN"/><!-- Kanzler -->
<feat xlink:href="#tok_124" value="NN"/><!-- RatschlÃ¤ge -->
<feat xlink:href="#tok_125" value="VVINF"/><!-- erteilen -->
<feat xlink:href="#tok_126" value="VMFIN"/><!-- kÃ¶nnen -->
<feat xlink:href="#tok_127" value="$,"/><!-- , -->
<feat xlink:href="#tok_128" value="ART"/><!-- die -->
<feat xlink:href="#tok_129" value="ADJD"/><!-- besser -->
<feat xlink:href="#tok_130" value="VAFIN"/><!-- sind -->
<feat xlink:href="#tok_131" value="KOKOM"/><!-- als -->
<feat xlink:href="#tok_132" value="ART"/><!-- die -->
<feat xlink:href="#tok_133" value="APPR"/><!-- von -->
<feat xlink:href="#tok_134" value="NN"/><!-- NormalbÃ¼rgern -->
<feat xlink:href="#tok_135" value="$."/><!-- . -->
<feat xlink:href="#tok_136" value="ART"/><!-- Die -->
<feat xlink:href="#tok_137" value="NN"/><!-- Nation -->
<feat xlink:href="#tok_138" value="VAFIN"/><!-- hat -->
<feat xlink:href="#tok_139" value="PRF"/><!-- sich -->
<feat xlink:href="#tok_140" value="ADV"/><!-- bisher -->
<feat xlink:href="#tok_141" value="PIAT"/><!-- keine -->
<feat xlink:href="#tok_142" value="ADJA"/><!-- neuen -->
<feat xlink:href="#tok_143" value="NN"/><!-- Klassensprecher -->
<feat xlink:href="#tok_144" value="VVPP"/><!-- gewÃ¤hlt -->
<feat xlink:href="#tok_145" value="$,"/><!-- , -->
<feat xlink:href="#tok_146" value="ADV"/><!-- also -->
<feat xlink:href="#tok_147" value="VVFIN"/><!-- ging -->
<feat xlink:href="#tok_148" value="ART"/><!-- der -->
<feat xlink:href="#tok_149" value="NN"/><!-- Bundeskanzler -->
<feat xlink:href="#tok_150" value="ADV"/><!-- noch -->
<feat xlink:href="#tok_151" value="ADV"/><!-- einmal -->
<feat xlink:href="#tok_152" value="APPR"/><!-- auf -->
<feat xlink:href="#tok_153" value="ART"/><!-- die -->
<feat xlink:href="#tok_154" value="ADJA"/><!-- alten -->
<feat xlink:href="#tok_155" value="PTKVZ"/><!-- zu -->
<feat xlink:href="#tok_156" value="$."/><!-- . -->
<feat xlink:href="#tok_157" value="PDS"/><!-- Die -->
<feat xlink:href="#tok_158" value="VVFIN"/><!-- lasen -->
<feat xlink:href="#tok_159" value="ART"/><!-- dem -->
<feat xlink:href="#tok_160" value="NN"/><!-- Enkel -->
<feat xlink:href="#tok_161" value="APPR"/><!-- von -->
<feat xlink:href="#tok_162" value="NE"/><!-- Willy -->
<feat xlink:href="#tok_163" value="NE"/><!-- Brandt -->
<feat xlink:href="#tok_164" value="ADV"/><!-- nun -->
<feat xlink:href="#tok_165" value="ART"/><!-- die -->
<feat xlink:href="#tok_166" value="NN"/><!-- Leviten -->
<feat xlink:href="#tok_167" value="$."/><!-- . -->
<feat xlink:href="#tok_168" value="NN"/><!-- GlÃ¼ck -->
<feat xlink:href="#tok_169" value="APPR"/><!-- fÃ¼r -->
<feat xlink:href="#tok_170" value="NE"/><!-- SchrÃ¶der -->
<feat xlink:href="#tok_171" value="$,"/><!-- , -->
<feat xlink:href="#tok_172" value="KOUS"/><!-- dass -->
<feat xlink:href="#tok_173" value="ART"/><!-- die -->
<feat xlink:href="#tok_174" value="ADJA"/><!-- groÃen -->
<feat xlink:href="#tok_175" value="NN"/><!-- Namen -->
<feat xlink:href="#tok_176" value="ADV"/><!-- nur -->
<feat xlink:href="#tok_177" value="ADV"/><!-- noch -->
<feat xlink:href="#tok_178" value="PIAT"/><!-- wenig -->
<feat xlink:href="#tok_179" value="NN"/><!-- AutoritÃ¤t -->
<feat xlink:href="#tok_180" value="VVINF"/><!-- besitzen -->
<feat xlink:href="#tok_181" value="$."/><!-- . -->
</featList>

</sfb632_standard>
