<?xml version="1.0" standalone="no"?>


<!DOCTYPE sfb632_standard SYSTEM "sfb632_feat.dtd">
<sfb632_standard version="1.0">

<header sfb_id="urml.maz-10205_func" type="func"/>

<featList xmlns:xlink="http://www.w3.org/1999/xlink" type="func" xml:base="urml.maz-10205.const.xml">

<feat xlink:href="#rel_1" value="nucleus"/><!--eine Au...-->
<feat xlink:href="#rel_2" value="satellite"/>
<feat xlink:href="#rel_3" value="nucleus"/><!--nter de...-->
<feat xlink:href="#rel_4" value="satellite"/><!--ar kein...-->
<feat xlink:href="#rel_5" value="nucleus"/><!--lso gin...-->
<feat xlink:href="#rel_6" value="satellite"/>
<feat xlink:href="#rel_7" value="nucleus"/>
<feat xlink:href="#rel_8" value="satellite"/>
<feat xlink:href="#rel_9" value="nucleus"/>
<feat xlink:href="#rel_10" value="satellite"/><!--lÃ¼ck fÃ¼...-->
<feat xlink:href="#rel_11" value="nucleus"/>
<feat xlink:href="#rel_12" value="satellite"/><!--och wo ...-->
<feat xlink:href="#rel_13" value="nucleus"/>
<feat xlink:href="#rel_14" value="satellite"/><!--ie lase...-->
<feat xlink:href="#rel_15" value="nucleus"/>
<feat xlink:href="#rel_16" value="satellite"/><!--ie Nati...-->
<feat xlink:href="#rel_17" value="nucleus"/>
<feat xlink:href="#rel_18" value="satellite"/>
<feat xlink:href="#rel_19" value="nucleus"/><!--as ist ...-->
<feat xlink:href="#rel_20" value="satellite"/>
<feat xlink:href="#rel_21" value="nucleus"/><!--enn sic...-->
<feat xlink:href="#rel_22" value="satellite"/>
<feat xlink:href="#rel_23" value="nucleus"/><!--eshalb ...-->
<feat xlink:href="#rel_24" value="satellite"/><!--och Sch...-->
<feat xlink:href="#rel_25" value="nucleus"/><!--ie jung...-->
<feat xlink:href="#rel_26" value="satellite"/><!--ie bess...-->
</featList>

</sfb632_standard>
