<?xml version="1.0" standalone="no"?>
<!DOCTYPE sfb632_standard SYSTEM "sfb632_struct.dtd">


<sfb632_standard version="1.0">
<header sfb_id="urml.maz-10205_const" type="const"/>

<structList xmlns:xlink="http://www.w3.org/1999/xlink" type="const">

<struct id="const_1">
<rel id="rel_1" xlink:href="urml.maz-10205.seg.xml#seg_1"/><!--eine Au...-->
<rel id="rel_2" xlink:href="const_4"/>
</struct>
<struct id="const_2">
<rel id="rel_3" xlink:href="urml.maz-10205.seg.xml#seg_2"/><!--nter de...-->
<rel id="rel_4" xlink:href="urml.maz-10205.seg.xml#seg_3"/><!--ar kein...-->
</struct>
<struct id="const_3">
<rel id="rel_5" xlink:href="urml.maz-10205.seg.xml#seg_13"/><!--lso gin...-->
<rel id="rel_6" xlink:href="const_8"/>
</struct>
<struct id="const_4">
<rel id="rel_7" xlink:href="const_10"/>
<rel id="rel_8" xlink:href="const_2"/>
</struct>
<struct id="const_5">
<rel id="rel_9" xlink:href="const_7"/>
<rel id="rel_10" xlink:href="urml.maz-10205.seg.xml#seg_15"/><!--lÃ¼ck fÃ¼...-->
</struct>
<struct id="const_6">
<rel id="rel_11" xlink:href="const_13"/>
<rel id="rel_12" xlink:href="urml.maz-10205.seg.xml#seg_9"/><!--och wo ...-->
</struct>
<struct id="const_7">
<rel id="rel_13" xlink:href="const_3"/>
<rel id="rel_14" xlink:href="urml.maz-10205.seg.xml#seg_14"/><!--ie lase...-->
</struct>
<struct id="const_8">
<rel id="rel_15" xlink:href="const_6"/>
<rel id="rel_16" xlink:href="urml.maz-10205.seg.xml#seg_12"/><!--ie Nati...-->
</struct>
<struct id="const_9">
<rel id="rel_17" xlink:href="const_5"/>
<rel id="rel_18" xlink:href="const_12"/>
</struct>
<struct id="const_10">
<rel id="rel_19" xlink:href="urml.maz-10205.seg.xml#seg_4"/><!--as ist ...-->
<rel id="rel_20" xlink:href="const_11"/>
</struct>
<struct id="const_11">
<rel id="rel_21" xlink:href="urml.maz-10205.seg.xml#seg_6"/><!--enn sic...-->
<rel id="rel_22" xlink:href="const_9"/>
</struct>
<struct id="const_12">
<rel id="rel_23" xlink:href="urml.maz-10205.seg.xml#seg_8"/><!--eshalb ...-->
<rel id="rel_24" xlink:href="urml.maz-10205.seg.xml#seg_7"/><!--och Sch...-->
</struct>
<struct id="const_13">
<rel id="rel_25" xlink:href="urml.maz-10205.seg.xml#seg_10"/><!--ie jung...-->
<rel id="rel_26" xlink:href="urml.maz-10205.seg.xml#seg_11"/><!--ie bess...-->
</struct></structList>
</sfb632_standard>
