<?xml version="1.0" encoding="UTF-8" standalone="no"?>
<!DOCTYPE paula SYSTEM "paula_feat.dtd">
<paula version="1.0">


<header paula_id="exmaralda.82DEU-E04FIT-00X9100.Speaker1_sex"/>

<featList xmlns:xlink="http://www.w3.org/1999/xlink" type="Speaker1_sex" xml:base="exmaralda.82DEU-E04FIT-00X9100.anno.xml">

<feat xlink:href="#anno_1" value="male"/>
<feat xlink:href="#anno_2" value="male"/>
<feat xlink:href="#anno_3" value="male"/>
<feat xlink:href="#anno_4" value="male"/>
<feat xlink:href="#anno_5" value="male"/>
<feat xlink:href="#anno_6" value="male"/>
<feat xlink:href="#anno_7" value="male"/>
<feat xlink:href="#anno_8" value="male"/>
<feat xlink:href="#anno_9" value="male"/>
<feat xlink:href="#anno_10" value="male"/>
<feat xlink:href="#anno_11" value="male"/>
<feat xlink:href="#anno_12" value="male"/>
<feat xlink:href="#anno_13" value="male"/>
<feat xlink:href="#anno_14" value="male"/>
<feat xlink:href="#anno_15" value="male"/>
<feat xlink:href="#anno_16" value="male"/>
<feat xlink:href="#anno_17" value="male"/>
<feat xlink:href="#anno_18" value="male"/>
<feat xlink:href="#anno_19" value="male"/>
<feat xlink:href="#anno_20" value="male"/>
<feat xlink:href="#anno_21" value="male"/>
<feat xlink:href="#anno_22" value="male"/>
<feat xlink:href="#anno_23" value="male"/>
<feat xlink:href="#anno_24" value="male"/>
<feat xlink:href="#anno_25" value="male"/>
<feat xlink:href="#anno_26" value="male"/>
<feat xlink:href="#anno_27" value="male"/>
<feat xlink:href="#anno_28" value="male"/>
<feat xlink:href="#anno_29" value="male"/>
<feat xlink:href="#anno_30" value="male"/>
<feat xlink:href="#anno_31" value="male"/>
<feat xlink:href="#anno_32" value="male"/>

</featList>
</paula>
