<?xml version="1.0" encoding="UTF-8" standalone="no"?>
<!DOCTYPE paula SYSTEM "paula_feat.dtd">
<paula version="1.0">


<header paula_id="exmaralda.82DEU-E04FIT-00X9100.Instructor_age"/>

<featList xmlns:xlink="http://www.w3.org/1999/xlink" type="Instructor_age" xml:base="exmaralda.82DEU-E04FIT-00X9100.anno.xml">

<feat xlink:href="#anno_1" value="25"/>
<feat xlink:href="#anno_2" value="25"/>
<feat xlink:href="#anno_3" value="25"/>
<feat xlink:href="#anno_4" value="25"/>
<feat xlink:href="#anno_5" value="25"/>
<feat xlink:href="#anno_6" value="25"/>
<feat xlink:href="#anno_7" value="25"/>
<feat xlink:href="#anno_8" value="25"/>
<feat xlink:href="#anno_9" value="25"/>
<feat xlink:href="#anno_10" value="25"/>
<feat xlink:href="#anno_11" value="25"/>
<feat xlink:href="#anno_12" value="25"/>
<feat xlink:href="#anno_13" value="25"/>
<feat xlink:href="#anno_14" value="25"/>
<feat xlink:href="#anno_15" value="25"/>
<feat xlink:href="#anno_16" value="25"/>
<feat xlink:href="#anno_17" value="25"/>
<feat xlink:href="#anno_18" value="25"/>
<feat xlink:href="#anno_19" value="25"/>
<feat xlink:href="#anno_20" value="25"/>
<feat xlink:href="#anno_21" value="25"/>
<feat xlink:href="#anno_22" value="25"/>
<feat xlink:href="#anno_23" value="25"/>
<feat xlink:href="#anno_24" value="25"/>
<feat xlink:href="#anno_25" value="25"/>
<feat xlink:href="#anno_26" value="25"/>
<feat xlink:href="#anno_27" value="25"/>
<feat xlink:href="#anno_28" value="25"/>
<feat xlink:href="#anno_29" value="25"/>
<feat xlink:href="#anno_30" value="25"/>
<feat xlink:href="#anno_31" value="25"/>
<feat xlink:href="#anno_32" value="25"/>

</featList>
</paula>
