<?xml version="1.0" encoding="UTF-8" standalone="no"?>


<!DOCTYPE paula SYSTEM "paula_feat.dtd">
<paula version="1.0">

<header paula_id="exmaralda.82DEU-E04FIT-00X9100_gloss"/>

<featList xmlns:xlink="http://www.w3.org/1999/xlink" type="gloss" xml:base="exmaralda.82DEU-E04FIT-00X9100.glossSeg.xml">

<feat xlink:href="#glossSeg_1" value="what.SG[ACC]"/><!-- Was -->
<feat xlink:href="#glossSeg_2" value="have:3.SG"/><!-- hat -->
<feat xlink:href="#glossSeg_3" value="3.SG.F.NOM"/><!-- sie -->
<feat xlink:href="#glossSeg_4" value="PTCP.PRF_1-say-_1"/><!-- gesagt -->
<feat xlink:href="#glossSeg_5" value="have-3.PL"/><!-- haben -->
<feat xlink:href="#glossSeg_6" value="3.PL.NOM"/><!-- sie -->
<feat xlink:href="#glossSeg_7" value="with"/><!-- mit -->
<feat xlink:href="#glossSeg_8" value="IDEF-M.SG.DAT"/><!-- einem -->
<feat xlink:href="#glossSeg_9" value="tree.M[SG.DAT]"/><!-- Baum -->
<feat xlink:href="#glossSeg_10" value="PTCP.PRF_1-make-_1"/><!-- gemacht -->
<feat xlink:href="#glossSeg_11" value="PTCP.PRF_1-cut.a.tree-_1"/><!-- Gefällt -->
<feat xlink:href="#glossSeg_12" value="3.SG.F.NOM"/><!-- Sie -->
<feat xlink:href="#glossSeg_13" value="have-3.SG"/><!-- hat -->
<feat xlink:href="#glossSeg_14" value="PTCP.PRF_1-say-_1"/><!-- gesagt -->
<feat xlink:href="#glossSeg_15" value="that"/><!-- dass -->
<feat xlink:href="#glossSeg_16" value="3.PL.NOM"/><!-- sie -->
<feat xlink:href="#glossSeg_17" value="IDEF-M.SG.ACC"/><!-- einen -->
<feat xlink:href="#glossSeg_18" value="tree.M[SG.ACC]"/><!-- Baum -->
<feat xlink:href="#glossSeg_19" value="PTCP.PRF_1-cut.a.tree-_1"/><!-- gefällt -->
<feat xlink:href="#glossSeg_20" value="have-3.PL"/><!-- haben -->
</featList>

</paula>
