<?xml version="1.0" encoding="UTF-8" standalone="no"?>


<!DOCTYPE paula SYSTEM "paula_mark.dtd">
<paula version="1.0">

<header paula_id="exmaralda.82DEU-E04FIT-00X9100_phonesSeg"/>

<markList xmlns:xlink="http://www.w3.org/1999/xlink" type="phonesSeg" xml:base="exmaralda.82DEU-E04FIT-00X9100.tok.xml">

<mark id="phonesSeg_1" xlink:href="#tok_1"/><!-- Was -->
<mark id="phonesSeg_2" xlink:href="#tok_3"/><!-- hat -->
<mark id="phonesSeg_3" xlink:href="#tok_4"/><!-- sie -->
<mark id="phonesSeg_4" xlink:href="#tok_5"/><!-- gesagt -->
<mark id="phonesSeg_5" xlink:href="#tok_7"/><!-- haben -->
<mark id="phonesSeg_6" xlink:href="#tok_8"/><!-- sie -->
<mark id="phonesSeg_7" xlink:href="#tok_9"/><!-- mit -->
<mark id="phonesSeg_8" xlink:href="#tok_10"/><!-- einem -->
<mark id="phonesSeg_9" xlink:href="#tok_11"/><!-- Baum -->
<mark id="phonesSeg_10" xlink:href="#tok_12"/><!-- gemacht -->
<mark id="phonesSeg_11" xlink:href="#tok_14"/><!-- Gefällt -->
<mark id="phonesSeg_12" xlink:href="#tok_16"/><!-- Sie -->
<mark id="phonesSeg_13" xlink:href="#tok_17"/><!-- hat -->
<mark id="phonesSeg_14" xlink:href="#tok_18"/><!-- gesagt -->
<mark id="phonesSeg_15" xlink:href="#tok_20"/><!-- dass -->
<mark id="phonesSeg_16" xlink:href="#tok_21"/><!-- sie -->
<mark id="phonesSeg_17" xlink:href="#tok_22"/><!-- einen -->
<mark id="phonesSeg_18" xlink:href="#tok_23"/><!-- Baum -->
<mark id="phonesSeg_19" xlink:href="#tok_24"/><!-- gefällt -->
<mark id="phonesSeg_20" xlink:href="#tok_25"/><!-- haben -->
</markList>

</paula>
