<?xml version="1.0" encoding="UTF-8" standalone="no"?>


<!DOCTYPE paula SYSTEM "paula_feat.dtd">
<paula version="1.0">

<header paula_id="exmaralda.82DEU-E04FIT-00X9100_int-tones"/>

<featList xmlns:xlink="http://www.w3.org/1999/xlink" type="int-tones" xml:base="exmaralda.82DEU-E04FIT-00X9100.int-tonesSeg.xml">

<feat xlink:href="#int-tonesSeg_1" value="L+H*"/><!-- Was -->
<feat xlink:href="#int-tonesSeg_2" value="Hp"/><!--  -->
<feat xlink:href="#int-tonesSeg_3" value="H*"/><!-- sie -->
<feat xlink:href="#int-tonesSeg_4" value="Lp"/><!-- , -->
<feat xlink:href="#int-tonesSeg_5" value="L+H*"/><!-- Baum -->
<feat xlink:href="#int-tonesSeg_6" value="Hi"/><!-- ? -->
<feat xlink:href="#int-tonesSeg_7" value="H+L*"/><!-- Gefällt -->
<feat xlink:href="#int-tonesSeg_8" value="Li"/><!-- . -->
<feat xlink:href="#int-tonesSeg_9" value="H*+L"/><!-- gefällt -->
<feat xlink:href="#int-tonesSeg_10" value="Li"/><!-- . -->
</featList>

</paula>
