<?xml version="1.0" encoding="UTF-8" standalone="no"?>


<!DOCTYPE paula SYSTEM "paula_mark.dtd">
<paula version="1.0">

<header paula_id="exmaralda.82DEU-E04FIT-00X9100_infostatSeg"/>

<markList xmlns:xlink="http://www.w3.org/1999/xlink" type="infostatSeg" xml:base="exmaralda.82DEU-E04FIT-00X9100.tok.xml">

<mark id="infostatSeg_1" xlink:href="#tok_4"/><!-- sie -->
<mark id="infostatSeg_2" xlink:href="#tok_8"/><!-- sie -->
<mark id="infostatSeg_3" xlink:href="#xpointer(id('tok_10')/range-to(id('tok_11')))"/><!-- einem...Baum -->
<mark id="infostatSeg_4" xlink:href="#tok_16"/><!-- Sie -->
<mark id="infostatSeg_5" xlink:href="#tok_21"/><!-- sie -->
<mark id="infostatSeg_6" xlink:href="#xpointer(id('tok_22')/range-to(id('tok_23')))"/><!-- einen...Baum -->
</markList>

</paula>
