<?xml version="1.0" encoding="UTF-8" standalone="no"?>


<!DOCTYPE paula SYSTEM "paula_feat.dtd">
<paula version="1.0">

<header paula_id="exmaralda.82DEU-E04FIT-00X9100_roles1"/>

<featList xmlns:xlink="http://www.w3.org/1999/xlink" type="roles1" xml:base="exmaralda.82DEU-E04FIT-00X9100.roles1Seg.xml">

<feat xlink:href="#roles1Seg_1" value="THEME"/><!-- Was -->
<feat xlink:href="#roles1Seg_2" value="AG"/><!-- sie -->
<feat xlink:href="#roles1Seg_3" value="GOAL"/><!-- mit...Baum -->
<feat xlink:href="#roles1Seg_4" value="AG"/><!-- sie -->
<feat xlink:href="#roles1Seg_5" value="THEME"/><!-- einen...Baum -->
</featList>

</paula>
