<?xml version="1.0" encoding="UTF-8" standalone="no"?>


<!DOCTYPE paula SYSTEM "paula_mark.dtd">
<paula version="1.0">

<header paula_id="exmaralda.82DEU-E04FIT-00X9100_glossSeg"/>

<markList xmlns:xlink="http://www.w3.org/1999/xlink" type="glossSeg" xml:base="exmaralda.82DEU-E04FIT-00X9100.tok.xml">

<mark id="glossSeg_1" xlink:href="#tok_1"/><!-- Was -->
<mark id="glossSeg_2" xlink:href="#tok_3"/><!-- hat -->
<mark id="glossSeg_3" xlink:href="#tok_4"/><!-- sie -->
<mark id="glossSeg_4" xlink:href="#tok_5"/><!-- gesagt -->
<mark id="glossSeg_5" xlink:href="#tok_7"/><!-- haben -->
<mark id="glossSeg_6" xlink:href="#tok_8"/><!-- sie -->
<mark id="glossSeg_7" xlink:href="#tok_9"/><!-- mit -->
<mark id="glossSeg_8" xlink:href="#tok_10"/><!-- einem -->
<mark id="glossSeg_9" xlink:href="#tok_11"/><!-- Baum -->
<mark id="glossSeg_10" xlink:href="#tok_12"/><!-- gemacht -->
<mark id="glossSeg_11" xlink:href="#tok_14"/><!-- Gefällt -->
<mark id="glossSeg_12" xlink:href="#tok_16"/><!-- Sie -->
<mark id="glossSeg_13" xlink:href="#tok_17"/><!-- hat -->
<mark id="glossSeg_14" xlink:href="#tok_18"/><!-- gesagt -->
<mark id="glossSeg_15" xlink:href="#tok_20"/><!-- dass -->
<mark id="glossSeg_16" xlink:href="#tok_21"/><!-- sie -->
<mark id="glossSeg_17" xlink:href="#tok_22"/><!-- einen -->
<mark id="glossSeg_18" xlink:href="#tok_23"/><!-- Baum -->
<mark id="glossSeg_19" xlink:href="#tok_24"/><!-- gefällt -->
<mark id="glossSeg_20" xlink:href="#tok_25"/><!-- haben -->
</markList>

</paula>
