<?xml version="1.0" encoding="UTF-8" standalone="no"?>


<!DOCTYPE paula SYSTEM "paula_feat.dtd">
<paula version="1.0">

<header paula_id="exmaralda.82DEU-E04FIT-00X9100_pos"/>

<featList xmlns:xlink="http://www.w3.org/1999/xlink" type="pos" xml:base="exmaralda.82DEU-E04FIT-00X9100.posSeg.xml">

<feat xlink:href="#posSeg_1" value="PRONINT"/><!-- Was -->
<feat xlink:href="#posSeg_2" value="VAUX"/><!-- hat -->
<feat xlink:href="#posSeg_3" value="PRONPRS"/><!-- sie -->
<feat xlink:href="#posSeg_4" value="VTR"/><!-- gesagt -->
<feat xlink:href="#posSeg_5" value="VAUX"/><!-- haben -->
<feat xlink:href="#posSeg_6" value="PRONPRS"/><!-- sie -->
<feat xlink:href="#posSeg_7" value="P"/><!-- mit -->
<feat xlink:href="#posSeg_8" value="DET"/><!-- einem -->
<feat xlink:href="#posSeg_9" value="NCOM"/><!-- Baum -->
<feat xlink:href="#posSeg_10" value="VTR"/><!-- gemacht -->
<feat xlink:href="#posSeg_11" value="VTR"/><!-- Gefällt -->
<feat xlink:href="#posSeg_12" value="PRONPRS"/><!-- Sie -->
<feat xlink:href="#posSeg_13" value="VAUX"/><!-- hat -->
<feat xlink:href="#posSeg_14" value="VTR"/><!-- gesagt -->
<feat xlink:href="#posSeg_15" value="SUBCOM"/><!-- dass -->
<feat xlink:href="#posSeg_16" value="PRONPRS"/><!-- sie -->
<feat xlink:href="#posSeg_17" value="DET"/><!-- einen -->
<feat xlink:href="#posSeg_18" value="NCOM"/><!-- Baum -->
<feat xlink:href="#posSeg_19" value="VTR"/><!-- gefällt -->
<feat xlink:href="#posSeg_20" value="VAUX"/><!-- haben -->
</featList>

</paula>
