<?xml version="1.0" encoding="UTF-8" standalone="no"?>


<!DOCTYPE paula SYSTEM "paula_mark.dtd">
<paula version="1.0">

<header paula_id="exmaralda.82DEU-E04FIT-00X9100_accentSeg"/>

<markList xmlns:xlink="http://www.w3.org/1999/xlink" type="accentSeg" xml:base="exmaralda.82DEU-E04FIT-00X9100.tok.xml">

<mark id="accentSeg_1" xlink:href="#tok_1"/><!-- Was -->
<mark id="accentSeg_2" xlink:href="#tok_4"/><!-- sie -->
<mark id="accentSeg_3" xlink:href="#tok_11"/><!-- Baum -->
<mark id="accentSeg_4" xlink:href="#tok_12"/><!-- gemacht -->
<mark id="accentSeg_5" xlink:href="#tok_14"/><!-- Gefällt -->
<mark id="accentSeg_6" xlink:href="#tok_23"/><!-- Baum -->
<mark id="accentSeg_7" xlink:href="#tok_24"/><!-- gefällt -->
</markList>

</paula>
