<?xml version="1.0" encoding="UTF-8" standalone="no"?>


<!DOCTYPE paula SYSTEM "paula_feat.dtd">
<paula version="1.0">

<header paula_id="exmaralda.82DEU-E04FIT-00X9100_stress"/>

<featList xmlns:xlink="http://www.w3.org/1999/xlink" type="stress" xml:base="exmaralda.82DEU-E04FIT-00X9100.stressSeg.xml">

<feat xlink:href="#stressSeg_1" value="1"/><!-- Was -->
<feat xlink:href="#stressSeg_2" value="0#1"/><!-- gesagt -->
<feat xlink:href="#stressSeg_3" value="1#0"/><!-- haben -->
<feat xlink:href="#stressSeg_4" value="1"/><!-- Baum -->
<feat xlink:href="#stressSeg_5" value="0#1"/><!-- gemacht -->
<feat xlink:href="#stressSeg_6" value="0#1"/><!-- Gefällt -->
<feat xlink:href="#stressSeg_7" value="0#1"/><!-- gesagt -->
<feat xlink:href="#stressSeg_8" value="1"/><!-- Baum -->
<feat xlink:href="#stressSeg_9" value="0#1"/><!-- gefällt -->
<feat xlink:href="#stressSeg_10" value="1#0"/><!-- haben -->
</featList>

</paula>
