<?xml version="1.0" encoding="UTF-8" standalone="no"?>


<!DOCTYPE paula SYSTEM "paula_mark.dtd">
<paula version="1.0">

<header paula_id="exmaralda.82DEU-E04FIT-00X9100_stressSeg"/>

<markList xmlns:xlink="http://www.w3.org/1999/xlink" type="stressSeg" xml:base="exmaralda.82DEU-E04FIT-00X9100.tok.xml">

<mark id="stressSeg_1" xlink:href="#tok_1"/><!-- Was -->
<mark id="stressSeg_2" xlink:href="#tok_5"/><!-- gesagt -->
<mark id="stressSeg_3" xlink:href="#tok_7"/><!-- haben -->
<mark id="stressSeg_4" xlink:href="#tok_11"/><!-- Baum -->
<mark id="stressSeg_5" xlink:href="#tok_12"/><!-- gemacht -->
<mark id="stressSeg_6" xlink:href="#tok_14"/><!-- Gefällt -->
<mark id="stressSeg_7" xlink:href="#tok_18"/><!-- gesagt -->
<mark id="stressSeg_8" xlink:href="#tok_23"/><!-- Baum -->
<mark id="stressSeg_9" xlink:href="#tok_24"/><!-- gefällt -->
<mark id="stressSeg_10" xlink:href="#tok_25"/><!-- haben -->
</markList>

</paula>
