<?xml version="1.0" encoding="UTF-8" standalone="no"?>


<!DOCTYPE paula SYSTEM "paula_feat.dtd">
<paula version="1.0">

<header paula_id="exmaralda.82DEU-E04FIT-00X9100_morph"/>

<featList xmlns:xlink="http://www.w3.org/1999/xlink" type="morph" xml:base="exmaralda.82DEU-E04FIT-00X9100.morphSeg.xml">

<feat xlink:href="#morphSeg_1" value="Was"/><!-- Was -->
<feat xlink:href="#morphSeg_2" value="hat"/><!-- hat -->
<feat xlink:href="#morphSeg_3" value="sie"/><!-- sie -->
<feat xlink:href="#morphSeg_4" value="ge-sag-t"/><!-- gesagt -->
<feat xlink:href="#morphSeg_5" value="hab-en"/><!-- haben -->
<feat xlink:href="#morphSeg_6" value="sie"/><!-- sie -->
<feat xlink:href="#morphSeg_7" value="mit"/><!-- mit -->
<feat xlink:href="#morphSeg_8" value="ein-em"/><!-- einem -->
<feat xlink:href="#morphSeg_9" value="Baum"/><!-- Baum -->
<feat xlink:href="#morphSeg_10" value="ge-mach-t"/><!-- gemacht -->
<feat xlink:href="#morphSeg_11" value="Ge-fäll-t"/><!-- Gefällt -->
<feat xlink:href="#morphSeg_12" value="Sie"/><!-- Sie -->
<feat xlink:href="#morphSeg_13" value="hat"/><!-- hat -->
<feat xlink:href="#morphSeg_14" value="ge-sag-t"/><!-- gesagt -->
<feat xlink:href="#morphSeg_15" value="dass"/><!-- dass -->
<feat xlink:href="#morphSeg_16" value="sie"/><!-- sie -->
<feat xlink:href="#morphSeg_17" value="ein-en"/><!-- einen -->
<feat xlink:href="#morphSeg_18" value="Baum"/><!-- Baum -->
<feat xlink:href="#morphSeg_19" value="ge-fäll-t"/><!-- gefällt -->
<feat xlink:href="#morphSeg_20" value="hab-en"/><!-- haben -->
</featList>

</paula>
