<?xml version="1.0" encoding="UTF-8" standalone="no"?>


<!DOCTYPE paula SYSTEM "paula_feat.dtd">
<paula version="1.0">

<header paula_id="exmaralda.82DEU-E04FIT-00X9100_infostat"/>

<featList xmlns:xlink="http://www.w3.org/1999/xlink" type="infostat" xml:base="exmaralda.82DEU-E04FIT-00X9100.infostatSeg.xml">

<feat xlink:href="#infostatSeg_1" value="acc"/><!-- sie -->
<feat xlink:href="#infostatSeg_2" value="acc"/><!-- sie -->
<feat xlink:href="#infostatSeg_3" value="acc"/><!-- einem...Baum -->
<feat xlink:href="#infostatSeg_4" value="giv"/><!-- Sie -->
<feat xlink:href="#infostatSeg_5" value="giv"/><!-- sie -->
<feat xlink:href="#infostatSeg_6" value="giv"/><!-- einen...Baum -->
</featList>

</paula>
