<?xml version="1.0" encoding="UTF-8" standalone="no"?>


<!DOCTYPE paula SYSTEM "paula_mark.dtd">
<paula version="1.0">

<header paula_id="exmaralda.82DEU-E04FIT-00X9100_posSeg"/>

<markList xmlns:xlink="http://www.w3.org/1999/xlink" type="posSeg" xml:base="exmaralda.82DEU-E04FIT-00X9100.tok.xml">

<mark id="posSeg_1" xlink:href="#tok_1"/><!-- Was -->
<mark id="posSeg_2" xlink:href="#tok_3"/><!-- hat -->
<mark id="posSeg_3" xlink:href="#tok_4"/><!-- sie -->
<mark id="posSeg_4" xlink:href="#tok_5"/><!-- gesagt -->
<mark id="posSeg_5" xlink:href="#tok_7"/><!-- haben -->
<mark id="posSeg_6" xlink:href="#tok_8"/><!-- sie -->
<mark id="posSeg_7" xlink:href="#tok_9"/><!-- mit -->
<mark id="posSeg_8" xlink:href="#tok_10"/><!-- einem -->
<mark id="posSeg_9" xlink:href="#tok_11"/><!-- Baum -->
<mark id="posSeg_10" xlink:href="#tok_12"/><!-- gemacht -->
<mark id="posSeg_11" xlink:href="#tok_14"/><!-- Gefällt -->
<mark id="posSeg_12" xlink:href="#tok_16"/><!-- Sie -->
<mark id="posSeg_13" xlink:href="#tok_17"/><!-- hat -->
<mark id="posSeg_14" xlink:href="#tok_18"/><!-- gesagt -->
<mark id="posSeg_15" xlink:href="#tok_20"/><!-- dass -->
<mark id="posSeg_16" xlink:href="#tok_21"/><!-- sie -->
<mark id="posSeg_17" xlink:href="#tok_22"/><!-- einen -->
<mark id="posSeg_18" xlink:href="#tok_23"/><!-- Baum -->
<mark id="posSeg_19" xlink:href="#tok_24"/><!-- gefällt -->
<mark id="posSeg_20" xlink:href="#tok_25"/><!-- haben -->
</markList>

</paula>
