<?xml version="1.0" encoding="UTF-8" standalone="no"?>


<!DOCTYPE paula SYSTEM "paula_mark.dtd">
<paula version="1.0">

<header paula_id="exmaralda.82DEU-E04FIT-00X9100_cs1Seg"/>

<markList xmlns:xlink="http://www.w3.org/1999/xlink" type="cs1Seg" xml:base="exmaralda.82DEU-E04FIT-00X9100.tok.xml">

<mark id="cs1Seg_1" xlink:href="#tok_4"/><!-- sie -->
<mark id="cs1Seg_2" xlink:href="#tok_5"/><!-- gesagt -->
<mark id="cs1Seg_3" xlink:href="#tok_8"/><!-- sie -->
<mark id="cs1Seg_4" xlink:href="#xpointer(id('tok_10')/range-to(id('tok_11')))"/><!-- einem...Baum -->
<mark id="cs1Seg_5" xlink:href="#tok_14"/><!-- Gefällt -->
<mark id="cs1Seg_6" xlink:href="#tok_21"/><!-- sie -->
<mark id="cs1Seg_7" xlink:href="#xpointer(id('tok_22')/range-to(id('tok_23')))"/><!-- einen...Baum -->
<mark id="cs1Seg_8" xlink:href="#tok_24"/><!-- gefällt -->
</markList>

</paula>
