<?xml version="1.0" encoding="UTF-8" standalone="no"?>


<!DOCTYPE paula SYSTEM "paula_feat.dtd">
<paula version="1.0">

<header paula_id="exmaralda.82DEU-E04FIT-00X9100_phones"/>

<featList xmlns:xlink="http://www.w3.org/1999/xlink" type="phones" xml:base="exmaralda.82DEU-E04FIT-00X9100.phonesSeg.xml">

<feat xlink:href="#phonesSeg_1" value="vas"/><!-- Was -->
<feat xlink:href="#phonesSeg_2" value="hat"/><!-- hat -->
<feat xlink:href="#phonesSeg_3" value="zi:"/><!-- sie -->
<feat xlink:href="#phonesSeg_4" value="g@#za:kt"/><!-- gesagt -->
<feat xlink:href="#phonesSeg_5" value="ha:#b@n"/><!-- haben -->
<feat xlink:href="#phonesSeg_6" value="zi:"/><!-- sie -->
<feat xlink:href="#phonesSeg_7" value="mIt"/><!-- mit -->
<feat xlink:href="#phonesSeg_8" value="aI#n@m"/><!-- einem -->
<feat xlink:href="#phonesSeg_9" value="baUm"/><!-- Baum -->
<feat xlink:href="#phonesSeg_10" value="g@#maXt"/><!-- gemacht -->
<feat xlink:href="#phonesSeg_11" value="g@#fElt"/><!-- Gefällt -->
<feat xlink:href="#phonesSeg_12" value="zi:"/><!-- Sie -->
<feat xlink:href="#phonesSeg_13" value="hat"/><!-- hat -->
<feat xlink:href="#phonesSeg_14" value="g@#za:kt"/><!-- gesagt -->
<feat xlink:href="#phonesSeg_15" value="das"/><!-- dass -->
<feat xlink:href="#phonesSeg_16" value="zi:"/><!-- sie -->
<feat xlink:href="#phonesSeg_17" value="aI#n@n"/><!-- einen -->
<feat xlink:href="#phonesSeg_18" value="baUm"/><!-- Baum -->
<feat xlink:href="#phonesSeg_19" value="g@#fElt"/><!-- gefällt -->
<feat xlink:href="#phonesSeg_20" value="ha:#b@n"/><!-- haben -->
</featList>

</paula>
