<?xml version="1.0" encoding="UTF-8" standalone="no"?>


<!DOCTYPE paula SYSTEM "paula_mark.dtd">
<paula version="1.0">

<header paula_id="exmaralda.82DEU-E04FIT-00X9100_phpSeg"/>

<markList xmlns:xlink="http://www.w3.org/1999/xlink" type="phpSeg" xml:base="exmaralda.82DEU-E04FIT-00X9100.tok.xml">

<mark id="phpSeg_1" xlink:href="#tok_1"/><!-- Was -->
<mark id="phpSeg_2" xlink:href="#xpointer(id('tok_3')/range-to(id('tok_5')))"/><!-- hat...gesagt -->
<mark id="phpSeg_3" xlink:href="#xpointer(id('tok_7')/range-to(id('tok_12')))"/><!-- haben...gemacht -->
<mark id="phpSeg_4" xlink:href="#tok_14"/><!-- Gefällt -->
<mark id="phpSeg_5" xlink:href="#xpointer(id('tok_16')/range-to(id('tok_25')))"/><!-- Sie...haben -->
</markList>

</paula>
