<?xml version="1.0" encoding="UTF-8" standalone="no"?>


<!DOCTYPE paula SYSTEM "paula_mark.dtd">
<paula version="1.0">

<header paula_id="exmaralda.82DEU-E04FIT-00X9100_morphSeg"/>

<markList xmlns:xlink="http://www.w3.org/1999/xlink" type="morphSeg" xml:base="exmaralda.82DEU-E04FIT-00X9100.tok.xml">

<mark id="morphSeg_1" xlink:href="#tok_1"/><!-- Was -->
<mark id="morphSeg_2" xlink:href="#tok_3"/><!-- hat -->
<mark id="morphSeg_3" xlink:href="#tok_4"/><!-- sie -->
<mark id="morphSeg_4" xlink:href="#tok_5"/><!-- gesagt -->
<mark id="morphSeg_5" xlink:href="#tok_7"/><!-- haben -->
<mark id="morphSeg_6" xlink:href="#tok_8"/><!-- sie -->
<mark id="morphSeg_7" xlink:href="#tok_9"/><!-- mit -->
<mark id="morphSeg_8" xlink:href="#tok_10"/><!-- einem -->
<mark id="morphSeg_9" xlink:href="#tok_11"/><!-- Baum -->
<mark id="morphSeg_10" xlink:href="#tok_12"/><!-- gemacht -->
<mark id="morphSeg_11" xlink:href="#tok_14"/><!-- Gefällt -->
<mark id="morphSeg_12" xlink:href="#tok_16"/><!-- Sie -->
<mark id="morphSeg_13" xlink:href="#tok_17"/><!-- hat -->
<mark id="morphSeg_14" xlink:href="#tok_18"/><!-- gesagt -->
<mark id="morphSeg_15" xlink:href="#tok_20"/><!-- dass -->
<mark id="morphSeg_16" xlink:href="#tok_21"/><!-- sie -->
<mark id="morphSeg_17" xlink:href="#tok_22"/><!-- einen -->
<mark id="morphSeg_18" xlink:href="#tok_23"/><!-- Baum -->
<mark id="morphSeg_19" xlink:href="#tok_24"/><!-- gefällt -->
<mark id="morphSeg_20" xlink:href="#tok_25"/><!-- haben -->
</markList>

</paula>
