<?xml version="1.0" encoding="UTF-8" standalone="no"?>


<!DOCTYPE paula SYSTEM "paula_feat.dtd">
<paula version="1.0">

<header paula_id="exmaralda.82DEU-E04FIT-00X9100_php"/>

<featList xmlns:xlink="http://www.w3.org/1999/xlink" type="php" xml:base="exmaralda.82DEU-E04FIT-00X9100.phpSeg.xml">

<feat xlink:href="#phpSeg_1" value="PP"/><!-- Was -->
<feat xlink:href="#phpSeg_2" value="PP"/><!-- hat...gesagt -->
<feat xlink:href="#phpSeg_3" value="PP"/><!-- haben...gemacht -->
<feat xlink:href="#phpSeg_4" value="PP"/><!-- Gefällt -->
<feat xlink:href="#phpSeg_5" value="PP"/><!-- Sie...haben -->
</featList>

</paula>
