<?xml version="1.0" standalone="no"?>
<!DOCTYPE paula SYSTEM "paula_mark.dtd">


<paula version="1.0">
<header paula_id="exmaralda.82DEU-E04FIT-00X9100_tok"/>

<markList xmlns:xlink="http://www.w3.org/1999/xlink" type="tok" xml:base="exmaralda.82DEU-E04FIT-00X9100.text.xml">
<mark id="tok_1" xlink:href="#xpointer(string-range(//body,'',1,3))"/><!-- Was -->
<mark id="tok_2" xlink:href="#xpointer(string-range(//body,'',5,0))"/><!--  -->
<mark id="tok_3" xlink:href="#xpointer(string-range(//body,'',6,3))"/><!-- hat -->
<mark id="tok_4" xlink:href="#xpointer(string-range(//body,'',10,3))"/><!-- sie -->
<mark id="tok_5" xlink:href="#xpointer(string-range(//body,'',14,6))"/><!-- gesagt -->
<mark id="tok_6" xlink:href="#xpointer(string-range(//body,'',21,1))"/><!-- , -->
<mark id="tok_7" xlink:href="#xpointer(string-range(//body,'',23,5))"/><!-- haben -->
<mark id="tok_8" xlink:href="#xpointer(string-range(//body,'',29,3))"/><!-- sie -->
<mark id="tok_9" xlink:href="#xpointer(string-range(//body,'',33,3))"/><!-- mit -->
<mark id="tok_10" xlink:href="#xpointer(string-range(//body,'',37,5))"/><!-- einem -->
<mark id="tok_11" xlink:href="#xpointer(string-range(//body,'',43,4))"/><!-- Baum -->
<mark id="tok_12" xlink:href="#xpointer(string-range(//body,'',48,7))"/><!-- gemacht -->
<mark id="tok_13" xlink:href="#xpointer(string-range(//body,'',56,1))"/><!-- ? -->
<mark id="tok_14" xlink:href="#xpointer(string-range(//body,'',58,7))"/><!-- Gefällt -->
<mark id="tok_15" xlink:href="#xpointer(string-range(//body,'',66,1))"/><!-- . -->
<mark id="tok_16" xlink:href="#xpointer(string-range(//body,'',68,3))"/><!-- Sie -->
<mark id="tok_17" xlink:href="#xpointer(string-range(//body,'',72,3))"/><!-- hat -->
<mark id="tok_18" xlink:href="#xpointer(string-range(//body,'',76,6))"/><!-- gesagt -->
<mark id="tok_19" xlink:href="#xpointer(string-range(//body,'',83,1))"/><!-- , -->
<mark id="tok_20" xlink:href="#xpointer(string-range(//body,'',85,4))"/><!-- dass -->
<mark id="tok_21" xlink:href="#xpointer(string-range(//body,'',90,3))"/><!-- sie -->
<mark id="tok_22" xlink:href="#xpointer(string-range(//body,'',94,5))"/><!-- einen -->
<mark id="tok_23" xlink:href="#xpointer(string-range(//body,'',100,4))"/><!-- Baum -->
<mark id="tok_24" xlink:href="#xpointer(string-range(//body,'',105,7))"/><!-- gefällt -->
<mark id="tok_25" xlink:href="#xpointer(string-range(//body,'',113,5))"/><!-- haben -->
<mark id="tok_26" xlink:href="#xpointer(string-range(//body,'',119,1))"/><!-- . -->
</markList>
</paula>
