<?xml version="1.0" encoding="UTF-8" standalone="no"?>


<!DOCTYPE paula SYSTEM "paula_mark.dtd">
<paula version="1.0">

<header paula_id="exmaralda.82DEU-E04FIT-00X9100_cs2Seg"/>

<markList xmlns:xlink="http://www.w3.org/1999/xlink" type="cs2Seg" xml:base="exmaralda.82DEU-E04FIT-00X9100.tok.xml">

<mark id="cs2Seg_1" xlink:href="#tok_1"/><!-- Was -->
<mark id="cs2Seg_2" xlink:href="#xpointer(id('tok_3')/range-to(id('tok_5')))"/><!-- hat...gesagt -->
<mark id="cs2Seg_3" xlink:href="#tok_8"/><!-- sie -->
<mark id="cs2Seg_4" xlink:href="#xpointer(id('tok_9')/range-to(id('tok_11')))"/><!-- mit...Baum -->
<mark id="cs2Seg_5" xlink:href="#xpointer(id('tok_12')/range-to(id('tok_13')))"/><!-- gemacht...? -->
<mark id="cs2Seg_6" xlink:href="#tok_14"/><!-- Gefällt -->
<mark id="cs2Seg_7" xlink:href="#tok_16"/><!-- Sie -->
<mark id="cs2Seg_8" xlink:href="#tok_18"/><!-- gesagt -->
<mark id="cs2Seg_9" xlink:href="#xpointer(id('tok_20')/range-to(id('tok_25')))"/><!-- dass...haben -->
</markList>

</paula>
