<?xml version="1.0" encoding="UTF-8" standalone="no"?>


<!DOCTYPE paula SYSTEM "paula_mark.dtd">
<paula version="1.0">

<header paula_id="exmaralda.82DEU-E04FIT-00X9100_functionSeg"/>

<markList xmlns:xlink="http://www.w3.org/1999/xlink" type="functionSeg" xml:base="exmaralda.82DEU-E04FIT-00X9100.tok.xml">

<mark id="functionSeg_1" xlink:href="#tok_1"/><!-- Was -->
<mark id="functionSeg_2" xlink:href="#tok_4"/><!-- sie -->
<mark id="functionSeg_3" xlink:href="#tok_8"/><!-- sie -->
<mark id="functionSeg_4" xlink:href="#xpointer(id('tok_9')/range-to(id('tok_11')))"/><!-- mit...Baum -->
<mark id="functionSeg_5" xlink:href="#tok_16"/><!-- Sie -->
<mark id="functionSeg_6" xlink:href="#tok_21"/><!-- sie -->
<mark id="functionSeg_7" xlink:href="#xpointer(id('tok_22')/range-to(id('tok_23')))"/><!-- einen...Baum -->
</markList>

</paula>
