<?xml version="1.0" encoding="UTF-8" standalone="no"?>


<!DOCTYPE paula SYSTEM "paula_feat.dtd">
<paula version="1.0">

<header paula_id="exmaralda.82DEU-E04FIT-00X9100_function"/>

<featList xmlns:xlink="http://www.w3.org/1999/xlink" type="function" xml:base="exmaralda.82DEU-E04FIT-00X9100.functionSeg.xml">

<feat xlink:href="#functionSeg_1" value="ARG"/><!-- Was -->
<feat xlink:href="#functionSeg_2" value="SUBJ"/><!-- sie -->
<feat xlink:href="#functionSeg_3" value="SUBJ"/><!-- sie -->
<feat xlink:href="#functionSeg_4" value="ADJ"/><!-- mit...Baum -->
<feat xlink:href="#functionSeg_5" value="SUBJ"/><!-- Sie -->
<feat xlink:href="#functionSeg_6" value="SUBJ"/><!-- sie -->
<feat xlink:href="#functionSeg_7" value="DO"/><!-- einen...Baum -->
</featList>

</paula>
