<?xml version="1.0" encoding="UTF-8" standalone="no"?>


<!DOCTYPE paula SYSTEM "paula_feat.dtd">
<paula version="1.0">

<header paula_id="exmaralda.82DEU-E04FIT-00X9100_cs2"/>

<featList xmlns:xlink="http://www.w3.org/1999/xlink" type="cs2" xml:base="exmaralda.82DEU-E04FIT-00X9100.cs2Seg.xml">

<feat xlink:href="#cs2Seg_1" value="NP"/><!-- Was -->
<feat xlink:href="#cs2Seg_2" value="S-MAIN"/><!-- hat...gesagt -->
<feat xlink:href="#cs2Seg_3" value="NP"/><!-- sie -->
<feat xlink:href="#cs2Seg_4" value="PP"/><!-- mit...Baum -->
<feat xlink:href="#cs2Seg_5" value="V"/><!-- gemacht...? -->
<feat xlink:href="#cs2Seg_6" value="S"/><!-- Gefällt -->
<feat xlink:href="#cs2Seg_7" value="NP"/><!-- Sie -->
<feat xlink:href="#cs2Seg_8" value="V"/><!-- gesagt -->
<feat xlink:href="#cs2Seg_9" value="S-ARG"/><!-- dass...haben -->
</featList>

</paula>
