<?xml version="1.0" encoding="UTF-8" standalone="no"?>

<!DOCTYPE paula SYSTEM "paula_feat.dtd">
<paula version="1.0">

<header paula_id="grammar.subtok.demo.doc01_norm"/>

<featList xmlns:xlink="http://www.w3.org/1999/xlink" type="norm" xml:base="grammar.subtok.demo.doc01.normSeg.xml">
<feat xlink:href="#norm_1" value="This"/><!-- T -->
<feat xlink:href="#norm_3" value="is"/><!-- is -->
<feat xlink:href="#norm_4" value="an"/><!-- an -->
<feat xlink:href="#norm_5" value="example"/><!-- example -->
<feat xlink:href="#norm_6" value="of"/><!-- of -->
<feat xlink:href="#norm_7" value="a"/><!-- a -->
<feat xlink:href="#norm_8" value="subtokenized"/><!-- sub- -->
<feat xlink:href="#norm_10" value="corpus"/><!-- corpus -->
<feat xlink:href="#norm_11" value="."/><!-- . -->
</featList>
</paula>
