<?xml version="1.0" encoding="UTF-8" standalone="no"?>

<!DOCTYPE paula SYSTEM "paula_feat.dtd">
<paula version="1.0">

<header paula_id="grammar.subtok.demo.doc01_pos"/>

<featList xmlns:xlink="http://www.w3.org/1999/xlink" type="pos" xml:base="grammar.subtok.demo.doc01.posSeg.xml">
<feat xlink:href="#pos_1" value="DT"/><!-- T -->
<feat xlink:href="#pos_3" value="VBZ"/><!-- is -->
<feat xlink:href="#pos_4" value="DT"/><!-- an -->
<feat xlink:href="#pos_5" value="NN"/><!-- example -->
<feat xlink:href="#pos_6" value="IN"/><!-- of -->
<feat xlink:href="#pos_7" value="DT"/><!-- a -->
<feat xlink:href="#pos_8" value="VBN"/><!-- sub- -->
<feat xlink:href="#pos_10" value="NN"/><!-- corpus -->
<feat xlink:href="#pos_11" value="."/><!-- . -->
</featList>
</paula>
