<?xml version="1.0" encoding="UTF-8" standalone="no"?>

<!DOCTYPE paula SYSTEM "paula_mark.dtd">
<paula version="1.0">

<header paula_id="grammar.subtok.demo.doc01_normSeg"/>

<markList xmlns:xlink="http://www.w3.org/1999/xlink" type="normSeg" xml:base="subtok.demo.doc01.tok.xml">
<mark id="norm_1" xlink:href="#xpointer(id('tok_1')/range-to(id('tok_2')))"/><!-- T...his -->
<mark id="norm_3" xlink:href="#tok_3"/><!-- is -->
<mark id="norm_4" xlink:href="#tok_4"/><!-- an -->
<mark id="norm_5" xlink:href="#tok_5"/><!-- example -->
<mark id="norm_6" xlink:href="#tok_6"/><!-- of -->
<mark id="norm_7" xlink:href="#tok_7"/><!-- a -->
<mark id="norm_8" xlink:href="#xpointer(id('tok_8')/range-to(id('tok_9')))"/><!-- sub-...tokenized -->
<mark id="norm_10" xlink:href="#tok_10"/><!-- corpus -->
<mark id="norm_11" xlink:href="#tok_11"/><!-- . -->
</markList>
</paula>
