<?xml version="1.0" encoding="UTF-8" standalone="no"?>

<!DOCTYPE paula SYSTEM "paula_mark.dtd">
<paula version="1.0">

<header paula_id="grammar.subtok.demo.doc01_lemmaSeg"/>

<markList xmlns:xlink="http://www.w3.org/1999/xlink" type="lemmaSeg" xml:base="subtok.demo.doc01.tok.xml">
<mark id="lemma_1" xlink:href="#xpointer(id('tok_1')/range-to(id('tok_2')))"/><!-- T...his -->
<mark id="lemma_3" xlink:href="#tok_3"/><!-- is -->
<mark id="lemma_4" xlink:href="#tok_4"/><!-- an -->
<mark id="lemma_5" xlink:href="#tok_5"/><!-- example -->
<mark id="lemma_6" xlink:href="#tok_6"/><!-- of -->
<mark id="lemma_7" xlink:href="#tok_7"/><!-- a -->
<mark id="lemma_8" xlink:href="#xpointer(id('tok_8')/range-to(id('tok_9')))"/><!-- sub-...tokenized -->
<mark id="lemma_10" xlink:href="#tok_10"/><!-- corpus -->
<mark id="lemma_11" xlink:href="#tok_11"/><!-- . -->
</markList>
</paula>
