<?xml version="1.0" encoding="UTF-8" standalone="no"?>

<!DOCTYPE paula SYSTEM "paula_feat.dtd">
<paula version="1.0">

<header paula_id="grammar.subtok.demo.doc01_lemma"/>

<featList xmlns:xlink="http://www.w3.org/1999/xlink" type="lemma" xml:base="grammar.subtok.demo.doc01.lemmaSeg.xml">
<feat xlink:href="#lemma_1" value="This"/><!-- T -->
<feat xlink:href="#lemma_3" value="be"/><!-- is -->
<feat xlink:href="#lemma_4" value="a"/><!-- an -->
<feat xlink:href="#lemma_5" value="example"/><!-- example -->
<feat xlink:href="#lemma_6" value="of"/><!-- of -->
<feat xlink:href="#lemma_7" value="a"/><!-- a -->
<feat xlink:href="#lemma_8" value="subtokenize"/><!-- sub- -->
<feat xlink:href="#lemma_10" value="corpus"/><!-- corpus -->
<feat xlink:href="#lemma_11" value="."/><!-- . -->
</featList>
</paula>
