<?xml version="1.0" encoding="UTF-8" standalone="no"?>

<!DOCTYPE paula SYSTEM "paula_mark.dtd">
<paula version="1.0">

<header paula_id="grammar.subtok.demo.doc01_posSeg"/>

<markList xmlns:xlink="http://www.w3.org/1999/xlink" type="posSeg" xml:base="subtok.demo.doc01.tok.xml">
<mark id="pos_1" xlink:href="#xpointer(id('tok_1')/range-to(id('tok_2')))"/><!-- T...his -->
<mark id="pos_3" xlink:href="#tok_3"/><!-- is -->
<mark id="pos_4" xlink:href="#tok_4"/><!-- an -->
<mark id="pos_5" xlink:href="#tok_5"/><!-- example -->
<mark id="pos_6" xlink:href="#tok_6"/><!-- of -->
<mark id="pos_7" xlink:href="#tok_7"/><!-- a -->
<mark id="pos_8" xlink:href="#xpointer(id('tok_8')/range-to(id('tok_9')))"/><!-- sub-...tokenized -->
<mark id="pos_10" xlink:href="#tok_10"/><!-- corpus -->
<mark id="pos_11" xlink:href="#tok_11"/><!-- . -->
</markList>
</paula>
