<?xml version="1.0" encoding="UTF-8" standalone="no"?>

<!DOCTYPE paula SYSTEM "paula_mark.dtd">
<paula version="1.0">

<header paula_id="structure.subtok.demo.doc01_diplomaticSeg"/>

<markList xmlns:xlink="http://www.w3.org/1999/xlink" type="diplomaticSeg" xml:base="subtok.demo.doc01.tok.xml">
<mark id="diplomatic_1" xlink:href="#tok_1"/><!-- T -->
<mark id="diplomatic_2" xlink:href="#tok_2"/><!-- his -->
<mark id="diplomatic_3" xlink:href="#tok_3"/><!-- is -->
<mark id="diplomatic_4" xlink:href="#tok_4"/><!-- an -->
<mark id="diplomatic_5" xlink:href="#tok_5"/><!-- example -->
<mark id="diplomatic_6" xlink:href="#tok_6"/><!-- of -->
<mark id="diplomatic_7" xlink:href="#tok_7"/><!-- a -->
<mark id="diplomatic_8" xlink:href="#tok_8"/><!-- sub- -->
<mark id="diplomatic_9" xlink:href="#tok_9"/><!-- tokenized -->
<mark id="diplomatic_10" xlink:href="#tok_10"/><!-- corpus -->
<mark id="diplomatic_11" xlink:href="#tok_11"/><!-- . -->
</markList>
</paula>
