<?xml version="1.0" encoding="UTF-8" standalone="no"?>

<!DOCTYPE paula SYSTEM "paula_feat.dtd">
<paula version="1.0">

<header paula_id="structure.subtok.demo.doc01_diplomatic"/>

<featList xmlns:xlink="http://www.w3.org/1999/xlink" type="diplomatic" xml:base="structure.subtok.demo.doc01.diplomaticSeg.xml">
<feat xlink:href="#diplomatic_1" value="T"/><!-- T -->
<feat xlink:href="#diplomatic_2" value="his"/><!-- his -->
<feat xlink:href="#diplomatic_3" value="is"/><!-- is -->
<feat xlink:href="#diplomatic_4" value="an"/><!-- an -->
<feat xlink:href="#diplomatic_5" value="example"/><!-- example -->
<feat xlink:href="#diplomatic_6" value="of"/><!-- of -->
<feat xlink:href="#diplomatic_7" value="a"/><!-- a -->
<feat xlink:href="#diplomatic_8" value="ſub⸗"/><!-- sub- -->
<feat xlink:href="#diplomatic_9" value="tokenized"/><!-- tokenized -->
<feat xlink:href="#diplomatic_10" value="corpus"/><!-- corpus -->
<feat xlink:href="#diplomatic_11" value="."/><!-- . -->
</featList>
</paula>
