<?xml version="1.0" standalone="no"?>

<!DOCTYPE paula SYSTEM "paula_mark.dtd">
<paula version="1.0">

<header paula_id="subtok.demo.doc01_tok"/>

<markList xmlns:xlink="http://www.w3.org/1999/xlink" type="tok" xml:base="subtok.demo.doc01.text.xml">
<mark id="tok_1" xlink:href="#xpointer(string-range(//body,'',1,1))"/><!-- T -->
<mark id="tok_2" xlink:href="#xpointer(string-range(//body,'',3,3))"/><!-- his -->
<mark id="tok_3" xlink:href="#xpointer(string-range(//body,'',7,2))"/><!-- is -->
<mark id="tok_4" xlink:href="#xpointer(string-range(//body,'',10,2))"/><!-- an -->
<mark id="tok_5" xlink:href="#xpointer(string-range(//body,'',13,7))"/><!-- example -->
<mark id="tok_6" xlink:href="#xpointer(string-range(//body,'',21,2))"/><!-- of -->
<mark id="tok_7" xlink:href="#xpointer(string-range(//body,'',24,1))"/><!-- a -->
<mark id="tok_8" xlink:href="#xpointer(string-range(//body,'',26,4))"/><!-- sub- -->
<mark id="tok_9" xlink:href="#xpointer(string-range(//body,'',31,9))"/><!-- tokenized -->
<mark id="tok_10" xlink:href="#xpointer(string-range(//body,'',41,6))"/><!-- corpus -->
<mark id="tok_11" xlink:href="#xpointer(string-range(//body,'',48,1))"/><!-- . -->
</markList>
</paula>
