<?xml version="1.0" encoding="UTF-8" standalone="no"?>
<!DOCTYPE paula SYSTEM "paula_feat.dtd">

<paula version="1.0">
<header paula_id="subtok.demo.doc01.annoFeat"/> <featList type="annoFeat" xml:base="subtok.demo.doc01.anno.xml" xmlns:xlink="http://www.w3.org/1999/xlink">
  <feat xlink:href="#rel_1" value="text" />
  <feat xlink:href="#rel_2" value="tok" />
  <feat xlink:href="#rel_3" value="normSeg_norm" />
  <feat xlink:href="#rel_4" value="normSeg" />
  <feat xlink:href="#rel_5" value="diplomaticSeg_diplomatic" />
  <feat xlink:href="#rel_6" value="diplomaticSeg" />
  <feat xlink:href="#rel_7" value="lemmaSeg_lemma" />
  <feat xlink:href="#rel_8" value="lemmaSeg" />
  <feat xlink:href="#rel_9" value="posSeg_pos" />
  <feat xlink:href="#rel_10" value="posSeg" />
  <feat xlink:href="#rel_11" value="rendSeg_rend" />
  <feat xlink:href="#rel_12" value="rendSeg" />
  <feat xlink:href="#rel_13" value="lineSeg_line" />
  <feat xlink:href="#rel_14" value="lineSeg" />
  <feat xlink:href="#rel_15" value="pageSeg_page" />
  <feat xlink:href="#rel_16" value="pageSeg" />
 </featList>
</paula>