<?xml version="1.0" encoding="UTF-8" standalone="no"?>
<!DOCTYPE paula SYSTEM "paula_struct.dtd">

<paula version="1.0">
 <header paula_id="subtok.demo.doc01.annoSet" />
 <structList xmlns:xlink="http://www.w3.org/1999/xlink" type="annoSet">
  <struct id="anno_1">
   <rel id="rel_1" xlink:href="subtok.demo.doc01.text.xml" />
   <rel id="rel_2" xlink:href="subtok.demo.doc01.tok.xml" />
   <rel id="rel_3" xlink:href="grammar.subtok.demo.doc01.normSeg_norm.xml" />
   <rel id="rel_4" xlink:href="grammar.subtok.demo.doc01.normSeg.xml" />
   <rel id="rel_5" xlink:href="structure.subtok.demo.doc01.diplomaticSeg_diplomatic.xml" />
   <rel id="rel_6" xlink:href="structure.subtok.demo.doc01.diplomaticSeg.xml" />
   <rel id="rel_7" xlink:href="grammar.subtok.demo.doc01.lemmaSeg_lemma.xml" />
   <rel id="rel_8" xlink:href="grammar.subtok.demo.doc01.lemmaSeg.xml" />
   <rel id="rel_9" xlink:href="grammar.subtok.demo.doc01.posSeg_pos.xml" />
   <rel id="rel_10" xlink:href="grammar.subtok.demo.doc01.posSeg.xml" />
   <rel id="rel_11" xlink:href="structure.subtok.demo.doc01.rendSeg_rend.xml" />
   <rel id="rel_12" xlink:href="structure.subtok.demo.doc01.rendSeg.xml" />
   <rel id="rel_13" xlink:href="structure.subtok.demo.doc01.lineSeg_line.xml" />
   <rel id="rel_14" xlink:href="structure.subtok.demo.doc01.lineSeg.xml" />
   <rel id="rel_15" xlink:href="structure.subtok.demo.doc01.pageSeg_page.xml" />
   <rel id="rel_16" xlink:href="structure.subtok.demo.doc01.pageSeg.xml" />
  </struct>
 </structList>
</paula>