<?xml version="1.0" standalone="no"?>
<!DOCTYPE sfb632_standard SYSTEM "sfb632_struct.dtd">


<sfb632_standard version="1.0">
<header sfb_id="urml.maz-11299_const" type="const"/>

<structList xmlns:xlink="http://www.w3.org/1999/xlink" type="const">

<struct id="const_1">
<rel id="rel_1" xlink:href="urml.maz-11299.seg.xml#seg_1"/><!--eigenbl...-->
<rel id="rel_2" xlink:href="const_5"/>
</struct>
<struct id="const_2">
<rel id="rel_3" xlink:href="urml.maz-11299.seg.xml#seg_12"/><!--amit is...-->
<rel id="rel_4" xlink:href="urml.maz-11299.seg.xml#seg_11"/><!--icht Ã¼b...-->
</struct>
<struct id="const_3">
<rel id="rel_5" xlink:href="urml.maz-11299.seg.xml#seg_13"/><!--ielleic...-->
<rel id="rel_6" xlink:href="urml.maz-11299.seg.xml#seg_14"/><!--n der G...-->
</struct>
<struct id="const_4">
<rel id="rel_7" xlink:href="urml.maz-11299.seg.xml#seg_15"/><!--ielleic...-->
<rel id="rel_8" xlink:href="urml.maz-11299.seg.xml#seg_16"/><!--ie glÃ¤n...-->
</struct>
<struct id="const_5">
<rel id="rel_9" xlink:href="const_7"/>
<rel id="rel_10" xlink:href="const_11"/>
</struct>
<struct id="const_6">
<rel id="rel_11" xlink:href="urml.maz-11299.seg.xml#seg_3"/><!--as ford...-->
<rel id="rel_12" xlink:href="urml.maz-11299.seg.xml#seg_2"/><!--ie Juge...-->
</struct>
<struct id="const_7">
<rel id="rel_13" xlink:href="const_12"/>
<rel id="rel_14" xlink:href="const_6"/>
</struct>
<struct id="const_8">
<rel id="rel_15" xlink:href="const_14"/>
<rel id="rel_16" xlink:href="urml.maz-11299.seg.xml#seg_10"/><!--ie Juge...-->
</struct>
<struct id="const_9">
<rel id="rel_17" xlink:href="const_8"/>
<rel id="rel_18" xlink:href="const_2"/>
</struct>
<struct id="const_10">
<rel id="rel_19" xlink:href="const_3"/>
<rel id="rel_20" xlink:href="const_4"/>
</struct>
<struct id="const_11">
<rel id="rel_21" xlink:href="const_9"/>
<rel id="rel_22" xlink:href="const_10"/>
</struct>
<struct id="const_12">
<rel id="rel_23" xlink:href="urml.maz-11299.seg.xml#seg_5"/><!--it dem ...-->
<rel id="rel_24" xlink:href="const_13"/>
</struct>
<struct id="const_13">
<rel id="rel_25" xlink:href="urml.maz-11299.seg.xml#seg_6"/><!--ass die...-->
<rel id="rel_26" xlink:href="urml.maz-11299.seg.xml#seg_7"/><!--nd aber...-->
</struct>
<struct id="const_14">
<rel id="rel_27" xlink:href="urml.maz-11299.seg.xml#seg_8"/><!--s entbe...-->
<rel id="rel_28" xlink:href="urml.maz-11299.seg.xml#seg_9"/><!--nd das ...-->
</struct></structList>
</sfb632_standard>
