<?xml version="1.0" standalone="no"?>


<!DOCTYPE sfb632_standard SYSTEM "sfb632_feat.dtd">
<sfb632_standard version="1.0">

<header sfb_id="urml.maz-11299_pos" type="pos"/>

<featList xmlns:xlink="http://www.w3.org/1999/xlink" type="pos" xml:base="tiger.ID_maz-11299.tok.xml">

<feat xlink:href="#tok_1" value="NN"/><!-- Feigenblatt -->
<feat xlink:href="#tok_2" value="ART"/><!-- Die -->
<feat xlink:href="#tok_3" value="NN"/><!-- Jugendlichen -->
<feat xlink:href="#tok_4" value="APPR"/><!-- in -->
<feat xlink:href="#tok_5" value="NN"/><!-- Zossen -->
<feat xlink:href="#tok_6" value="VMFIN"/><!-- wollen -->
<feat xlink:href="#tok_7" value="ART"/><!-- ein -->
<feat xlink:href="#tok_8" value="NN"/><!-- MusikcafÃ© -->
<feat xlink:href="#tok_9" value="$."/><!-- . -->
<feat xlink:href="#tok_10" value="PDS"/><!-- Das -->
<feat xlink:href="#tok_11" value="VVFIN"/><!-- forderten -->
<feat xlink:href="#tok_12" value="PPER"/><!-- sie -->
<feat xlink:href="#tok_13" value="APPR"/><!-- bei -->
<feat xlink:href="#tok_14" value="ART"/><!-- der -->
<feat xlink:href="#tok_15" value="ADJA"/><!-- ersten -->
<feat xlink:href="#tok_16" value="ADJA"/><!-- Zossener -->
<feat xlink:href="#tok_17" value="NN"/><!-- Runde -->
<feat xlink:href="#tok_18" value="APPRART"/><!-- am -->
<feat xlink:href="#tok_19" value="NN"/><!-- Dienstagabend -->
<feat xlink:href="#tok_20" value="$."/><!-- . -->
<feat xlink:href="#tok_21" value="KOUS"/><!-- Dass -->
<feat xlink:href="#tok_22" value="ART"/><!-- die -->
<feat xlink:href="#tok_23" value="NN"/><!-- Politiker -->
<feat xlink:href="#tok_24" value="ART"/><!-- der -->
<feat xlink:href="#tok_25" value="NN"/><!-- Stadt -->
<feat xlink:href="#tok_26" value="PROAV"/><!-- dafÃ¼r -->
<feat xlink:href="#tok_27" value="NN"/><!-- VerstÃ¤ndnis -->
<feat xlink:href="#tok_28" value="VAFIN"/><!-- haben -->
<feat xlink:href="#tok_29" value="$,"/><!-- , -->
<feat xlink:href="#tok_30" value="VAFIN"/><!-- ist -->
<feat xlink:href="#tok_31" value="ADJD"/><!-- lÃ¶blich -->
<feat xlink:href="#tok_32" value="$."/><!-- . -->
<feat xlink:href="#tok_33" value="APPR"/><!-- Mit -->
<feat xlink:href="#tok_34" value="ART"/><!-- dem -->
<feat xlink:href="#tok_35" value="NN"/><!-- Treffen -->
<feat xlink:href="#tok_36" value="APPRART"/><!-- im -->
<feat xlink:href="#tok_37" value="NN"/><!-- Rathaus -->
<feat xlink:href="#tok_38" value="VAFIN"/><!-- ist -->
<feat xlink:href="#tok_39" value="ADV"/><!-- somit -->
<feat xlink:href="#tok_40" value="ADV"/><!-- auch -->
<feat xlink:href="#tok_41" value="ART"/><!-- ein -->
<feat xlink:href="#tok_42" value="NN"/><!-- Dialog -->
<feat xlink:href="#tok_43" value="APPR"/><!-- zwischen -->
<feat xlink:href="#tok_44" value="ART"/><!-- den -->
<feat xlink:href="#tok_45" value="NN"/><!-- Generationen -->
<feat xlink:href="#tok_46" value="VVPP"/><!-- angestoÃen -->
<feat xlink:href="#tok_47" value="$."/><!-- . -->
<feat xlink:href="#tok_48" value="KOUS"/><!-- Dass -->
<feat xlink:href="#tok_49" value="ART"/><!-- die -->
<feat xlink:href="#tok_50" value="PIDAT"/><!-- beiden -->
<feat xlink:href="#tok_51" value="ADJA"/><!-- geladenen -->
<feat xlink:href="#tok_52" value="NN"/><!-- Jugendlichen -->
<feat xlink:href="#tok_53" value="APPRART"/><!-- im -->
<feat xlink:href="#tok_54" value="NN"/><!-- Laufe -->
<feat xlink:href="#tok_55" value="ART"/><!-- des -->
<feat xlink:href="#tok_56" value="NN"/><!-- Abends -->
<feat xlink:href="#tok_57" value="ADV"/><!-- immer -->
<feat xlink:href="#tok_58" value="ADV"/><!-- weniger -->
<feat xlink:href="#tok_59" value="APPR"/><!-- zu -->
<feat xlink:href="#tok_60" value="NN"/><!-- Wort -->
<feat xlink:href="#tok_61" value="VVFIN"/><!-- kamen -->
<feat xlink:href="#tok_62" value="$,"/><!-- , -->
<feat xlink:href="#tok_63" value="VAFIN"/><!-- war -->
<feat xlink:href="#tok_64" value="ADV"/><!-- sicher -->
<feat xlink:href="#tok_65" value="PIAT"/><!-- keine -->
<feat xlink:href="#tok_66" value="ADJA"/><!-- bÃ¶se -->
<feat xlink:href="#tok_67" value="NN"/><!-- Absicht -->
<feat xlink:href="#tok_68" value="$,"/><!-- , -->
<feat xlink:href="#tok_69" value="ADJD"/><!-- Ã¤rgerlich -->
<feat xlink:href="#tok_70" value="VAFIN"/><!-- ist -->
<feat xlink:href="#tok_71" value="PPER"/><!-- es -->
<feat xlink:href="#tok_72" value="PROAV"/><!-- trotzdem -->
<feat xlink:href="#tok_73" value="$."/><!-- . -->
<feat xlink:href="#tok_74" value="KON"/><!-- Und -->
<feat xlink:href="#tok_75" value="ADJD"/><!-- aberwitzig -->
<feat xlink:href="#tok_76" value="PROAV"/><!-- dazu -->
<feat xlink:href="#tok_77" value="$."/><!-- . -->
<feat xlink:href="#tok_78" value="PPER"/><!-- Es -->
<feat xlink:href="#tok_79" value="VVFIN"/><!-- entbehrt -->
<feat xlink:href="#tok_80" value="PTKNEG"/><!-- nicht -->
<feat xlink:href="#tok_81" value="ART"/><!-- der -->
<feat xlink:href="#tok_82" value="NN"/><!-- Komik -->
<feat xlink:href="#tok_83" value="$,"/><!-- , -->
<feat xlink:href="#tok_84" value="KOUS"/><!-- wenn -->
<feat xlink:href="#tok_85" value="PRF"/><!-- sich -->
<feat xlink:href="#tok_86" value="CARD"/><!-- drei -->
<feat xlink:href="#tok_87" value="NN"/><!-- Erwachsene -->
<feat xlink:href="#tok_88" value="$("/><!-- _ -->
<feat xlink:href="#tok_89" value="NE"/><!-- Karola -->
<feat xlink:href="#tok_90" value="NE"/><!-- Andrae -->
<feat xlink:href="#tok_91" value="$("/><!-- ( -->
<feat xlink:href="#tok_92" value="NE"/><!-- BÃ¼rgerbÃ¼ndnis/FDP -->
<feat xlink:href="#tok_93" value="$("/><!-- ) -->
<feat xlink:href="#tok_94" value="$,"/><!-- , -->
<feat xlink:href="#tok_95" value="NE"/><!-- Susanne -->
<feat xlink:href="#tok_96" value="NE"/><!-- Michler -->
<feat xlink:href="#tok_97" value="$("/><!-- ( -->
<feat xlink:href="#tok_98" value="NE"/><!-- CDU -->
<feat xlink:href="#tok_99" value="$("/><!-- ) -->
<feat xlink:href="#tok_100" value="KON"/><!-- und -->
<feat xlink:href="#tok_101" value="NE"/><!-- Joachim -->
<feat xlink:href="#tok_102" value="NE"/><!-- Zanow -->
<feat xlink:href="#tok_103" value="$("/><!-- ( -->
<feat xlink:href="#tok_104" value="NE"/><!-- SPD -->
<feat xlink:href="#tok_105" value="$("/><!-- ) -->
<feat xlink:href="#tok_106" value="$("/><!-- _ -->
<feat xlink:href="#tok_107" value="PROAV"/><!-- darÃ¼ber -->
<feat xlink:href="#tok_108" value="VVFIN"/><!-- streiten -->
<feat xlink:href="#tok_109" value="$,"/><!-- , -->
<feat xlink:href="#tok_110" value="PRELS"/><!-- was -->
<feat xlink:href="#tok_111" value="NN"/><!-- Jugendliche -->
<feat xlink:href="#tok_112" value="VMFIN"/><!-- wollen -->
<feat xlink:href="#tok_113" value="KON"/><!-- und -->
<feat xlink:href="#tok_114" value="VVFIN"/><!-- brauchen -->
<feat xlink:href="#tok_115" value="$,"/><!-- , -->
<feat xlink:href="#tok_116" value="KOUI"/><!-- ohne -->
<feat xlink:href="#tok_117" value="APPR"/><!-- auf -->
<feat xlink:href="#tok_118" value="ART"/><!-- die -->
<feat xlink:href="#tok_119" value="NN"/><!-- Idee -->
<feat xlink:href="#tok_120" value="PTKZU"/><!-- zu -->
<feat xlink:href="#tok_121" value="VVINF"/><!-- kommen -->
<feat xlink:href="#tok_122" value="$,"/><!-- , -->
<feat xlink:href="#tok_123" value="PPER"/><!-- sie -->
<feat xlink:href="#tok_124" value="ADV"/><!-- selbst -->
<feat xlink:href="#tok_125" value="PTKZU"/><!-- zu -->
<feat xlink:href="#tok_126" value="VVINF"/><!-- fragen -->
<feat xlink:href="#tok_127" value="$."/><!-- . -->
<feat xlink:href="#tok_128" value="KON"/><!-- Und -->
<feat xlink:href="#tok_129" value="PDS"/><!-- das -->
<feat xlink:href="#tok_130" value="$,"/><!-- , -->
<feat xlink:href="#tok_131" value="KOUS"/><!-- obwohl -->
<feat xlink:href="#tok_132" value="PPER"/><!-- sie -->
<feat xlink:href="#tok_133" value="PPER"/><!-- ihnen -->
<feat xlink:href="#tok_134" value="APPO"/><!-- gegenÃ¼ber -->
<feat xlink:href="#tok_135" value="VVINF"/><!-- sitzen -->
<feat xlink:href="#tok_136" value="$."/><!-- . -->
<feat xlink:href="#tok_137" value="ART"/><!-- Die -->
<feat xlink:href="#tok_138" value="NN"/><!-- Jugendlichen -->
<feat xlink:href="#tok_139" value="VAFIN"/><!-- wurden -->
<feat xlink:href="#tok_140" value="ADV"/><!-- somit -->
<feat xlink:href="#tok_141" value="APPRART"/><!-- zum -->
<feat xlink:href="#tok_142" value="ADJA"/><!-- bloÃen -->
<feat xlink:href="#tok_143" value="NN"/><!-- Feigenblatt -->
<feat xlink:href="#tok_144" value="VVPP"/><!-- degradiert -->
<feat xlink:href="#tok_145" value="$."/><!-- . -->
<feat xlink:href="#tok_146" value="PTKNEG"/><!-- Nicht -->
<feat xlink:href="#tok_147" value="APPR"/><!-- Ã¼ber -->
<feat xlink:href="#tok_148" value="KON"/><!-- sondern -->
<feat xlink:href="#tok_149" value="APPR"/><!-- mit -->
<feat xlink:href="#tok_150" value="PPER"/><!-- ihnen -->
<feat xlink:href="#tok_151" value="VAFIN"/><!-- hÃ¤tten -->
<feat xlink:href="#tok_152" value="ART"/><!-- die -->
<feat xlink:href="#tok_153" value="NN"/><!-- Politiker -->
<feat xlink:href="#tok_154" value="VVINF"/><!-- reden -->
<feat xlink:href="#tok_155" value="VMFIN"/><!-- sollen -->
<feat xlink:href="#tok_156" value="$."/><!-- . -->
<feat xlink:href="#tok_157" value="PROAV"/><!-- Damit -->
<feat xlink:href="#tok_158" value="VAFIN"/><!-- ist -->
<feat xlink:href="#tok_159" value="ART"/><!-- eine -->
<feat xlink:href="#tok_160" value="ADJA"/><!-- groÃe -->
<feat xlink:href="#tok_161" value="NN"/><!-- Chance -->
<feat xlink:href="#tok_162" value="VVPP"/><!-- vertan -->
<feat xlink:href="#tok_163" value="$."/><!-- . -->
<feat xlink:href="#tok_164" value="ADV"/><!-- Vielleicht -->
<feat xlink:href="#tok_165" value="VVFIN"/><!-- klappt -->
<feat xlink:href="#tok_166" value="PPER"/><!-- es -->
<feat xlink:href="#tok_167" value="APPR"/><!-- bei -->
<feat xlink:href="#tok_168" value="ART"/><!-- der -->
<feat xlink:href="#tok_169" value="ADJA"/><!-- nÃ¤chsten -->
<feat xlink:href="#tok_170" value="NN"/><!-- Runde -->
<feat xlink:href="#tok_171" value="NN"/><!-- Anfang -->
<feat xlink:href="#tok_172" value="CARD"/><!-- 2002 -->
<feat xlink:href="#tok_173" value="$."/><!-- . -->
<feat xlink:href="#tok_174" value="ADV"/><!-- Dann -->
<feat xlink:href="#tok_175" value="VAFIN"/><!-- werden -->
<feat xlink:href="#tok_176" value="ADV"/><!-- auch -->
<feat xlink:href="#tok_177" value="PIAT"/><!-- mehr -->
<feat xlink:href="#tok_178" value="NN"/><!-- Jugendliche -->
<feat xlink:href="#tok_179" value="VVPP"/><!-- eingeladen -->
<feat xlink:href="#tok_180" value="$."/><!-- . -->
<feat xlink:href="#tok_181" value="APPR"/><!-- In -->
<feat xlink:href="#tok_182" value="ART"/><!-- der -->
<feat xlink:href="#tok_183" value="NN"/><!-- Gruppe -->
<feat xlink:href="#tok_184" value="VMFIN"/><!-- kÃ¶nnen -->
<feat xlink:href="#tok_185" value="PPER"/><!-- sie -->
<feat xlink:href="#tok_186" value="PRF"/><!-- sich -->
<feat xlink:href="#tok_187" value="ADV"/><!-- hoffentlich -->
<feat xlink:href="#tok_188" value="PIAT"/><!-- mehr -->
<feat xlink:href="#tok_189" value="NN"/><!-- GehÃ¶r -->
<feat xlink:href="#tok_190" value="VVINF"/><!-- verschaffen -->
<feat xlink:href="#tok_191" value="$."/><!-- . -->
<feat xlink:href="#tok_192" value="ADV"/><!-- Vielleicht -->
<feat xlink:href="#tok_193" value="VVFIN"/><!-- finden -->
<feat xlink:href="#tok_194" value="ADV"/><!-- dann -->
<feat xlink:href="#tok_195" value="ADV"/><!-- auch -->
<feat xlink:href="#tok_196" value="NN"/><!-- Vertreter -->
<feat xlink:href="#tok_197" value="APPR"/><!-- von -->
<feat xlink:href="#tok_198" value="NE"/><!-- PDS -->
<feat xlink:href="#tok_199" value="KON"/><!-- und -->
<feat xlink:href="#tok_200" value="NN"/><!-- Gewerbeverein -->
<feat xlink:href="#tok_201" value="PPOSAT"/><!-- ihren -->
<feat xlink:href="#tok_202" value="NN"/><!-- Weg -->
<feat xlink:href="#tok_203" value="APPRART"/><!-- ins -->
<feat xlink:href="#tok_204" value="NN"/><!-- Rathaus -->
<feat xlink:href="#tok_205" value="$."/><!-- . -->
<feat xlink:href="#tok_206" value="PDS"/><!-- Die -->
<feat xlink:href="#tok_207" value="VVFIN"/><!-- glÃ¤nzten -->
<feat xlink:href="#tok_208" value="ADV"/><!-- diesmal -->
<feat xlink:href="#tok_209" value="ADV"/><!-- noch -->
<feat xlink:href="#tok_210" value="APPR"/><!-- mit -->
<feat xlink:href="#tok_211" value="NN"/><!-- Abwesenheit -->
<feat xlink:href="#tok_212" value="$."/><!-- . -->
</featList>

</sfb632_standard>
