<?xml version="1.0" standalone="no"?>


<!DOCTYPE sfb632_standard SYSTEM "sfb632_feat.dtd">
<sfb632_standard version="1.0">

<header sfb_id="urml.maz-11299_func" type="func"/>

<featList xmlns:xlink="http://www.w3.org/1999/xlink" type="func" xml:base="urml.maz-11299.const.xml">

<feat xlink:href="#rel_1" value="nucleus"/><!--eigenbl...-->
<feat xlink:href="#rel_2" value="satellite"/>
<feat xlink:href="#rel_3" value="nucleus"/><!--amit is...-->
<feat xlink:href="#rel_4" value="satellite"/><!--icht Ã¼b...-->
<feat xlink:href="#rel_5" value="nucleus"/><!--ielleic...-->
<feat xlink:href="#rel_6" value="satellite"/><!--n der G...-->
<feat xlink:href="#rel_7" value="nucleus"/><!--ielleic...-->
<feat xlink:href="#rel_8" value="satellite"/><!--ie glÃ¤n...-->
<feat xlink:href="#rel_9" value="nucleus"/>
<feat xlink:href="#rel_10" value="nucleus"/>
<feat xlink:href="#rel_11" value="nucleus"/><!--as ford...-->
<feat xlink:href="#rel_12" value="satellite"/><!--ie Juge...-->
<feat xlink:href="#rel_13" value="nucleus"/>
<feat xlink:href="#rel_14" value="satellite"/>
<feat xlink:href="#rel_15" value="nucleus"/>
<feat xlink:href="#rel_16" value="satellite"/><!--ie Juge...-->
<feat xlink:href="#rel_17" value="nucleus"/>
<feat xlink:href="#rel_18" value="satellite"/>
<feat xlink:href="#rel_19" value="nucleus"/>
<feat xlink:href="#rel_20" value="nucleus"/>
<feat xlink:href="#rel_21" value="nucleus"/>
<feat xlink:href="#rel_22" value="satellite"/>
<feat xlink:href="#rel_23" value="nucleus"/><!--it dem ...-->
<feat xlink:href="#rel_24" value="satellite"/>
<feat xlink:href="#rel_25" value="nucleus"/><!--ass die...-->
<feat xlink:href="#rel_26" value="nucleus"/><!--nd aber...-->
<feat xlink:href="#rel_27" value="nucleus"/><!--s entbe...-->
<feat xlink:href="#rel_28" value="satellite"/><!--nd das ...-->
</featList>

</sfb632_standard>
