<?xml version="1.0" standalone="no"?>
<!DOCTYPE sfb632_standard SYSTEM "sfb632_mark.dtd">


<sfb632_standard version="1.0">
<header sfb_id="urml.maz-11299_seg" type="seg"/>

<markList xmlns:xlink="http://www.w3.org/1999/xlink" type="seg" xml:base="tiger.ID_maz-11299.tok.xml">

<mark id="seg_1" xlink:href="#tok_1"/><!-- Feigenblatt [..] Feigenblatt -->
<mark id="seg_2" xlink:href="#xpointer(id('tok_2')/range-to(id('tok_9')))"/><!-- Die [..] . -->
<mark id="seg_3" xlink:href="#xpointer(id('tok_10')/range-to(id('tok_20')))"/><!-- Das [..] . -->
<mark id="seg_4" xlink:href="#xpointer(id('tok_21')/range-to(id('tok_32')))"/><!-- Dass [..] . -->
<mark id="seg_5" xlink:href="#xpointer(id('tok_33')/range-to(id('tok_47')))"/><!-- Mit [..] . -->
<mark id="seg_6" xlink:href="#xpointer(id('tok_48')/range-to(id('tok_73')))"/><!-- Dass [..] . -->
<mark id="seg_7" xlink:href="#xpointer(id('tok_74')/range-to(id('tok_77')))"/><!-- Und [..] . -->
<mark id="seg_8" xlink:href="#xpointer(id('tok_78')/range-to(id('tok_127')))"/><!-- Es [..] . -->
<mark id="seg_9" xlink:href="#xpointer(id('tok_128')/range-to(id('tok_136')))"/><!-- Und [..] . -->
<mark id="seg_10" xlink:href="#xpointer(id('tok_137')/range-to(id('tok_145')))"/><!-- Die [..] . -->
<mark id="seg_11" xlink:href="#xpointer(id('tok_146')/range-to(id('tok_156')))"/><!-- Nicht [..] . -->
<mark id="seg_12" xlink:href="#xpointer(id('tok_157')/range-to(id('tok_163')))"/><!-- Damit [..] . -->
<mark id="seg_13" xlink:href="#xpointer(id('tok_164')/range-to(id('tok_180')))"/><!-- Vielleicht [..] . -->
<mark id="seg_14" xlink:href="#xpointer(id('tok_181')/range-to(id('tok_191')))"/><!-- In [..] . -->
<mark id="seg_15" xlink:href="#xpointer(id('tok_192')/range-to(id('tok_205')))"/><!-- Vielleicht [..] . -->
<mark id="seg_16" xlink:href="#xpointer(id('tok_206')/range-to(id('tok_212')))"/><!-- Die [..] . -->
</markList>
</sfb632_standard>
