<?xml version="1.0" standalone="no"?>


<!DOCTYPE sfb632_standard SYSTEM "sfb632_feat.dtd">
<sfb632_standard version="1.0">

<header sfb_id="urml.maz-10374_func" type="func"/>

<featList xmlns:xlink="http://www.w3.org/1999/xlink" type="func" xml:base="urml.maz-10374.const.xml">

<feat xlink:href="#rel_1" value="nucleus"/><!--Ã¼rchtet...-->
<feat xlink:href="#rel_2" value="satellite"/>
<feat xlink:href="#rel_3" value="nucleus"/><!--echselt...-->
<feat xlink:href="#rel_4" value="nucleus"/><!--achdem ...-->
<feat xlink:href="#rel_5" value="nucleus"/>
<feat xlink:href="#rel_6" value="satellite"/><!--as soll...-->
<feat xlink:href="#rel_7" value="nucleus"/>
<feat xlink:href="#rel_8" value="satellite"/>
<feat xlink:href="#rel_9" value="nucleus"/>
<feat xlink:href="#rel_10" value="satellite"/>
<feat xlink:href="#rel_11" value="nucleus"/><!--ie eins...-->
<feat xlink:href="#rel_12" value="satellite"/>
<feat xlink:href="#rel_13" value="nucleus"/>
<feat xlink:href="#rel_14" value="satellite"/><!--Ã¼rchtet...-->
<feat xlink:href="#rel_15" value="nucleus"/>
<feat xlink:href="#rel_16" value="nucleus"/><!--it sein...-->
<feat xlink:href="#rel_17" value="nucleus"/><!--enn die...-->
<feat xlink:href="#rel_18" value="satellite"/><!--e klein...-->
<feat xlink:href="#rel_19" value="nucleus"/><!--ie FuÃb...-->
<feat xlink:href="#rel_20" value="satellite"/><!--abei ha...-->
</featList>

</sfb632_standard>
