<?xml version="1.0" standalone="no"?>
<!DOCTYPE sfb632_standard SYSTEM "sfb632_mark.dtd">


<sfb632_standard version="1.0">
<header sfb_id="urml.maz-10374_seg" type="seg"/>

<markList xmlns:xlink="http://www.w3.org/1999/xlink" type="seg" xml:base="mmax.maz-10374.tok.xml">

<mark id="seg_1" xlink:href="#xpointer(id('tok_1')/range-to(id('tok_4')))"/><!-- FÃ¼rchtet [..] ! -->
<mark id="seg_2" xlink:href="#xpointer(id('tok_5')/range-to(id('tok_12')))"/><!-- Die [..] . -->
<mark id="seg_3" xlink:href="#xpointer(id('tok_13')/range-to(id('tok_35')))"/><!-- Mit [..] . -->
<mark id="seg_4" xlink:href="#xpointer(id('tok_36')/range-to(id('tok_45')))"/><!-- Nachdem [..] , -->
<mark id="seg_5" xlink:href="#xpointer(id('tok_46')/range-to(id('tok_62')))"/><!-- wechselte [..] . -->
<mark id="seg_6" xlink:href="#xpointer(id('tok_63')/range-to(id('tok_73')))"/><!-- Was [..] ? -->
<mark id="seg_7" xlink:href="#xpointer(id('tok_74')/range-to(id('tok_100')))"/><!-- Wenn [..] . -->
<mark id="seg_8" xlink:href="#xpointer(id('tok_101')/range-to(id('tok_113')))"/><!-- Je [..] . -->
<mark id="seg_9" xlink:href="#xpointer(id('tok_114')/range-to(id('tok_147')))"/><!-- Die [..] . -->
<mark id="seg_10" xlink:href="#xpointer(id('tok_148')/range-to(id('tok_170')))"/><!-- Dabei [..] . -->
<mark id="seg_11" xlink:href="#xpointer(id('tok_171')/range-to(id('tok_174')))"/><!-- FÃ¼rchtet [..] ! -->
</markList>
</sfb632_standard>
