<?xml version="1.0" standalone="no"?>


<!DOCTYPE sfb632_standard SYSTEM "sfb632_feat.dtd">
<sfb632_standard version="1.0">

<header sfb_id="urml.maz-10374_pos" type="pos"/>

<featList xmlns:xlink="http://www.w3.org/1999/xlink" type="pos" xml:base="mmax.maz-10374.tok.xml">

<feat xlink:href="#tok_1" value="VVFIN"/><!-- FÃ¼rchtet -->
<feat xlink:href="#tok_2" value="PPER"/><!-- euch -->
<feat xlink:href="#tok_3" value="PTKNEG"/><!-- nicht -->
<feat xlink:href="#tok_4" value="$."/><!-- ! -->
<feat xlink:href="#tok_5" value="ART"/><!-- Die -->
<feat xlink:href="#tok_6" value="ADJA"/><!-- einstige -->
<feat xlink:href="#tok_7" value="NN"/><!-- FuÃball_Weltmacht -->
<feat xlink:href="#tok_8" value="VVFIN"/><!-- zittert -->
<feat xlink:href="#tok_9" value="APPR"/><!-- vor -->
<feat xlink:href="#tok_10" value="ART"/><!-- einem -->
<feat xlink:href="#tok_11" value="NN"/><!-- Winzling -->
<feat xlink:href="#tok_12" value="$."/><!-- . -->
<feat xlink:href="#tok_13" value="APPR"/><!-- Mit -->
<feat xlink:href="#tok_14" value="PPOSAT"/><!-- seinem -->
<feat xlink:href="#tok_15" value="NN"/><!-- Tor -->
<feat xlink:href="#tok_16" value="APPRART"/><!-- zum -->
<feat xlink:href="#tok_17" value="CARD"/><!-- 1:0 -->
<feat xlink:href="#tok_18" value="APPR"/><!-- fÃ¼r -->
<feat xlink:href="#tok_19" value="ART"/><!-- die -->
<feat xlink:href="#tok_20" value="NE"/><!-- Ukraine -->
<feat xlink:href="#tok_21" value="VVFIN"/><!-- stÃ¼rzte -->
<feat xlink:href="#tok_22" value="ART"/><!-- der -->
<feat xlink:href="#tok_23" value="CARD"/><!-- 1,62 -->
<feat xlink:href="#tok_24" value="NN"/><!-- Meter -->
<feat xlink:href="#tok_25" value="ADJA"/><!-- groÃe -->
<feat xlink:href="#tok_26" value="NE"/><!-- Gennadi -->
<feat xlink:href="#tok_27" value="NE"/><!-- Subow -->
<feat xlink:href="#tok_28" value="ART"/><!-- die -->
<feat xlink:href="#tok_29" value="ADJA"/><!-- deutsche -->
<feat xlink:href="#tok_30" value="NN"/><!-- Nationalelf -->
<feat xlink:href="#tok_31" value="ADJD"/><!-- vorÃ¼bergehend -->
<feat xlink:href="#tok_32" value="APPR"/><!-- in -->
<feat xlink:href="#tok_33" value="ART"/><!-- ein -->
<feat xlink:href="#tok_34" value="NN"/><!-- Trauma -->
<feat xlink:href="#tok_35" value="$."/><!-- . -->
<feat xlink:href="#tok_36" value="KOUS"/><!-- Nachdem -->
<feat xlink:href="#tok_37" value="ART"/><!-- den -->
<feat xlink:href="#tok_38" value="ADJD"/><!-- tapfer -->
<feat xlink:href="#tok_39" value="ADJA"/><!-- kÃ¤mpfenden -->
<feat xlink:href="#tok_40" value="NN"/><!-- GÃ¤sten -->
<feat xlink:href="#tok_41" value="ART"/><!-- der -->
<feat xlink:href="#tok_42" value="NN"/><!-- Ausgleich -->
<feat xlink:href="#tok_43" value="VVPP"/><!-- gelungen -->
<feat xlink:href="#tok_44" value="VAFIN"/><!-- war -->
<feat xlink:href="#tok_45" value="$,"/><!-- , -->
<feat xlink:href="#tok_46" value="VVFIN"/><!-- wechselte -->
<feat xlink:href="#tok_47" value="ART"/><!-- der -->
<feat xlink:href="#tok_48" value="KOKOM"/><!-- wie -->
<feat xlink:href="#tok_49" value="ART"/><!-- eine -->
<feat xlink:href="#tok_50" value="NN"/><!-- Mumie -->
<feat xlink:href="#tok_51" value="APPR"/><!-- auf -->
<feat xlink:href="#tok_52" value="ART"/><!-- der -->
<feat xlink:href="#tok_53" value="NN"/><!-- Bank -->
<feat xlink:href="#tok_54" value="ADJA"/><!-- sitzende -->
<feat xlink:href="#tok_55" value="ADJA"/><!-- ukrainische -->
<feat xlink:href="#tok_56" value="NN"/><!-- Coach -->
<feat xlink:href="#tok_57" value="ADV"/><!-- noch -->
<feat xlink:href="#tok_58" value="CARD"/><!-- zwei -->
<feat xlink:href="#tok_59" value="ADJA"/><!-- Ã¤hnliche -->
<feat xlink:href="#tok_60" value="NN"/><!-- Leichtgewichte -->
<feat xlink:href="#tok_61" value="PTKVZ"/><!-- ein -->
<feat xlink:href="#tok_62" value="$."/><!-- . -->
<feat xlink:href="#tok_63" value="PWS"/><!-- Was -->
<feat xlink:href="#tok_64" value="VMFIN"/><!-- soll -->
<feat xlink:href="#tok_65" value="PDS"/><!-- das -->
<feat xlink:href="#tok_66" value="ADV"/><!-- erst -->
<feat xlink:href="#tok_67" value="ADV"/><!-- morgen -->
<feat xlink:href="#tok_68" value="NN"/><!-- Abend -->
<feat xlink:href="#tok_69" value="APPRART"/><!-- im -->
<feat xlink:href="#tok_70" value="ADJA"/><!-- zweiten -->
<feat xlink:href="#tok_71" value="NN"/><!-- Spiel -->
<feat xlink:href="#tok_72" value="VAINF"/><!-- werden -->
<feat xlink:href="#tok_73" value="$."/><!-- ? -->
<feat xlink:href="#tok_74" value="KOUS"/><!-- Wenn -->
<feat xlink:href="#tok_75" value="ART"/><!-- die -->
<feat xlink:href="#tok_76" value="CARD"/><!-- drei -->
<feat xlink:href="#tok_77" value="NN"/><!-- Knirpse -->
<feat xlink:href="#tok_78" value="APPR"/><!-- von -->
<feat xlink:href="#tok_79" value="NN"/><!-- Anbeginn -->
<feat xlink:href="#tok_80" value="VVIZU"/><!-- wirbeln -->
<feat xlink:href="#tok_81" value="$,"/><!-- , -->
<feat xlink:href="#tok_82" value="VMFIN"/><!-- kÃ¶nnte -->
<feat xlink:href="#tok_83" value="ART"/><!-- der -->
<feat xlink:href="#tok_84" value="APPR"/><!-- um -->
<feat xlink:href="#tok_85" value="NN"/><!-- Ehre -->
<feat xlink:href="#tok_86" value="KON"/><!-- und -->
<feat xlink:href="#tok_87" value="NN"/><!-- Reputation -->
<feat xlink:href="#tok_88" value="ADJA"/><!-- kÃ¤mpfenden -->
<feat xlink:href="#tok_89" value="NN"/><!-- Mannschaft -->
<feat xlink:href="#tok_90" value="APPR"/><!-- von -->
<feat xlink:href="#tok_91" value="NE"/><!-- Rudi -->
<feat xlink:href="#tok_92" value="NE"/><!-- VÃ¶ller -->
<feat xlink:href="#tok_93" value="ART"/><!-- der -->
<feat xlink:href="#tok_94" value="NN"/><!-- Weg -->
<feat xlink:href="#tok_95" value="APPRART"/><!-- zur -->
<feat xlink:href="#tok_96" value="NN"/><!-- Weltmeisterschaft -->
<feat xlink:href="#tok_97" value="ADJD"/><!-- endgÃ¼ltig -->
<feat xlink:href="#tok_98" value="VVPP"/><!-- verbaut -->
<feat xlink:href="#tok_99" value="VAINF"/><!-- sein -->
<feat xlink:href="#tok_100" value="$."/><!-- . -->
<feat xlink:href="#tok_101" value="ADV"/><!-- Je -->
<feat xlink:href="#tok_102" value="ADJA"/><!-- kleiner -->
<feat xlink:href="#tok_103" value="ART"/><!-- die -->
<feat xlink:href="#tok_104" value="NN"/><!-- Kicker -->
<feat xlink:href="#tok_105" value="VVINF"/><!-- daherkommen -->
<feat xlink:href="#tok_106" value="$,"/><!-- , -->
<feat xlink:href="#tok_107" value="ADV"/><!-- desto -->
<feat xlink:href="#tok_108" value="ADJD"/><!-- grÃ¶Ãer -->
<feat xlink:href="#tok_109" value="VAFIN"/><!-- wird -->
<feat xlink:href="#tok_110" value="ART"/><!-- der -->
<feat xlink:href="#tok_111" value="NN"/><!-- Gegner -->
<feat xlink:href="#tok_112" value="VVPP"/><!-- geredet -->
<feat xlink:href="#tok_113" value="$."/><!-- . -->
<feat xlink:href="#tok_114" value="ART"/><!-- Die -->
<feat xlink:href="#tok_115" value="NN"/><!-- FuÃball_Kleinmacht -->
<feat xlink:href="#tok_116" value="APPRART"/><!-- vom -->
<feat xlink:href="#tok_117" value="NN"/><!-- Dnepr -->
<feat xlink:href="#tok_118" value="VVFIN"/><!-- steht -->
<feat xlink:href="#tok_119" value="ADJD"/><!-- kurz -->
<feat xlink:href="#tok_120" value="PROAV"/><!-- davor -->
<feat xlink:href="#tok_121" value="$,"/><!-- , -->
<feat xlink:href="#tok_122" value="PRELS"/><!-- das -->
<feat xlink:href="#tok_123" value="ADJD"/><!-- scheinbar -->
<feat xlink:href="#tok_124" value="APPR"/><!-- mit -->
<feat xlink:href="#tok_125" value="ART"/><!-- einem -->
<feat xlink:href="#tok_126" value="NN"/><!-- Dauerabonnement -->
<feat xlink:href="#tok_127" value="APPR"/><!-- fÃ¼r -->
<feat xlink:href="#tok_128" value="ART"/><!-- die -->
<feat xlink:href="#tok_129" value="NN"/><!-- WM -->
<feat xlink:href="#tok_130" value="ADJA"/><!-- ausgestattete -->
<feat xlink:href="#tok_131" value="NN"/><!-- Team -->
<feat xlink:href="#tok_132" value="APPR"/><!-- in -->
<feat xlink:href="#tok_133" value="ART"/><!-- der -->
<feat xlink:href="#tok_134" value="ADJA"/><!-- schwarz_weiÃen -->
<feat xlink:href="#tok_135" value="NN"/><!-- Kluft -->
<feat xlink:href="#tok_136" value="KON"/><!-- und -->
<feat xlink:href="#tok_137" value="ART"/><!-- eine -->
<feat xlink:href="#tok_138" value="ADJA"/><!-- ganze -->
<feat xlink:href="#tok_139" value="NN"/><!-- Nation -->
<feat xlink:href="#tok_140" value="APPR"/><!-- in -->
<feat xlink:href="#tok_141" value="ART"/><!-- das -->
<feat xlink:href="#tok_142" value="NN"/><!-- Tal -->
<feat xlink:href="#tok_143" value="ART"/><!-- der -->
<feat xlink:href="#tok_144" value="NN"/><!-- TrÃ¤nen -->
<feat xlink:href="#tok_145" value="PTKZU"/><!-- zu -->
<feat xlink:href="#tok_146" value="VVINF"/><!-- treiben -->
<feat xlink:href="#tok_147" value="$."/><!-- . -->
<feat xlink:href="#tok_148" value="PROAV"/><!-- Dabei -->
<feat xlink:href="#tok_149" value="VAFIN"/><!-- haben -->
<feat xlink:href="#tok_150" value="ART"/><!-- die -->
<feat xlink:href="#tok_151" value="ADJA"/><!-- deutschen -->
<feat xlink:href="#tok_152" value="NN"/><!-- Nationalkicker -->
<feat xlink:href="#tok_153" value="ART"/><!-- einen -->
<feat xlink:href="#tok_154" value="$("/><!-- " -->
<feat xlink:href="#tok_155" value="NE"/><!-- Rudi -->
<feat xlink:href="#tok_156" value="NN"/><!-- Riese -->
<feat xlink:href="#tok_157" value="$("/><!-- " -->
<feat xlink:href="#tok_158" value="APPR"/><!-- auf -->
<feat xlink:href="#tok_159" value="ART"/><!-- der -->
<feat xlink:href="#tok_160" value="NN"/><!-- Bank -->
<feat xlink:href="#tok_161" value="KON"/><!-- und -->
<feat xlink:href="#tok_162" value="ART"/><!-- einen -->
<feat xlink:href="#tok_163" value="NE"/><!-- Franz -->
<feat xlink:href="#tok_164" value="NN"/><!-- Beckenbauer -->
<feat xlink:href="#tok_165" value="APPR"/><!-- mit -->
<feat xlink:href="#tok_166" value="ADJA"/><!-- heiÃem -->
<feat xlink:href="#tok_167" value="NN"/><!-- Draht -->
<feat xlink:href="#tok_168" value="APPRART"/><!-- zum -->
<feat xlink:href="#tok_169" value="NN"/><!-- FuÃballgott -->
<feat xlink:href="#tok_170" value="$."/><!-- . -->
<feat xlink:href="#tok_171" value="VVFIN"/><!-- FÃ¼rchtet -->
<feat xlink:href="#tok_172" value="PPER"/><!-- euch -->
<feat xlink:href="#tok_173" value="PTKNEG"/><!-- nicht -->
<feat xlink:href="#tok_174" value="$."/><!-- ! -->
</featList>

</sfb632_standard>
