<?xml version="1.0" standalone="no"?>


<!DOCTYPE paula SYSTEM "paula_feat.dtd">
<paula version="1.0">

<header paula_id="dep.maz-11299_dep_func"/>

<featList xmlns:xlink="http://www.w3.org/1999/xlink" type="func" xml:base="dep.maz-11299.dep.xml">
<feat xlink:href="#rel_2" value="det"/><!-- die -->
<feat xlink:href="#rel_3" value="sbj"/><!-- jugendlichen -->
<feat xlink:href="#rel_4" value="pp"/><!-- in -->
<feat xlink:href="#rel_5" value="pn"/><!-- zossen -->
<feat xlink:href="#rel_7" value="det"/><!-- ein -->
<feat xlink:href="#rel_8" value="obja"/><!-- musikcaf? -->
<feat xlink:href="#rel_9" value="punct"/><!-- . -->
<feat xlink:href="#rel_10" value="obja"/><!-- das -->
<feat xlink:href="#rel_12" value="sbj"/><!-- sie -->
<feat xlink:href="#rel_13" value="pp"/><!-- bei -->
<feat xlink:href="#rel_14" value="det"/><!-- der -->
<feat xlink:href="#rel_15" value="attr"/><!-- ersten -->
<feat xlink:href="#rel_16" value="attr"/><!-- zossener -->
<feat xlink:href="#rel_17" value="pn"/><!-- runde -->
<feat xlink:href="#rel_18" value="pp"/><!-- am -->
<feat xlink:href="#rel_19" value="pn"/><!-- dienstagabend -->
<feat xlink:href="#rel_20" value="punct"/><!-- . -->
<feat xlink:href="#rel_21" value="konj"/><!-- dass -->
<feat xlink:href="#rel_22" value="det"/><!-- die -->
<feat xlink:href="#rel_23" value="sbj"/><!-- politiker -->
<feat xlink:href="#rel_24" value="det"/><!-- der -->
<feat xlink:href="#rel_25" value="gmod"/><!-- stadt -->
<feat xlink:href="#rel_26" value="pp"/><!-- daf?r -->
<feat xlink:href="#rel_27" value="obja"/><!-- verst?ndnis -->
<feat xlink:href="#rel_28" value="sbj"/><!-- haben -->
<feat xlink:href="#rel_29" value="punct"/><!-- , -->
<feat xlink:href="#rel_31" value="pred"/><!-- l?blich -->
<feat xlink:href="#rel_32" value="punct"/><!-- . -->
<feat xlink:href="#rel_33" value="pp"/><!-- mit -->
<feat xlink:href="#rel_34" value="det"/><!-- dem -->
<feat xlink:href="#rel_35" value="pn"/><!-- treffen -->
<feat xlink:href="#rel_36" value="pp"/><!-- im -->
<feat xlink:href="#rel_37" value="pn"/><!-- rathaus -->
<feat xlink:href="#rel_39" value="adv"/><!-- somit -->
<feat xlink:href="#rel_40" value="adv"/><!-- auch -->
<feat xlink:href="#rel_41" value="det"/><!-- ein -->
<feat xlink:href="#rel_42" value="sbj"/><!-- dialog -->
<feat xlink:href="#rel_43" value="pp"/><!-- zwischen -->
<feat xlink:href="#rel_44" value="det"/><!-- den -->
<feat xlink:href="#rel_45" value="pn"/><!-- generationen -->
<feat xlink:href="#rel_46" value="pred"/><!-- angesto?en -->
<feat xlink:href="#rel_47" value="punct"/><!-- . -->
<feat xlink:href="#rel_48" value="konj"/><!-- dass -->
<feat xlink:href="#rel_49" value="det"/><!-- die -->
<feat xlink:href="#rel_50" value="attr"/><!-- beiden -->
<feat xlink:href="#rel_51" value="attr"/><!-- geladenen -->
<feat xlink:href="#rel_52" value="sbj"/><!-- jugendlichen -->
<feat xlink:href="#rel_53" value="pp"/><!-- im -->
<feat xlink:href="#rel_54" value="pn"/><!-- laufe -->
<feat xlink:href="#rel_55" value="det"/><!-- des -->
<feat xlink:href="#rel_56" value="gmod"/><!-- abends -->
<feat xlink:href="#rel_57" value="adv"/><!-- immer -->
<feat xlink:href="#rel_58" value="adv"/><!-- weniger -->
<feat xlink:href="#rel_59" value="pp"/><!-- zu -->
<feat xlink:href="#rel_60" value="pn"/><!-- wort -->
<feat xlink:href="#rel_61" value="sbj"/><!-- kamen -->
<feat xlink:href="#rel_62" value="punct"/><!-- , -->
<feat xlink:href="#rel_64" value="adv"/><!-- sicher -->
<feat xlink:href="#rel_65" value="det"/><!-- keine -->
<feat xlink:href="#rel_66" value="attr"/><!-- b?se -->
<feat xlink:href="#rel_67" value="pred"/><!-- absicht -->
<feat xlink:href="#rel_68" value="punct"/><!-- , -->
<feat xlink:href="#rel_69" value="pred"/><!-- ?rgerlich -->
<feat xlink:href="#rel_71" value="sbj"/><!-- es -->
<feat xlink:href="#rel_72" value="pred"/><!-- trotzdem -->
<feat xlink:href="#rel_73" value="punct"/><!-- . -->
<feat xlink:href="#rel_74" value="kon"/><!-- und -->
<feat xlink:href="#rel_76" value="pp"/><!-- dazu -->
<feat xlink:href="#rel_77" value="punct"/><!-- . -->
<feat xlink:href="#rel_78" value="sbj"/><!-- es -->
<feat xlink:href="#rel_80" value="adv"/><!-- nicht -->
<feat xlink:href="#rel_81" value="det"/><!-- der -->
<feat xlink:href="#rel_82" value="og"/><!-- komik -->
<feat xlink:href="#rel_83" value="punct"/><!-- , -->
<feat xlink:href="#rel_84" value="konj"/><!-- wenn -->
<feat xlink:href="#rel_85" value="obja"/><!-- sich -->
<feat xlink:href="#rel_86" value="attr"/><!-- drei -->
<feat xlink:href="#rel_87" value="sbj"/><!-- erwachsene -->
<feat xlink:href="#rel_88" value="punct"/><!-- _ -->
<feat xlink:href="#rel_89" value="app"/><!-- karola -->
<feat xlink:href="#rel_90" value="app"/><!-- andrae -->
<feat xlink:href="#rel_91" value="punct"/><!-- ( -->
<feat xlink:href="#rel_92" value="app"/><!-- b?rgerb?ndnis/fdp -->
<feat xlink:href="#rel_93" value="punct"/><!-- ) -->
<feat xlink:href="#rel_94" value="punct"/><!-- , -->
<feat xlink:href="#rel_95" value="kon"/><!-- susanne -->
<feat xlink:href="#rel_96" value="app"/><!-- michler -->
<feat xlink:href="#rel_97" value="punct"/><!-- ( -->
<feat xlink:href="#rel_98" value="app"/><!-- cdu -->
<feat xlink:href="#rel_99" value="punct"/><!-- ) -->
<feat xlink:href="#rel_100" value="kon"/><!-- und -->
<feat xlink:href="#rel_101" value="app"/><!-- joachim -->
<feat xlink:href="#rel_102" value="app"/><!-- zanow -->
<feat xlink:href="#rel_103" value="punct"/><!-- ( -->
<feat xlink:href="#rel_104" value="app"/><!-- spd -->
<feat xlink:href="#rel_105" value="punct"/><!-- ) -->
<feat xlink:href="#rel_106" value="punct"/><!-- _ -->
<feat xlink:href="#rel_107" value="pp"/><!-- dar?ber -->
<feat xlink:href="#rel_108" value="neb"/><!-- streiten -->
<feat xlink:href="#rel_109" value="punct"/><!-- , -->
<feat xlink:href="#rel_110" value="obja"/><!-- was -->
<feat xlink:href="#rel_111" value="sbj"/><!-- jugendliche -->
<feat xlink:href="#rel_112" value="oa"/><!-- wollen -->
<feat xlink:href="#rel_113" value="kon"/><!-- und -->
<feat xlink:href="#rel_114" value="cj"/><!-- brauchen -->
<feat xlink:href="#rel_115" value="punct"/><!-- , -->
<feat xlink:href="#rel_116" value="konj"/><!-- ohne -->
<feat xlink:href="#rel_117" value="pp"/><!-- auf -->
<feat xlink:href="#rel_118" value="det"/><!-- die -->
<feat xlink:href="#rel_119" value="pn"/><!-- idee -->
<feat xlink:href="#rel_120" value="part"/><!-- zu -->
<feat xlink:href="#rel_121" value="neb"/><!-- kommen -->
<feat xlink:href="#rel_122" value="punct"/><!-- , -->
<feat xlink:href="#rel_123" value="obja"/><!-- sie -->
<feat xlink:href="#rel_124" value="adv"/><!-- selbst -->
<feat xlink:href="#rel_125" value="part"/><!-- zu -->
<feat xlink:href="#rel_126" value="rel"/><!-- fragen -->
<feat xlink:href="#rel_127" value="punct"/><!-- . -->
<feat xlink:href="#rel_128" value="konj"/><!-- und -->
<feat xlink:href="#rel_130" value="punct"/><!-- , -->
<feat xlink:href="#rel_131" value="konj"/><!-- obwohl -->
<feat xlink:href="#rel_132" value="sbj"/><!-- sie -->
<feat xlink:href="#rel_133" value="pn"/><!-- ihnen -->
<feat xlink:href="#rel_134" value="pp"/><!-- gegen?ber -->
<feat xlink:href="#rel_135" value="adv"/><!-- sitzen -->
<feat xlink:href="#rel_136" value="punct"/><!-- . -->
<feat xlink:href="#rel_137" value="det"/><!-- die -->
<feat xlink:href="#rel_138" value="sbj"/><!-- jugendlichen -->
<feat xlink:href="#rel_140" value="adv"/><!-- somit -->
<feat xlink:href="#rel_141" value="pp"/><!-- zum -->
<feat xlink:href="#rel_142" value="attr"/><!-- blo?en -->
<feat xlink:href="#rel_143" value="pn"/><!-- feigenblatt -->
<feat xlink:href="#rel_144" value="aux"/><!-- degradiert -->
<feat xlink:href="#rel_145" value="punct"/><!-- . -->
<feat xlink:href="#rel_146" value="adv"/><!-- nicht -->
<feat xlink:href="#rel_147" value="pp"/><!-- ?ber -->
<feat xlink:href="#rel_148" value="kon"/><!-- sondern -->
<feat xlink:href="#rel_149" value="pp"/><!-- mit -->
<feat xlink:href="#rel_150" value="pn"/><!-- ihnen -->
<feat xlink:href="#rel_152" value="det"/><!-- die -->
<feat xlink:href="#rel_153" value="sbj"/><!-- politiker -->
<feat xlink:href="#rel_154" value="aux"/><!-- reden -->
<feat xlink:href="#rel_155" value="aux"/><!-- sollen -->
<feat xlink:href="#rel_156" value="punct"/><!-- . -->
<feat xlink:href="#rel_157" value="adv"/><!-- damit -->
<feat xlink:href="#rel_159" value="det"/><!-- eine -->
<feat xlink:href="#rel_160" value="attr"/><!-- gro?e -->
<feat xlink:href="#rel_161" value="sbj"/><!-- chance -->
<feat xlink:href="#rel_162" value="pred"/><!-- vertan -->
<feat xlink:href="#rel_163" value="punct"/><!-- . -->
<feat xlink:href="#rel_164" value="adv"/><!-- vielleicht -->
<feat xlink:href="#rel_166" value="sbj"/><!-- es -->
<feat xlink:href="#rel_167" value="pp"/><!-- bei -->
<feat xlink:href="#rel_168" value="det"/><!-- der -->
<feat xlink:href="#rel_169" value="attr"/><!-- n?chsten -->
<feat xlink:href="#rel_170" value="pn"/><!-- runde -->
<feat xlink:href="#rel_171" value="adv"/><!-- anfang -->
<feat xlink:href="#rel_172" value="gmod"/><!-- 2002 -->
<feat xlink:href="#rel_173" value="punct"/><!-- . -->
<feat xlink:href="#rel_174" value="adv"/><!-- dann -->
<feat xlink:href="#rel_176" value="adv"/><!-- auch -->
<feat xlink:href="#rel_177" value="det"/><!-- mehr -->
<feat xlink:href="#rel_178" value="sbj"/><!-- jugendliche -->
<feat xlink:href="#rel_179" value="aux"/><!-- eingeladen -->
<feat xlink:href="#rel_180" value="punct"/><!-- . -->
<feat xlink:href="#rel_181" value="pp"/><!-- in -->
<feat xlink:href="#rel_182" value="det"/><!-- der -->
<feat xlink:href="#rel_183" value="pn"/><!-- gruppe -->
<feat xlink:href="#rel_185" value="sbj"/><!-- sie -->
<feat xlink:href="#rel_186" value="obja"/><!-- sich -->
<feat xlink:href="#rel_187" value="adv"/><!-- hoffentlich -->
<feat xlink:href="#rel_188" value="det"/><!-- mehr -->
<feat xlink:href="#rel_189" value="obja"/><!-- geh?r -->
<feat xlink:href="#rel_190" value="aux"/><!-- verschaffen -->
<feat xlink:href="#rel_191" value="punct"/><!-- . -->
<feat xlink:href="#rel_192" value="adv"/><!-- vielleicht -->
<feat xlink:href="#rel_194" value="adv"/><!-- dann -->
<feat xlink:href="#rel_195" value="adv"/><!-- auch -->
<feat xlink:href="#rel_196" value="sbj"/><!-- vertreter -->
<feat xlink:href="#rel_197" value="pp"/><!-- von -->
<feat xlink:href="#rel_198" value="pn"/><!-- pds -->
<feat xlink:href="#rel_199" value="kon"/><!-- und -->
<feat xlink:href="#rel_200" value="cj"/><!-- gewerbeverein -->
<feat xlink:href="#rel_201" value="det"/><!-- ihren -->
<feat xlink:href="#rel_202" value="obja"/><!-- weg -->
<feat xlink:href="#rel_203" value="pp"/><!-- ins -->
<feat xlink:href="#rel_204" value="pn"/><!-- rathaus -->
<feat xlink:href="#rel_205" value="punct"/><!-- . -->
<feat xlink:href="#rel_206" value="sbj"/><!-- die -->
<feat xlink:href="#rel_208" value="adv"/><!-- diesmal -->
<feat xlink:href="#rel_209" value="adv"/><!-- noch -->
<feat xlink:href="#rel_210" value="pp"/><!-- mit -->
<feat xlink:href="#rel_211" value="pn"/><!-- abwesenheit -->
<feat xlink:href="#rel_212" value="punct"/><!-- . -->

</featList>

</paula>
