<?xml version="1.0" encoding="UTF-8" standalone="no"?>


<!DOCTYPE paula SYSTEM "paula_mark.dtd">
<paula version="1.0">

<header paula_id="exmaralda.is.maz-11299_Inf-StatSeg"/>

<markList xmlns:xlink="http://www.w3.org/1999/xlink" type="Inf-StatSeg" xml:base="merged.maz-11299.tok.xml">

<mark id="Inf-StatSeg_1" xlink:href="#xpointer(id('tok_2')/range-to(id('tok_3')))"/><!-- Die...Jugendlichen -->
<mark id="Inf-StatSeg_2" xlink:href="#tok_5"/><!-- Zossen -->
<mark id="Inf-StatSeg_3" xlink:href="#xpointer(id('tok_7')/range-to(id('tok_8')))"/><!-- ein...Musikcafé -->
<mark id="Inf-StatSeg_4" xlink:href="#tok_10"/><!-- Das -->
<mark id="Inf-StatSeg_5" xlink:href="#tok_12"/><!-- sie -->
<mark id="Inf-StatSeg_6" xlink:href="#xpointer(id('tok_14')/range-to(id('tok_17')))"/><!-- der...Runde -->
<mark id="Inf-StatSeg_7" xlink:href="#xpointer(id('tok_22')/range-to(id('tok_23')))"/><!-- die...Politiker -->
<mark id="Inf-StatSeg_8" xlink:href="#xpointer(id('tok_24')/range-to(id('tok_25')))"/><!-- der...Stadt -->
<mark id="Inf-StatSeg_9" xlink:href="#tok_26"/><!-- dafür -->
<mark id="Inf-StatSeg_10" xlink:href="#xpointer(id('tok_34')/range-to(id('tok_35')))"/><!-- dem...Treffen -->
<mark id="Inf-StatSeg_11" xlink:href="#tok_37"/><!-- Rathaus -->
<mark id="Inf-StatSeg_12" xlink:href="#xpointer(id('tok_41')/range-to(id('tok_42')))"/><!-- ein...Dialog -->
<mark id="Inf-StatSeg_13" xlink:href="#xpointer(id('tok_44')/range-to(id('tok_45')))"/><!-- den...Generationen -->
<mark id="Inf-StatSeg_14" xlink:href="#xpointer(id('tok_49')/range-to(id('tok_52')))"/><!-- die...Jugendlichen -->
<mark id="Inf-StatSeg_15" xlink:href="#xpointer(id('tok_55')/range-to(id('tok_56')))"/><!-- des...Abends -->
<mark id="Inf-StatSeg_16" xlink:href="#xpointer(id('tok_65')/range-to(id('tok_67')))"/><!-- keine...Absicht -->
<mark id="Inf-StatSeg_17" xlink:href="#tok_78"/><!-- Es -->
<mark id="Inf-StatSeg_18" xlink:href="#xpointer(id('tok_81')/range-to(id('tok_82')))"/><!-- der...Komik -->
<mark id="Inf-StatSeg_19" xlink:href="#xpointer(id('tok_86')/range-to(id('tok_87')))"/><!-- drei...Erwachsene -->
<mark id="Inf-StatSeg_20" xlink:href="#xpointer(id('tok_89')/range-to(id('tok_90')))"/><!-- Karola...Andrae -->
<mark id="Inf-StatSeg_21" xlink:href="#xpointer(id('tok_91')/range-to(id('tok_93')))"/><!-- (...) -->
<mark id="Inf-StatSeg_22" xlink:href="#xpointer(id('tok_95')/range-to(id('tok_96')))"/><!-- Susanne...Michler -->
<mark id="Inf-StatSeg_23" xlink:href="#xpointer(id('tok_97')/range-to(id('tok_99')))"/><!-- (...) -->
<mark id="Inf-StatSeg_24" xlink:href="#xpointer(id('tok_101')/range-to(id('tok_102')))"/><!-- Joachim...Zanow -->
<mark id="Inf-StatSeg_25" xlink:href="#xpointer(id('tok_103')/range-to(id('tok_105')))"/><!-- (...) -->
<mark id="Inf-StatSeg_26" xlink:href="#tok_111"/><!-- Jugendliche -->
<mark id="Inf-StatSeg_27" xlink:href="#tok_123"/><!-- sie -->
<mark id="Inf-StatSeg_28" xlink:href="#tok_132"/><!-- sie -->
<mark id="Inf-StatSeg_29" xlink:href="#tok_133"/><!-- ihnen -->
<mark id="Inf-StatSeg_30" xlink:href="#xpointer(id('tok_137')/range-to(id('tok_138')))"/><!-- Die...Jugendlichen -->
<mark id="Inf-StatSeg_31" xlink:href="#xpointer(id('tok_142')/range-to(id('tok_143')))"/><!-- bloßen...Feigenblatt -->
<mark id="Inf-StatSeg_32" xlink:href="#tok_150"/><!-- ihnen -->
<mark id="Inf-StatSeg_33" xlink:href="#xpointer(id('tok_152')/range-to(id('tok_153')))"/><!-- die...Politiker -->
<mark id="Inf-StatSeg_34" xlink:href="#xpointer(id('tok_168')/range-to(id('tok_170')))"/><!-- der...Runde -->
<mark id="Inf-StatSeg_35" xlink:href="#xpointer(id('tok_177')/range-to(id('tok_178')))"/><!-- mehr...Jugendliche -->
<mark id="Inf-StatSeg_36" xlink:href="#xpointer(id('tok_182')/range-to(id('tok_183')))"/><!-- der...Gruppe -->
<mark id="Inf-StatSeg_37" xlink:href="#tok_185"/><!-- sie -->
<mark id="Inf-StatSeg_38" xlink:href="#xpointer(id('tok_188')/range-to(id('tok_189')))"/><!-- mehr...Gehör -->
<mark id="Inf-StatSeg_39" xlink:href="#tok_196"/><!-- Vertreter -->
<mark id="Inf-StatSeg_40" xlink:href="#tok_198"/><!-- PDS -->
<mark id="Inf-StatSeg_41" xlink:href="#tok_200"/><!-- Gewerbeverein -->
<mark id="Inf-StatSeg_42" xlink:href="#tok_204"/><!-- Rathaus -->
<mark id="Inf-StatSeg_43" xlink:href="#tok_206"/><!-- Die -->
<mark id="Inf-StatSeg_44" xlink:href="#tok_211"/><!-- Abwesenheit -->
</markList>

</paula>
