<?xml version="1.0" encoding="UTF-8" standalone="no"?>


<!DOCTYPE paula SYSTEM "paula_feat.dtd">
<paula version="1.0">

<header paula_id="exmaralda.is.maz-11299_PP"/>

<featList xmlns:xlink="http://www.w3.org/1999/xlink" type="PP" xml:base="exmaralda.is.maz-11299.PPSeg.xml">

<feat xlink:href="#PPSeg_1" value="PP"/><!-- in...Zossen -->
<feat xlink:href="#PPSeg_2" value="PP"/><!-- bei...Runde -->
<feat xlink:href="#PPSeg_3" value="PP"/><!-- am...Dienstagabend -->
<feat xlink:href="#PPSeg_4" value="PP"/><!-- Mit...Treffen -->
<feat xlink:href="#PPSeg_5" value="PP"/><!-- im...Rathaus -->
<feat xlink:href="#PPSeg_6" value="PP"/><!-- zwischen...Generationen -->
<feat xlink:href="#PPSeg_7" value="PP"/><!-- im...Laufe -->
<feat xlink:href="#PPSeg_8" value="PP"/><!-- zu...Wort -->
<feat xlink:href="#PPSeg_9" value="PP"/><!-- auf...Idee -->
<feat xlink:href="#PPSeg_10" value="PP"/><!-- zum...Feigenblatt -->
<feat xlink:href="#PPSeg_11" value="PP"/><!-- über...ihnen -->
<feat xlink:href="#PPSeg_12" value="PP"/><!-- bei...Runde -->
<feat xlink:href="#PPSeg_13" value="PP"/><!-- In...Gruppe -->
<feat xlink:href="#PPSeg_14" value="PP"/><!-- von...Gewerbeverein -->
<feat xlink:href="#PPSeg_15" value="PP"/><!-- ins...Rathaus -->
<feat xlink:href="#PPSeg_16" value="PP"/><!-- mit...Abwesenheit -->
</featList>

</paula>
