<?xml version="1.0" encoding="UTF-8" standalone="no"?>


<!DOCTYPE paula SYSTEM "paula_mark.dtd">
<paula version="1.0">

<header paula_id="exmaralda.is.maz-11299_SentSeg"/>

<markList xmlns:xlink="http://www.w3.org/1999/xlink" type="SentSeg" xml:base="merged.maz-11299.tok.xml">

<mark id="SentSeg_1" xlink:href="#xpointer(id('tok_2')/range-to(id('tok_9')))"/><!-- Die.... -->
<mark id="SentSeg_2" xlink:href="#xpointer(id('tok_10')/range-to(id('tok_20')))"/><!-- Das.... -->
<mark id="SentSeg_3" xlink:href="#xpointer(id('tok_21')/range-to(id('tok_32')))"/><!-- Dass.... -->
<mark id="SentSeg_4" xlink:href="#xpointer(id('tok_33')/range-to(id('tok_47')))"/><!-- Mit.... -->
<mark id="SentSeg_5" xlink:href="#xpointer(id('tok_48')/range-to(id('tok_73')))"/><!-- Dass.... -->
<mark id="SentSeg_6" xlink:href="#xpointer(id('tok_74')/range-to(id('tok_77')))"/><!-- Und.... -->
<mark id="SentSeg_7" xlink:href="#xpointer(id('tok_78')/range-to(id('tok_127')))"/><!-- Es.... -->
<mark id="SentSeg_8" xlink:href="#xpointer(id('tok_128')/range-to(id('tok_136')))"/><!-- Und.... -->
<mark id="SentSeg_9" xlink:href="#xpointer(id('tok_137')/range-to(id('tok_145')))"/><!-- Die.... -->
<mark id="SentSeg_10" xlink:href="#xpointer(id('tok_146')/range-to(id('tok_156')))"/><!-- Nicht.... -->
<mark id="SentSeg_11" xlink:href="#xpointer(id('tok_157')/range-to(id('tok_163')))"/><!-- Damit.... -->
<mark id="SentSeg_12" xlink:href="#xpointer(id('tok_164')/range-to(id('tok_173')))"/><!-- Vielleicht.... -->
<mark id="SentSeg_13" xlink:href="#xpointer(id('tok_174')/range-to(id('tok_180')))"/><!-- Dann.... -->
<mark id="SentSeg_14" xlink:href="#xpointer(id('tok_181')/range-to(id('tok_191')))"/><!-- In.... -->
<mark id="SentSeg_15" xlink:href="#xpointer(id('tok_192')/range-to(id('tok_205')))"/><!-- Vielleicht.... -->
<mark id="SentSeg_16" xlink:href="#xpointer(id('tok_206')/range-to(id('tok_211')))"/><!-- Die...Abwesenheit -->
</markList>

</paula>
