<?xml version="1.0" standalone="no"?>
<!DOCTYPE paula SYSTEM "paula_mark.dtd">


<paula version="1.0">
<header paula_id="exmaralda.is.maz-11299_tok"/>

<markList xmlns:xlink="http://www.w3.org/1999/xlink" type="tok" xml:base="merged.maz-11299.text.xml">
<mark id="tok_1" xlink:href="#xpointer(string-range(//body,'',1,11))"/><!-- Feigenblatt -->
<mark id="tok_2" xlink:href="#xpointer(string-range(//body,'',13,3))"/><!-- Die -->
<mark id="tok_3" xlink:href="#xpointer(string-range(//body,'',17,12))"/><!-- Jugendlichen -->
<mark id="tok_4" xlink:href="#xpointer(string-range(//body,'',30,2))"/><!-- in -->
<mark id="tok_5" xlink:href="#xpointer(string-range(//body,'',33,6))"/><!-- Zossen -->
<mark id="tok_6" xlink:href="#xpointer(string-range(//body,'',40,6))"/><!-- wollen -->
<mark id="tok_7" xlink:href="#xpointer(string-range(//body,'',47,3))"/><!-- ein -->
<mark id="tok_8" xlink:href="#xpointer(string-range(//body,'',51,9))"/><!-- Musikcafé -->
<mark id="tok_9" xlink:href="#xpointer(string-range(//body,'',61,1))"/><!-- . -->
<mark id="tok_10" xlink:href="#xpointer(string-range(//body,'',63,3))"/><!-- Das -->
<mark id="tok_11" xlink:href="#xpointer(string-range(//body,'',67,9))"/><!-- forderten -->
<mark id="tok_12" xlink:href="#xpointer(string-range(//body,'',77,3))"/><!-- sie -->
<mark id="tok_13" xlink:href="#xpointer(string-range(//body,'',81,3))"/><!-- bei -->
<mark id="tok_14" xlink:href="#xpointer(string-range(//body,'',85,3))"/><!-- der -->
<mark id="tok_15" xlink:href="#xpointer(string-range(//body,'',89,6))"/><!-- ersten -->
<mark id="tok_16" xlink:href="#xpointer(string-range(//body,'',96,8))"/><!-- Zossener -->
<mark id="tok_17" xlink:href="#xpointer(string-range(//body,'',105,5))"/><!-- Runde -->
<mark id="tok_18" xlink:href="#xpointer(string-range(//body,'',111,2))"/><!-- am -->
<mark id="tok_19" xlink:href="#xpointer(string-range(//body,'',114,13))"/><!-- Dienstagabend -->
<mark id="tok_20" xlink:href="#xpointer(string-range(//body,'',128,1))"/><!-- . -->
<mark id="tok_21" xlink:href="#xpointer(string-range(//body,'',130,4))"/><!-- Dass -->
<mark id="tok_22" xlink:href="#xpointer(string-range(//body,'',135,3))"/><!-- die -->
<mark id="tok_23" xlink:href="#xpointer(string-range(//body,'',139,9))"/><!-- Politiker -->
<mark id="tok_24" xlink:href="#xpointer(string-range(//body,'',149,3))"/><!-- der -->
<mark id="tok_25" xlink:href="#xpointer(string-range(//body,'',153,5))"/><!-- Stadt -->
<mark id="tok_26" xlink:href="#xpointer(string-range(//body,'',159,5))"/><!-- dafür -->
<mark id="tok_27" xlink:href="#xpointer(string-range(//body,'',165,11))"/><!-- Verständnis -->
<mark id="tok_28" xlink:href="#xpointer(string-range(//body,'',177,5))"/><!-- haben -->
<mark id="tok_29" xlink:href="#xpointer(string-range(//body,'',183,1))"/><!-- , -->
<mark id="tok_30" xlink:href="#xpointer(string-range(//body,'',185,3))"/><!-- ist -->
<mark id="tok_31" xlink:href="#xpointer(string-range(//body,'',189,7))"/><!-- löblich -->
<mark id="tok_32" xlink:href="#xpointer(string-range(//body,'',197,1))"/><!-- . -->
<mark id="tok_33" xlink:href="#xpointer(string-range(//body,'',199,3))"/><!-- Mit -->
<mark id="tok_34" xlink:href="#xpointer(string-range(//body,'',203,3))"/><!-- dem -->
<mark id="tok_35" xlink:href="#xpointer(string-range(//body,'',207,7))"/><!-- Treffen -->
<mark id="tok_36" xlink:href="#xpointer(string-range(//body,'',215,2))"/><!-- im -->
<mark id="tok_37" xlink:href="#xpointer(string-range(//body,'',218,7))"/><!-- Rathaus -->
<mark id="tok_38" xlink:href="#xpointer(string-range(//body,'',226,3))"/><!-- ist -->
<mark id="tok_39" xlink:href="#xpointer(string-range(//body,'',230,5))"/><!-- somit -->
<mark id="tok_40" xlink:href="#xpointer(string-range(//body,'',236,4))"/><!-- auch -->
<mark id="tok_41" xlink:href="#xpointer(string-range(//body,'',241,3))"/><!-- ein -->
<mark id="tok_42" xlink:href="#xpointer(string-range(//body,'',245,6))"/><!-- Dialog -->
<mark id="tok_43" xlink:href="#xpointer(string-range(//body,'',252,8))"/><!-- zwischen -->
<mark id="tok_44" xlink:href="#xpointer(string-range(//body,'',261,3))"/><!-- den -->
<mark id="tok_45" xlink:href="#xpointer(string-range(//body,'',265,12))"/><!-- Generationen -->
<mark id="tok_46" xlink:href="#xpointer(string-range(//body,'',278,10))"/><!-- angestoßen -->
<mark id="tok_47" xlink:href="#xpointer(string-range(//body,'',289,1))"/><!-- . -->
<mark id="tok_48" xlink:href="#xpointer(string-range(//body,'',291,4))"/><!-- Dass -->
<mark id="tok_49" xlink:href="#xpointer(string-range(//body,'',296,3))"/><!-- die -->
<mark id="tok_50" xlink:href="#xpointer(string-range(//body,'',300,6))"/><!-- beiden -->
<mark id="tok_51" xlink:href="#xpointer(string-range(//body,'',307,9))"/><!-- geladenen -->
<mark id="tok_52" xlink:href="#xpointer(string-range(//body,'',317,12))"/><!-- Jugendlichen -->
<mark id="tok_53" xlink:href="#xpointer(string-range(//body,'',330,2))"/><!-- im -->
<mark id="tok_54" xlink:href="#xpointer(string-range(//body,'',333,5))"/><!-- Laufe -->
<mark id="tok_55" xlink:href="#xpointer(string-range(//body,'',339,3))"/><!-- des -->
<mark id="tok_56" xlink:href="#xpointer(string-range(//body,'',343,6))"/><!-- Abends -->
<mark id="tok_57" xlink:href="#xpointer(string-range(//body,'',350,5))"/><!-- immer -->
<mark id="tok_58" xlink:href="#xpointer(string-range(//body,'',356,7))"/><!-- weniger -->
<mark id="tok_59" xlink:href="#xpointer(string-range(//body,'',364,2))"/><!-- zu -->
<mark id="tok_60" xlink:href="#xpointer(string-range(//body,'',367,4))"/><!-- Wort -->
<mark id="tok_61" xlink:href="#xpointer(string-range(//body,'',372,5))"/><!-- kamen -->
<mark id="tok_62" xlink:href="#xpointer(string-range(//body,'',378,1))"/><!-- , -->
<mark id="tok_63" xlink:href="#xpointer(string-range(//body,'',380,3))"/><!-- war -->
<mark id="tok_64" xlink:href="#xpointer(string-range(//body,'',384,6))"/><!-- sicher -->
<mark id="tok_65" xlink:href="#xpointer(string-range(//body,'',391,5))"/><!-- keine -->
<mark id="tok_66" xlink:href="#xpointer(string-range(//body,'',397,4))"/><!-- böse -->
<mark id="tok_67" xlink:href="#xpointer(string-range(//body,'',402,7))"/><!-- Absicht -->
<mark id="tok_68" xlink:href="#xpointer(string-range(//body,'',410,1))"/><!-- , -->
<mark id="tok_69" xlink:href="#xpointer(string-range(//body,'',412,9))"/><!-- ärgerlich -->
<mark id="tok_70" xlink:href="#xpointer(string-range(//body,'',422,3))"/><!-- ist -->
<mark id="tok_71" xlink:href="#xpointer(string-range(//body,'',426,2))"/><!-- es -->
<mark id="tok_72" xlink:href="#xpointer(string-range(//body,'',429,8))"/><!-- trotzdem -->
<mark id="tok_73" xlink:href="#xpointer(string-range(//body,'',438,1))"/><!-- . -->
<mark id="tok_74" xlink:href="#xpointer(string-range(//body,'',440,3))"/><!-- Und -->
<mark id="tok_75" xlink:href="#xpointer(string-range(//body,'',444,10))"/><!-- aberwitzig -->
<mark id="tok_76" xlink:href="#xpointer(string-range(//body,'',455,4))"/><!-- dazu -->
<mark id="tok_77" xlink:href="#xpointer(string-range(//body,'',460,1))"/><!-- . -->
<mark id="tok_78" xlink:href="#xpointer(string-range(//body,'',462,2))"/><!-- Es -->
<mark id="tok_79" xlink:href="#xpointer(string-range(//body,'',465,8))"/><!-- entbehrt -->
<mark id="tok_80" xlink:href="#xpointer(string-range(//body,'',474,5))"/><!-- nicht -->
<mark id="tok_81" xlink:href="#xpointer(string-range(//body,'',480,3))"/><!-- der -->
<mark id="tok_82" xlink:href="#xpointer(string-range(//body,'',484,5))"/><!-- Komik -->
<mark id="tok_83" xlink:href="#xpointer(string-range(//body,'',490,1))"/><!-- , -->
<mark id="tok_84" xlink:href="#xpointer(string-range(//body,'',492,4))"/><!-- wenn -->
<mark id="tok_85" xlink:href="#xpointer(string-range(//body,'',497,4))"/><!-- sich -->
<mark id="tok_86" xlink:href="#xpointer(string-range(//body,'',502,4))"/><!-- drei -->
<mark id="tok_87" xlink:href="#xpointer(string-range(//body,'',507,10))"/><!-- Erwachsene -->
<mark id="tok_88" xlink:href="#xpointer(string-range(//body,'',518,1))"/><!-- _ -->
<mark id="tok_89" xlink:href="#xpointer(string-range(//body,'',520,6))"/><!-- Karola -->
<mark id="tok_90" xlink:href="#xpointer(string-range(//body,'',527,6))"/><!-- Andrae -->
<mark id="tok_91" xlink:href="#xpointer(string-range(//body,'',534,1))"/><!-- ( -->
<mark id="tok_92" xlink:href="#xpointer(string-range(//body,'',536,17))"/><!-- Bürgerbündnis/FDP -->
<mark id="tok_93" xlink:href="#xpointer(string-range(//body,'',554,1))"/><!-- ) -->
<mark id="tok_94" xlink:href="#xpointer(string-range(//body,'',556,1))"/><!-- , -->
<mark id="tok_95" xlink:href="#xpointer(string-range(//body,'',558,7))"/><!-- Susanne -->
<mark id="tok_96" xlink:href="#xpointer(string-range(//body,'',566,7))"/><!-- Michler -->
<mark id="tok_97" xlink:href="#xpointer(string-range(//body,'',574,1))"/><!-- ( -->
<mark id="tok_98" xlink:href="#xpointer(string-range(//body,'',576,3))"/><!-- CDU -->
<mark id="tok_99" xlink:href="#xpointer(string-range(//body,'',580,1))"/><!-- ) -->
<mark id="tok_100" xlink:href="#xpointer(string-range(//body,'',582,3))"/><!-- und -->
<mark id="tok_101" xlink:href="#xpointer(string-range(//body,'',586,7))"/><!-- Joachim -->
<mark id="tok_102" xlink:href="#xpointer(string-range(//body,'',594,5))"/><!-- Zanow -->
<mark id="tok_103" xlink:href="#xpointer(string-range(//body,'',600,1))"/><!-- ( -->
<mark id="tok_104" xlink:href="#xpointer(string-range(//body,'',602,3))"/><!-- SPD -->
<mark id="tok_105" xlink:href="#xpointer(string-range(//body,'',606,1))"/><!-- ) -->
<mark id="tok_106" xlink:href="#xpointer(string-range(//body,'',608,1))"/><!-- _ -->
<mark id="tok_107" xlink:href="#xpointer(string-range(//body,'',610,7))"/><!-- darüber -->
<mark id="tok_108" xlink:href="#xpointer(string-range(//body,'',618,8))"/><!-- streiten -->
<mark id="tok_109" xlink:href="#xpointer(string-range(//body,'',627,1))"/><!-- , -->
<mark id="tok_110" xlink:href="#xpointer(string-range(//body,'',629,3))"/><!-- was -->
<mark id="tok_111" xlink:href="#xpointer(string-range(//body,'',633,11))"/><!-- Jugendliche -->
<mark id="tok_112" xlink:href="#xpointer(string-range(//body,'',645,6))"/><!-- wollen -->
<mark id="tok_113" xlink:href="#xpointer(string-range(//body,'',652,3))"/><!-- und -->
<mark id="tok_114" xlink:href="#xpointer(string-range(//body,'',656,8))"/><!-- brauchen -->
<mark id="tok_115" xlink:href="#xpointer(string-range(//body,'',665,1))"/><!-- , -->
<mark id="tok_116" xlink:href="#xpointer(string-range(//body,'',667,4))"/><!-- ohne -->
<mark id="tok_117" xlink:href="#xpointer(string-range(//body,'',672,3))"/><!-- auf -->
<mark id="tok_118" xlink:href="#xpointer(string-range(//body,'',676,3))"/><!-- die -->
<mark id="tok_119" xlink:href="#xpointer(string-range(//body,'',680,4))"/><!-- Idee -->
<mark id="tok_120" xlink:href="#xpointer(string-range(//body,'',685,2))"/><!-- zu -->
<mark id="tok_121" xlink:href="#xpointer(string-range(//body,'',688,6))"/><!-- kommen -->
<mark id="tok_122" xlink:href="#xpointer(string-range(//body,'',695,1))"/><!-- , -->
<mark id="tok_123" xlink:href="#xpointer(string-range(//body,'',697,3))"/><!-- sie -->
<mark id="tok_124" xlink:href="#xpointer(string-range(//body,'',701,6))"/><!-- selbst -->
<mark id="tok_125" xlink:href="#xpointer(string-range(//body,'',708,2))"/><!-- zu -->
<mark id="tok_126" xlink:href="#xpointer(string-range(//body,'',711,6))"/><!-- fragen -->
<mark id="tok_127" xlink:href="#xpointer(string-range(//body,'',718,1))"/><!-- . -->
<mark id="tok_128" xlink:href="#xpointer(string-range(//body,'',720,3))"/><!-- Und -->
<mark id="tok_129" xlink:href="#xpointer(string-range(//body,'',724,3))"/><!-- das -->
<mark id="tok_130" xlink:href="#xpointer(string-range(//body,'',728,1))"/><!-- , -->
<mark id="tok_131" xlink:href="#xpointer(string-range(//body,'',730,6))"/><!-- obwohl -->
<mark id="tok_132" xlink:href="#xpointer(string-range(//body,'',737,3))"/><!-- sie -->
<mark id="tok_133" xlink:href="#xpointer(string-range(//body,'',741,5))"/><!-- ihnen -->
<mark id="tok_134" xlink:href="#xpointer(string-range(//body,'',747,9))"/><!-- gegenüber -->
<mark id="tok_135" xlink:href="#xpointer(string-range(//body,'',757,6))"/><!-- sitzen -->
<mark id="tok_136" xlink:href="#xpointer(string-range(//body,'',764,1))"/><!-- . -->
<mark id="tok_137" xlink:href="#xpointer(string-range(//body,'',766,3))"/><!-- Die -->
<mark id="tok_138" xlink:href="#xpointer(string-range(//body,'',770,12))"/><!-- Jugendlichen -->
<mark id="tok_139" xlink:href="#xpointer(string-range(//body,'',783,6))"/><!-- wurden -->
<mark id="tok_140" xlink:href="#xpointer(string-range(//body,'',790,5))"/><!-- somit -->
<mark id="tok_141" xlink:href="#xpointer(string-range(//body,'',796,3))"/><!-- zum -->
<mark id="tok_142" xlink:href="#xpointer(string-range(//body,'',800,6))"/><!-- bloßen -->
<mark id="tok_143" xlink:href="#xpointer(string-range(//body,'',807,11))"/><!-- Feigenblatt -->
<mark id="tok_144" xlink:href="#xpointer(string-range(//body,'',819,10))"/><!-- degradiert -->
<mark id="tok_145" xlink:href="#xpointer(string-range(//body,'',830,1))"/><!-- . -->
<mark id="tok_146" xlink:href="#xpointer(string-range(//body,'',832,5))"/><!-- Nicht -->
<mark id="tok_147" xlink:href="#xpointer(string-range(//body,'',838,4))"/><!-- über -->
<mark id="tok_148" xlink:href="#xpointer(string-range(//body,'',843,7))"/><!-- sondern -->
<mark id="tok_149" xlink:href="#xpointer(string-range(//body,'',851,3))"/><!-- mit -->
<mark id="tok_150" xlink:href="#xpointer(string-range(//body,'',855,5))"/><!-- ihnen -->
<mark id="tok_151" xlink:href="#xpointer(string-range(//body,'',861,6))"/><!-- hätten -->
<mark id="tok_152" xlink:href="#xpointer(string-range(//body,'',868,3))"/><!-- die -->
<mark id="tok_153" xlink:href="#xpointer(string-range(//body,'',872,9))"/><!-- Politiker -->
<mark id="tok_154" xlink:href="#xpointer(string-range(//body,'',882,5))"/><!-- reden -->
<mark id="tok_155" xlink:href="#xpointer(string-range(//body,'',888,6))"/><!-- sollen -->
<mark id="tok_156" xlink:href="#xpointer(string-range(//body,'',895,1))"/><!-- . -->
<mark id="tok_157" xlink:href="#xpointer(string-range(//body,'',897,5))"/><!-- Damit -->
<mark id="tok_158" xlink:href="#xpointer(string-range(//body,'',903,3))"/><!-- ist -->
<mark id="tok_159" xlink:href="#xpointer(string-range(//body,'',907,4))"/><!-- eine -->
<mark id="tok_160" xlink:href="#xpointer(string-range(//body,'',912,5))"/><!-- große -->
<mark id="tok_161" xlink:href="#xpointer(string-range(//body,'',918,6))"/><!-- Chance -->
<mark id="tok_162" xlink:href="#xpointer(string-range(//body,'',925,6))"/><!-- vertan -->
<mark id="tok_163" xlink:href="#xpointer(string-range(//body,'',932,1))"/><!-- . -->
<mark id="tok_164" xlink:href="#xpointer(string-range(//body,'',934,10))"/><!-- Vielleicht -->
<mark id="tok_165" xlink:href="#xpointer(string-range(//body,'',945,6))"/><!-- klappt -->
<mark id="tok_166" xlink:href="#xpointer(string-range(//body,'',952,2))"/><!-- es -->
<mark id="tok_167" xlink:href="#xpointer(string-range(//body,'',955,3))"/><!-- bei -->
<mark id="tok_168" xlink:href="#xpointer(string-range(//body,'',959,3))"/><!-- der -->
<mark id="tok_169" xlink:href="#xpointer(string-range(//body,'',963,8))"/><!-- nächsten -->
<mark id="tok_170" xlink:href="#xpointer(string-range(//body,'',972,5))"/><!-- Runde -->
<mark id="tok_171" xlink:href="#xpointer(string-range(//body,'',978,6))"/><!-- Anfang -->
<mark id="tok_172" xlink:href="#xpointer(string-range(//body,'',985,4))"/><!-- 2002 -->
<mark id="tok_173" xlink:href="#xpointer(string-range(//body,'',990,1))"/><!-- . -->
<mark id="tok_174" xlink:href="#xpointer(string-range(//body,'',992,4))"/><!-- Dann -->
<mark id="tok_175" xlink:href="#xpointer(string-range(//body,'',997,6))"/><!-- werden -->
<mark id="tok_176" xlink:href="#xpointer(string-range(//body,'',1004,4))"/><!-- auch -->
<mark id="tok_177" xlink:href="#xpointer(string-range(//body,'',1009,4))"/><!-- mehr -->
<mark id="tok_178" xlink:href="#xpointer(string-range(//body,'',1014,11))"/><!-- Jugendliche -->
<mark id="tok_179" xlink:href="#xpointer(string-range(//body,'',1026,10))"/><!-- eingeladen -->
<mark id="tok_180" xlink:href="#xpointer(string-range(//body,'',1037,1))"/><!-- . -->
<mark id="tok_181" xlink:href="#xpointer(string-range(//body,'',1039,2))"/><!-- In -->
<mark id="tok_182" xlink:href="#xpointer(string-range(//body,'',1042,3))"/><!-- der -->
<mark id="tok_183" xlink:href="#xpointer(string-range(//body,'',1046,6))"/><!-- Gruppe -->
<mark id="tok_184" xlink:href="#xpointer(string-range(//body,'',1053,6))"/><!-- können -->
<mark id="tok_185" xlink:href="#xpointer(string-range(//body,'',1060,3))"/><!-- sie -->
<mark id="tok_186" xlink:href="#xpointer(string-range(//body,'',1064,4))"/><!-- sich -->
<mark id="tok_187" xlink:href="#xpointer(string-range(//body,'',1069,11))"/><!-- hoffentlich -->
<mark id="tok_188" xlink:href="#xpointer(string-range(//body,'',1081,4))"/><!-- mehr -->
<mark id="tok_189" xlink:href="#xpointer(string-range(//body,'',1086,5))"/><!-- Gehör -->
<mark id="tok_190" xlink:href="#xpointer(string-range(//body,'',1092,11))"/><!-- verschaffen -->
<mark id="tok_191" xlink:href="#xpointer(string-range(//body,'',1104,1))"/><!-- . -->
<mark id="tok_192" xlink:href="#xpointer(string-range(//body,'',1106,10))"/><!-- Vielleicht -->
<mark id="tok_193" xlink:href="#xpointer(string-range(//body,'',1117,6))"/><!-- finden -->
<mark id="tok_194" xlink:href="#xpointer(string-range(//body,'',1124,4))"/><!-- dann -->
<mark id="tok_195" xlink:href="#xpointer(string-range(//body,'',1129,4))"/><!-- auch -->
<mark id="tok_196" xlink:href="#xpointer(string-range(//body,'',1134,9))"/><!-- Vertreter -->
<mark id="tok_197" xlink:href="#xpointer(string-range(//body,'',1144,3))"/><!-- von -->
<mark id="tok_198" xlink:href="#xpointer(string-range(//body,'',1148,3))"/><!-- PDS -->
<mark id="tok_199" xlink:href="#xpointer(string-range(//body,'',1152,3))"/><!-- und -->
<mark id="tok_200" xlink:href="#xpointer(string-range(//body,'',1156,13))"/><!-- Gewerbeverein -->
<mark id="tok_201" xlink:href="#xpointer(string-range(//body,'',1170,5))"/><!-- ihren -->
<mark id="tok_202" xlink:href="#xpointer(string-range(//body,'',1176,3))"/><!-- Weg -->
<mark id="tok_203" xlink:href="#xpointer(string-range(//body,'',1180,3))"/><!-- ins -->
<mark id="tok_204" xlink:href="#xpointer(string-range(//body,'',1184,7))"/><!-- Rathaus -->
<mark id="tok_205" xlink:href="#xpointer(string-range(//body,'',1192,1))"/><!-- . -->
<mark id="tok_206" xlink:href="#xpointer(string-range(//body,'',1194,3))"/><!-- Die -->
<mark id="tok_207" xlink:href="#xpointer(string-range(//body,'',1198,8))"/><!-- glänzten -->
<mark id="tok_208" xlink:href="#xpointer(string-range(//body,'',1207,7))"/><!-- diesmal -->
<mark id="tok_209" xlink:href="#xpointer(string-range(//body,'',1215,4))"/><!-- noch -->
<mark id="tok_210" xlink:href="#xpointer(string-range(//body,'',1220,3))"/><!-- mit -->
<mark id="tok_211" xlink:href="#xpointer(string-range(//body,'',1224,11))"/><!-- Abwesenheit -->
<mark id="tok_212" xlink:href="#xpointer(string-range(//body,'',1236,1))"/><!-- . -->
</markList>
</paula>
