<?xml version="1.0" standalone="no"?>
<!DOCTYPE paula SYSTEM "paula_feat.dtd">


<paula version="1.0">

<header paula_id="mmax.pocos.maz-11299_primmarkSeg_type"/>

<featList xmlns:xlink="http://www.w3.org/1999/xlink" type="type" xml:base="mmax.pocos.maz-11299.primmarkSeg.xml">
<feat xlink:href="#primmarkSeg_10004" value="none"/>
<feat xlink:href="#primmarkSeg_18" value="anaphoric"/>
<feat xlink:href="#primmarkSeg_100091" value="none"/>
<feat xlink:href="#primmarkSeg_10009" value="anaphoric"/>
<feat xlink:href="#primmarkSeg_1000200" value="anaphoric"/>
<feat xlink:href="#primmarkSeg_1000205" value="anaphoric"/>
<feat xlink:href="#primmarkSeg_70" value="anaphoric"/>
<feat xlink:href="#primmarkSeg_17" value="none"/>
<feat xlink:href="#primmarkSeg_23" value="anaphoric"/>
<feat xlink:href="#primmarkSeg_1000197" value="none"/>
<feat xlink:href="#primmarkSeg_1000149" value="anaphoric"/>
<feat xlink:href="#primmarkSeg_100025" value="anaphoric"/>
<feat xlink:href="#primmarkSeg_100077" value="none"/>
<feat xlink:href="#primmarkSeg_16" value="none"/>
<feat xlink:href="#primmarkSeg_1000131" value="anaphoric"/>
<feat xlink:href="#primmarkSeg_7" value="none"/>
<feat xlink:href="#primmarkSeg_100097" value="none"/>
<feat xlink:href="#primmarkSeg_39" value="none"/>
<feat xlink:href="#primmarkSeg_1000210" value="none"/>
<feat xlink:href="#primmarkSeg_6" value="none"/>
<feat xlink:href="#primmarkSeg_100075" value="anaphoric"/>
<feat xlink:href="#primmarkSeg_100011" value="anaphoric"/>
<feat xlink:href="#primmarkSeg_24" value="anaphoric"/>
<feat xlink:href="#primmarkSeg_1000132" value="anaphoric"/>
<feat xlink:href="#primmarkSeg_36" value="none"/>
<feat xlink:href="#primmarkSeg_12" value="none"/>
<feat xlink:href="#primmarkSeg_95" value="none"/>
<feat xlink:href="#primmarkSeg_1000156" value="anaphoric"/>
<feat xlink:href="#primmarkSeg_87" value="none"/>
<feat xlink:href="#primmarkSeg_1000122" value="anaphoric"/>
<feat xlink:href="#primmarkSeg_37" value="none"/>
<feat xlink:href="#primmarkSeg_1000207" value="anaphoric"/>
<feat xlink:href="#primmarkSeg_52" value="none"/>
<feat xlink:href="#primmarkSeg_1000206" value="anaphoric"/>
<feat xlink:href="#primmarkSeg_1000106" value="anaphoric"/>
<feat xlink:href="#primmarkSeg_38" value="none"/>
<feat xlink:href="#primmarkSeg_63" value="anaphoric"/>
<feat xlink:href="#primmarkSeg_10" value="anaphoric"/>
<feat xlink:href="#primmarkSeg_1000128" value="anaphoric"/>
<feat xlink:href="#primmarkSeg_3" value="none"/>
<feat xlink:href="#primmarkSeg_80" value="none"/>
<feat xlink:href="#primmarkSeg_1000103" value="none"/>
<feat xlink:href="#primmarkSeg_1000209" value="none"/>
<feat xlink:href="#primmarkSeg_100070" value="anaphoric"/>
<feat xlink:href="#primmarkSeg_93" value="anaphoric"/>
<feat xlink:href="#primmarkSeg_1000184" value="anaphoric"/>
<feat xlink:href="#primmarkSeg_29" value="none"/>
</featList>
</paula>
