<?xml version="1.0" standalone="no"?>
<!DOCTYPE paula SYSTEM "paula_feat.dtd">


<paula version="1.0">

<header paula_id="mmax.pocos.maz-11299_primmarkSeg_dir_speech"/>

<featList xmlns:xlink="http://www.w3.org/1999/xlink" type="dir_speech" xml:base="mmax.pocos.maz-11299.primmarkSeg.xml">
<feat xlink:href="#primmarkSeg_10004" value="text_level"/>
<feat xlink:href="#primmarkSeg_18" value="text_level"/>
<feat xlink:href="#primmarkSeg_100091" value="text_level"/>
<feat xlink:href="#primmarkSeg_10009" value="text_level"/>
<feat xlink:href="#primmarkSeg_1000200" value="text_level"/>
<feat xlink:href="#primmarkSeg_1000205" value="text_level"/>
<feat xlink:href="#primmarkSeg_70" value="text_level"/>
<feat xlink:href="#primmarkSeg_17" value="text_level"/>
<feat xlink:href="#primmarkSeg_23" value="text_level"/>
<feat xlink:href="#primmarkSeg_1000197" value="text_level"/>
<feat xlink:href="#primmarkSeg_1000149" value="text_level"/>
<feat xlink:href="#primmarkSeg_100025" value="text_level"/>
<feat xlink:href="#primmarkSeg_100077" value="text_level"/>
<feat xlink:href="#primmarkSeg_16" value="text_level"/>
<feat xlink:href="#primmarkSeg_1000131" value="text_level"/>
<feat xlink:href="#primmarkSeg_7" value="text_level"/>
<feat xlink:href="#primmarkSeg_100097" value="text_level"/>
<feat xlink:href="#primmarkSeg_39" value="text_level"/>
<feat xlink:href="#primmarkSeg_1000210" value="text_level"/>
<feat xlink:href="#primmarkSeg_6" value="text_level"/>
<feat xlink:href="#primmarkSeg_100075" value="text_level"/>
<feat xlink:href="#primmarkSeg_100011" value="text_level"/>
<feat xlink:href="#primmarkSeg_24" value="text_level"/>
<feat xlink:href="#primmarkSeg_1000132" value="text_level"/>
<feat xlink:href="#primmarkSeg_36" value="text_level"/>
<feat xlink:href="#primmarkSeg_12" value="text_level"/>
<feat xlink:href="#primmarkSeg_95" value="text_level"/>
<feat xlink:href="#primmarkSeg_1000156" value="text_level"/>
<feat xlink:href="#primmarkSeg_87" value="text_level"/>
<feat xlink:href="#primmarkSeg_1000122" value="text_level"/>
<feat xlink:href="#primmarkSeg_37" value="text_level"/>
<feat xlink:href="#primmarkSeg_1000207" value="text_level"/>
<feat xlink:href="#primmarkSeg_52" value="text_level"/>
<feat xlink:href="#primmarkSeg_1000206" value="text_level"/>
<feat xlink:href="#primmarkSeg_1000106" value="text_level"/>
<feat xlink:href="#primmarkSeg_38" value="text_level"/>
<feat xlink:href="#primmarkSeg_63" value="text_level"/>
<feat xlink:href="#primmarkSeg_10" value="text_level"/>
<feat xlink:href="#primmarkSeg_1000128" value="text_level"/>
<feat xlink:href="#primmarkSeg_3" value="text_level"/>
<feat xlink:href="#primmarkSeg_80" value="text_level"/>
<feat xlink:href="#primmarkSeg_1000103" value="text_level"/>
<feat xlink:href="#primmarkSeg_1000209" value="text_level"/>
<feat xlink:href="#primmarkSeg_100070" value="text_level"/>
<feat xlink:href="#primmarkSeg_93" value="text_level"/>
<feat xlink:href="#primmarkSeg_1000184" value="text_level"/>
<feat xlink:href="#primmarkSeg_29" value="text_level"/>
</featList>
</paula>
