<?xml version="1.0" standalone="no"?>
<!DOCTYPE paula SYSTEM "paula_feat.dtd">


<paula version="1.0">

<header paula_id="mmax.pocos.maz-11299_primmarkSeg_complex_np"/>

<featList xmlns:xlink="http://www.w3.org/1999/xlink" type="complex_np" xml:base="mmax.pocos.maz-11299.primmarkSeg.xml">
<feat xlink:href="#primmarkSeg_10004" value="no"/>
<feat xlink:href="#primmarkSeg_18" value="yes"/>
<feat xlink:href="#primmarkSeg_100091" value="no"/>
<feat xlink:href="#primmarkSeg_10009" value="no"/>
<feat xlink:href="#primmarkSeg_1000200" value="no"/>
<feat xlink:href="#primmarkSeg_1000205" value="no"/>
<feat xlink:href="#primmarkSeg_70" value="no"/>
<feat xlink:href="#primmarkSeg_17" value="no"/>
<feat xlink:href="#primmarkSeg_23" value="no"/>
<feat xlink:href="#primmarkSeg_1000197" value="no"/>
<feat xlink:href="#primmarkSeg_1000149" value="no"/>
<feat xlink:href="#primmarkSeg_100025" value="no"/>
<feat xlink:href="#primmarkSeg_100077" value="no"/>
<feat xlink:href="#primmarkSeg_16" value="no"/>
<feat xlink:href="#primmarkSeg_1000131" value="no"/>
<feat xlink:href="#primmarkSeg_7" value="no"/>
<feat xlink:href="#primmarkSeg_100097" value="no"/>
<feat xlink:href="#primmarkSeg_39" value="yes"/>
<feat xlink:href="#primmarkSeg_1000210" value="no"/>
<feat xlink:href="#primmarkSeg_6" value="no"/>
<feat xlink:href="#primmarkSeg_100075" value="no"/>
<feat xlink:href="#primmarkSeg_100011" value="no"/>
<feat xlink:href="#primmarkSeg_24" value="no"/>
<feat xlink:href="#primmarkSeg_1000132" value="no"/>
<feat xlink:href="#primmarkSeg_36" value="no"/>
<feat xlink:href="#primmarkSeg_12" value="yes"/>
<feat xlink:href="#primmarkSeg_95" value="yes"/>
<feat xlink:href="#primmarkSeg_1000156" value="no"/>
<feat xlink:href="#primmarkSeg_87" value="no"/>
<feat xlink:href="#primmarkSeg_1000122" value="no"/>
<feat xlink:href="#primmarkSeg_37" value="yes"/>
<feat xlink:href="#primmarkSeg_1000207" value="yes"/>
<feat xlink:href="#primmarkSeg_52" value="no"/>
<feat xlink:href="#primmarkSeg_1000206" value="yes"/>
<feat xlink:href="#primmarkSeg_1000106" value="no"/>
<feat xlink:href="#primmarkSeg_38" value="yes"/>
<feat xlink:href="#primmarkSeg_63" value="no"/>
<feat xlink:href="#primmarkSeg_10" value="no"/>
<feat xlink:href="#primmarkSeg_1000128" value="no"/>
<feat xlink:href="#primmarkSeg_3" value="yes"/>
<feat xlink:href="#primmarkSeg_80" value="yes"/>
<feat xlink:href="#primmarkSeg_1000103" value="no"/>
<feat xlink:href="#primmarkSeg_1000209" value="yes"/>
<feat xlink:href="#primmarkSeg_100070" value="no"/>
<feat xlink:href="#primmarkSeg_93" value="no"/>
<feat xlink:href="#primmarkSeg_1000184" value="no"/>
<feat xlink:href="#primmarkSeg_29" value="yes"/>
</featList>
</paula>
