<?xml version="1.0" standalone="no"?>
<!DOCTYPE paula SYSTEM "paula_feat.dtd">
<paula version="1.1">
	<header paula_id="rst.maz-11299.struct_relname"/>
	<featList xmlns:xlink="http://www.w3.org/1999/xlink" type="relname" xml:base="rst.maz-11299.struct.xml">
		<feat xlink:href="#sDomRel242" value="elaboration"/>
		<feat xlink:href="#sDomRel213" value="elaboration"/>
		<feat xlink:href="#sDomRel215" value="volitional-cause"/>
		<feat xlink:href="#sDomRel229" value="evaluation"/>
		<feat xlink:href="#sDomRel220" value="concession"/>
		<feat xlink:href="#sDomRel222" value="nonvolitional-cause"/>
		<feat xlink:href="#sDomRel225" value="evaluation"/>
		<feat xlink:href="#sDomRel227" value="elaboration"/>
		<feat xlink:href="#sDomRel214" value="span"/>
		<feat xlink:href="#sDomRel217" value="list"/>
		<feat xlink:href="#sDomRel218" value="list"/>
		<feat xlink:href="#sDomRel216" value="span"/>
		<feat xlink:href="#sDomRel228" value="volitional-cause"/>
		<feat xlink:href="#sDomRel219" value="span"/>
		<feat xlink:href="#sDomRel221" value="evaluation"/>
		<feat xlink:href="#sDomRel231" value="span"/>
		<feat xlink:href="#sDomRel232" value="span"/>
		<feat xlink:href="#sDomRel240" value="evaluation"/>
		<feat xlink:href="#sDomRel224" value="span"/>
		<feat xlink:href="#sDomRel233" value="span"/>
		<feat xlink:href="#sDomRel237" value="evaluation"/>
		<feat xlink:href="#sDomRel226" value="span"/>
		<feat xlink:href="#sDomRel234" value="list"/>
		<feat xlink:href="#sDomRel236" value="list"/>
		<feat xlink:href="#sDomRel235" value="span"/>
		<feat xlink:href="#sDomRel230" value="span"/>
		<feat xlink:href="#sDomRel223" value="span"/>
		<feat xlink:href="#sDomRel238" value="contrast"/>
		<feat xlink:href="#sDomRel239" value="contrast"/>
		<feat xlink:href="#sDomRel241" value="span"/>
	</featList>
</paula>
