<?xml version="1.0" standalone="no"?>
<!DOCTYPE paula SYSTEM "paula_feat.dtd">
<paula version="1.1">
	<header paula_id="rst.maz-11299.struct_type.xml"/>
	<featList xmlns:xlink="http://www.w3.org/1999/xlink" type="type" xml:base="rst.maz-11299.struct.xml">

		<feat xlink:href="#u17" value="span"/>
		<feat xlink:href="#u19" value="multinuc"/>
		<feat xlink:href="#u20" value="span"/>
		<feat xlink:href="#u22" value="span"/>
		<feat xlink:href="#u23" value="span"/>
		<feat xlink:href="#u25" value="span"/>
		<feat xlink:href="#u26" value="span"/>
		<feat xlink:href="#u27" value="span"/>
		<feat xlink:href="#u28" value="span"/>
		<feat xlink:href="#u29" value="multinuc"/>
		<feat xlink:href="#u30" value="span"/>
		<feat xlink:href="#u18" value="span"/>
		<feat xlink:href="#u24" value="span"/>
		<feat xlink:href="#u31" value="multinuc"/>
		<feat xlink:href="#u21" value="span"/>
	</featList>
</paula>
