<?xml version="1.0" standalone="no"?>
<!DOCTYPE paula SYSTEM "paula_feat.dtd">
<paula version="1.1">
	<header paula_id="rst.maz-11299.struct_kind.xml"/>
	<featList xmlns:xlink="http://www.w3.org/1999/xlink" type="kind" xml:base="rst.maz-11299.struct.xml">

		<feat xlink:href="#u0" value="segment"/>
		<feat xlink:href="#u1" value="segment"/>
		<feat xlink:href="#u2" value="segment"/>
		<feat xlink:href="#u3" value="segment"/>
		<feat xlink:href="#u4" value="segment"/>
		<feat xlink:href="#u5" value="segment"/>
		<feat xlink:href="#u6" value="segment"/>
		<feat xlink:href="#u7" value="segment"/>
		<feat xlink:href="#u8" value="segment"/>
		<feat xlink:href="#u9" value="segment"/>
		<feat xlink:href="#u10" value="segment"/>
		<feat xlink:href="#u11" value="segment"/>
		<feat xlink:href="#u12" value="segment"/>
		<feat xlink:href="#u13" value="segment"/>
		<feat xlink:href="#u14" value="segment"/>
		<feat xlink:href="#u15" value="segment"/>
		<feat xlink:href="#u17" value="group"/>
		<feat xlink:href="#u19" value="group"/>
		<feat xlink:href="#u20" value="group"/>
		<feat xlink:href="#u22" value="group"/>
		<feat xlink:href="#u23" value="group"/>
		<feat xlink:href="#u25" value="group"/>
		<feat xlink:href="#u26" value="group"/>
		<feat xlink:href="#u27" value="group"/>
		<feat xlink:href="#u28" value="group"/>
		<feat xlink:href="#u29" value="group"/>
		<feat xlink:href="#u30" value="group"/>
		<feat xlink:href="#u18" value="group"/>
		<feat xlink:href="#u24" value="group"/>
		<feat xlink:href="#u31" value="group"/>
		<feat xlink:href="#u21" value="group"/>
	</featList>
</paula>
