<?xml version="1.0" standalone="no"?>


<!DOCTYPE sfb632_standard SYSTEM "sfb632_feat.dtd">
<sfb632_standard version="1.0">

<header sfb_id="tiger.ID_maz-10205_morph" type="morph"/>

<featList xmlns:xlink="http://www.w3.org/1999/xlink" type="morph" xml:base="tiger.ID_maz-10205.tok.xml">

<feat xlink:href="#tok_1" value="Nom.Pl.Fem"/><!-- Keine -->
<feat xlink:href="#tok_2" value="Nom.Pl.Fem"/><!-- AutoritÃ¤ten -->
<feat xlink:href="#tok_3" value="--"/><!-- Unter -->
<feat xlink:href="#tok_4" value="Dat.Pl.Masc"/><!-- den -->
<feat xlink:href="#tok_5" value="Pos.Dat.Pl.Masc"/><!-- namhaften -->
<feat xlink:href="#tok_6" value="Pos.Dat.Pl.Masc"/><!-- deutschen -->
<feat xlink:href="#tok_7" value="Dat.Pl.Masc"/><!-- Schriftstellern -->
<feat xlink:href="#tok_8" value="--"/><!-- , -->
<feat xlink:href="#tok_9" value="Nom.Pl.Masc"/><!-- die -->
<feat xlink:href="#tok_10" value="--"/><!-- von -->
<feat xlink:href="#tok_11" value="Nom.Sg.Masc"/><!-- Gerhard -->
<feat xlink:href="#tok_12" value="Dat.Sg.Masc"/><!-- SchrÃ¶der -->
<feat xlink:href="#tok_13" value="Dat.Sg.Masc"/><!-- am -->
<feat xlink:href="#tok_14" value="Dat.Sg.Masc"/><!-- Samstagabend -->
<feat xlink:href="#tok_15" value="Psp"/><!-- empfangen -->
<feat xlink:href="#tok_16" value="3.Pl.Past.Ind"/><!-- wurden -->
<feat xlink:href="#tok_17" value="--"/><!-- , -->
<feat xlink:href="#tok_18" value="3.Sg.Past.Ind"/><!-- war -->
<feat xlink:href="#tok_19" value="Nom.Sg.Neut"/><!-- kein -->
<feat xlink:href="#tok_20" value="Pos.Nom.Sg.Neut"/><!-- faltenloses -->
<feat xlink:href="#tok_21" value="Nom.Sg.Neut"/><!-- Gesicht -->
<feat xlink:href="#tok_22" value="--"/><!-- . -->
<feat xlink:href="#tok_23" value="Nom.Sg.Neut"/><!-- Das -->
<feat xlink:href="#tok_24" value="3.Sg.Pres.Ind"/><!-- ist -->
<feat xlink:href="#tok_25" value="Nom.Sg.Masc"/><!-- kein -->
<feat xlink:href="#tok_26" value="Nom.Sg.Masc"/><!-- Zufall -->
<feat xlink:href="#tok_27" value="--"/><!-- , -->
<feat xlink:href="#tok_28" value="3.Sg.Pres.Ind"/><!-- nervt -->
<feat xlink:href="#tok_29" value="--"/><!-- doch -->
<feat xlink:href="#tok_30" value="Acc.Pl.Masc"/><!-- die -->
<feat xlink:href="#tok_31" value="Acc.Pl.Masc"/><!-- meisten -->
<feat xlink:href="#tok_32" value="Comp.Acc.Pl.Masc"/><!-- jÃ¼ngeren -->
<feat xlink:href="#tok_33" value="Acc.Pl.Masc"/><!-- Autoren -->
<feat xlink:href="#tok_34" value="Nom.Sg.Fem"/><!-- die -->
<feat xlink:href="#tok_35" value="Pos.Nom.Sg.Fem"/><!-- ewige -->
<feat xlink:href="#tok_36" value="Nom.Sg.Fem"/><!-- Besserwisserei -->
<feat xlink:href="#tok_37" value="Gen.Pl.*"/><!-- der -->
<feat xlink:href="#tok_38" value="Gen.Pl.*"/><!-- Altgedienten -->
<feat xlink:href="#tok_39" value="--"/><!-- . -->
<feat xlink:href="#tok_40" value="--"/><!-- Wenn -->
<feat xlink:href="#tok_41" value="3.Acc.Pl"/><!-- sich -->
<feat xlink:href="#tok_42" value="Nom.Sg.Masc"/><!-- GÃ¼nter -->
<feat xlink:href="#tok_43" value="Nom.Sg.Masc"/><!-- Grass -->
<feat xlink:href="#tok_44" value="--"/><!-- , -->
<feat xlink:href="#tok_45" value="Nom.Sg.Fem"/><!-- Christa -->
<feat xlink:href="#tok_46" value="Nom.Sg.Fem"/><!-- Wolf -->
<feat xlink:href="#tok_47" value="--"/><!-- oder -->
<feat xlink:href="#tok_48" value="Nom.Sg.Masc"/><!-- Stefan -->
<feat xlink:href="#tok_49" value="Nom.Sg.Masc"/><!-- Heym -->
<feat xlink:href="#tok_50" value="--"/><!-- in -->
<feat xlink:href="#tok_51" value="Pos.Dat.Pl.Fem"/><!-- politischen -->
<feat xlink:href="#tok_52" value="Dat.Pl.Fem"/><!-- Angelegenheiten -->
<feat xlink:href="#tok_53" value="--"/><!-- zu -->
<feat xlink:href="#tok_54" value="Dat.Sg.Neut"/><!-- Wort -->
<feat xlink:href="#tok_55" value="3.Pl.Pres.Ind"/><!-- melden -->
<feat xlink:href="#tok_56" value="--"/><!-- , -->
<feat xlink:href="#tok_57" value="3.Sg.Pres.Ind"/><!-- hÃ¶rt -->
<feat xlink:href="#tok_58" value="Nom.Sg.Masc"/><!-- ein -->
<feat xlink:href="#tok_59" value="Pos.Nom.Sg.Masc"/><!-- groÃer -->
<feat xlink:href="#tok_60" value="Nom.Sg.Masc"/><!-- Teil -->
<feat xlink:href="#tok_61" value="Gen.Pl.*"/><!-- der -->
<feat xlink:href="#tok_62" value="Pos.Gen.Pl.*"/><!-- deutschen -->
<feat xlink:href="#tok_63" value="Gen.Pl.*"/><!-- Intellektuellen -->
<feat xlink:href="#tok_64" value="--"/><!-- inzwischen -->
<feat xlink:href="#tok_65" value="Pos"/><!-- bewusst -->
<feat xlink:href="#tok_66" value="--"/><!-- weg -->
<feat xlink:href="#tok_67" value="--"/><!-- . -->
<feat xlink:href="#tok_68" value="--"/><!-- Doch -->
<feat xlink:href="#tok_69" value="Nom.Sg.Masc"/><!-- SchrÃ¶der -->
<feat xlink:href="#tok_70" value="3.Sg.Pres.Ind"/><!-- hat -->
<feat xlink:href="#tok_71" value="Acc.Sg.Fem"/><!-- Angst -->
<feat xlink:href="#tok_72" value="--"/><!-- , -->
<feat xlink:href="#tok_73" value="--"/><!-- dass -->
<feat xlink:href="#tok_74" value="Nom.Sg.Fem"/><!-- die -->
<feat xlink:href="#tok_75" value="Pos.Nom.Sg.Fem"/><!-- Ã¶ffentliche -->
<feat xlink:href="#tok_76" value="Nom.Sg.Fem"/><!-- Meinung -->
<feat xlink:href="#tok_77" value="--"/><!-- wegen -->
<feat xlink:href="#tok_78" value="*.Sg.Fem"/><!-- der -->
<feat xlink:href="#tok_79" value="*.Sg.Fem"/><!-- Kriegsteilnahme -->
<feat xlink:href="#tok_80" value="3.Sg.Pres.Ind"/><!-- kippt -->
<feat xlink:href="#tok_81" value="--"/><!-- und -->
<feat xlink:href="#tok_82" value="3.Acc.Sg"/><!-- sich -->
<feat xlink:href="#tok_83" value="--"/><!-- gegen -->
<feat xlink:href="#tok_84" value="3.Acc.Sg.Masc"/><!-- ihn -->
<feat xlink:href="#tok_85" value="3.Sg.Pres.Ind"/><!-- wendet -->
<feat xlink:href="#tok_86" value="--"/><!-- . -->
<feat xlink:href="#tok_87" value="--"/><!-- Deshalb -->
<feat xlink:href="#tok_88" value="3.Sg.Pres.Ind"/><!-- versucht -->
<feat xlink:href="#tok_89" value="3.Nom.Sg.Masc"/><!-- er -->
<feat xlink:href="#tok_90" value="--"/><!-- , -->
<feat xlink:href="#tok_91" value="Acc.Sg.Fem"/><!-- die -->
<feat xlink:href="#tok_92" value="Acc.Sg.Fem"/><!-- TuchfÃ¼hlung -->
<feat xlink:href="#tok_93" value="--"/><!-- zu -->
<feat xlink:href="#tok_94" value="Dat.Pl.Masc"/><!-- den -->
<feat xlink:href="#tok_95" value="Dat.Pl.Masc"/><!-- MeinungsfÃ¼hrern -->
<feat xlink:href="#tok_96" value="--"/><!-- nicht -->
<feat xlink:href="#tok_97" value="--"/><!-- zu -->
<feat xlink:href="#tok_98" value="Inf"/><!-- verlieren -->
<feat xlink:href="#tok_99" value="--"/><!-- . -->
<feat xlink:href="#tok_100" value="--"/><!-- Doch -->
<feat xlink:href="#tok_101" value="--"/><!-- wo -->
<feat xlink:href="#tok_102" value="--"/><!-- und -->
<feat xlink:href="#tok_103" value="Nom.Sg.Masc"/><!-- wer -->
<feat xlink:href="#tok_104" value="3.Pl.Pres.Ind"/><!-- sind -->
<feat xlink:href="#tok_105" value="3.Nom.Pl.*"/><!-- sie -->
<feat xlink:href="#tok_106" value="--"/><!-- ? -->
<feat xlink:href="#tok_107" value="Nom.Pl.Masc"/><!-- Die -->
<feat xlink:href="#tok_108" value="Pos.Nom.Pl.Masc"/><!-- jungen -->
<feat xlink:href="#tok_109" value="Nom.Pl.Masc"/><!-- Autoren -->
<feat xlink:href="#tok_110" value="3.Pl.Pres.Ind"/><!-- wollen -->
<feat xlink:href="#tok_111" value="--"/><!-- nur -->
<feat xlink:href="#tok_112" value="--"/><!-- noch -->
<feat xlink:href="#tok_113" value="Pos.Acc.Pl.Neut"/><!-- gute -->
<feat xlink:href="#tok_114" value="Acc.Pl.Neut"/><!-- BÃ¼cher -->
<feat xlink:href="#tok_115" value="Inf"/><!-- schreiben -->
<feat xlink:href="#tok_116" value="--"/><!-- und -->
<feat xlink:href="#tok_117" value="3.Pl.Pres.Ind"/><!-- behaupten -->
<feat xlink:href="#tok_118" value="--"/><!-- nicht -->
<feat xlink:href="#tok_119" value="--"/><!-- , -->
<feat xlink:href="#tok_120" value="--"/><!-- dass -->
<feat xlink:href="#tok_121" value="3.Nom.Pl.Masc"/><!-- sie -->
<feat xlink:href="#tok_122" value="Dat.Sg.Masc"/><!-- dem -->
<feat xlink:href="#tok_123" value="Dat.Sg.Masc"/><!-- Kanzler -->
<feat xlink:href="#tok_124" value="Acc.Pl.Masc"/><!-- RatschlÃ¤ge -->
<feat xlink:href="#tok_125" value="Inf"/><!-- erteilen -->
<feat xlink:href="#tok_126" value="3.Pl.Pres.Ind"/><!-- kÃ¶nnen -->
<feat xlink:href="#tok_127" value="--"/><!-- , -->
<feat xlink:href="#tok_128" value="Nom.Pl.Masc"/><!-- die -->
<feat xlink:href="#tok_129" value="Comp"/><!-- besser -->
<feat xlink:href="#tok_130" value="3.Pl.Pres.Ind"/><!-- sind -->
<feat xlink:href="#tok_131" value="--"/><!-- als -->
<feat xlink:href="#tok_132" value="Nom.Pl.Masc"/><!-- die -->
<feat xlink:href="#tok_133" value="--"/><!-- von -->
<feat xlink:href="#tok_134" value="Dat.Pl.Masc"/><!-- NormalbÃ¼rgern -->
<feat xlink:href="#tok_135" value="--"/><!-- . -->
<feat xlink:href="#tok_136" value="Nom.Sg.Fem"/><!-- Die -->
<feat xlink:href="#tok_137" value="Nom.Sg.Fem"/><!-- Nation -->
<feat xlink:href="#tok_138" value="3.Sg.Pres.Ind"/><!-- hat -->
<feat xlink:href="#tok_139" value="3.Dat.Sg"/><!-- sich -->
<feat xlink:href="#tok_140" value="--"/><!-- bisher -->
<feat xlink:href="#tok_141" value="Acc.Pl.Masc"/><!-- keine -->
<feat xlink:href="#tok_142" value="Pos.Acc.Pl.Masc"/><!-- neuen -->
<feat xlink:href="#tok_143" value="Acc.Pl.Masc"/><!-- Klassensprecher -->
<feat xlink:href="#tok_144" value="Psp"/><!-- gewÃ¤hlt -->
<feat xlink:href="#tok_145" value="--"/><!-- , -->
<feat xlink:href="#tok_146" value="--"/><!-- also -->
<feat xlink:href="#tok_147" value="3.Sg.Past.Ind"/><!-- ging -->
<feat xlink:href="#tok_148" value="Nom.Sg.Masc"/><!-- der -->
<feat xlink:href="#tok_149" value="Nom.Sg.Masc"/><!-- Bundeskanzler -->
<feat xlink:href="#tok_150" value="--"/><!-- noch -->
<feat xlink:href="#tok_151" value="--"/><!-- einmal -->
<feat xlink:href="#tok_152" value="--"/><!-- auf -->
<feat xlink:href="#tok_153" value="Acc.Pl.Masc"/><!-- die -->
<feat xlink:href="#tok_154" value="Pos.Acc.Pl.Masc"/><!-- alten -->
<feat xlink:href="#tok_155" value="--"/><!-- zu -->
<feat xlink:href="#tok_156" value="--"/><!-- . -->
<feat xlink:href="#tok_157" value="Nom.Pl.*"/><!-- Die -->
<feat xlink:href="#tok_158" value="3.Pl.Past.Ind"/><!-- lasen -->
<feat xlink:href="#tok_159" value="Dat.Sg.Masc"/><!-- dem -->
<feat xlink:href="#tok_160" value="Dat.Sg.Masc"/><!-- Enkel -->
<feat xlink:href="#tok_161" value="--"/><!-- von -->
<feat xlink:href="#tok_162" value="Nom.Sg.Masc"/><!-- Willy -->
<feat xlink:href="#tok_163" value="Dat.Sg.Masc"/><!-- Brandt -->
<feat xlink:href="#tok_164" value="--"/><!-- nun -->
<feat xlink:href="#tok_165" value="Acc.Pl.*"/><!-- die -->
<feat xlink:href="#tok_166" value="Acc.Pl.*"/><!-- Leviten -->
<feat xlink:href="#tok_167" value="--"/><!-- . -->
<feat xlink:href="#tok_168" value="Nom.Sg.Neut"/><!-- GlÃ¼ck -->
<feat xlink:href="#tok_169" value="--"/><!-- fÃ¼r -->
<feat xlink:href="#tok_170" value="Acc.Sg.*"/><!-- SchrÃ¶der -->
<feat xlink:href="#tok_171" value="--"/><!-- , -->
<feat xlink:href="#tok_172" value="--"/><!-- dass -->
<feat xlink:href="#tok_173" value="Nom.Pl.Masc"/><!-- die -->
<feat xlink:href="#tok_174" value="Pos.Nom.Pl.Masc"/><!-- groÃen -->
<feat xlink:href="#tok_175" value="Nom.Pl.Masc"/><!-- Namen -->
<feat xlink:href="#tok_176" value="--"/><!-- nur -->
<feat xlink:href="#tok_177" value="--"/><!-- noch -->
<feat xlink:href="#tok_178" value="*.*.*"/><!-- wenig -->
<feat xlink:href="#tok_179" value="Acc.Sg.Fem"/><!-- AutoritÃ¤t -->
<feat xlink:href="#tok_180" value="3.Pl.Pres.Ind"/><!-- besitzen -->
<feat xlink:href="#tok_181" value="--"/><!-- . -->
</featList>

</sfb632_standard>
