<?xml version="1.0" standalone="no"?>


<!DOCTYPE sfb632_standard SYSTEM "sfb632_feat.dtd">
<sfb632_standard version="1.0">

<header sfb_id="tiger.ID_maz-10205_lemma" type="lemma"/>

<featList xmlns:xlink="http://www.w3.org/1999/xlink" type="lemma" xml:base="tiger.ID_maz-10205.tok.xml">

<feat xlink:href="#tok_1" value="kein"/><!-- Keine -->
<feat xlink:href="#tok_2" value="Autorit&#xE4;t"/><!-- AutoritÃ¤ten -->
<feat xlink:href="#tok_3" value="unter"/><!-- Unter -->
<feat xlink:href="#tok_4" value="den"/><!-- den -->
<feat xlink:href="#tok_5" value="namhaft"/><!-- namhaften -->
<feat xlink:href="#tok_6" value="deutsch"/><!-- deutschen -->
<feat xlink:href="#tok_7" value="Schriftsteller"/><!-- Schriftstellern -->
<feat xlink:href="#tok_8" value=","/><!-- , -->
<feat xlink:href="#tok_9" value="der"/><!-- die -->
<feat xlink:href="#tok_10" value="von"/><!-- von -->
<feat xlink:href="#tok_11" value="Gerhard"/><!-- Gerhard -->
<feat xlink:href="#tok_12" value="Schr&#xF6;der"/><!-- SchrÃ¶der -->
<feat xlink:href="#tok_13" value="an"/><!-- am -->
<feat xlink:href="#tok_14" value="Samstagabend"/><!-- Samstagabend -->
<feat xlink:href="#tok_15" value="empfangen"/><!-- empfangen -->
<feat xlink:href="#tok_16" value="werden"/><!-- wurden -->
<feat xlink:href="#tok_17" value=","/><!-- , -->
<feat xlink:href="#tok_18" value="sein"/><!-- war -->
<feat xlink:href="#tok_19" value="kein"/><!-- kein -->
<feat xlink:href="#tok_20" value="faltenlos"/><!-- faltenloses -->
<feat xlink:href="#tok_21" value="Gesicht"/><!-- Gesicht -->
<feat xlink:href="#tok_22" value="."/><!-- . -->
<feat xlink:href="#tok_23" value="der"/><!-- Das -->
<feat xlink:href="#tok_24" value="sein"/><!-- ist -->
<feat xlink:href="#tok_25" value="kein"/><!-- kein -->
<feat xlink:href="#tok_26" value="Zufall"/><!-- Zufall -->
<feat xlink:href="#tok_27" value=","/><!-- , -->
<feat xlink:href="#tok_28" value="nerven"/><!-- nervt -->
<feat xlink:href="#tok_29" value="doch"/><!-- doch -->
<feat xlink:href="#tok_30" value="der"/><!-- die -->
<feat xlink:href="#tok_31" value="meister"/><!-- meisten -->
<feat xlink:href="#tok_32" value="jung"/><!-- jÃ¼ngeren -->
<feat xlink:href="#tok_33" value="Autor"/><!-- Autoren -->
<feat xlink:href="#tok_34" value="der"/><!-- die -->
<feat xlink:href="#tok_35" value="ewig"/><!-- ewige -->
<feat xlink:href="#tok_36" value="Besserwisserei"/><!-- Besserwisserei -->
<feat xlink:href="#tok_37" value="der"/><!-- der -->
<feat xlink:href="#tok_38" value="altgediente"/><!-- Altgedienten -->
<feat xlink:href="#tok_39" value="."/><!-- . -->
<feat xlink:href="#tok_40" value="wenn"/><!-- Wenn -->
<feat xlink:href="#tok_41" value="sich"/><!-- sich -->
<feat xlink:href="#tok_42" value="G&#xFC;nter"/><!-- GÃ¼nter -->
<feat xlink:href="#tok_43" value="Grass"/><!-- Grass -->
<feat xlink:href="#tok_44" value=","/><!-- , -->
<feat xlink:href="#tok_45" value="Christa"/><!-- Christa -->
<feat xlink:href="#tok_46" value="Wolf"/><!-- Wolf -->
<feat xlink:href="#tok_47" value="oder"/><!-- oder -->
<feat xlink:href="#tok_48" value="Stefan"/><!-- Stefan -->
<feat xlink:href="#tok_49" value="Heym"/><!-- Heym -->
<feat xlink:href="#tok_50" value="in"/><!-- in -->
<feat xlink:href="#tok_51" value="politisch"/><!-- politischen -->
<feat xlink:href="#tok_52" value="Angelegenheit"/><!-- Angelegenheiten -->
<feat xlink:href="#tok_53" value="zu"/><!-- zu -->
<feat xlink:href="#tok_54" value="Wort"/><!-- Wort -->
<feat xlink:href="#tok_55" value="melden"/><!-- melden -->
<feat xlink:href="#tok_56" value=","/><!-- , -->
<feat xlink:href="#tok_57" value="h&#xF6;ren"/><!-- hÃ¶rt -->
<feat xlink:href="#tok_58" value="ein"/><!-- ein -->
<feat xlink:href="#tok_59" value="gro&#xDF;"/><!-- groÃer -->
<feat xlink:href="#tok_60" value="Teil"/><!-- Teil -->
<feat xlink:href="#tok_61" value="der"/><!-- der -->
<feat xlink:href="#tok_62" value="deutsch"/><!-- deutschen -->
<feat xlink:href="#tok_63" value="intellektuelle"/><!-- Intellektuellen -->
<feat xlink:href="#tok_64" value="inzwischen"/><!-- inzwischen -->
<feat xlink:href="#tok_65" value="bewusst"/><!-- bewusst -->
<feat xlink:href="#tok_66" value="weg"/><!-- weg -->
<feat xlink:href="#tok_67" value="."/><!-- . -->
<feat xlink:href="#tok_68" value="doch"/><!-- Doch -->
<feat xlink:href="#tok_69" value="Schr&#xF6;der"/><!-- SchrÃ¶der -->
<feat xlink:href="#tok_70" value="haben"/><!-- hat -->
<feat xlink:href="#tok_71" value="Angst"/><!-- Angst -->
<feat xlink:href="#tok_72" value=","/><!-- , -->
<feat xlink:href="#tok_73" value="dass"/><!-- dass -->
<feat xlink:href="#tok_74" value="der"/><!-- die -->
<feat xlink:href="#tok_75" value="&#xF6;ffentlich"/><!-- Ã¶ffentliche -->
<feat xlink:href="#tok_76" value="Meinung"/><!-- Meinung -->
<feat xlink:href="#tok_77" value="wegen"/><!-- wegen -->
<feat xlink:href="#tok_78" value="der"/><!-- der -->
<feat xlink:href="#tok_79" value="Kriegsteilnahme"/><!-- Kriegsteilnahme -->
<feat xlink:href="#tok_80" value="kippen"/><!-- kippt -->
<feat xlink:href="#tok_81" value="und"/><!-- und -->
<feat xlink:href="#tok_82" value="sich"/><!-- sich -->
<feat xlink:href="#tok_83" value="gegen"/><!-- gegen -->
<feat xlink:href="#tok_84" value="ihn"/><!-- ihn -->
<feat xlink:href="#tok_85" value="wenden"/><!-- wendet -->
<feat xlink:href="#tok_86" value="."/><!-- . -->
<feat xlink:href="#tok_87" value="deshalb"/><!-- Deshalb -->
<feat xlink:href="#tok_88" value="versuchen"/><!-- versucht -->
<feat xlink:href="#tok_89" value="er"/><!-- er -->
<feat xlink:href="#tok_90" value=","/><!-- , -->
<feat xlink:href="#tok_91" value="der"/><!-- die -->
<feat xlink:href="#tok_92" value="Tuchf&#xFC;hlung"/><!-- TuchfÃ¼hlung -->
<feat xlink:href="#tok_93" value="zu"/><!-- zu -->
<feat xlink:href="#tok_94" value="der"/><!-- den -->
<feat xlink:href="#tok_95" value="Meinungsf&#xFC;hrer"/><!-- MeinungsfÃ¼hrern -->
<feat xlink:href="#tok_96" value="nicht"/><!-- nicht -->
<feat xlink:href="#tok_97" value="zu"/><!-- zu -->
<feat xlink:href="#tok_98" value="verlieren"/><!-- verlieren -->
<feat xlink:href="#tok_99" value="."/><!-- . -->
<feat xlink:href="#tok_100" value="doch"/><!-- Doch -->
<feat xlink:href="#tok_101" value="wo"/><!-- wo -->
<feat xlink:href="#tok_102" value="und"/><!-- und -->
<feat xlink:href="#tok_103" value="wer"/><!-- wer -->
<feat xlink:href="#tok_104" value="sein"/><!-- sind -->
<feat xlink:href="#tok_105" value="sie"/><!-- sie -->
<feat xlink:href="#tok_106" value="?"/><!-- ? -->
<feat xlink:href="#tok_107" value="der"/><!-- Die -->
<feat xlink:href="#tok_108" value="jung"/><!-- jungen -->
<feat xlink:href="#tok_109" value="Autor"/><!-- Autoren -->
<feat xlink:href="#tok_110" value="wollen"/><!-- wollen -->
<feat xlink:href="#tok_111" value="nur"/><!-- nur -->
<feat xlink:href="#tok_112" value="noch"/><!-- noch -->
<feat xlink:href="#tok_113" value="gut"/><!-- gute -->
<feat xlink:href="#tok_114" value="Buch"/><!-- BÃ¼cher -->
<feat xlink:href="#tok_115" value="schreiben"/><!-- schreiben -->
<feat xlink:href="#tok_116" value="und"/><!-- und -->
<feat xlink:href="#tok_117" value="behaupten"/><!-- behaupten -->
<feat xlink:href="#tok_118" value="nicht"/><!-- nicht -->
<feat xlink:href="#tok_119" value=","/><!-- , -->
<feat xlink:href="#tok_120" value="dass"/><!-- dass -->
<feat xlink:href="#tok_121" value="sie"/><!-- sie -->
<feat xlink:href="#tok_122" value="der"/><!-- dem -->
<feat xlink:href="#tok_123" value="Kanzler"/><!-- Kanzler -->
<feat xlink:href="#tok_124" value="Ratschlag"/><!-- RatschlÃ¤ge -->
<feat xlink:href="#tok_125" value="erteilen"/><!-- erteilen -->
<feat xlink:href="#tok_126" value="k&#xF6;nnen"/><!-- kÃ¶nnen -->
<feat xlink:href="#tok_127" value=","/><!-- , -->
<feat xlink:href="#tok_128" value="der"/><!-- die -->
<feat xlink:href="#tok_129" value="gut"/><!-- besser -->
<feat xlink:href="#tok_130" value="sein"/><!-- sind -->
<feat xlink:href="#tok_131" value="als"/><!-- als -->
<feat xlink:href="#tok_132" value="der"/><!-- die -->
<feat xlink:href="#tok_133" value="von"/><!-- von -->
<feat xlink:href="#tok_134" value="Normalb&#xFC;rger"/><!-- NormalbÃ¼rgern -->
<feat xlink:href="#tok_135" value="."/><!-- . -->
<feat xlink:href="#tok_136" value="der"/><!-- Die -->
<feat xlink:href="#tok_137" value="Nation"/><!-- Nation -->
<feat xlink:href="#tok_138" value="haben"/><!-- hat -->
<feat xlink:href="#tok_139" value="sich"/><!-- sich -->
<feat xlink:href="#tok_140" value="bisher"/><!-- bisher -->
<feat xlink:href="#tok_141" value="kein"/><!-- keine -->
<feat xlink:href="#tok_142" value="neu"/><!-- neuen -->
<feat xlink:href="#tok_143" value="Klassensprecher"/><!-- Klassensprecher -->
<feat xlink:href="#tok_144" value="w&#xE4;hlen"/><!-- gewÃ¤hlt -->
<feat xlink:href="#tok_145" value=","/><!-- , -->
<feat xlink:href="#tok_146" value="also"/><!-- also -->
<feat xlink:href="#tok_147" value="gehen"/><!-- ging -->
<feat xlink:href="#tok_148" value="der"/><!-- der -->
<feat xlink:href="#tok_149" value="Bundeskanzler"/><!-- Bundeskanzler -->
<feat xlink:href="#tok_150" value="noch"/><!-- noch -->
<feat xlink:href="#tok_151" value="einmal"/><!-- einmal -->
<feat xlink:href="#tok_152" value="auf"/><!-- auf -->
<feat xlink:href="#tok_153" value="der"/><!-- die -->
<feat xlink:href="#tok_154" value="alt"/><!-- alten -->
<feat xlink:href="#tok_155" value="zu"/><!-- zu -->
<feat xlink:href="#tok_156" value="."/><!-- . -->
<feat xlink:href="#tok_157" value="der"/><!-- Die -->
<feat xlink:href="#tok_158" value="lesen"/><!-- lasen -->
<feat xlink:href="#tok_159" value="der"/><!-- dem -->
<feat xlink:href="#tok_160" value="Enkel"/><!-- Enkel -->
<feat xlink:href="#tok_161" value="von"/><!-- von -->
<feat xlink:href="#tok_162" value="Willy"/><!-- Willy -->
<feat xlink:href="#tok_163" value="Brandt"/><!-- Brandt -->
<feat xlink:href="#tok_164" value="nun"/><!-- nun -->
<feat xlink:href="#tok_165" value="der"/><!-- die -->
<feat xlink:href="#tok_166" value="Leviten"/><!-- Leviten -->
<feat xlink:href="#tok_167" value="."/><!-- . -->
<feat xlink:href="#tok_168" value="Gl&#xFC;ck"/><!-- GlÃ¼ck -->
<feat xlink:href="#tok_169" value="f&#xFC;r"/><!-- fÃ¼r -->
<feat xlink:href="#tok_170" value="Schr&#xF6;der"/><!-- SchrÃ¶der -->
<feat xlink:href="#tok_171" value=","/><!-- , -->
<feat xlink:href="#tok_172" value="dass"/><!-- dass -->
<feat xlink:href="#tok_173" value="der"/><!-- die -->
<feat xlink:href="#tok_174" value="gro&#xDF;"/><!-- groÃen -->
<feat xlink:href="#tok_175" value="Name"/><!-- Namen -->
<feat xlink:href="#tok_176" value="nur"/><!-- nur -->
<feat xlink:href="#tok_177" value="noch"/><!-- noch -->
<feat xlink:href="#tok_178" value="wenig"/><!-- wenig -->
<feat xlink:href="#tok_179" value="Autorit&#xE4;t"/><!-- AutoritÃ¤t -->
<feat xlink:href="#tok_180" value="besitzen"/><!-- besitzen -->
<feat xlink:href="#tok_181" value="."/><!-- . -->
</featList>

</sfb632_standard>
