<?xml version="1.0" standalone="no"?>


<!DOCTYPE sfb632_standard SYSTEM "sfb632_feat.dtd">
<sfb632_standard version="1.0">

<header sfb_id="tiger.ID_maz-10205_pos" type="pos"/>

<featList xmlns:xlink="http://www.w3.org/1999/xlink" type="pos" xml:base="tiger.ID_maz-10205.tok.xml">

<feat xlink:href="#tok_1" value="stts.type_pos.xml#PIAT"/><!-- Keine -->
<feat xlink:href="#tok_2" value="stts.type_pos.xml#NN"/><!-- AutoritÃ¤ten -->
<feat xlink:href="#tok_3" value="stts.type_pos.xml#APPR"/><!-- Unter -->
<feat xlink:href="#tok_4" value="stts.type_pos.xml#ART"/><!-- den -->
<feat xlink:href="#tok_5" value="stts.type_pos.xml#ADJA"/><!-- namhaften -->
<feat xlink:href="#tok_6" value="stts.type_pos.xml#ADJA"/><!-- deutschen -->
<feat xlink:href="#tok_7" value="stts.type_pos.xml#NN"/><!-- Schriftstellern -->
<feat xlink:href="#tok_8" value="stts.type_pos.xml#DOLLAR_COMMA"/><!-- , -->
<feat xlink:href="#tok_9" value="stts.type_pos.xml#PRELS"/><!-- die -->
<feat xlink:href="#tok_10" value="stts.type_pos.xml#APPR"/><!-- von -->
<feat xlink:href="#tok_11" value="stts.type_pos.xml#NE"/><!-- Gerhard -->
<feat xlink:href="#tok_12" value="stts.type_pos.xml#NE"/><!-- SchrÃ¶der -->
<feat xlink:href="#tok_13" value="stts.type_pos.xml#APPRART"/><!-- am -->
<feat xlink:href="#tok_14" value="stts.type_pos.xml#NN"/><!-- Samstagabend -->
<feat xlink:href="#tok_15" value="stts.type_pos.xml#VVPP"/><!-- empfangen -->
<feat xlink:href="#tok_16" value="stts.type_pos.xml#VAFIN"/><!-- wurden -->
<feat xlink:href="#tok_17" value="stts.type_pos.xml#DOLLAR_COMMA"/><!-- , -->
<feat xlink:href="#tok_18" value="stts.type_pos.xml#VAFIN"/><!-- war -->
<feat xlink:href="#tok_19" value="stts.type_pos.xml#PIAT"/><!-- kein -->
<feat xlink:href="#tok_20" value="stts.type_pos.xml#ADJA"/><!-- faltenloses -->
<feat xlink:href="#tok_21" value="stts.type_pos.xml#NN"/><!-- Gesicht -->
<feat xlink:href="#tok_22" value="stts.type_pos.xml#DOLLAR_PERIOD"/><!-- . -->
<feat xlink:href="#tok_23" value="stts.type_pos.xml#PDS"/><!-- Das -->
<feat xlink:href="#tok_24" value="stts.type_pos.xml#VAFIN"/><!-- ist -->
<feat xlink:href="#tok_25" value="stts.type_pos.xml#PIAT"/><!-- kein -->
<feat xlink:href="#tok_26" value="stts.type_pos.xml#NN"/><!-- Zufall -->
<feat xlink:href="#tok_27" value="stts.type_pos.xml#DOLLAR_COMMA"/><!-- , -->
<feat xlink:href="#tok_28" value="stts.type_pos.xml#VVFIN"/><!-- nervt -->
<feat xlink:href="#tok_29" value="stts.type_pos.xml#ADV"/><!-- doch -->
<feat xlink:href="#tok_30" value="stts.type_pos.xml#ART"/><!-- die -->
<feat xlink:href="#tok_31" value="stts.type_pos.xml#PIAT"/><!-- meisten -->
<feat xlink:href="#tok_32" value="stts.type_pos.xml#ADJA"/><!-- jÃ¼ngeren -->
<feat xlink:href="#tok_33" value="stts.type_pos.xml#NN"/><!-- Autoren -->
<feat xlink:href="#tok_34" value="stts.type_pos.xml#ART"/><!-- die -->
<feat xlink:href="#tok_35" value="stts.type_pos.xml#ADJA"/><!-- ewige -->
<feat xlink:href="#tok_36" value="stts.type_pos.xml#NN"/><!-- Besserwisserei -->
<feat xlink:href="#tok_37" value="stts.type_pos.xml#ART"/><!-- der -->
<feat xlink:href="#tok_38" value="stts.type_pos.xml#NN"/><!-- Altgedienten -->
<feat xlink:href="#tok_39" value="stts.type_pos.xml#DOLLAR_PERIOD"/><!-- . -->
<feat xlink:href="#tok_40" value="stts.type_pos.xml#KOUS"/><!-- Wenn -->
<feat xlink:href="#tok_41" value="stts.type_pos.xml#PRF"/><!-- sich -->
<feat xlink:href="#tok_42" value="stts.type_pos.xml#NE"/><!-- GÃ¼nter -->
<feat xlink:href="#tok_43" value="stts.type_pos.xml#NE"/><!-- Grass -->
<feat xlink:href="#tok_44" value="stts.type_pos.xml#DOLLAR_COMMA"/><!-- , -->
<feat xlink:href="#tok_45" value="stts.type_pos.xml#NE"/><!-- Christa -->
<feat xlink:href="#tok_46" value="stts.type_pos.xml#NE"/><!-- Wolf -->
<feat xlink:href="#tok_47" value="stts.type_pos.xml#KON"/><!-- oder -->
<feat xlink:href="#tok_48" value="stts.type_pos.xml#NE"/><!-- Stefan -->
<feat xlink:href="#tok_49" value="stts.type_pos.xml#NE"/><!-- Heym -->
<feat xlink:href="#tok_50" value="stts.type_pos.xml#APPR"/><!-- in -->
<feat xlink:href="#tok_51" value="stts.type_pos.xml#ADJA"/><!-- politischen -->
<feat xlink:href="#tok_52" value="stts.type_pos.xml#NN"/><!-- Angelegenheiten -->
<feat xlink:href="#tok_53" value="stts.type_pos.xml#APPR"/><!-- zu -->
<feat xlink:href="#tok_54" value="stts.type_pos.xml#NN"/><!-- Wort -->
<feat xlink:href="#tok_55" value="stts.type_pos.xml#VVFIN"/><!-- melden -->
<feat xlink:href="#tok_56" value="stts.type_pos.xml#DOLLAR_COMMA"/><!-- , -->
<feat xlink:href="#tok_57" value="stts.type_pos.xml#VVFIN"/><!-- hÃ¶rt -->
<feat xlink:href="#tok_58" value="stts.type_pos.xml#ART"/><!-- ein -->
<feat xlink:href="#tok_59" value="stts.type_pos.xml#ADJA"/><!-- groÃer -->
<feat xlink:href="#tok_60" value="stts.type_pos.xml#NN"/><!-- Teil -->
<feat xlink:href="#tok_61" value="stts.type_pos.xml#ART"/><!-- der -->
<feat xlink:href="#tok_62" value="stts.type_pos.xml#ADJA"/><!-- deutschen -->
<feat xlink:href="#tok_63" value="stts.type_pos.xml#NN"/><!-- Intellektuellen -->
<feat xlink:href="#tok_64" value="stts.type_pos.xml#ADV"/><!-- inzwischen -->
<feat xlink:href="#tok_65" value="stts.type_pos.xml#ADJD"/><!-- bewusst -->
<feat xlink:href="#tok_66" value="stts.type_pos.xml#PTKVZ"/><!-- weg -->
<feat xlink:href="#tok_67" value="stts.type_pos.xml#DOLLAR_PERIOD"/><!-- . -->
<feat xlink:href="#tok_68" value="stts.type_pos.xml#KON"/><!-- Doch -->
<feat xlink:href="#tok_69" value="stts.type_pos.xml#NE"/><!-- SchrÃ¶der -->
<feat xlink:href="#tok_70" value="stts.type_pos.xml#VAFIN"/><!-- hat -->
<feat xlink:href="#tok_71" value="stts.type_pos.xml#NN"/><!-- Angst -->
<feat xlink:href="#tok_72" value="stts.type_pos.xml#DOLLAR_COMMA"/><!-- , -->
<feat xlink:href="#tok_73" value="stts.type_pos.xml#KOUS"/><!-- dass -->
<feat xlink:href="#tok_74" value="stts.type_pos.xml#ART"/><!-- die -->
<feat xlink:href="#tok_75" value="stts.type_pos.xml#ADJA"/><!-- Ã¶ffentliche -->
<feat xlink:href="#tok_76" value="stts.type_pos.xml#NN"/><!-- Meinung -->
<feat xlink:href="#tok_77" value="stts.type_pos.xml#APPR"/><!-- wegen -->
<feat xlink:href="#tok_78" value="stts.type_pos.xml#ART"/><!-- der -->
<feat xlink:href="#tok_79" value="stts.type_pos.xml#NN"/><!-- Kriegsteilnahme -->
<feat xlink:href="#tok_80" value="stts.type_pos.xml#VVFIN"/><!-- kippt -->
<feat xlink:href="#tok_81" value="stts.type_pos.xml#KON"/><!-- und -->
<feat xlink:href="#tok_82" value="stts.type_pos.xml#PRF"/><!-- sich -->
<feat xlink:href="#tok_83" value="stts.type_pos.xml#APPR"/><!-- gegen -->
<feat xlink:href="#tok_84" value="stts.type_pos.xml#PPER"/><!-- ihn -->
<feat xlink:href="#tok_85" value="stts.type_pos.xml#VVFIN"/><!-- wendet -->
<feat xlink:href="#tok_86" value="stts.type_pos.xml#DOLLAR_PERIOD"/><!-- . -->
<feat xlink:href="#tok_87" value="stts.type_pos.xml#PROAV"/><!-- Deshalb -->
<feat xlink:href="#tok_88" value="stts.type_pos.xml#VVFIN"/><!-- versucht -->
<feat xlink:href="#tok_89" value="stts.type_pos.xml#PPER"/><!-- er -->
<feat xlink:href="#tok_90" value="stts.type_pos.xml#DOLLAR_COMMA"/><!-- , -->
<feat xlink:href="#tok_91" value="stts.type_pos.xml#ART"/><!-- die -->
<feat xlink:href="#tok_92" value="stts.type_pos.xml#NN"/><!-- TuchfÃ¼hlung -->
<feat xlink:href="#tok_93" value="stts.type_pos.xml#APPR"/><!-- zu -->
<feat xlink:href="#tok_94" value="stts.type_pos.xml#ART"/><!-- den -->
<feat xlink:href="#tok_95" value="stts.type_pos.xml#NN"/><!-- MeinungsfÃ¼hrern -->
<feat xlink:href="#tok_96" value="stts.type_pos.xml#PTKNEG"/><!-- nicht -->
<feat xlink:href="#tok_97" value="stts.type_pos.xml#PTKZU"/><!-- zu -->
<feat xlink:href="#tok_98" value="stts.type_pos.xml#VVINF"/><!-- verlieren -->
<feat xlink:href="#tok_99" value="stts.type_pos.xml#DOLLAR_PERIOD"/><!-- . -->
<feat xlink:href="#tok_100" value="stts.type_pos.xml#KON"/><!-- Doch -->
<feat xlink:href="#tok_101" value="stts.type_pos.xml#PWAV"/><!-- wo -->
<feat xlink:href="#tok_102" value="stts.type_pos.xml#KON"/><!-- und -->
<feat xlink:href="#tok_103" value="stts.type_pos.xml#PWS"/><!-- wer -->
<feat xlink:href="#tok_104" value="stts.type_pos.xml#VAFIN"/><!-- sind -->
<feat xlink:href="#tok_105" value="stts.type_pos.xml#PPER"/><!-- sie -->
<feat xlink:href="#tok_106" value="stts.type_pos.xml#DOLLAR_PERIOD"/><!-- ? -->
<feat xlink:href="#tok_107" value="stts.type_pos.xml#ART"/><!-- Die -->
<feat xlink:href="#tok_108" value="stts.type_pos.xml#ADJA"/><!-- jungen -->
<feat xlink:href="#tok_109" value="stts.type_pos.xml#NN"/><!-- Autoren -->
<feat xlink:href="#tok_110" value="stts.type_pos.xml#VMFIN"/><!-- wollen -->
<feat xlink:href="#tok_111" value="stts.type_pos.xml#ADV"/><!-- nur -->
<feat xlink:href="#tok_112" value="stts.type_pos.xml#ADV"/><!-- noch -->
<feat xlink:href="#tok_113" value="stts.type_pos.xml#ADJA"/><!-- gute -->
<feat xlink:href="#tok_114" value="stts.type_pos.xml#NN"/><!-- BÃ¼cher -->
<feat xlink:href="#tok_115" value="stts.type_pos.xml#VVINF"/><!-- schreiben -->
<feat xlink:href="#tok_116" value="stts.type_pos.xml#KON"/><!-- und -->
<feat xlink:href="#tok_117" value="stts.type_pos.xml#VVFIN"/><!-- behaupten -->
<feat xlink:href="#tok_118" value="stts.type_pos.xml#PTKNEG"/><!-- nicht -->
<feat xlink:href="#tok_119" value="stts.type_pos.xml#DOLLAR_COMMA"/><!-- , -->
<feat xlink:href="#tok_120" value="stts.type_pos.xml#KOUS"/><!-- dass -->
<feat xlink:href="#tok_121" value="stts.type_pos.xml#PPER"/><!-- sie -->
<feat xlink:href="#tok_122" value="stts.type_pos.xml#ART"/><!-- dem -->
<feat xlink:href="#tok_123" value="stts.type_pos.xml#NN"/><!-- Kanzler -->
<feat xlink:href="#tok_124" value="stts.type_pos.xml#NN"/><!-- RatschlÃ¤ge -->
<feat xlink:href="#tok_125" value="stts.type_pos.xml#VVINF"/><!-- erteilen -->
<feat xlink:href="#tok_126" value="stts.type_pos.xml#VMFIN"/><!-- kÃ¶nnen -->
<feat xlink:href="#tok_127" value="stts.type_pos.xml#DOLLAR_COMMA"/><!-- , -->
<feat xlink:href="#tok_128" value="stts.type_pos.xml#PRELS"/><!-- die -->
<feat xlink:href="#tok_129" value="stts.type_pos.xml#ADJD"/><!-- besser -->
<feat xlink:href="#tok_130" value="stts.type_pos.xml#VAFIN"/><!-- sind -->
<feat xlink:href="#tok_131" value="stts.type_pos.xml#KOKOM"/><!-- als -->
<feat xlink:href="#tok_132" value="stts.type_pos.xml#PDS"/><!-- die -->
<feat xlink:href="#tok_133" value="stts.type_pos.xml#APPR"/><!-- von -->
<feat xlink:href="#tok_134" value="stts.type_pos.xml#NN"/><!-- NormalbÃ¼rgern -->
<feat xlink:href="#tok_135" value="stts.type_pos.xml#DOLLAR_PERIOD"/><!-- . -->
<feat xlink:href="#tok_136" value="stts.type_pos.xml#ART"/><!-- Die -->
<feat xlink:href="#tok_137" value="stts.type_pos.xml#NN"/><!-- Nation -->
<feat xlink:href="#tok_138" value="stts.type_pos.xml#VAFIN"/><!-- hat -->
<feat xlink:href="#tok_139" value="stts.type_pos.xml#PRF"/><!-- sich -->
<feat xlink:href="#tok_140" value="stts.type_pos.xml#ADV"/><!-- bisher -->
<feat xlink:href="#tok_141" value="stts.type_pos.xml#PIAT"/><!-- keine -->
<feat xlink:href="#tok_142" value="stts.type_pos.xml#ADJA"/><!-- neuen -->
<feat xlink:href="#tok_143" value="stts.type_pos.xml#NN"/><!-- Klassensprecher -->
<feat xlink:href="#tok_144" value="stts.type_pos.xml#VVPP"/><!-- gewÃ¤hlt -->
<feat xlink:href="#tok_145" value="stts.type_pos.xml#DOLLAR_COMMA"/><!-- , -->
<feat xlink:href="#tok_146" value="stts.type_pos.xml#ADV"/><!-- also -->
<feat xlink:href="#tok_147" value="stts.type_pos.xml#VVFIN"/><!-- ging -->
<feat xlink:href="#tok_148" value="stts.type_pos.xml#ART"/><!-- der -->
<feat xlink:href="#tok_149" value="stts.type_pos.xml#NN"/><!-- Bundeskanzler -->
<feat xlink:href="#tok_150" value="stts.type_pos.xml#ADV"/><!-- noch -->
<feat xlink:href="#tok_151" value="stts.type_pos.xml#ADV"/><!-- einmal -->
<feat xlink:href="#tok_152" value="stts.type_pos.xml#APPR"/><!-- auf -->
<feat xlink:href="#tok_153" value="stts.type_pos.xml#ART"/><!-- die -->
<feat xlink:href="#tok_154" value="stts.type_pos.xml#ADJA"/><!-- alten -->
<feat xlink:href="#tok_155" value="stts.type_pos.xml#PTKVZ"/><!-- zu -->
<feat xlink:href="#tok_156" value="stts.type_pos.xml#DOLLAR_PERIOD"/><!-- . -->
<feat xlink:href="#tok_157" value="stts.type_pos.xml#PDS"/><!-- Die -->
<feat xlink:href="#tok_158" value="stts.type_pos.xml#VVFIN"/><!-- lasen -->
<feat xlink:href="#tok_159" value="stts.type_pos.xml#ART"/><!-- dem -->
<feat xlink:href="#tok_160" value="stts.type_pos.xml#NN"/><!-- Enkel -->
<feat xlink:href="#tok_161" value="stts.type_pos.xml#APPR"/><!-- von -->
<feat xlink:href="#tok_162" value="stts.type_pos.xml#NE"/><!-- Willy -->
<feat xlink:href="#tok_163" value="stts.type_pos.xml#NE"/><!-- Brandt -->
<feat xlink:href="#tok_164" value="stts.type_pos.xml#ADV"/><!-- nun -->
<feat xlink:href="#tok_165" value="stts.type_pos.xml#ART"/><!-- die -->
<feat xlink:href="#tok_166" value="stts.type_pos.xml#NN"/><!-- Leviten -->
<feat xlink:href="#tok_167" value="stts.type_pos.xml#DOLLAR_PERIOD"/><!-- . -->
<feat xlink:href="#tok_168" value="stts.type_pos.xml#NN"/><!-- GlÃ¼ck -->
<feat xlink:href="#tok_169" value="stts.type_pos.xml#APPR"/><!-- fÃ¼r -->
<feat xlink:href="#tok_170" value="stts.type_pos.xml#NE"/><!-- SchrÃ¶der -->
<feat xlink:href="#tok_171" value="stts.type_pos.xml#DOLLAR_COMMA"/><!-- , -->
<feat xlink:href="#tok_172" value="stts.type_pos.xml#KOUS"/><!-- dass -->
<feat xlink:href="#tok_173" value="stts.type_pos.xml#ART"/><!-- die -->
<feat xlink:href="#tok_174" value="stts.type_pos.xml#ADJA"/><!-- groÃen -->
<feat xlink:href="#tok_175" value="stts.type_pos.xml#NN"/><!-- Namen -->
<feat xlink:href="#tok_176" value="stts.type_pos.xml#ADV"/><!-- nur -->
<feat xlink:href="#tok_177" value="stts.type_pos.xml#ADV"/><!-- noch -->
<feat xlink:href="#tok_178" value="stts.type_pos.xml#PIAT"/><!-- wenig -->
<feat xlink:href="#tok_179" value="stts.type_pos.xml#NN"/><!-- AutoritÃ¤t -->
<feat xlink:href="#tok_180" value="stts.type_pos.xml#VVFIN"/><!-- besitzen -->
<feat xlink:href="#tok_181" value="stts.type_pos.xml#DOLLAR_PERIOD"/><!-- . -->
</featList>

</sfb632_standard>
