<?xml version="1.0" encoding="UTF-8" standalone="no"?>
<!DOCTYPE sfb632_standard SYSTEM "sfb632_struct.dtd">
<sfb632_standard version="1.0">


<header sfb_id="tiger.ID_maz-10205.annoSet" type="annoSet"/>

<structList xmlns:xlink="http://www.w3.org/1999/xlink" type="annoSet">

<struct id="anno_1">
  <rel id="rel_1" xlink:href="tiger.ID_maz-10205.const.xml"/>
  <rel id="rel_2" xlink:href="tiger.ID_maz-10205.const_cat.xml"/>
  <rel id="rel_3" xlink:href="tiger.ID_maz-10205.const_func.xml"/>
</struct>

<struct id="anno_2">
  <rel id="rel_4" xlink:href="mmax.maz-10205.text.xml"/>
</struct>

<struct id="anno_3">
  <rel id="rel_5" xlink:href="tiger.ID_maz-10205.tok.xml"/>
  <rel id="rel_6" xlink:href="tiger.ID_maz-10205.tok_lemma.xml"/>
  <rel id="rel_7" xlink:href="tiger.ID_maz-10205.tok_morph.xml"/>
  <rel id="rel_8" xlink:href="tiger.ID_maz-10205.tok_pos.xml"/>
</struct>

<struct id="anno_4">
  <rel id="rel_9" xlink:href="stts.type_pos.xml"/>
  <rel id="rel_10" xlink:href="stts.type_pos_value.xml"/>
</struct>


</structList>
</sfb632_standard>
