<?xml version="1.0" standalone="no"?>


<!DOCTYPE sfb632_standard SYSTEM "sfb632_feat.dtd">
<sfb632_standard version="1.0">

<header sfb_id="tiger.ID_maz-10205_func" type="func"/>

<featList xmlns:xlink="http://www.w3.org/1999/xlink" type="func" xml:base="tiger.ID_maz-10205.const.xml">

<feat xlink:href="#rel_1" value="NK"/><!-- Keine -->
<feat xlink:href="#rel_2" value="NK"/><!-- AutoritÃ¤ten -->
<feat xlink:href="#rel_3" value="PNC"/><!-- Gerhard -->
<feat xlink:href="#rel_4" value="PNC"/><!-- SchrÃ¶der -->
<feat xlink:href="#rel_5" value="AC"/><!-- am -->
<feat xlink:href="#rel_6" value="NK"/><!-- Samstagabend -->
<feat xlink:href="#rel_7" value="NK"/><!-- kein -->
<feat xlink:href="#rel_8" value="NK"/><!-- faltenloses -->
<feat xlink:href="#rel_9" value="NK"/><!-- Gesicht -->
<feat xlink:href="#rel_10" value="AC"/><!-- von -->
<feat xlink:href="#rel_11" value="NK"/>
<feat xlink:href="#rel_12" value="HD"/><!-- empfangen -->
<feat xlink:href="#rel_13" value="MO"/>
<feat xlink:href="#rel_14" value="SBP"/>
<feat xlink:href="#rel_15" value="SB"/><!-- die -->
<feat xlink:href="#rel_16" value="HD"/><!-- wurden -->
<feat xlink:href="#rel_17" value="OC"/>
<feat xlink:href="#rel_18" value="AC"/><!-- Unter -->
<feat xlink:href="#rel_19" value="NK"/><!-- den -->
<feat xlink:href="#rel_20" value="NK"/><!-- namhaften -->
<feat xlink:href="#rel_21" value="NK"/><!-- deutschen -->
<feat xlink:href="#rel_22" value="NK"/><!-- Schriftstellern -->
<feat xlink:href="#rel_23" value="RC"/>
<feat xlink:href="#rel_24" value="HD"/><!-- war -->
<feat xlink:href="#rel_25" value="SB"/>
<feat xlink:href="#rel_26" value="MO"/>
<feat xlink:href="#rel_27" value="NK"/><!-- kein -->
<feat xlink:href="#rel_28" value="NK"/><!-- Zufall -->
<feat xlink:href="#rel_29" value="NK"/><!-- die -->
<feat xlink:href="#rel_30" value="NK"/><!-- meisten -->
<feat xlink:href="#rel_31" value="NK"/><!-- jÃ¼ngeren -->
<feat xlink:href="#rel_32" value="NK"/><!-- Autoren -->
<feat xlink:href="#rel_33" value="NK"/><!-- der -->
<feat xlink:href="#rel_34" value="NK"/><!-- Altgedienten -->
<feat xlink:href="#rel_35" value="NK"/><!-- die -->
<feat xlink:href="#rel_36" value="NK"/><!-- ewige -->
<feat xlink:href="#rel_37" value="NK"/><!-- Besserwisserei -->
<feat xlink:href="#rel_38" value="AG"/>
<feat xlink:href="#rel_39" value="HD"/><!-- nervt -->
<feat xlink:href="#rel_40" value="MO"/><!-- doch -->
<feat xlink:href="#rel_41" value="OA"/>
<feat xlink:href="#rel_42" value="SB"/>
<feat xlink:href="#rel_43" value="SB"/><!-- Das -->
<feat xlink:href="#rel_44" value="HD"/><!-- ist -->
<feat xlink:href="#rel_45" value="PD"/>
<feat xlink:href="#rel_46" value="MO"/>
<feat xlink:href="#rel_47" value="PNC"/><!-- GÃ¼nter -->
<feat xlink:href="#rel_48" value="PNC"/><!-- Grass -->
<feat xlink:href="#rel_49" value="PNC"/><!-- Christa -->
<feat xlink:href="#rel_50" value="PNC"/><!-- Wolf -->
<feat xlink:href="#rel_51" value="PNC"/><!-- Stefan -->
<feat xlink:href="#rel_52" value="PNC"/><!-- Heym -->
<feat xlink:href="#rel_53" value="AC"/><!-- in -->
<feat xlink:href="#rel_54" value="NK"/><!-- politischen -->
<feat xlink:href="#rel_55" value="NK"/><!-- Angelegenheiten -->
<feat xlink:href="#rel_56" value="AC"/><!-- zu -->
<feat xlink:href="#rel_57" value="NK"/><!-- Wort -->
<feat xlink:href="#rel_58" value="NK"/><!-- der -->
<feat xlink:href="#rel_59" value="NK"/><!-- deutschen -->
<feat xlink:href="#rel_60" value="NK"/><!-- Intellektuellen -->
<feat xlink:href="#rel_61" value="CD"/><!-- oder -->
<feat xlink:href="#rel_62" value="CJ"/>
<feat xlink:href="#rel_63" value="CJ"/>
<feat xlink:href="#rel_64" value="CJ"/>
<feat xlink:href="#rel_65" value="NK"/><!-- ein -->
<feat xlink:href="#rel_66" value="NK"/><!-- groÃer -->
<feat xlink:href="#rel_67" value="NK"/><!-- Teil -->
<feat xlink:href="#rel_68" value="AG"/>
<feat xlink:href="#rel_69" value="CP"/><!-- Wenn -->
<feat xlink:href="#rel_70" value="OA"/><!-- sich -->
<feat xlink:href="#rel_71" value="HD"/><!-- melden -->
<feat xlink:href="#rel_72" value="MO"/>
<feat xlink:href="#rel_73" value="MO"/>
<feat xlink:href="#rel_74" value="SB"/>
<feat xlink:href="#rel_75" value="HD"/><!-- hÃ¶rt -->
<feat xlink:href="#rel_76" value="MO"/><!-- inzwischen -->
<feat xlink:href="#rel_77" value="MO"/><!-- bewusst -->
<feat xlink:href="#rel_78" value="SVP"/><!-- weg -->
<feat xlink:href="#rel_79" value="SB"/>
<feat xlink:href="#rel_80" value="MO"/>
<feat xlink:href="#rel_81" value="NK"/><!-- die -->
<feat xlink:href="#rel_82" value="NK"/><!-- Ã¶ffentliche -->
<feat xlink:href="#rel_83" value="NK"/><!-- Meinung -->
<feat xlink:href="#rel_85" value="AC"/><!-- wegen -->
<feat xlink:href="#rel_86" value="NK"/><!-- der -->
<feat xlink:href="#rel_87" value="NK"/><!-- Kriegsteilnahme -->
<feat xlink:href="#rel_88" value="AC"/><!-- gegen -->
<feat xlink:href="#rel_89" value="NK"/><!-- ihn -->
<feat xlink:href="#rel_90" value="CP"/><!-- dass -->
<feat xlink:href="#rel_91" value="HD"/><!-- kippt -->
<feat xlink:href="#rel_92" value="SB"/>
<feat xlink:href="#rel_93" value="MO"/>
<feat xlink:href="#rel_94" value="OA"/><!-- sich -->
<feat xlink:href="#rel_95" value="HD"/><!-- wendet -->
<feat xlink:href="#rel_96" value="MO"/>
<feat xlink:href="#rel_84" value="SB"/>
<feat xlink:href="#rel_97" value="CD"/><!-- und -->
<feat xlink:href="#rel_98" value="CJ"/>
<feat xlink:href="#rel_99" value="CJ"/>
<feat xlink:href="#rel_100" value="NK"/><!-- Angst -->
<feat xlink:href="#rel_101" value="OC"/>
<feat xlink:href="#rel_102" value="JU"/><!-- Doch -->
<feat xlink:href="#rel_103" value="SB"/><!-- SchrÃ¶der -->
<feat xlink:href="#rel_104" value="HD"/><!-- hat -->
<feat xlink:href="#rel_105" value="OA"/>
<feat xlink:href="#rel_106" value="AC"/><!-- zu -->
<feat xlink:href="#rel_107" value="NK"/><!-- den -->
<feat xlink:href="#rel_108" value="NK"/><!-- MeinungsfÃ¼hrern -->
<feat xlink:href="#rel_109" value="PM"/><!-- zu -->
<feat xlink:href="#rel_110" value="HD"/><!-- verlieren -->
<feat xlink:href="#rel_111" value="NK"/><!-- die -->
<feat xlink:href="#rel_112" value="NK"/><!-- TuchfÃ¼hlung -->
<feat xlink:href="#rel_113" value="MNR"/>
<feat xlink:href="#rel_114" value="NG"/><!-- nicht -->
<feat xlink:href="#rel_115" value="HD"/>
<feat xlink:href="#rel_116" value="OA"/>
<feat xlink:href="#rel_117" value="MO"/><!-- Deshalb -->
<feat xlink:href="#rel_118" value="HD"/><!-- versucht -->
<feat xlink:href="#rel_119" value="SB"/><!-- er -->
<feat xlink:href="#rel_120" value="OC"/>
<feat xlink:href="#rel_121" value="JU"/><!-- Doch -->
<feat xlink:href="#rel_122" value="MO"/><!-- wo -->
<feat xlink:href="#rel_123" value="PD"/><!-- wer -->
<feat xlink:href="#rel_124" value="HD"/><!-- sind -->
<feat xlink:href="#rel_125" value="SB"/><!-- sie -->
<feat xlink:href="#rel_126" value="CD"/><!-- und -->
<feat xlink:href="#rel_127" value="CJ"/>
<feat xlink:href="#rel_128" value="CJ"/>
<feat xlink:href="#rel_129" value="NK"/><!-- Die -->
<feat xlink:href="#rel_130" value="NK"/><!-- jungen -->
<feat xlink:href="#rel_131" value="NK"/><!-- Autoren -->
<feat xlink:href="#rel_133" value="HD"/><!-- nur -->
<feat xlink:href="#rel_134" value="MO"/><!-- noch -->
<feat xlink:href="#rel_135" value="NK"/><!-- gute -->
<feat xlink:href="#rel_136" value="NK"/><!-- BÃ¼cher -->
<feat xlink:href="#rel_137" value="NK"/><!-- dem -->
<feat xlink:href="#rel_138" value="NK"/><!-- Kanzler -->
<feat xlink:href="#rel_139" value="AC"/><!-- von -->
<feat xlink:href="#rel_140" value="NK"/><!-- NormalbÃ¼rgern -->
<feat xlink:href="#rel_141" value="HD"/><!-- schreiben -->
<feat xlink:href="#rel_142" value="OA"/>
<feat xlink:href="#rel_143" value="CM"/><!-- als -->
<feat xlink:href="#rel_144" value="NK"/><!-- die -->
<feat xlink:href="#rel_145" value="PG"/>
<feat xlink:href="#rel_146" value="HD"/><!-- wollen -->
<feat xlink:href="#rel_147" value="SB"/>
<feat xlink:href="#rel_148" value="MO"/>
<feat xlink:href="#rel_149" value="OC"/>
<feat xlink:href="#rel_150" value="HD"/><!-- besser -->
<feat xlink:href="#rel_151" value="CC"/>
<feat xlink:href="#rel_152" value="SB"/><!-- die -->
<feat xlink:href="#rel_153" value="HD"/><!-- sind -->
<feat xlink:href="#rel_154" value="PD"/>
<feat xlink:href="#rel_155" value="NK"/><!-- RatschlÃ¤ge -->
<feat xlink:href="#rel_156" value="RC"/>
<feat xlink:href="#rel_157" value="HD"/><!-- erteilen -->
<feat xlink:href="#rel_158" value="DA"/>
<feat xlink:href="#rel_159" value="OA"/>
<feat xlink:href="#rel_160" value="CP"/><!-- dass -->
<feat xlink:href="#rel_161" value="SB"/><!-- sie -->
<feat xlink:href="#rel_162" value="HD"/><!-- kÃ¶nnen -->
<feat xlink:href="#rel_163" value="OC"/>
<feat xlink:href="#rel_164" value="HD"/><!-- behaupten -->
<feat xlink:href="#rel_165" value="NG"/><!-- nicht -->
<feat xlink:href="#rel_166" value="OC"/>
<feat xlink:href="#rel_132" value="SB"/>
<feat xlink:href="#rel_167" value="CD"/><!-- und -->
<feat xlink:href="#rel_168" value="CJ"/>
<feat xlink:href="#rel_169" value="CJ"/>
<feat xlink:href="#rel_170" value="NK"/><!-- Die -->
<feat xlink:href="#rel_171" value="NK"/><!-- Nation -->
<feat xlink:href="#rel_172" value="NK"/><!-- keine -->
<feat xlink:href="#rel_173" value="NK"/><!-- neuen -->
<feat xlink:href="#rel_174" value="NK"/><!-- Klassensprecher -->
<feat xlink:href="#rel_175" value="NK"/><!-- der -->
<feat xlink:href="#rel_176" value="NK"/><!-- Bundeskanzler -->
<feat xlink:href="#rel_177" value="MO"/><!-- noch -->
<feat xlink:href="#rel_178" value="HD"/><!-- einmal -->
<feat xlink:href="#rel_179" value="AC"/><!-- auf -->
<feat xlink:href="#rel_180" value="NK"/><!-- die -->
<feat xlink:href="#rel_181" value="NK"/><!-- alten -->
<feat xlink:href="#rel_182" value="DA"/><!-- sich -->
<feat xlink:href="#rel_183" value="MO"/><!-- bisher -->
<feat xlink:href="#rel_184" value="HD"/><!-- gewÃ¤hlt -->
<feat xlink:href="#rel_185" value="OA"/>
<feat xlink:href="#rel_186" value="MO"/><!-- also -->
<feat xlink:href="#rel_187" value="HD"/><!-- ging -->
<feat xlink:href="#rel_188" value="SVP"/><!-- zu -->
<feat xlink:href="#rel_189" value="SB"/>
<feat xlink:href="#rel_190" value="MO"/>
<feat xlink:href="#rel_191" value="MO"/>
<feat xlink:href="#rel_192" value="HD"/><!-- hat -->
<feat xlink:href="#rel_193" value="SB"/>
<feat xlink:href="#rel_194" value="OC"/>
<feat xlink:href="#rel_195" value="CJ"/>
<feat xlink:href="#rel_196" value="CJ"/>
<feat xlink:href="#rel_197" value="PNC"/><!-- Willy -->
<feat xlink:href="#rel_198" value="PNC"/><!-- Brandt -->
<feat xlink:href="#rel_199" value="NK"/><!-- die -->
<feat xlink:href="#rel_200" value="NK"/><!-- Leviten -->
<feat xlink:href="#rel_201" value="AC"/><!-- von -->
<feat xlink:href="#rel_202" value="NK"/>
<feat xlink:href="#rel_203" value="NK"/><!-- dem -->
<feat xlink:href="#rel_204" value="NK"/><!-- Enkel -->
<feat xlink:href="#rel_205" value="PG"/>
<feat xlink:href="#rel_206" value="SB"/><!-- Die -->
<feat xlink:href="#rel_207" value="HD"/><!-- lasen -->
<feat xlink:href="#rel_208" value="MO"/><!-- nun -->
<feat xlink:href="#rel_209" value="OA"/>
<feat xlink:href="#rel_210" value="DA"/>
<feat xlink:href="#rel_211" value="AC"/><!-- fÃ¼r -->
<feat xlink:href="#rel_212" value="NK"/><!-- SchrÃ¶der -->
<feat xlink:href="#rel_213" value="NK"/><!-- die -->
<feat xlink:href="#rel_214" value="NK"/><!-- groÃen -->
<feat xlink:href="#rel_215" value="NK"/><!-- Namen -->
<feat xlink:href="#rel_216" value="HD"/><!-- nur -->
<feat xlink:href="#rel_217" value="MO"/><!-- noch -->
<feat xlink:href="#rel_218" value="NK"/><!-- GlÃ¼ck -->
<feat xlink:href="#rel_219" value="MNR"/>
<feat xlink:href="#rel_220" value="HD"/><!-- wenig -->
<feat xlink:href="#rel_221" value="MO"/>
<feat xlink:href="#rel_222" value="NK"/><!-- AutoritÃ¤t -->
<feat xlink:href="#rel_223" value="NK"/>
<feat xlink:href="#rel_224" value="CP"/><!-- dass -->
<feat xlink:href="#rel_225" value="HD"/><!-- besitzen -->
<feat xlink:href="#rel_226" value="SB"/>
<feat xlink:href="#rel_227" value="OA"/>
<feat xlink:href="#rel_228" value="PD"/>
<feat xlink:href="#rel_229" value="SB"/>
</featList>

</sfb632_standard>
