<?xml version="1.0" standalone="no"?>


<!DOCTYPE sfb632_standard SYSTEM "sfb632_feat.dtd">
<sfb632_standard version="1.0">

<header sfb_id="tiger.ID_maz-11299_pos" type="pos"/>

<featList xmlns:xlink="http://www.w3.org/1999/xlink" type="pos" xml:base="tiger.ID_maz-11299.tok.xml">

<feat xlink:href="#tok_1" value="stts.type_pos.xml#NN"/><!-- Feigenblatt -->
<feat xlink:href="#tok_2" value="stts.type_pos.xml#ART"/><!-- Die -->
<feat xlink:href="#tok_3" value="stts.type_pos.xml#NN"/><!-- Jugendlichen -->
<feat xlink:href="#tok_4" value="stts.type_pos.xml#APPR"/><!-- in -->
<feat xlink:href="#tok_5" value="stts.type_pos.xml#NE"/><!-- Zossen -->
<feat xlink:href="#tok_6" value="stts.type_pos.xml#VMFIN"/><!-- wollen -->
<feat xlink:href="#tok_7" value="stts.type_pos.xml#ART"/><!-- ein -->
<feat xlink:href="#tok_8" value="stts.type_pos.xml#NN"/><!-- MusikcafÃ© -->
<feat xlink:href="#tok_9" value="stts.type_pos.xml#DOLLAR_PERIOD"/><!-- . -->
<feat xlink:href="#tok_10" value="stts.type_pos.xml#PDS"/><!-- Das -->
<feat xlink:href="#tok_11" value="stts.type_pos.xml#VVFIN"/><!-- forderten -->
<feat xlink:href="#tok_12" value="stts.type_pos.xml#PPER"/><!-- sie -->
<feat xlink:href="#tok_13" value="stts.type_pos.xml#APPR"/><!-- bei -->
<feat xlink:href="#tok_14" value="stts.type_pos.xml#ART"/><!-- der -->
<feat xlink:href="#tok_15" value="stts.type_pos.xml#ADJA"/><!-- ersten -->
<feat xlink:href="#tok_16" value="stts.type_pos.xml#ADJA"/><!-- Zossener -->
<feat xlink:href="#tok_17" value="stts.type_pos.xml#NN"/><!-- Runde -->
<feat xlink:href="#tok_18" value="stts.type_pos.xml#APPRART"/><!-- am -->
<feat xlink:href="#tok_19" value="stts.type_pos.xml#NN"/><!-- Dienstagabend -->
<feat xlink:href="#tok_20" value="stts.type_pos.xml#DOLLAR_PERIOD"/><!-- . -->
<feat xlink:href="#tok_21" value="stts.type_pos.xml#KOUS"/><!-- Dass -->
<feat xlink:href="#tok_22" value="stts.type_pos.xml#ART"/><!-- die -->
<feat xlink:href="#tok_23" value="stts.type_pos.xml#NN"/><!-- Politiker -->
<feat xlink:href="#tok_24" value="stts.type_pos.xml#ART"/><!-- der -->
<feat xlink:href="#tok_25" value="stts.type_pos.xml#NN"/><!-- Stadt -->
<feat xlink:href="#tok_26" value="stts.type_pos.xml#PROAV"/><!-- dafÃ¼r -->
<feat xlink:href="#tok_27" value="stts.type_pos.xml#NN"/><!-- VerstÃ¤ndnis -->
<feat xlink:href="#tok_28" value="stts.type_pos.xml#VAFIN"/><!-- haben -->
<feat xlink:href="#tok_29" value="stts.type_pos.xml#DOLLAR_COMMA"/><!-- , -->
<feat xlink:href="#tok_30" value="stts.type_pos.xml#VAFIN"/><!-- ist -->
<feat xlink:href="#tok_31" value="stts.type_pos.xml#ADJD"/><!-- lÃ¶blich -->
<feat xlink:href="#tok_32" value="stts.type_pos.xml#DOLLAR_PERIOD"/><!-- . -->
<feat xlink:href="#tok_33" value="stts.type_pos.xml#APPR"/><!-- Mit -->
<feat xlink:href="#tok_34" value="stts.type_pos.xml#ART"/><!-- dem -->
<feat xlink:href="#tok_35" value="stts.type_pos.xml#NN"/><!-- Treffen -->
<feat xlink:href="#tok_36" value="stts.type_pos.xml#APPRART"/><!-- im -->
<feat xlink:href="#tok_37" value="stts.type_pos.xml#NN"/><!-- Rathaus -->
<feat xlink:href="#tok_38" value="stts.type_pos.xml#VAFIN"/><!-- ist -->
<feat xlink:href="#tok_39" value="stts.type_pos.xml#ADV"/><!-- somit -->
<feat xlink:href="#tok_40" value="stts.type_pos.xml#ADV"/><!-- auch -->
<feat xlink:href="#tok_41" value="stts.type_pos.xml#ART"/><!-- ein -->
<feat xlink:href="#tok_42" value="stts.type_pos.xml#NN"/><!-- Dialog -->
<feat xlink:href="#tok_43" value="stts.type_pos.xml#APPR"/><!-- zwischen -->
<feat xlink:href="#tok_44" value="stts.type_pos.xml#ART"/><!-- den -->
<feat xlink:href="#tok_45" value="stts.type_pos.xml#NN"/><!-- Generationen -->
<feat xlink:href="#tok_46" value="stts.type_pos.xml#VVPP"/><!-- angestoÃen -->
<feat xlink:href="#tok_47" value="stts.type_pos.xml#DOLLAR_PERIOD"/><!-- . -->
<feat xlink:href="#tok_48" value="stts.type_pos.xml#KOUS"/><!-- Dass -->
<feat xlink:href="#tok_49" value="stts.type_pos.xml#ART"/><!-- die -->
<feat xlink:href="#tok_50" value="stts.type_pos.xml#PIAT"/><!-- beiden -->
<feat xlink:href="#tok_51" value="stts.type_pos.xml#ADJA"/><!-- geladenen -->
<feat xlink:href="#tok_52" value="stts.type_pos.xml#NN"/><!-- Jugendlichen -->
<feat xlink:href="#tok_53" value="stts.type_pos.xml#APPRART"/><!-- im -->
<feat xlink:href="#tok_54" value="stts.type_pos.xml#NN"/><!-- Laufe -->
<feat xlink:href="#tok_55" value="stts.type_pos.xml#ART"/><!-- des -->
<feat xlink:href="#tok_56" value="stts.type_pos.xml#NN"/><!-- Abends -->
<feat xlink:href="#tok_57" value="stts.type_pos.xml#ADV"/><!-- immer -->
<feat xlink:href="#tok_58" value="stts.type_pos.xml#ADV"/><!-- weniger -->
<feat xlink:href="#tok_59" value="stts.type_pos.xml#APPR"/><!-- zu -->
<feat xlink:href="#tok_60" value="stts.type_pos.xml#NN"/><!-- Wort -->
<feat xlink:href="#tok_61" value="stts.type_pos.xml#VVFIN"/><!-- kamen -->
<feat xlink:href="#tok_62" value="stts.type_pos.xml#DOLLAR_COMMA"/><!-- , -->
<feat xlink:href="#tok_63" value="stts.type_pos.xml#VAFIN"/><!-- war -->
<feat xlink:href="#tok_64" value="stts.type_pos.xml#ADJD"/><!-- sicher -->
<feat xlink:href="#tok_65" value="stts.type_pos.xml#PIAT"/><!-- keine -->
<feat xlink:href="#tok_66" value="stts.type_pos.xml#ADJA"/><!-- bÃ¶se -->
<feat xlink:href="#tok_67" value="stts.type_pos.xml#NN"/><!-- Absicht -->
<feat xlink:href="#tok_68" value="stts.type_pos.xml#DOLLAR_COMMA"/><!-- , -->
<feat xlink:href="#tok_69" value="stts.type_pos.xml#ADJD"/><!-- Ã¤rgerlich -->
<feat xlink:href="#tok_70" value="stts.type_pos.xml#VAFIN"/><!-- ist -->
<feat xlink:href="#tok_71" value="stts.type_pos.xml#PPER"/><!-- es -->
<feat xlink:href="#tok_72" value="stts.type_pos.xml#PROAV"/><!-- trotzdem -->
<feat xlink:href="#tok_73" value="stts.type_pos.xml#DOLLAR_PERIOD"/><!-- . -->
<feat xlink:href="#tok_74" value="stts.type_pos.xml#KON"/><!-- Und -->
<feat xlink:href="#tok_75" value="stts.type_pos.xml#ADJD"/><!-- aberwitzig -->
<feat xlink:href="#tok_76" value="stts.type_pos.xml#PROAV"/><!-- dazu -->
<feat xlink:href="#tok_77" value="stts.type_pos.xml#DOLLAR_PERIOD"/><!-- . -->
<feat xlink:href="#tok_78" value="stts.type_pos.xml#PPER"/><!-- Es -->
<feat xlink:href="#tok_79" value="stts.type_pos.xml#VVFIN"/><!-- entbehrt -->
<feat xlink:href="#tok_80" value="stts.type_pos.xml#PTKNEG"/><!-- nicht -->
<feat xlink:href="#tok_81" value="stts.type_pos.xml#ART"/><!-- der -->
<feat xlink:href="#tok_82" value="stts.type_pos.xml#NN"/><!-- Komik -->
<feat xlink:href="#tok_83" value="stts.type_pos.xml#DOLLAR_COMMA"/><!-- , -->
<feat xlink:href="#tok_84" value="stts.type_pos.xml#KOUS"/><!-- wenn -->
<feat xlink:href="#tok_85" value="stts.type_pos.xml#PRF"/><!-- sich -->
<feat xlink:href="#tok_86" value="stts.type_pos.xml#CARD"/><!-- drei -->
<feat xlink:href="#tok_87" value="stts.type_pos.xml#NN"/><!-- Erwachsene -->
<feat xlink:href="#tok_88" value="stts.type_pos.xml#DOLLAR_OPENPAREN"/><!-- _ -->
<feat xlink:href="#tok_89" value="stts.type_pos.xml#NE"/><!-- Karola -->
<feat xlink:href="#tok_90" value="stts.type_pos.xml#NE"/><!-- Andrae -->
<feat xlink:href="#tok_91" value="stts.type_pos.xml#DOLLAR_OPENPAREN"/><!-- ( -->
<feat xlink:href="#tok_92" value="stts.type_pos.xml#NE"/><!-- BÃ¼rgerbÃ¼ndnis/FDP -->
<feat xlink:href="#tok_93" value="stts.type_pos.xml#DOLLAR_OPENPAREN"/><!-- ) -->
<feat xlink:href="#tok_94" value="stts.type_pos.xml#DOLLAR_COMMA"/><!-- , -->
<feat xlink:href="#tok_95" value="stts.type_pos.xml#NE"/><!-- Susanne -->
<feat xlink:href="#tok_96" value="stts.type_pos.xml#NE"/><!-- Michler -->
<feat xlink:href="#tok_97" value="stts.type_pos.xml#DOLLAR_OPENPAREN"/><!-- ( -->
<feat xlink:href="#tok_98" value="stts.type_pos.xml#NE"/><!-- CDU -->
<feat xlink:href="#tok_99" value="stts.type_pos.xml#DOLLAR_OPENPAREN"/><!-- ) -->
<feat xlink:href="#tok_100" value="stts.type_pos.xml#KON"/><!-- und -->
<feat xlink:href="#tok_101" value="stts.type_pos.xml#NE"/><!-- Joachim -->
<feat xlink:href="#tok_102" value="stts.type_pos.xml#NE"/><!-- Zanow -->
<feat xlink:href="#tok_103" value="stts.type_pos.xml#DOLLAR_OPENPAREN"/><!-- ( -->
<feat xlink:href="#tok_104" value="stts.type_pos.xml#NE"/><!-- SPD -->
<feat xlink:href="#tok_105" value="stts.type_pos.xml#DOLLAR_OPENPAREN"/><!-- ) -->
<feat xlink:href="#tok_106" value="stts.type_pos.xml#DOLLAR_OPENPAREN"/><!-- _ -->
<feat xlink:href="#tok_107" value="stts.type_pos.xml#PROAV"/><!-- darÃ¼ber -->
<feat xlink:href="#tok_108" value="stts.type_pos.xml#VVFIN"/><!-- streiten -->
<feat xlink:href="#tok_109" value="stts.type_pos.xml#DOLLAR_COMMA"/><!-- , -->
<feat xlink:href="#tok_110" value="stts.type_pos.xml#PWS"/><!-- was -->
<feat xlink:href="#tok_111" value="stts.type_pos.xml#NN"/><!-- Jugendliche -->
<feat xlink:href="#tok_112" value="stts.type_pos.xml#VMFIN"/><!-- wollen -->
<feat xlink:href="#tok_113" value="stts.type_pos.xml#KON"/><!-- und -->
<feat xlink:href="#tok_114" value="stts.type_pos.xml#VVFIN"/><!-- brauchen -->
<feat xlink:href="#tok_115" value="stts.type_pos.xml#DOLLAR_COMMA"/><!-- , -->
<feat xlink:href="#tok_116" value="stts.type_pos.xml#KOUI"/><!-- ohne -->
<feat xlink:href="#tok_117" value="stts.type_pos.xml#APPR"/><!-- auf -->
<feat xlink:href="#tok_118" value="stts.type_pos.xml#ART"/><!-- die -->
<feat xlink:href="#tok_119" value="stts.type_pos.xml#NN"/><!-- Idee -->
<feat xlink:href="#tok_120" value="stts.type_pos.xml#PTKZU"/><!-- zu -->
<feat xlink:href="#tok_121" value="stts.type_pos.xml#VVINF"/><!-- kommen -->
<feat xlink:href="#tok_122" value="stts.type_pos.xml#DOLLAR_COMMA"/><!-- , -->
<feat xlink:href="#tok_123" value="stts.type_pos.xml#PPER"/><!-- sie -->
<feat xlink:href="#tok_124" value="stts.type_pos.xml#ADV"/><!-- selbst -->
<feat xlink:href="#tok_125" value="stts.type_pos.xml#PTKZU"/><!-- zu -->
<feat xlink:href="#tok_126" value="stts.type_pos.xml#VVINF"/><!-- fragen -->
<feat xlink:href="#tok_127" value="stts.type_pos.xml#DOLLAR_PERIOD"/><!-- . -->
<feat xlink:href="#tok_128" value="stts.type_pos.xml#KON"/><!-- Und -->
<feat xlink:href="#tok_129" value="stts.type_pos.xml#PDS"/><!-- das -->
<feat xlink:href="#tok_130" value="stts.type_pos.xml#DOLLAR_COMMA"/><!-- , -->
<feat xlink:href="#tok_131" value="stts.type_pos.xml#KOUS"/><!-- obwohl -->
<feat xlink:href="#tok_132" value="stts.type_pos.xml#PPER"/><!-- sie -->
<feat xlink:href="#tok_133" value="stts.type_pos.xml#PPER"/><!-- ihnen -->
<feat xlink:href="#tok_134" value="stts.type_pos.xml#APPO"/><!-- gegenÃ¼ber -->
<feat xlink:href="#tok_135" value="stts.type_pos.xml#VVFIN"/><!-- sitzen -->
<feat xlink:href="#tok_136" value="stts.type_pos.xml#DOLLAR_PERIOD"/><!-- . -->
<feat xlink:href="#tok_137" value="stts.type_pos.xml#ART"/><!-- Die -->
<feat xlink:href="#tok_138" value="stts.type_pos.xml#NN"/><!-- Jugendlichen -->
<feat xlink:href="#tok_139" value="stts.type_pos.xml#VAFIN"/><!-- wurden -->
<feat xlink:href="#tok_140" value="stts.type_pos.xml#ADV"/><!-- somit -->
<feat xlink:href="#tok_141" value="stts.type_pos.xml#APPRART"/><!-- zum -->
<feat xlink:href="#tok_142" value="stts.type_pos.xml#ADJA"/><!-- bloÃen -->
<feat xlink:href="#tok_143" value="stts.type_pos.xml#NN"/><!-- Feigenblatt -->
<feat xlink:href="#tok_144" value="stts.type_pos.xml#VVPP"/><!-- degradiert -->
<feat xlink:href="#tok_145" value="stts.type_pos.xml#DOLLAR_PERIOD"/><!-- . -->
<feat xlink:href="#tok_146" value="stts.type_pos.xml#PTKNEG"/><!-- Nicht -->
<feat xlink:href="#tok_147" value="stts.type_pos.xml#APPR"/><!-- Ã¼ber -->
<feat xlink:href="#tok_148" value="stts.type_pos.xml#KON"/><!-- sondern -->
<feat xlink:href="#tok_149" value="stts.type_pos.xml#APPR"/><!-- mit -->
<feat xlink:href="#tok_150" value="stts.type_pos.xml#PPER"/><!-- ihnen -->
<feat xlink:href="#tok_151" value="stts.type_pos.xml#VAFIN"/><!-- hÃ¤tten -->
<feat xlink:href="#tok_152" value="stts.type_pos.xml#ART"/><!-- die -->
<feat xlink:href="#tok_153" value="stts.type_pos.xml#NN"/><!-- Politiker -->
<feat xlink:href="#tok_154" value="stts.type_pos.xml#VVINF"/><!-- reden -->
<feat xlink:href="#tok_155" value="stts.type_pos.xml#VMINF"/><!-- sollen -->
<feat xlink:href="#tok_156" value="stts.type_pos.xml#DOLLAR_PERIOD"/><!-- . -->
<feat xlink:href="#tok_157" value="stts.type_pos.xml#PROAV"/><!-- Damit -->
<feat xlink:href="#tok_158" value="stts.type_pos.xml#VAFIN"/><!-- ist -->
<feat xlink:href="#tok_159" value="stts.type_pos.xml#ART"/><!-- eine -->
<feat xlink:href="#tok_160" value="stts.type_pos.xml#ADJA"/><!-- groÃe -->
<feat xlink:href="#tok_161" value="stts.type_pos.xml#NN"/><!-- Chance -->
<feat xlink:href="#tok_162" value="stts.type_pos.xml#VVPP"/><!-- vertan -->
<feat xlink:href="#tok_163" value="stts.type_pos.xml#DOLLAR_PERIOD"/><!-- . -->
<feat xlink:href="#tok_164" value="stts.type_pos.xml#ADV"/><!-- Vielleicht -->
<feat xlink:href="#tok_165" value="stts.type_pos.xml#VVFIN"/><!-- klappt -->
<feat xlink:href="#tok_166" value="stts.type_pos.xml#PPER"/><!-- es -->
<feat xlink:href="#tok_167" value="stts.type_pos.xml#APPR"/><!-- bei -->
<feat xlink:href="#tok_168" value="stts.type_pos.xml#ART"/><!-- der -->
<feat xlink:href="#tok_169" value="stts.type_pos.xml#ADJA"/><!-- nÃ¤chsten -->
<feat xlink:href="#tok_170" value="stts.type_pos.xml#NN"/><!-- Runde -->
<feat xlink:href="#tok_171" value="stts.type_pos.xml#NN"/><!-- Anfang -->
<feat xlink:href="#tok_172" value="stts.type_pos.xml#CARD"/><!-- 2002 -->
<feat xlink:href="#tok_173" value="stts.type_pos.xml#DOLLAR_PERIOD"/><!-- . -->
<feat xlink:href="#tok_174" value="stts.type_pos.xml#ADV"/><!-- Dann -->
<feat xlink:href="#tok_175" value="stts.type_pos.xml#VAFIN"/><!-- werden -->
<feat xlink:href="#tok_176" value="stts.type_pos.xml#ADV"/><!-- auch -->
<feat xlink:href="#tok_177" value="stts.type_pos.xml#PIAT"/><!-- mehr -->
<feat xlink:href="#tok_178" value="stts.type_pos.xml#NN"/><!-- Jugendliche -->
<feat xlink:href="#tok_179" value="stts.type_pos.xml#VVPP"/><!-- eingeladen -->
<feat xlink:href="#tok_180" value="stts.type_pos.xml#DOLLAR_PERIOD"/><!-- . -->
<feat xlink:href="#tok_181" value="stts.type_pos.xml#APPR"/><!-- In -->
<feat xlink:href="#tok_182" value="stts.type_pos.xml#ART"/><!-- der -->
<feat xlink:href="#tok_183" value="stts.type_pos.xml#NN"/><!-- Gruppe -->
<feat xlink:href="#tok_184" value="stts.type_pos.xml#VMFIN"/><!-- kÃ¶nnen -->
<feat xlink:href="#tok_185" value="stts.type_pos.xml#PPER"/><!-- sie -->
<feat xlink:href="#tok_186" value="stts.type_pos.xml#PRF"/><!-- sich -->
<feat xlink:href="#tok_187" value="stts.type_pos.xml#ADV"/><!-- hoffentlich -->
<feat xlink:href="#tok_188" value="stts.type_pos.xml#PIAT"/><!-- mehr -->
<feat xlink:href="#tok_189" value="stts.type_pos.xml#NN"/><!-- GehÃ¶r -->
<feat xlink:href="#tok_190" value="stts.type_pos.xml#VVINF"/><!-- verschaffen -->
<feat xlink:href="#tok_191" value="stts.type_pos.xml#DOLLAR_PERIOD"/><!-- . -->
<feat xlink:href="#tok_192" value="stts.type_pos.xml#ADV"/><!-- Vielleicht -->
<feat xlink:href="#tok_193" value="stts.type_pos.xml#VVFIN"/><!-- finden -->
<feat xlink:href="#tok_194" value="stts.type_pos.xml#ADV"/><!-- dann -->
<feat xlink:href="#tok_195" value="stts.type_pos.xml#ADV"/><!-- auch -->
<feat xlink:href="#tok_196" value="stts.type_pos.xml#NN"/><!-- Vertreter -->
<feat xlink:href="#tok_197" value="stts.type_pos.xml#APPR"/><!-- von -->
<feat xlink:href="#tok_198" value="stts.type_pos.xml#NE"/><!-- PDS -->
<feat xlink:href="#tok_199" value="stts.type_pos.xml#KON"/><!-- und -->
<feat xlink:href="#tok_200" value="stts.type_pos.xml#NN"/><!-- Gewerbeverein -->
<feat xlink:href="#tok_201" value="stts.type_pos.xml#PPOSAT"/><!-- ihren -->
<feat xlink:href="#tok_202" value="stts.type_pos.xml#NN"/><!-- Weg -->
<feat xlink:href="#tok_203" value="stts.type_pos.xml#APPRART"/><!-- ins -->
<feat xlink:href="#tok_204" value="stts.type_pos.xml#NN"/><!-- Rathaus -->
<feat xlink:href="#tok_205" value="stts.type_pos.xml#DOLLAR_PERIOD"/><!-- . -->
<feat xlink:href="#tok_206" value="stts.type_pos.xml#PDS"/><!-- Die -->
<feat xlink:href="#tok_207" value="stts.type_pos.xml#VVFIN"/><!-- glÃ¤nzten -->
<feat xlink:href="#tok_208" value="stts.type_pos.xml#ADV"/><!-- diesmal -->
<feat xlink:href="#tok_209" value="stts.type_pos.xml#ADV"/><!-- noch -->
<feat xlink:href="#tok_210" value="stts.type_pos.xml#APPR"/><!-- mit -->
<feat xlink:href="#tok_211" value="stts.type_pos.xml#NN"/><!-- Abwesenheit -->
<feat xlink:href="#tok_212" value="stts.type_pos.xml#DOLLAR_PERIOD"/><!-- . -->
</featList>

</sfb632_standard>
