<?xml version="1.0" standalone="no"?>


<!DOCTYPE sfb632_standard SYSTEM "sfb632_feat.dtd">
<sfb632_standard version="1.0">

<header sfb_id="tiger.ID_maz-11299_morph" type="morph"/>

<featList xmlns:xlink="http://www.w3.org/1999/xlink" type="morph" xml:base="tiger.ID_maz-11299.tok.xml">

<feat xlink:href="#tok_1" value="Nom.Sg.Neut"/><!-- Feigenblatt -->
<feat xlink:href="#tok_2" value="Nom.Pl.*"/><!-- Die -->
<feat xlink:href="#tok_3" value="Nom.Pl.*"/><!-- Jugendlichen -->
<feat xlink:href="#tok_4" value="--"/><!-- in -->
<feat xlink:href="#tok_5" value="Dat.Sg.Neut"/><!-- Zossen -->
<feat xlink:href="#tok_6" value="3.Pl.Pres.Ind"/><!-- wollen -->
<feat xlink:href="#tok_7" value="Acc.Sg.Neut"/><!-- ein -->
<feat xlink:href="#tok_8" value="Acc.Sg.Neut"/><!-- MusikcafÃ© -->
<feat xlink:href="#tok_9" value="--"/><!-- . -->
<feat xlink:href="#tok_10" value="Acc.Sg.Neut"/><!-- Das -->
<feat xlink:href="#tok_11" value="3.Pl.Past.Ind"/><!-- forderten -->
<feat xlink:href="#tok_12" value="3.Nom.Pl.*"/><!-- sie -->
<feat xlink:href="#tok_13" value="--"/><!-- bei -->
<feat xlink:href="#tok_14" value="Dat.Sg.Fem"/><!-- der -->
<feat xlink:href="#tok_15" value="Pos.Dat.Sg.Fem"/><!-- ersten -->
<feat xlink:href="#tok_16" value="Pos.*.*.*"/><!-- Zossener -->
<feat xlink:href="#tok_17" value="Dat.Sg.Fem"/><!-- Runde -->
<feat xlink:href="#tok_18" value="Dat.Sg.Masc"/><!-- am -->
<feat xlink:href="#tok_19" value="Dat.Sg.Masc"/><!-- Dienstagabend -->
<feat xlink:href="#tok_20" value="--"/><!-- . -->
<feat xlink:href="#tok_21" value="--"/><!-- Dass -->
<feat xlink:href="#tok_22" value="Nom.Pl.Masc"/><!-- die -->
<feat xlink:href="#tok_23" value="Nom.Pl.Masc"/><!-- Politiker -->
<feat xlink:href="#tok_24" value="Gen.Sg.Fem"/><!-- der -->
<feat xlink:href="#tok_25" value="Gen.Sg.Fem"/><!-- Stadt -->
<feat xlink:href="#tok_26" value="--"/><!-- dafÃ¼r -->
<feat xlink:href="#tok_27" value="Acc.Sg.Neut"/><!-- VerstÃ¤ndnis -->
<feat xlink:href="#tok_28" value="3.Pl.Pres.Ind"/><!-- haben -->
<feat xlink:href="#tok_29" value="--"/><!-- , -->
<feat xlink:href="#tok_30" value="3.Sg.Pres.Ind"/><!-- ist -->
<feat xlink:href="#tok_31" value="Pos"/><!-- lÃ¶blich -->
<feat xlink:href="#tok_32" value="--"/><!-- . -->
<feat xlink:href="#tok_33" value="--"/><!-- Mit -->
<feat xlink:href="#tok_34" value="Dat.Sg.Neut"/><!-- dem -->
<feat xlink:href="#tok_35" value="Dat.Sg.Neut"/><!-- Treffen -->
<feat xlink:href="#tok_36" value="Dat.Sg.Neut"/><!-- im -->
<feat xlink:href="#tok_37" value="Dat.Sg.Neut"/><!-- Rathaus -->
<feat xlink:href="#tok_38" value="3.Sg.Pres.Ind"/><!-- ist -->
<feat xlink:href="#tok_39" value="--"/><!-- somit -->
<feat xlink:href="#tok_40" value="--"/><!-- auch -->
<feat xlink:href="#tok_41" value="Nom.Sg.Masc"/><!-- ein -->
<feat xlink:href="#tok_42" value="Nom.Sg.Masc"/><!-- Dialog -->
<feat xlink:href="#tok_43" value="--"/><!-- zwischen -->
<feat xlink:href="#tok_44" value="Dat.Pl.Fem"/><!-- den -->
<feat xlink:href="#tok_45" value="Dat.Pl.Fem"/><!-- Generationen -->
<feat xlink:href="#tok_46" value="Psp"/><!-- angestoÃen -->
<feat xlink:href="#tok_47" value="--"/><!-- . -->
<feat xlink:href="#tok_48" value="--"/><!-- Dass -->
<feat xlink:href="#tok_49" value="Nom.Pl.*"/><!-- die -->
<feat xlink:href="#tok_50" value="Nom.Pl.*"/><!-- beiden -->
<feat xlink:href="#tok_51" value="Pos.Nom.Pl.*"/><!-- geladenen -->
<feat xlink:href="#tok_52" value="Nom.Pl.*"/><!-- Jugendlichen -->
<feat xlink:href="#tok_53" value="Dat.Sg.Masc"/><!-- im -->
<feat xlink:href="#tok_54" value="Dat.Sg.Masc"/><!-- Laufe -->
<feat xlink:href="#tok_55" value="Gen.Sg.Masc"/><!-- des -->
<feat xlink:href="#tok_56" value="Gen.Sg.Masc"/><!-- Abends -->
<feat xlink:href="#tok_57" value="--"/><!-- immer -->
<feat xlink:href="#tok_58" value="--"/><!-- weniger -->
<feat xlink:href="#tok_59" value="--"/><!-- zu -->
<feat xlink:href="#tok_60" value="Dat.Sg.Neut"/><!-- Wort -->
<feat xlink:href="#tok_61" value="3.Pl.Past.Ind"/><!-- kamen -->
<feat xlink:href="#tok_62" value="--"/><!-- , -->
<feat xlink:href="#tok_63" value="3.Sg.Past.Ind"/><!-- war -->
<feat xlink:href="#tok_64" value="Pos"/><!-- sicher -->
<feat xlink:href="#tok_65" value="Nom.Sg.Fem"/><!-- keine -->
<feat xlink:href="#tok_66" value="Pos.Nom.Sg.Fem"/><!-- bÃ¶se -->
<feat xlink:href="#tok_67" value="Nom.Sg.Fem"/><!-- Absicht -->
<feat xlink:href="#tok_68" value="--"/><!-- , -->
<feat xlink:href="#tok_69" value="Pos"/><!-- Ã¤rgerlich -->
<feat xlink:href="#tok_70" value="3.Sg.Pres.Ind"/><!-- ist -->
<feat xlink:href="#tok_71" value="3.Nom.Sg.Neut"/><!-- es -->
<feat xlink:href="#tok_72" value="--"/><!-- trotzdem -->
<feat xlink:href="#tok_73" value="--"/><!-- . -->
<feat xlink:href="#tok_74" value="--"/><!-- Und -->
<feat xlink:href="#tok_75" value="Pos"/><!-- aberwitzig -->
<feat xlink:href="#tok_76" value="--"/><!-- dazu -->
<feat xlink:href="#tok_77" value="--"/><!-- . -->
<feat xlink:href="#tok_78" value="3.Nom.Sg.Neut"/><!-- Es -->
<feat xlink:href="#tok_79" value="3.Sg.Pres.Ind"/><!-- entbehrt -->
<feat xlink:href="#tok_80" value="--"/><!-- nicht -->
<feat xlink:href="#tok_81" value="Gen.Sg.Fem"/><!-- der -->
<feat xlink:href="#tok_82" value="Gen.Sg.Fem"/><!-- Komik -->
<feat xlink:href="#tok_83" value="--"/><!-- , -->
<feat xlink:href="#tok_84" value="--"/><!-- wenn -->
<feat xlink:href="#tok_85" value="3.Acc.Pl"/><!-- sich -->
<feat xlink:href="#tok_86" value="--"/><!-- drei -->
<feat xlink:href="#tok_87" value="Nom.Pl.*"/><!-- Erwachsene -->
<feat xlink:href="#tok_88" value="--"/><!-- _ -->
<feat xlink:href="#tok_89" value="Nom.Sg.Fem"/><!-- Karola -->
<feat xlink:href="#tok_90" value="Nom.Sg.Fem"/><!-- Andrae -->
<feat xlink:href="#tok_91" value="--"/><!-- ( -->
<feat xlink:href="#tok_92" value="Nom.Sg.*"/><!-- BÃ¼rgerbÃ¼ndnis/FDP -->
<feat xlink:href="#tok_93" value="--"/><!-- ) -->
<feat xlink:href="#tok_94" value="--"/><!-- , -->
<feat xlink:href="#tok_95" value="Nom.Sg.Fem"/><!-- Susanne -->
<feat xlink:href="#tok_96" value="Nom.Sg.Fem"/><!-- Michler -->
<feat xlink:href="#tok_97" value="--"/><!-- ( -->
<feat xlink:href="#tok_98" value="Nom.Sg.Fem"/><!-- CDU -->
<feat xlink:href="#tok_99" value="--"/><!-- ) -->
<feat xlink:href="#tok_100" value="--"/><!-- und -->
<feat xlink:href="#tok_101" value="Nom.Sg.Masc"/><!-- Joachim -->
<feat xlink:href="#tok_102" value="Nom.Sg.Masc"/><!-- Zanow -->
<feat xlink:href="#tok_103" value="--"/><!-- ( -->
<feat xlink:href="#tok_104" value="Nom.Sg.Fem"/><!-- SPD -->
<feat xlink:href="#tok_105" value="--"/><!-- ) -->
<feat xlink:href="#tok_106" value="--"/><!-- _ -->
<feat xlink:href="#tok_107" value="--"/><!-- darÃ¼ber -->
<feat xlink:href="#tok_108" value="3.Pl.Pres.Ind"/><!-- streiten -->
<feat xlink:href="#tok_109" value="--"/><!-- , -->
<feat xlink:href="#tok_110" value="Acc.Sg.Neut"/><!-- was -->
<feat xlink:href="#tok_111" value="Nom.Pl.*"/><!-- Jugendliche -->
<feat xlink:href="#tok_112" value="3.Pl.Pres.Ind"/><!-- wollen -->
<feat xlink:href="#tok_113" value="--"/><!-- und -->
<feat xlink:href="#tok_114" value="3.Pl.Pres.Ind"/><!-- brauchen -->
<feat xlink:href="#tok_115" value="--"/><!-- , -->
<feat xlink:href="#tok_116" value="--"/><!-- ohne -->
<feat xlink:href="#tok_117" value="--"/><!-- auf -->
<feat xlink:href="#tok_118" value="Acc.Sg.Fem"/><!-- die -->
<feat xlink:href="#tok_119" value="Acc.Sg.Fem"/><!-- Idee -->
<feat xlink:href="#tok_120" value="--"/><!-- zu -->
<feat xlink:href="#tok_121" value="Inf"/><!-- kommen -->
<feat xlink:href="#tok_122" value="--"/><!-- , -->
<feat xlink:href="#tok_123" value="3.Acc.Pl.*"/><!-- sie -->
<feat xlink:href="#tok_124" value="--"/><!-- selbst -->
<feat xlink:href="#tok_125" value="--"/><!-- zu -->
<feat xlink:href="#tok_126" value="Inf"/><!-- fragen -->
<feat xlink:href="#tok_127" value="--"/><!-- . -->
<feat xlink:href="#tok_128" value="--"/><!-- Und -->
<feat xlink:href="#tok_129" value="Nom.Sg.Neut"/><!-- das -->
<feat xlink:href="#tok_130" value="--"/><!-- , -->
<feat xlink:href="#tok_131" value="--"/><!-- obwohl -->
<feat xlink:href="#tok_132" value="3.Nom.Pl.*"/><!-- sie -->
<feat xlink:href="#tok_133" value="3.Dat.Pl.*"/><!-- ihnen -->
<feat xlink:href="#tok_134" value="--"/><!-- gegenÃ¼ber -->
<feat xlink:href="#tok_135" value="3.Pl.Pres.Ind"/><!-- sitzen -->
<feat xlink:href="#tok_136" value="--"/><!-- . -->
<feat xlink:href="#tok_137" value="Nom.Pl.*"/><!-- Die -->
<feat xlink:href="#tok_138" value="Nom.Pl.*"/><!-- Jugendlichen -->
<feat xlink:href="#tok_139" value="3.Pl.Past.Ind"/><!-- wurden -->
<feat xlink:href="#tok_140" value="--"/><!-- somit -->
<feat xlink:href="#tok_141" value="Dat.Sg.Neut"/><!-- zum -->
<feat xlink:href="#tok_142" value="Pos.Dat.Sg.Neut"/><!-- bloÃen -->
<feat xlink:href="#tok_143" value="Dat.Sg.Neut"/><!-- Feigenblatt -->
<feat xlink:href="#tok_144" value="Psp"/><!-- degradiert -->
<feat xlink:href="#tok_145" value="--"/><!-- . -->
<feat xlink:href="#tok_146" value="--"/><!-- Nicht -->
<feat xlink:href="#tok_147" value="--"/><!-- Ã¼ber -->
<feat xlink:href="#tok_148" value="--"/><!-- sondern -->
<feat xlink:href="#tok_149" value="Dat"/><!-- mit -->
<feat xlink:href="#tok_150" value="3.Dat.Pl.*"/><!-- ihnen -->
<feat xlink:href="#tok_151" value="3.Pl.Past.Subj"/><!-- hÃ¤tten -->
<feat xlink:href="#tok_152" value="Nom.Pl.Masc"/><!-- die -->
<feat xlink:href="#tok_153" value="Nom.Pl.Masc"/><!-- Politiker -->
<feat xlink:href="#tok_154" value="Inf"/><!-- reden -->
<feat xlink:href="#tok_155" value="Inf"/><!-- sollen -->
<feat xlink:href="#tok_156" value="--"/><!-- . -->
<feat xlink:href="#tok_157" value="--"/><!-- Damit -->
<feat xlink:href="#tok_158" value="3.Sg.Pres.Ind"/><!-- ist -->
<feat xlink:href="#tok_159" value="Nom.Sg.Fem"/><!-- eine -->
<feat xlink:href="#tok_160" value="Pos.Nom.Sg.Fem"/><!-- groÃe -->
<feat xlink:href="#tok_161" value="Nom.Sg.Fem"/><!-- Chance -->
<feat xlink:href="#tok_162" value="Psp"/><!-- vertan -->
<feat xlink:href="#tok_163" value="--"/><!-- . -->
<feat xlink:href="#tok_164" value="--"/><!-- Vielleicht -->
<feat xlink:href="#tok_165" value="3.Sg.Pres.Ind"/><!-- klappt -->
<feat xlink:href="#tok_166" value="3.Nom.Sg.Neut"/><!-- es -->
<feat xlink:href="#tok_167" value="--"/><!-- bei -->
<feat xlink:href="#tok_168" value="Dat.Sg.Fem"/><!-- der -->
<feat xlink:href="#tok_169" value="Pos.Dat.Sg.Fem"/><!-- nÃ¤chsten -->
<feat xlink:href="#tok_170" value="Dat.Sg.Fem"/><!-- Runde -->
<feat xlink:href="#tok_171" value="*.Sg.Masc"/><!-- Anfang -->
<feat xlink:href="#tok_172" value="--"/><!-- 2002 -->
<feat xlink:href="#tok_173" value="--"/><!-- . -->
<feat xlink:href="#tok_174" value="--"/><!-- Dann -->
<feat xlink:href="#tok_175" value="3.Pl.Pres.Ind"/><!-- werden -->
<feat xlink:href="#tok_176" value="--"/><!-- auch -->
<feat xlink:href="#tok_177" value="*.*.*"/><!-- mehr -->
<feat xlink:href="#tok_178" value="Nom.Pl.*"/><!-- Jugendliche -->
<feat xlink:href="#tok_179" value="Psp"/><!-- eingeladen -->
<feat xlink:href="#tok_180" value="--"/><!-- . -->
<feat xlink:href="#tok_181" value="--"/><!-- In -->
<feat xlink:href="#tok_182" value="Dat.Sg.Fem"/><!-- der -->
<feat xlink:href="#tok_183" value="Dat.Sg.Fem"/><!-- Gruppe -->
<feat xlink:href="#tok_184" value="3.Pl.Pres.Ind"/><!-- kÃ¶nnen -->
<feat xlink:href="#tok_185" value="3.Nom.Pl.*"/><!-- sie -->
<feat xlink:href="#tok_186" value="3.Dat.Pl"/><!-- sich -->
<feat xlink:href="#tok_187" value="--"/><!-- hoffentlich -->
<feat xlink:href="#tok_188" value="*.*.*"/><!-- mehr -->
<feat xlink:href="#tok_189" value="Acc.Sg.Neut"/><!-- GehÃ¶r -->
<feat xlink:href="#tok_190" value="Inf"/><!-- verschaffen -->
<feat xlink:href="#tok_191" value="--"/><!-- . -->
<feat xlink:href="#tok_192" value="--"/><!-- Vielleicht -->
<feat xlink:href="#tok_193" value="3.Pl.Pres.Ind"/><!-- finden -->
<feat xlink:href="#tok_194" value="--"/><!-- dann -->
<feat xlink:href="#tok_195" value="--"/><!-- auch -->
<feat xlink:href="#tok_196" value="Nom.Pl.Masc"/><!-- Vertreter -->
<feat xlink:href="#tok_197" value="--"/><!-- von -->
<feat xlink:href="#tok_198" value="Dat.Sg.Fem"/><!-- PDS -->
<feat xlink:href="#tok_199" value="--"/><!-- und -->
<feat xlink:href="#tok_200" value="Dat.Sg.Masc"/><!-- Gewerbeverein -->
<feat xlink:href="#tok_201" value="Acc.Sg.Masc"/><!-- ihren -->
<feat xlink:href="#tok_202" value="Acc.Sg.Masc"/><!-- Weg -->
<feat xlink:href="#tok_203" value="Acc.Sg.Neut"/><!-- ins -->
<feat xlink:href="#tok_204" value="Acc.Sg.Neut"/><!-- Rathaus -->
<feat xlink:href="#tok_205" value="--"/><!-- . -->
<feat xlink:href="#tok_206" value="Nom.Pl.*"/><!-- Die -->
<feat xlink:href="#tok_207" value="3.Pl.Past.Ind"/><!-- glÃ¤nzten -->
<feat xlink:href="#tok_208" value="--"/><!-- diesmal -->
<feat xlink:href="#tok_209" value="--"/><!-- noch -->
<feat xlink:href="#tok_210" value="--"/><!-- mit -->
<feat xlink:href="#tok_211" value="Dat.Sg.Fem"/><!-- Abwesenheit -->
<feat xlink:href="#tok_212" value="--"/><!-- . -->
</featList>

</sfb632_standard>
