<?xml version="1.0" standalone="no"?>


<!DOCTYPE sfb632_standard SYSTEM "sfb632_feat.dtd">
<sfb632_standard version="1.0">

<header sfb_id="tiger.ID_maz-11299_func" type="func"/>

<featList xmlns:xlink="http://www.w3.org/1999/xlink" type="func" xml:base="tiger.ID_maz-11299.const.xml">

<feat xlink:href="#rel_1" value="AC"/><!-- in -->
<feat xlink:href="#rel_2" value="NK"/><!-- Zossen -->
<feat xlink:href="#rel_3" value="NK"/><!-- ein -->
<feat xlink:href="#rel_4" value="NK"/><!-- MusikcafÃ© -->
<feat xlink:href="#rel_5" value="NK"/><!-- Die -->
<feat xlink:href="#rel_6" value="NK"/><!-- Jugendlichen -->
<feat xlink:href="#rel_7" value="MNR"/>
<feat xlink:href="#rel_8" value="HD"/><!-- wollen -->
<feat xlink:href="#rel_9" value="OA"/>
<feat xlink:href="#rel_10" value="SB"/>
<feat xlink:href="#rel_11" value="AC"/><!-- bei -->
<feat xlink:href="#rel_12" value="NK"/><!-- der -->
<feat xlink:href="#rel_13" value="NK"/><!-- ersten -->
<feat xlink:href="#rel_14" value="NK"/><!-- Zossener -->
<feat xlink:href="#rel_15" value="NK"/><!-- Runde -->
<feat xlink:href="#rel_16" value="AC"/><!-- am -->
<feat xlink:href="#rel_17" value="NK"/><!-- Dienstagabend -->
<feat xlink:href="#rel_18" value="OA"/><!-- Das -->
<feat xlink:href="#rel_19" value="HD"/><!-- forderten -->
<feat xlink:href="#rel_20" value="SB"/><!-- sie -->
<feat xlink:href="#rel_21" value="MO"/>
<feat xlink:href="#rel_22" value="MO"/>
<feat xlink:href="#rel_23" value="NK"/><!-- der -->
<feat xlink:href="#rel_24" value="NK"/><!-- Stadt -->
<feat xlink:href="#rel_25" value="MNR"/><!-- dafÃ¼r -->
<feat xlink:href="#rel_26" value="NK"/><!-- VerstÃ¤ndnis -->
<feat xlink:href="#rel_27" value="NK"/><!-- die -->
<feat xlink:href="#rel_28" value="NK"/><!-- Politiker -->
<feat xlink:href="#rel_29" value="AG"/>
<feat xlink:href="#rel_30" value="CP"/><!-- Dass -->
<feat xlink:href="#rel_31" value="HD"/><!-- haben -->
<feat xlink:href="#rel_32" value="OA"/>
<feat xlink:href="#rel_33" value="SB"/>
<feat xlink:href="#rel_34" value="HD"/><!-- ist -->
<feat xlink:href="#rel_35" value="PD"/><!-- lÃ¶blich -->
<feat xlink:href="#rel_36" value="SB"/>
<feat xlink:href="#rel_37" value="AC"/><!-- im -->
<feat xlink:href="#rel_38" value="NK"/><!-- Rathaus -->
<feat xlink:href="#rel_39" value="AC"/><!-- zwischen -->
<feat xlink:href="#rel_40" value="NK"/><!-- den -->
<feat xlink:href="#rel_41" value="NK"/><!-- Generationen -->
<feat xlink:href="#rel_42" value="AC"/><!-- Mit -->
<feat xlink:href="#rel_43" value="NK"/><!-- dem -->
<feat xlink:href="#rel_44" value="NK"/><!-- Treffen -->
<feat xlink:href="#rel_45" value="MNR"/>
<feat xlink:href="#rel_46" value="MO"/><!-- auch -->
<feat xlink:href="#rel_47" value="NK"/><!-- ein -->
<feat xlink:href="#rel_48" value="NK"/><!-- Dialog -->
<feat xlink:href="#rel_49" value="MNR"/>
<feat xlink:href="#rel_50" value="MO"/><!-- somit -->
<feat xlink:href="#rel_51" value="HD"/><!-- angestoÃen -->
<feat xlink:href="#rel_52" value="MO"/>
<feat xlink:href="#rel_53" value="HD"/><!-- ist -->
<feat xlink:href="#rel_54" value="SB"/>
<feat xlink:href="#rel_55" value="PD"/>
<feat xlink:href="#rel_56" value="NK"/><!-- die -->
<feat xlink:href="#rel_57" value="NK"/><!-- beiden -->
<feat xlink:href="#rel_58" value="NK"/><!-- geladenen -->
<feat xlink:href="#rel_59" value="NK"/><!-- Jugendlichen -->
<feat xlink:href="#rel_60" value="NK"/><!-- des -->
<feat xlink:href="#rel_61" value="NK"/><!-- Abends -->
<feat xlink:href="#rel_62" value="MO"/><!-- immer -->
<feat xlink:href="#rel_63" value="HD"/><!-- weniger -->
<feat xlink:href="#rel_64" value="AC"/><!-- zu -->
<feat xlink:href="#rel_65" value="NK"/><!-- Wort -->
<feat xlink:href="#rel_66" value="NK"/><!-- keine -->
<feat xlink:href="#rel_67" value="NK"/><!-- bÃ¶se -->
<feat xlink:href="#rel_68" value="NK"/><!-- Absicht -->
<feat xlink:href="#rel_69" value="PD"/><!-- Ã¤rgerlich -->
<feat xlink:href="#rel_70" value="HD"/><!-- ist -->
<feat xlink:href="#rel_71" value="SB"/><!-- es -->
<feat xlink:href="#rel_72" value="MO"/><!-- trotzdem -->
<feat xlink:href="#rel_73" value="AC"/><!-- im -->
<feat xlink:href="#rel_74" value="NK"/><!-- Laufe -->
<feat xlink:href="#rel_75" value="AG"/>
<feat xlink:href="#rel_76" value="CP"/><!-- Dass -->
<feat xlink:href="#rel_77" value="HD"/><!-- kamen -->
<feat xlink:href="#rel_78" value="SB"/>
<feat xlink:href="#rel_79" value="MO"/>
<feat xlink:href="#rel_80" value="CVC"/>
<feat xlink:href="#rel_81" value="MO"/>
<feat xlink:href="#rel_82" value="HD"/><!-- war -->
<feat xlink:href="#rel_83" value="MO"/><!-- sicher -->
<feat xlink:href="#rel_84" value="PD"/>
<feat xlink:href="#rel_85" value="SB"/>
<feat xlink:href="#rel_86" value="CJ"/>
<feat xlink:href="#rel_87" value="CJ"/>
<feat xlink:href="#rel_88" value="JU"/><!-- Und -->
<feat xlink:href="#rel_89" value="PD"/><!-- aberwitzig -->
<feat xlink:href="#rel_90" value="MO"/><!-- dazu -->
<feat xlink:href="#rel_91" value="NK"/><!-- der -->
<feat xlink:href="#rel_92" value="NK"/><!-- Komik -->
<feat xlink:href="#rel_93" value="PNC"/><!-- Karola -->
<feat xlink:href="#rel_94" value="PNC"/><!-- Andrae -->
<feat xlink:href="#rel_95" value="PNC"/><!-- Susanne -->
<feat xlink:href="#rel_96" value="PNC"/><!-- Michler -->
<feat xlink:href="#rel_97" value="PNC"/><!-- Joachim -->
<feat xlink:href="#rel_98" value="PNC"/><!-- Zanow -->
<feat xlink:href="#rel_99" value="OA"/><!-- was -->
<feat xlink:href="#rel_100" value="SB"/><!-- Jugendliche -->
<feat xlink:href="#rel_101" value="HD"/><!-- wollen -->
<feat xlink:href="#rel_102" value="HD"/><!-- brauchen -->
<feat xlink:href="#rel_103" value="PM"/><!-- zu -->
<feat xlink:href="#rel_104" value="HD"/><!-- kommen -->
<feat xlink:href="#rel_105" value="NK"/><!-- sie -->
<feat xlink:href="#rel_106" value="MNR"/><!-- selbst -->
<feat xlink:href="#rel_107" value="PM"/><!-- zu -->
<feat xlink:href="#rel_108" value="HD"/><!-- fragen -->
<feat xlink:href="#rel_109" value="PAR"/><!-- BÃ¼rgerbÃ¼ndnis/FDP -->
<feat xlink:href="#rel_110" value="NK"/>
<feat xlink:href="#rel_111" value="PAR"/><!-- CDU -->
<feat xlink:href="#rel_112" value="NK"/>
<feat xlink:href="#rel_113" value="PAR"/><!-- SPD -->
<feat xlink:href="#rel_114" value="NK"/>
<feat xlink:href="#rel_115" value="CD"/><!-- und -->
<feat xlink:href="#rel_116" value="CJ"/>
<feat xlink:href="#rel_117" value="CJ"/>
<feat xlink:href="#rel_118" value="OA"/>
<feat xlink:href="#rel_119" value="HD"/>
<feat xlink:href="#rel_120" value="CD"/><!-- und -->
<feat xlink:href="#rel_121" value="CJ"/>
<feat xlink:href="#rel_122" value="CJ"/>
<feat xlink:href="#rel_123" value="CJ"/>
<feat xlink:href="#rel_124" value="PH"/><!-- darÃ¼ber -->
<feat xlink:href="#rel_125" value="RE"/>
<feat xlink:href="#rel_126" value="AC"/><!-- auf -->
<feat xlink:href="#rel_127" value="NK"/><!-- die -->
<feat xlink:href="#rel_128" value="NK"/><!-- Idee -->
<feat xlink:href="#rel_129" value="MNR"/>
<feat xlink:href="#rel_130" value="NK"/><!-- drei -->
<feat xlink:href="#rel_131" value="NK"/><!-- Erwachsene -->
<feat xlink:href="#rel_132" value="APP"/>
<feat xlink:href="#rel_133" value="CP"/><!-- ohne -->
<feat xlink:href="#rel_134" value="HD"/>
<feat xlink:href="#rel_135" value="MO"/>
<feat xlink:href="#rel_136" value="CP"/><!-- wenn -->
<feat xlink:href="#rel_137" value="OA"/><!-- sich -->
<feat xlink:href="#rel_138" value="HD"/><!-- streiten -->
<feat xlink:href="#rel_139" value="OP"/>
<feat xlink:href="#rel_140" value="SB"/>
<feat xlink:href="#rel_141" value="MO"/>
<feat xlink:href="#rel_142" value="PH"/><!-- Es -->
<feat xlink:href="#rel_143" value="RE"/>
<feat xlink:href="#rel_144" value="HD"/><!-- entbehrt -->
<feat xlink:href="#rel_145" value="NG"/><!-- nicht -->
<feat xlink:href="#rel_146" value="OG"/>
<feat xlink:href="#rel_147" value="SB"/>
<feat xlink:href="#rel_148" value="NK"/><!-- ihnen -->
<feat xlink:href="#rel_149" value="AC"/><!-- gegenÃ¼ber -->
<feat xlink:href="#rel_150" value="CP"/><!-- obwohl -->
<feat xlink:href="#rel_151" value="SB"/><!-- sie -->
<feat xlink:href="#rel_152" value="HD"/><!-- sitzen -->
<feat xlink:href="#rel_153" value="MO"/>
<feat xlink:href="#rel_154" value="JU"/><!-- Und -->
<feat xlink:href="#rel_155" value="SB"/><!-- das -->
<feat xlink:href="#rel_156" value="MO"/>
<feat xlink:href="#rel_157" value="NK"/><!-- Die -->
<feat xlink:href="#rel_158" value="NK"/><!-- Jugendlichen -->
<feat xlink:href="#rel_159" value="AC"/><!-- zum -->
<feat xlink:href="#rel_160" value="NK"/><!-- bloÃen -->
<feat xlink:href="#rel_161" value="NK"/><!-- Feigenblatt -->
<feat xlink:href="#rel_162" value="MO"/><!-- somit -->
<feat xlink:href="#rel_163" value="HD"/><!-- degradiert -->
<feat xlink:href="#rel_164" value="MO"/>
<feat xlink:href="#rel_165" value="HD"/><!-- wurden -->
<feat xlink:href="#rel_166" value="SB"/>
<feat xlink:href="#rel_167" value="OC"/>
<feat xlink:href="#rel_168" value="NG"/><!-- Nicht -->
<feat xlink:href="#rel_169" value="AC"/><!-- Ã¼ber -->
<feat xlink:href="#rel_170" value="AC"/><!-- mit -->
<feat xlink:href="#rel_171" value="NK"/><!-- ihnen -->
<feat xlink:href="#rel_172" value="NK"/><!-- die -->
<feat xlink:href="#rel_173" value="NK"/><!-- Politiker -->
<feat xlink:href="#rel_174" value="CD"/><!-- sondern -->
<feat xlink:href="#rel_175" value="CJ"/>
<feat xlink:href="#rel_176" value="CJ"/>
<feat xlink:href="#rel_177" value="HD"/><!-- reden -->
<feat xlink:href="#rel_178" value="OP"/>
<feat xlink:href="#rel_179" value="HD"/><!-- sollen -->
<feat xlink:href="#rel_180" value="OC"/>
<feat xlink:href="#rel_181" value="HD"/><!-- hÃ¤tten -->
<feat xlink:href="#rel_182" value="SB"/>
<feat xlink:href="#rel_183" value="OC"/>
<feat xlink:href="#rel_184" value="NK"/><!-- eine -->
<feat xlink:href="#rel_185" value="NK"/><!-- groÃe -->
<feat xlink:href="#rel_186" value="NK"/><!-- Chance -->
<feat xlink:href="#rel_187" value="MO"/><!-- Damit -->
<feat xlink:href="#rel_188" value="HD"/><!-- ist -->
<feat xlink:href="#rel_189" value="PD"/><!-- vertan -->
<feat xlink:href="#rel_190" value="SB"/>
<feat xlink:href="#rel_191" value="NK"/><!-- Anfang -->
<feat xlink:href="#rel_192" value="NK"/><!-- 2002 -->
<feat xlink:href="#rel_193" value="AC"/><!-- bei -->
<feat xlink:href="#rel_194" value="NK"/><!-- der -->
<feat xlink:href="#rel_195" value="NK"/><!-- nÃ¤chsten -->
<feat xlink:href="#rel_196" value="NK"/><!-- Runde -->
<feat xlink:href="#rel_197" value="MNR"/>
<feat xlink:href="#rel_198" value="MO"/><!-- Vielleicht -->
<feat xlink:href="#rel_199" value="HD"/><!-- klappt -->
<feat xlink:href="#rel_200" value="SB"/><!-- es -->
<feat xlink:href="#rel_201" value="MO"/>
<feat xlink:href="#rel_202" value="MO"/><!-- Dann -->
<feat xlink:href="#rel_203" value="MO"/><!-- auch -->
<feat xlink:href="#rel_204" value="HD"/><!-- eingeladen -->
<feat xlink:href="#rel_205" value="NK"/><!-- mehr -->
<feat xlink:href="#rel_206" value="NK"/><!-- Jugendliche -->
<feat xlink:href="#rel_207" value="HD"/><!-- werden -->
<feat xlink:href="#rel_208" value="OC"/>
<feat xlink:href="#rel_209" value="SB"/>
<feat xlink:href="#rel_210" value="AC"/><!-- In -->
<feat xlink:href="#rel_211" value="NK"/><!-- der -->
<feat xlink:href="#rel_212" value="NK"/><!-- Gruppe -->
<feat xlink:href="#rel_213" value="NK"/><!-- mehr -->
<feat xlink:href="#rel_214" value="NK"/><!-- GehÃ¶r -->
<feat xlink:href="#rel_215" value="DA"/><!-- sich -->
<feat xlink:href="#rel_216" value="HD"/><!-- verschaffen -->
<feat xlink:href="#rel_217" value="OA"/>
<feat xlink:href="#rel_218" value="HD"/><!-- kÃ¶nnen -->
<feat xlink:href="#rel_219" value="SB"/><!-- sie -->
<feat xlink:href="#rel_220" value="MO"/><!-- hoffentlich -->
<feat xlink:href="#rel_221" value="MO"/>
<feat xlink:href="#rel_222" value="OC"/>
<feat xlink:href="#rel_223" value="CJ"/><!-- PDS -->
<feat xlink:href="#rel_224" value="CD"/><!-- und -->
<feat xlink:href="#rel_225" value="CJ"/><!-- Gewerbeverein -->
<feat xlink:href="#rel_226" value="AC"/><!-- ins -->
<feat xlink:href="#rel_227" value="NK"/><!-- Rathaus -->
<feat xlink:href="#rel_228" value="AC"/><!-- von -->
<feat xlink:href="#rel_229" value="NK"/>
<feat xlink:href="#rel_230" value="NK"/><!-- ihren -->
<feat xlink:href="#rel_231" value="NK"/><!-- Weg -->
<feat xlink:href="#rel_232" value="MNR"/>
<feat xlink:href="#rel_233" value="MO"/><!-- auch -->
<feat xlink:href="#rel_234" value="NK"/><!-- Vertreter -->
<feat xlink:href="#rel_235" value="PG"/>
<feat xlink:href="#rel_236" value="MO"/><!-- Vielleicht -->
<feat xlink:href="#rel_237" value="HD"/><!-- finden -->
<feat xlink:href="#rel_238" value="MO"/><!-- dann -->
<feat xlink:href="#rel_239" value="OA"/>
<feat xlink:href="#rel_240" value="SB"/>
<feat xlink:href="#rel_241" value="AC"/><!-- mit -->
<feat xlink:href="#rel_242" value="NK"/><!-- Abwesenheit -->
<feat xlink:href="#rel_243" value="SB"/><!-- Die -->
<feat xlink:href="#rel_244" value="HD"/><!-- glÃ¤nzten -->
<feat xlink:href="#rel_245" value="MO"/><!-- diesmal -->
<feat xlink:href="#rel_246" value="MO"/><!-- noch -->
<feat xlink:href="#rel_247" value="MO"/>
</featList>

</sfb632_standard>
