<?xml version="1.0" standalone="no"?>


<!DOCTYPE sfb632_standard SYSTEM "sfb632_feat.dtd">
<sfb632_standard version="1.0">

<header sfb_id="tiger.ID_maz-11299_lemma" type="lemma"/>

<featList xmlns:xlink="http://www.w3.org/1999/xlink" type="lemma" xml:base="tiger.ID_maz-11299.tok.xml">

<feat xlink:href="#tok_1" value="Feigenblatt"/><!-- Feigenblatt -->
<feat xlink:href="#tok_2" value="der"/><!-- Die -->
<feat xlink:href="#tok_3" value="jugendliche"/><!-- Jugendlichen -->
<feat xlink:href="#tok_4" value="in"/><!-- in -->
<feat xlink:href="#tok_5" value="Zossen"/><!-- Zossen -->
<feat xlink:href="#tok_6" value="wollen"/><!-- wollen -->
<feat xlink:href="#tok_7" value="ein"/><!-- ein -->
<feat xlink:href="#tok_8" value="Musikcaf&#xE9;"/><!-- MusikcafÃ© -->
<feat xlink:href="#tok_9" value="."/><!-- . -->
<feat xlink:href="#tok_10" value="der"/><!-- Das -->
<feat xlink:href="#tok_11" value="fordern"/><!-- forderten -->
<feat xlink:href="#tok_12" value="sie"/><!-- sie -->
<feat xlink:href="#tok_13" value="bei"/><!-- bei -->
<feat xlink:href="#tok_14" value="der"/><!-- der -->
<feat xlink:href="#tok_15" value="erster"/><!-- ersten -->
<feat xlink:href="#tok_16" value="Zossener"/><!-- Zossener -->
<feat xlink:href="#tok_17" value="Runde"/><!-- Runde -->
<feat xlink:href="#tok_18" value="an"/><!-- am -->
<feat xlink:href="#tok_19" value="Dienstagabend"/><!-- Dienstagabend -->
<feat xlink:href="#tok_20" value="."/><!-- . -->
<feat xlink:href="#tok_21" value="dass"/><!-- Dass -->
<feat xlink:href="#tok_22" value="der"/><!-- die -->
<feat xlink:href="#tok_23" value="Politiker"/><!-- Politiker -->
<feat xlink:href="#tok_24" value="der"/><!-- der -->
<feat xlink:href="#tok_25" value="Stadt"/><!-- Stadt -->
<feat xlink:href="#tok_26" value="daf&#xFC;r"/><!-- dafÃ¼r -->
<feat xlink:href="#tok_27" value="Verst&#xE4;ndnis"/><!-- VerstÃ¤ndnis -->
<feat xlink:href="#tok_28" value="haben"/><!-- haben -->
<feat xlink:href="#tok_29" value=","/><!-- , -->
<feat xlink:href="#tok_30" value="sein"/><!-- ist -->
<feat xlink:href="#tok_31" value="l&#xF6;blich"/><!-- lÃ¶blich -->
<feat xlink:href="#tok_32" value="."/><!-- . -->
<feat xlink:href="#tok_33" value="mit"/><!-- Mit -->
<feat xlink:href="#tok_34" value="der"/><!-- dem -->
<feat xlink:href="#tok_35" value="Treffen"/><!-- Treffen -->
<feat xlink:href="#tok_36" value="in"/><!-- im -->
<feat xlink:href="#tok_37" value="Rathaus"/><!-- Rathaus -->
<feat xlink:href="#tok_38" value="sein"/><!-- ist -->
<feat xlink:href="#tok_39" value="somit"/><!-- somit -->
<feat xlink:href="#tok_40" value="auch"/><!-- auch -->
<feat xlink:href="#tok_41" value="ein"/><!-- ein -->
<feat xlink:href="#tok_42" value="Dialog"/><!-- Dialog -->
<feat xlink:href="#tok_43" value="zwischen"/><!-- zwischen -->
<feat xlink:href="#tok_44" value="der"/><!-- den -->
<feat xlink:href="#tok_45" value="Generation"/><!-- Generationen -->
<feat xlink:href="#tok_46" value="ansto&#xDF;en"/><!-- angestoÃen -->
<feat xlink:href="#tok_47" value="."/><!-- . -->
<feat xlink:href="#tok_48" value="dass"/><!-- Dass -->
<feat xlink:href="#tok_49" value="der"/><!-- die -->
<feat xlink:href="#tok_50" value="beide"/><!-- beiden -->
<feat xlink:href="#tok_51" value="geladen"/><!-- geladenen -->
<feat xlink:href="#tok_52" value="jugendliche"/><!-- Jugendlichen -->
<feat xlink:href="#tok_53" value="in"/><!-- im -->
<feat xlink:href="#tok_54" value="Lauf"/><!-- Laufe -->
<feat xlink:href="#tok_55" value="der"/><!-- des -->
<feat xlink:href="#tok_56" value="Abend"/><!-- Abends -->
<feat xlink:href="#tok_57" value="immer"/><!-- immer -->
<feat xlink:href="#tok_58" value="weniger"/><!-- weniger -->
<feat xlink:href="#tok_59" value="zu"/><!-- zu -->
<feat xlink:href="#tok_60" value="Wort"/><!-- Wort -->
<feat xlink:href="#tok_61" value="kommen"/><!-- kamen -->
<feat xlink:href="#tok_62" value=","/><!-- , -->
<feat xlink:href="#tok_63" value="sein"/><!-- war -->
<feat xlink:href="#tok_64" value="sicher"/><!-- sicher -->
<feat xlink:href="#tok_65" value="kein"/><!-- keine -->
<feat xlink:href="#tok_66" value="b&#xF6;se"/><!-- bÃ¶se -->
<feat xlink:href="#tok_67" value="Absicht"/><!-- Absicht -->
<feat xlink:href="#tok_68" value=","/><!-- , -->
<feat xlink:href="#tok_69" value="&#xE4;rgerlich"/><!-- Ã¤rgerlich -->
<feat xlink:href="#tok_70" value="sein"/><!-- ist -->
<feat xlink:href="#tok_71" value="es"/><!-- es -->
<feat xlink:href="#tok_72" value="trotzdem"/><!-- trotzdem -->
<feat xlink:href="#tok_73" value="."/><!-- . -->
<feat xlink:href="#tok_74" value="und"/><!-- Und -->
<feat xlink:href="#tok_75" value="aberwitzig"/><!-- aberwitzig -->
<feat xlink:href="#tok_76" value="dazu"/><!-- dazu -->
<feat xlink:href="#tok_77" value="."/><!-- . -->
<feat xlink:href="#tok_78" value="es"/><!-- Es -->
<feat xlink:href="#tok_79" value="entbehren"/><!-- entbehrt -->
<feat xlink:href="#tok_80" value="nicht"/><!-- nicht -->
<feat xlink:href="#tok_81" value="der"/><!-- der -->
<feat xlink:href="#tok_82" value="Komik"/><!-- Komik -->
<feat xlink:href="#tok_83" value=","/><!-- , -->
<feat xlink:href="#tok_84" value="wenn"/><!-- wenn -->
<feat xlink:href="#tok_85" value="sich"/><!-- sich -->
<feat xlink:href="#tok_86" value="drei"/><!-- drei -->
<feat xlink:href="#tok_87" value="erwachsene"/><!-- Erwachsene -->
<feat xlink:href="#tok_88" value="-"/><!-- _ -->
<feat xlink:href="#tok_89" value="Karola"/><!-- Karola -->
<feat xlink:href="#tok_90" value="Andrae"/><!-- Andrae -->
<feat xlink:href="#tok_91" value="("/><!-- ( -->
<feat xlink:href="#tok_92" value="B&#xFC;rgerb&#xFC;ndnis/FDP"/><!-- BÃ¼rgerbÃ¼ndnis/FDP -->
<feat xlink:href="#tok_93" value=")"/><!-- ) -->
<feat xlink:href="#tok_94" value=","/><!-- , -->
<feat xlink:href="#tok_95" value="Susanne"/><!-- Susanne -->
<feat xlink:href="#tok_96" value="Michler"/><!-- Michler -->
<feat xlink:href="#tok_97" value="("/><!-- ( -->
<feat xlink:href="#tok_98" value="CDU"/><!-- CDU -->
<feat xlink:href="#tok_99" value=")"/><!-- ) -->
<feat xlink:href="#tok_100" value="und"/><!-- und -->
<feat xlink:href="#tok_101" value="Joachim"/><!-- Joachim -->
<feat xlink:href="#tok_102" value="Zanow"/><!-- Zanow -->
<feat xlink:href="#tok_103" value="("/><!-- ( -->
<feat xlink:href="#tok_104" value="SPD"/><!-- SPD -->
<feat xlink:href="#tok_105" value=")"/><!-- ) -->
<feat xlink:href="#tok_106" value="-"/><!-- _ -->
<feat xlink:href="#tok_107" value="dar&#xFC;ber"/><!-- darÃ¼ber -->
<feat xlink:href="#tok_108" value="streiten"/><!-- streiten -->
<feat xlink:href="#tok_109" value=","/><!-- , -->
<feat xlink:href="#tok_110" value="was"/><!-- was -->
<feat xlink:href="#tok_111" value="jugendliche"/><!-- Jugendliche -->
<feat xlink:href="#tok_112" value="wollen"/><!-- wollen -->
<feat xlink:href="#tok_113" value="und"/><!-- und -->
<feat xlink:href="#tok_114" value="brauchen"/><!-- brauchen -->
<feat xlink:href="#tok_115" value=","/><!-- , -->
<feat xlink:href="#tok_116" value="ohne"/><!-- ohne -->
<feat xlink:href="#tok_117" value="auf"/><!-- auf -->
<feat xlink:href="#tok_118" value="der"/><!-- die -->
<feat xlink:href="#tok_119" value="Idee"/><!-- Idee -->
<feat xlink:href="#tok_120" value="zu"/><!-- zu -->
<feat xlink:href="#tok_121" value="kommen"/><!-- kommen -->
<feat xlink:href="#tok_122" value=","/><!-- , -->
<feat xlink:href="#tok_123" value="sie"/><!-- sie -->
<feat xlink:href="#tok_124" value="selbst"/><!-- selbst -->
<feat xlink:href="#tok_125" value="zu"/><!-- zu -->
<feat xlink:href="#tok_126" value="fragen"/><!-- fragen -->
<feat xlink:href="#tok_127" value="."/><!-- . -->
<feat xlink:href="#tok_128" value="und"/><!-- Und -->
<feat xlink:href="#tok_129" value="der"/><!-- das -->
<feat xlink:href="#tok_130" value=","/><!-- , -->
<feat xlink:href="#tok_131" value="obwohl"/><!-- obwohl -->
<feat xlink:href="#tok_132" value="sie"/><!-- sie -->
<feat xlink:href="#tok_133" value="ihnen"/><!-- ihnen -->
<feat xlink:href="#tok_134" value="gegen&#xFC;ber"/><!-- gegenÃ¼ber -->
<feat xlink:href="#tok_135" value="sitzen"/><!-- sitzen -->
<feat xlink:href="#tok_136" value="."/><!-- . -->
<feat xlink:href="#tok_137" value="der"/><!-- Die -->
<feat xlink:href="#tok_138" value="jugendliche"/><!-- Jugendlichen -->
<feat xlink:href="#tok_139" value="werden"/><!-- wurden -->
<feat xlink:href="#tok_140" value="somit"/><!-- somit -->
<feat xlink:href="#tok_141" value="zu"/><!-- zum -->
<feat xlink:href="#tok_142" value="blo&#xDF;"/><!-- bloÃen -->
<feat xlink:href="#tok_143" value="Feigenblatt"/><!-- Feigenblatt -->
<feat xlink:href="#tok_144" value="degradieren"/><!-- degradiert -->
<feat xlink:href="#tok_145" value="."/><!-- . -->
<feat xlink:href="#tok_146" value="nicht"/><!-- Nicht -->
<feat xlink:href="#tok_147" value="&#xFC;ber"/><!-- Ã¼ber -->
<feat xlink:href="#tok_148" value="sondern"/><!-- sondern -->
<feat xlink:href="#tok_149" value="mit"/><!-- mit -->
<feat xlink:href="#tok_150" value="ihnen"/><!-- ihnen -->
<feat xlink:href="#tok_151" value="haben"/><!-- hÃ¤tten -->
<feat xlink:href="#tok_152" value="der"/><!-- die -->
<feat xlink:href="#tok_153" value="Politiker"/><!-- Politiker -->
<feat xlink:href="#tok_154" value="reden"/><!-- reden -->
<feat xlink:href="#tok_155" value="sollen"/><!-- sollen -->
<feat xlink:href="#tok_156" value="."/><!-- . -->
<feat xlink:href="#tok_157" value="damit"/><!-- Damit -->
<feat xlink:href="#tok_158" value="sein"/><!-- ist -->
<feat xlink:href="#tok_159" value="ein"/><!-- eine -->
<feat xlink:href="#tok_160" value="gro&#xDF;"/><!-- groÃe -->
<feat xlink:href="#tok_161" value="Chance"/><!-- Chance -->
<feat xlink:href="#tok_162" value="vertun"/><!-- vertan -->
<feat xlink:href="#tok_163" value="."/><!-- . -->
<feat xlink:href="#tok_164" value="vielleicht"/><!-- Vielleicht -->
<feat xlink:href="#tok_165" value="klappen"/><!-- klappt -->
<feat xlink:href="#tok_166" value="es"/><!-- es -->
<feat xlink:href="#tok_167" value="bei"/><!-- bei -->
<feat xlink:href="#tok_168" value="der"/><!-- der -->
<feat xlink:href="#tok_169" value="n&#xE4;chster"/><!-- nÃ¤chsten -->
<feat xlink:href="#tok_170" value="Runde"/><!-- Runde -->
<feat xlink:href="#tok_171" value="Anfang"/><!-- Anfang -->
<feat xlink:href="#tok_172" value="2002"/><!-- 2002 -->
<feat xlink:href="#tok_173" value="."/><!-- . -->
<feat xlink:href="#tok_174" value="dann"/><!-- Dann -->
<feat xlink:href="#tok_175" value="werden"/><!-- werden -->
<feat xlink:href="#tok_176" value="auch"/><!-- auch -->
<feat xlink:href="#tok_177" value="mehr"/><!-- mehr -->
<feat xlink:href="#tok_178" value="jugendliche"/><!-- Jugendliche -->
<feat xlink:href="#tok_179" value="einladen"/><!-- eingeladen -->
<feat xlink:href="#tok_180" value="."/><!-- . -->
<feat xlink:href="#tok_181" value="in"/><!-- In -->
<feat xlink:href="#tok_182" value="der"/><!-- der -->
<feat xlink:href="#tok_183" value="Gruppe"/><!-- Gruppe -->
<feat xlink:href="#tok_184" value="k&#xF6;nnen"/><!-- kÃ¶nnen -->
<feat xlink:href="#tok_185" value="sie"/><!-- sie -->
<feat xlink:href="#tok_186" value="sich"/><!-- sich -->
<feat xlink:href="#tok_187" value="hoffentlich"/><!-- hoffentlich -->
<feat xlink:href="#tok_188" value="mehr"/><!-- mehr -->
<feat xlink:href="#tok_189" value="Geh&#xF6;r"/><!-- GehÃ¶r -->
<feat xlink:href="#tok_190" value="verschaffen"/><!-- verschaffen -->
<feat xlink:href="#tok_191" value="."/><!-- . -->
<feat xlink:href="#tok_192" value="vielleicht"/><!-- Vielleicht -->
<feat xlink:href="#tok_193" value="finden"/><!-- finden -->
<feat xlink:href="#tok_194" value="dann"/><!-- dann -->
<feat xlink:href="#tok_195" value="auch"/><!-- auch -->
<feat xlink:href="#tok_196" value="Vertreter"/><!-- Vertreter -->
<feat xlink:href="#tok_197" value="von"/><!-- von -->
<feat xlink:href="#tok_198" value="PDS"/><!-- PDS -->
<feat xlink:href="#tok_199" value="und"/><!-- und -->
<feat xlink:href="#tok_200" value="Gewerbeverein"/><!-- Gewerbeverein -->
<feat xlink:href="#tok_201" value="ihr"/><!-- ihren -->
<feat xlink:href="#tok_202" value="Weg"/><!-- Weg -->
<feat xlink:href="#tok_203" value="in"/><!-- ins -->
<feat xlink:href="#tok_204" value="Rathaus"/><!-- Rathaus -->
<feat xlink:href="#tok_205" value="."/><!-- . -->
<feat xlink:href="#tok_206" value="die"/><!-- Die -->
<feat xlink:href="#tok_207" value="gl&#xE4;nzen"/><!-- glÃ¤nzten -->
<feat xlink:href="#tok_208" value="diesmal"/><!-- diesmal -->
<feat xlink:href="#tok_209" value="noch"/><!-- noch -->
<feat xlink:href="#tok_210" value="mit"/><!-- mit -->
<feat xlink:href="#tok_211" value="Abwesenheit"/><!-- Abwesenheit -->
<feat xlink:href="#tok_212" value="."/><!-- . -->
</featList>

</sfb632_standard>
