<?xml version="1.0" standalone="no"?>
<!DOCTYPE paula SYSTEM "paula_rel.dtd">


<paula version="1.0">

<header paula_id="dep.maz-11299_dep"/>

<relList xmlns:xlink="http://www.w3.org/1999/xlink" type="dep" xml:base="merged.maz-11299.tok.xml">

<rel id="rel_2" xlink:href="#tok_3" target="#tok_2"/> <!-- Die -->
<rel id="rel_3" xlink:href="#tok_6" target="#tok_3"/> <!-- Jugendlichen -->
<rel id="rel_4" xlink:href="#tok_3" target="#tok_4"/> <!-- in -->
<rel id="rel_5" xlink:href="#tok_4" target="#tok_5"/> <!-- Zossen -->
<rel id="rel_7" xlink:href="#tok_8" target="#tok_7"/> <!-- ein -->
<rel id="rel_8" xlink:href="#tok_6" target="#tok_8"/> <!-- Musikcaf? -->
<rel id="rel_9" xlink:href="#tok_8" target="#tok_9"/> <!-- . -->
<rel id="rel_10" xlink:href="#tok_11" target="#tok_10"/> <!-- Das -->
<rel id="rel_12" xlink:href="#tok_11" target="#tok_12"/> <!-- sie -->
<rel id="rel_13" xlink:href="#tok_11" target="#tok_13"/> <!-- bei -->
<rel id="rel_14" xlink:href="#tok_17" target="#tok_14"/> <!-- der -->
<rel id="rel_15" xlink:href="#tok_17" target="#tok_15"/> <!-- ersten -->
<rel id="rel_16" xlink:href="#tok_17" target="#tok_16"/> <!-- Zossener -->
<rel id="rel_17" xlink:href="#tok_13" target="#tok_17"/> <!-- Runde -->
<rel id="rel_18" xlink:href="#tok_17" target="#tok_18"/> <!-- am -->
<rel id="rel_19" xlink:href="#tok_18" target="#tok_19"/> <!-- Dienstagabend -->
<rel id="rel_20" xlink:href="#tok_19" target="#tok_20"/> <!-- . -->
<rel id="rel_21" xlink:href="#tok_28" target="#tok_21"/> <!-- Dass -->
<rel id="rel_22" xlink:href="#tok_23" target="#tok_22"/> <!-- die -->
<rel id="rel_23" xlink:href="#tok_28" target="#tok_23"/> <!-- Politiker -->
<rel id="rel_24" xlink:href="#tok_25" target="#tok_24"/> <!-- der -->
<rel id="rel_25" xlink:href="#tok_23" target="#tok_25"/> <!-- Stadt -->
<rel id="rel_26" xlink:href="#tok_27" target="#tok_26"/> <!-- daf?r -->
<rel id="rel_27" xlink:href="#tok_28" target="#tok_27"/> <!-- Verst?ndnis -->
<rel id="rel_28" xlink:href="#tok_30" target="#tok_28"/> <!-- haben -->
<rel id="rel_29" xlink:href="#tok_28" target="#tok_29"/> <!-- , -->
<rel id="rel_31" xlink:href="#tok_30" target="#tok_31"/> <!-- l?blich -->
<rel id="rel_32" xlink:href="#tok_31" target="#tok_32"/> <!-- . -->
<rel id="rel_33" xlink:href="#tok_38" target="#tok_33"/> <!-- Mit -->
<rel id="rel_34" xlink:href="#tok_35" target="#tok_34"/> <!-- dem -->
<rel id="rel_35" xlink:href="#tok_33" target="#tok_35"/> <!-- Treffen -->
<rel id="rel_36" xlink:href="#tok_35" target="#tok_36"/> <!-- im -->
<rel id="rel_37" xlink:href="#tok_36" target="#tok_37"/> <!-- Rathaus -->
<rel id="rel_39" xlink:href="#tok_46" target="#tok_39"/> <!-- somit -->
<rel id="rel_40" xlink:href="#tok_42" target="#tok_40"/> <!-- auch -->
<rel id="rel_41" xlink:href="#tok_42" target="#tok_41"/> <!-- ein -->
<rel id="rel_42" xlink:href="#tok_38" target="#tok_42"/> <!-- Dialog -->
<rel id="rel_43" xlink:href="#tok_42" target="#tok_43"/> <!-- zwischen -->
<rel id="rel_44" xlink:href="#tok_45" target="#tok_44"/> <!-- den -->
<rel id="rel_45" xlink:href="#tok_43" target="#tok_45"/> <!-- Generationen -->
<rel id="rel_46" xlink:href="#tok_38" target="#tok_46"/> <!-- angesto?en -->
<rel id="rel_47" xlink:href="#tok_46" target="#tok_47"/> <!-- . -->
<rel id="rel_48" xlink:href="#tok_61" target="#tok_48"/> <!-- Dass -->
<rel id="rel_49" xlink:href="#tok_52" target="#tok_49"/> <!-- die -->
<rel id="rel_50" xlink:href="#tok_52" target="#tok_50"/> <!-- beiden -->
<rel id="rel_51" xlink:href="#tok_52" target="#tok_51"/> <!-- geladenen -->
<rel id="rel_52" xlink:href="#tok_61" target="#tok_52"/> <!-- Jugendlichen -->
<rel id="rel_53" xlink:href="#tok_61" target="#tok_53"/> <!-- im -->
<rel id="rel_54" xlink:href="#tok_53" target="#tok_54"/> <!-- Laufe -->
<rel id="rel_55" xlink:href="#tok_56" target="#tok_55"/> <!-- des -->
<rel id="rel_56" xlink:href="#tok_54" target="#tok_56"/> <!-- Abends -->
<rel id="rel_57" xlink:href="#tok_58" target="#tok_57"/> <!-- immer -->
<rel id="rel_58" xlink:href="#tok_61" target="#tok_58"/> <!-- weniger -->
<rel id="rel_59" xlink:href="#tok_61" target="#tok_59"/> <!-- zu -->
<rel id="rel_60" xlink:href="#tok_59" target="#tok_60"/> <!-- Wort -->
<rel id="rel_61" xlink:href="#tok_63" target="#tok_61"/> <!-- kamen -->
<rel id="rel_62" xlink:href="#tok_61" target="#tok_62"/> <!-- , -->
<rel id="rel_64" xlink:href="#tok_63" target="#tok_64"/> <!-- sicher -->
<rel id="rel_65" xlink:href="#tok_67" target="#tok_65"/> <!-- keine -->
<rel id="rel_66" xlink:href="#tok_67" target="#tok_66"/> <!-- b?se -->
<rel id="rel_67" xlink:href="#tok_63" target="#tok_67"/> <!-- Absicht -->
<rel id="rel_68" xlink:href="#tok_67" target="#tok_68"/> <!-- , -->
<rel id="rel_69" xlink:href="#tok_70" target="#tok_69"/> <!-- ?rgerlich -->
<rel id="rel_71" xlink:href="#tok_70" target="#tok_71"/> <!-- es -->
<rel id="rel_72" xlink:href="#tok_70" target="#tok_72"/> <!-- trotzdem -->
<rel id="rel_73" xlink:href="#tok_72" target="#tok_73"/> <!-- . -->
<rel id="rel_74" xlink:href="#tok_75" target="#tok_74"/> <!-- Und -->
<rel id="rel_76" xlink:href="#tok_75" target="#tok_76"/> <!-- dazu -->
<rel id="rel_77" xlink:href="#tok_76" target="#tok_77"/> <!-- . -->
<rel id="rel_78" xlink:href="#tok_79" target="#tok_78"/> <!-- Es -->
<rel id="rel_80" xlink:href="#tok_79" target="#tok_80"/> <!-- nicht -->
<rel id="rel_81" xlink:href="#tok_82" target="#tok_81"/> <!-- der -->
<rel id="rel_82" xlink:href="#tok_79" target="#tok_82"/> <!-- Komik -->
<rel id="rel_83" xlink:href="#tok_82" target="#tok_83"/> <!-- , -->
<rel id="rel_84" xlink:href="#tok_108" target="#tok_84"/> <!-- wenn -->
<rel id="rel_85" xlink:href="#tok_108" target="#tok_85"/> <!-- sich -->
<rel id="rel_86" xlink:href="#tok_87" target="#tok_86"/> <!-- drei -->
<rel id="rel_87" xlink:href="#tok_108" target="#tok_87"/> <!-- Erwachsene -->
<rel id="rel_88" xlink:href="#tok_87" target="#tok_88"/> <!-- _ -->
<rel id="rel_89" xlink:href="#tok_87" target="#tok_89"/> <!-- Karola -->
<rel id="rel_90" xlink:href="#tok_89" target="#tok_90"/> <!-- Andrae -->
<rel id="rel_91" xlink:href="#tok_90" target="#tok_91"/> <!-- ( -->
<rel id="rel_92" xlink:href="#tok_90" target="#tok_92"/> <!-- B?rgerb?ndnis/FDP -->
<rel id="rel_93" xlink:href="#tok_92" target="#tok_93"/> <!-- ) -->
<rel id="rel_94" xlink:href="#tok_93" target="#tok_94"/> <!-- , -->
<rel id="rel_95" xlink:href="#tok_87" target="#tok_95"/> <!-- Susanne -->
<rel id="rel_96" xlink:href="#tok_95" target="#tok_96"/> <!-- Michler -->
<rel id="rel_97" xlink:href="#tok_96" target="#tok_97"/> <!-- ( -->
<rel id="rel_98" xlink:href="#tok_96" target="#tok_98"/> <!-- CDU -->
<rel id="rel_99" xlink:href="#tok_98" target="#tok_99"/> <!-- ) -->
<rel id="rel_100" xlink:href="#tok_98" target="#tok_100"/> <!-- und -->
<rel id="rel_101" xlink:href="#tok_87" target="#tok_101"/> <!-- Joachim -->
<rel id="rel_102" xlink:href="#tok_101" target="#tok_102"/> <!-- Zanow -->
<rel id="rel_103" xlink:href="#tok_102" target="#tok_103"/> <!-- ( -->
<rel id="rel_104" xlink:href="#tok_102" target="#tok_104"/> <!-- SPD -->
<rel id="rel_105" xlink:href="#tok_104" target="#tok_105"/> <!-- ) -->
<rel id="rel_106" xlink:href="#tok_105" target="#tok_106"/> <!-- _ -->
<rel id="rel_107" xlink:href="#tok_108" target="#tok_107"/> <!-- dar?ber -->
<rel id="rel_108" xlink:href="#tok_79" target="#tok_108"/> <!-- streiten -->
<rel id="rel_109" xlink:href="#tok_108" target="#tok_109"/> <!-- , -->
<rel id="rel_110" xlink:href="#tok_112" target="#tok_110"/> <!-- was -->
<rel id="rel_111" xlink:href="#tok_112" target="#tok_111"/> <!-- Jugendliche -->
<rel id="rel_112" xlink:href="#tok_108" target="#tok_112"/> <!-- wollen -->
<rel id="rel_113" xlink:href="#tok_112" target="#tok_113"/> <!-- und -->
<rel id="rel_114" xlink:href="#tok_113" target="#tok_114"/> <!-- brauchen -->
<rel id="rel_115" xlink:href="#tok_114" target="#tok_115"/> <!-- , -->
<rel id="rel_116" xlink:href="#tok_121" target="#tok_116"/> <!-- ohne -->
<rel id="rel_117" xlink:href="#tok_121" target="#tok_117"/> <!-- auf -->
<rel id="rel_118" xlink:href="#tok_119" target="#tok_118"/> <!-- die -->
<rel id="rel_119" xlink:href="#tok_117" target="#tok_119"/> <!-- Idee -->
<rel id="rel_120" xlink:href="#tok_121" target="#tok_120"/> <!-- zu -->
<rel id="rel_121" xlink:href="#tok_114" target="#tok_121"/> <!-- kommen -->
<rel id="rel_122" xlink:href="#tok_121" target="#tok_122"/> <!-- , -->
<rel id="rel_123" xlink:href="#tok_126" target="#tok_123"/> <!-- sie -->
<rel id="rel_124" xlink:href="#tok_123" target="#tok_124"/> <!-- selbst -->
<rel id="rel_125" xlink:href="#tok_126" target="#tok_125"/> <!-- zu -->
<rel id="rel_126" xlink:href="#tok_119" target="#tok_126"/> <!-- fragen -->
<rel id="rel_127" xlink:href="#tok_126" target="#tok_127"/> <!-- . -->
<rel id="rel_128" xlink:href="#tok_129" target="#tok_128"/> <!-- Und -->
<rel id="rel_130" xlink:href="#tok_129" target="#tok_130"/> <!-- , -->
<rel id="rel_131" xlink:href="#tok_135" target="#tok_131"/> <!-- obwohl -->
<rel id="rel_132" xlink:href="#tok_135" target="#tok_132"/> <!-- sie -->
<rel id="rel_133" xlink:href="#tok_134" target="#tok_133"/> <!-- ihnen -->
<rel id="rel_134" xlink:href="#tok_135" target="#tok_134"/> <!-- gegen?ber -->
<rel id="rel_135" xlink:href="#tok_129" target="#tok_135"/> <!-- sitzen -->
<rel id="rel_136" xlink:href="#tok_135" target="#tok_136"/> <!-- . -->
<rel id="rel_137" xlink:href="#tok_138" target="#tok_137"/> <!-- Die -->
<rel id="rel_138" xlink:href="#tok_139" target="#tok_138"/> <!-- Jugendlichen -->
<rel id="rel_140" xlink:href="#tok_144" target="#tok_140"/> <!-- somit -->
<rel id="rel_141" xlink:href="#tok_144" target="#tok_141"/> <!-- zum -->
<rel id="rel_142" xlink:href="#tok_143" target="#tok_142"/> <!-- blo?en -->
<rel id="rel_143" xlink:href="#tok_141" target="#tok_143"/> <!-- Feigenblatt -->
<rel id="rel_144" xlink:href="#tok_139" target="#tok_144"/> <!-- degradiert -->
<rel id="rel_145" xlink:href="#tok_144" target="#tok_145"/> <!-- . -->
<rel id="rel_146" xlink:href="#tok_147" target="#tok_146"/> <!-- Nicht -->
<rel id="rel_147" xlink:href="#tok_151" target="#tok_147"/> <!-- ?ber -->
<rel id="rel_148" xlink:href="#tok_149" target="#tok_148"/> <!-- sondern -->
<rel id="rel_149" xlink:href="#tok_154" target="#tok_149"/> <!-- mit -->
<rel id="rel_150" xlink:href="#tok_149" target="#tok_150"/> <!-- ihnen -->
<rel id="rel_152" xlink:href="#tok_153" target="#tok_152"/> <!-- die -->
<rel id="rel_153" xlink:href="#tok_151" target="#tok_153"/> <!-- Politiker -->
<rel id="rel_154" xlink:href="#tok_155" target="#tok_154"/> <!-- reden -->
<rel id="rel_155" xlink:href="#tok_151" target="#tok_155"/> <!-- sollen -->
<rel id="rel_156" xlink:href="#tok_155" target="#tok_156"/> <!-- . -->
<rel id="rel_157" xlink:href="#tok_158" target="#tok_157"/> <!-- Damit -->
<rel id="rel_159" xlink:href="#tok_161" target="#tok_159"/> <!-- eine -->
<rel id="rel_160" xlink:href="#tok_161" target="#tok_160"/> <!-- gro?e -->
<rel id="rel_161" xlink:href="#tok_158" target="#tok_161"/> <!-- Chance -->
<rel id="rel_162" xlink:href="#tok_158" target="#tok_162"/> <!-- vertan -->
<rel id="rel_163" xlink:href="#tok_162" target="#tok_163"/> <!-- . -->
<rel id="rel_164" xlink:href="#tok_165" target="#tok_164"/> <!-- Vielleicht -->
<rel id="rel_166" xlink:href="#tok_165" target="#tok_166"/> <!-- es -->
<rel id="rel_167" xlink:href="#tok_165" target="#tok_167"/> <!-- bei -->
<rel id="rel_168" xlink:href="#tok_170" target="#tok_168"/> <!-- der -->
<rel id="rel_169" xlink:href="#tok_170" target="#tok_169"/> <!-- n?chsten -->
<rel id="rel_170" xlink:href="#tok_167" target="#tok_170"/> <!-- Runde -->
<rel id="rel_171" xlink:href="#tok_165" target="#tok_171"/> <!-- Anfang -->
<rel id="rel_172" xlink:href="#tok_171" target="#tok_172"/> <!-- 2002 -->
<rel id="rel_173" xlink:href="#tok_172" target="#tok_173"/> <!-- . -->
<rel id="rel_174" xlink:href="#tok_175" target="#tok_174"/> <!-- Dann -->
<rel id="rel_176" xlink:href="#tok_178" target="#tok_176"/> <!-- auch -->
<rel id="rel_177" xlink:href="#tok_178" target="#tok_177"/> <!-- mehr -->
<rel id="rel_178" xlink:href="#tok_175" target="#tok_178"/> <!-- Jugendliche -->
<rel id="rel_179" xlink:href="#tok_175" target="#tok_179"/> <!-- eingeladen -->
<rel id="rel_180" xlink:href="#tok_179" target="#tok_180"/> <!-- . -->
<rel id="rel_181" xlink:href="#tok_184" target="#tok_181"/> <!-- In -->
<rel id="rel_182" xlink:href="#tok_183" target="#tok_182"/> <!-- der -->
<rel id="rel_183" xlink:href="#tok_181" target="#tok_183"/> <!-- Gruppe -->
<rel id="rel_185" xlink:href="#tok_184" target="#tok_185"/> <!-- sie -->
<rel id="rel_186" xlink:href="#tok_190" target="#tok_186"/> <!-- sich -->
<rel id="rel_187" xlink:href="#tok_190" target="#tok_187"/> <!-- hoffentlich -->
<rel id="rel_188" xlink:href="#tok_189" target="#tok_188"/> <!-- mehr -->
<rel id="rel_189" xlink:href="#tok_190" target="#tok_189"/> <!-- Geh?r -->
<rel id="rel_190" xlink:href="#tok_184" target="#tok_190"/> <!-- verschaffen -->
<rel id="rel_191" xlink:href="#tok_190" target="#tok_191"/> <!-- . -->
<rel id="rel_192" xlink:href="#tok_193" target="#tok_192"/> <!-- Vielleicht -->
<rel id="rel_194" xlink:href="#tok_193" target="#tok_194"/> <!-- dann -->
<rel id="rel_195" xlink:href="#tok_196" target="#tok_195"/> <!-- auch -->
<rel id="rel_196" xlink:href="#tok_193" target="#tok_196"/> <!-- Vertreter -->
<rel id="rel_197" xlink:href="#tok_196" target="#tok_197"/> <!-- von -->
<rel id="rel_198" xlink:href="#tok_197" target="#tok_198"/> <!-- PDS -->
<rel id="rel_199" xlink:href="#tok_198" target="#tok_199"/> <!-- und -->
<rel id="rel_200" xlink:href="#tok_199" target="#tok_200"/> <!-- Gewerbeverein -->
<rel id="rel_201" xlink:href="#tok_202" target="#tok_201"/> <!-- ihren -->
<rel id="rel_202" xlink:href="#tok_193" target="#tok_202"/> <!-- Weg -->
<rel id="rel_203" xlink:href="#tok_193" target="#tok_203"/> <!-- ins -->
<rel id="rel_204" xlink:href="#tok_203" target="#tok_204"/> <!-- Rathaus -->
<rel id="rel_205" xlink:href="#tok_204" target="#tok_205"/> <!-- . -->
<rel id="rel_206" xlink:href="#tok_207" target="#tok_206"/> <!-- Die -->
<rel id="rel_208" xlink:href="#tok_207" target="#tok_208"/> <!-- diesmal -->
<rel id="rel_209" xlink:href="#tok_207" target="#tok_209"/> <!-- noch -->
<rel id="rel_210" xlink:href="#tok_207" target="#tok_210"/> <!-- mit -->
<rel id="rel_211" xlink:href="#tok_210" target="#tok_211"/> <!-- Abwesenheit -->
<rel id="rel_212" xlink:href="#tok_211" target="#tok_212"/> <!-- . -->
</relList>
</paula>
