<?xml version="1.0" standalone="no"?>
<!DOCTYPE paula SYSTEM "paula_mark.dtd">


<paula version="1.0">
<header paula_id="mmax.pocos.maz-11299_sentenceSeg"/>

<markList xmlns:xlink="http://www.w3.org/1999/xlink" type="sentenceSeg" xml:base="merged.maz-11299.tok.xml">
<mark id="sentenceSeg_5000" xlink:href="#tok_1"/>
<mark id="sentenceSeg_5001" xlink:href="#xpointer(id('tok_2')/range-to(id('tok_9')))"/>
<mark id="sentenceSeg_5002" xlink:href="#xpointer(id('tok_10')/range-to(id('tok_20')))"/>
<mark id="sentenceSeg_5003" xlink:href="#xpointer(id('tok_21')/range-to(id('tok_32')))"/>
<mark id="sentenceSeg_5004" xlink:href="#xpointer(id('tok_33')/range-to(id('tok_47')))"/>
<mark id="sentenceSeg_5005" xlink:href="#xpointer(id('tok_48')/range-to(id('tok_73')))"/>
<mark id="sentenceSeg_5006" xlink:href="#xpointer(id('tok_74')/range-to(id('tok_77')))"/>
<mark id="sentenceSeg_5007" xlink:href="#xpointer(id('tok_78')/range-to(id('tok_127')))"/>
<mark id="sentenceSeg_50010" xlink:href="#xpointer(id('tok_146')/range-to(id('tok_156')))"/>
<mark id="sentenceSeg_50011" xlink:href="#xpointer(id('tok_157')/range-to(id('tok_163')))"/>
<mark id="sentenceSeg_50012" xlink:href="#xpointer(id('tok_164')/range-to(id('tok_173')))"/>
<mark id="sentenceSeg_50013" xlink:href="#xpointer(id('tok_174')/range-to(id('tok_180')))"/>
<mark id="sentenceSeg_50014" xlink:href="#xpointer(id('tok_181')/range-to(id('tok_191')))"/>
<mark id="sentenceSeg_50015" xlink:href="#xpointer(id('tok_192')/range-to(id('tok_205')))"/>
<mark id="sentenceSeg_5008" xlink:href="#xpointer(id('tok_128')/range-to(id('tok_136')))"/>
<mark id="sentenceSeg_5009" xlink:href="#xpointer(id('tok_137')/range-to(id('tok_145')))"/>
<mark id="sentenceSeg_50016" xlink:href="#xpointer(id('tok_206')/range-to(id('tok_212')))"/>
</markList>
</paula>
