<?xml version="1.0" standalone="no"?>
<!DOCTYPE paula SYSTEM "paula_rel.dtd">


<paula version="1.0">

<header paula_id="dep.maz-4282_dep"/>

<relList xmlns:xlink="http://www.w3.org/1999/xlink" type="dep" xml:base="merged.maz-4282.tok.xml">

<rel id="rel_2" xlink:href="#tok_3" target="#tok_2"/> <!-- Wunder -->
<rel id="rel_4" xlink:href="#tok_3" target="#tok_4"/> <!-- es -->
<rel id="rel_5" xlink:href="#tok_6" target="#tok_5"/> <!-- immer -->
<rel id="rel_6" xlink:href="#tok_3" target="#tok_6"/> <!-- wieder -->
<rel id="rel_7" xlink:href="#tok_6" target="#tok_7"/> <!-- ! -->
<rel id="rel_8" xlink:href="#tok_9" target="#tok_8"/> <!-- Erst -->
<rel id="rel_10" xlink:href="#tok_12" target="#tok_10"/> <!-- die -->
<rel id="rel_11" xlink:href="#tok_12" target="#tok_11"/> <!-- Dallgower -->
<rel id="rel_12" xlink:href="#tok_9" target="#tok_12"/> <!-- Gemeindevertreter -->
<rel id="rel_13" xlink:href="#tok_14" target="#tok_13"/> <!-- so -->
<rel id="rel_14" xlink:href="#tok_9" target="#tok_14"/> <!-- statisch -->
<rel id="rel_15" xlink:href="#tok_14" target="#tok_15"/> <!-- und -->
<rel id="rel_16" xlink:href="#tok_15" target="#tok_16"/> <!-- verzagt -->
<rel id="rel_17" xlink:href="#tok_16" target="#tok_17"/> <!-- wie -->
<rel id="rel_18" xlink:href="#tok_20" target="#tok_18"/> <!-- die -->
<rel id="rel_19" xlink:href="#tok_20" target="#tok_19"/> <!-- deutsche -->
<rel id="rel_20" xlink:href="#tok_17" target="#tok_20"/> <!-- Abwehrreihe -->
<rel id="rel_21" xlink:href="#tok_22" target="#tok_21"/> <!-- der -->
<rel id="rel_22" xlink:href="#tok_20" target="#tok_22"/> <!-- Fu?ballkicker -->
<rel id="rel_23" xlink:href="#tok_22" target="#tok_23"/> <!-- . -->
<rel id="rel_24" xlink:href="#tok_26" target="#tok_24"/> <!-- Und -->
<rel id="rel_25" xlink:href="#tok_26" target="#tok_25"/> <!-- dann -->
<rel id="rel_27" xlink:href="#tok_26" target="#tok_27"/> <!-- aus -->
<rel id="rel_28" xlink:href="#tok_29" target="#tok_28"/> <!-- der -->
<rel id="rel_29" xlink:href="#tok_27" target="#tok_29"/> <!-- Tiefe -->
<rel id="rel_30" xlink:href="#tok_33" target="#tok_30"/> <!-- solch -->
<rel id="rel_31" xlink:href="#tok_33" target="#tok_31"/> <!-- ein -->
<rel id="rel_32" xlink:href="#tok_33" target="#tok_32"/> <!-- fulminanter -->
<rel id="rel_33" xlink:href="#tok_26" target="#tok_33"/> <!-- Steilpass -->
<rel id="rel_34" xlink:href="#tok_33" target="#tok_34"/> <!-- , -->
<rel id="rel_35" xlink:href="#tok_38" target="#tok_35"/> <!-- von -->
<rel id="rel_36" xlink:href="#tok_35" target="#tok_36"/> <!-- dem -->
<rel id="rel_37" xlink:href="#tok_38" target="#tok_37"/> <!-- man -->
<rel id="rel_38" xlink:href="#tok_33" target="#tok_38"/> <!-- hofft -->
<rel id="rel_39" xlink:href="#tok_38" target="#tok_39"/> <!-- , -->
<rel id="rel_40" xlink:href="#tok_48" target="#tok_40"/> <!-- dass -->
<rel id="rel_41" xlink:href="#tok_45" target="#tok_41"/> <!-- die -->
<rel id="rel_42" xlink:href="#tok_45" target="#tok_42"/> <!-- Seeburger -->
<rel id="rel_43" xlink:href="#tok_42" target="#tok_43"/> <!-- oder -->
<rel id="rel_44" xlink:href="#tok_43" target="#tok_44"/> <!-- Gro?_Glienicker -->
<rel id="rel_45" xlink:href="#tok_48" target="#tok_45"/> <!-- Mitspieler -->
<rel id="rel_46" xlink:href="#tok_47" target="#tok_46"/> <!-- ihn -->
<rel id="rel_47" xlink:href="#tok_48" target="#tok_47"/> <!-- aufnehmen -->
<rel id="rel_48" xlink:href="#tok_38" target="#tok_48"/> <!-- k?nnen -->
<rel id="rel_49" xlink:href="#tok_48" target="#tok_49"/> <!-- . -->
<rel id="rel_50" xlink:href="#tok_51" target="#tok_50"/> <!-- Ein -->
<rel id="rel_51" xlink:href="#tok_52" target="#tok_51"/> <!-- Befreiungsschlag -->
<rel id="rel_53" xlink:href="#tok_52" target="#tok_53"/> <!-- es -->
<rel id="rel_54" xlink:href="#tok_52" target="#tok_54"/> <!-- allerdings -->
<rel id="rel_55" xlink:href="#tok_52" target="#tok_55"/> <!-- nicht -->
<rel id="rel_56" xlink:href="#tok_55" target="#tok_56"/> <!-- , -->
<rel id="rel_57" xlink:href="#tok_65" target="#tok_57"/> <!-- weil -->
<rel id="rel_58" xlink:href="#tok_65" target="#tok_58"/> <!-- es -->
<rel id="rel_59" xlink:href="#tok_65" target="#tok_59"/> <!-- vorerst -->
<rel id="rel_60" xlink:href="#tok_61" target="#tok_60"/> <!-- keine -->
<rel id="rel_61" xlink:href="#tok_65" target="#tok_61"/> <!-- Gefahr -->
<rel id="rel_62" xlink:href="#tok_65" target="#tok_62"/> <!-- f?rs -->
<rel id="rel_63" xlink:href="#tok_64" target="#tok_63"/> <!-- Dallgower -->
<rel id="rel_64" xlink:href="#tok_62" target="#tok_64"/> <!-- Tor -->
<rel id="rel_65" xlink:href="#tok_52" target="#tok_65"/> <!-- gab -->
<rel id="rel_66" xlink:href="#tok_65" target="#tok_66"/> <!-- . -->
<rel id="rel_67" xlink:href="#tok_68" target="#tok_67"/> <!-- Die -->
<rel id="rel_68" xlink:href="#tok_72" target="#tok_68"/> <!-- Seeburger -->
<rel id="rel_69" xlink:href="#tok_68" target="#tok_69"/> <!-- und -->
<rel id="rel_70" xlink:href="#tok_71" target="#tok_70"/> <!-- einige -->
<rel id="rel_71" xlink:href="#tok_69" target="#tok_71"/> <!-- Gro?_Glienicker -->
<rel id="rel_73" xlink:href="#tok_74" target="#tok_73"/> <!-- den -->
<rel id="rel_74" xlink:href="#tok_76" target="#tok_74"/> <!-- Ball -->
<rel id="rel_75" xlink:href="#tok_76" target="#tok_75"/> <!-- erst -->
<rel id="rel_76" xlink:href="#tok_72" target="#tok_76"/> <!-- zur?ckgespielt -->
<rel id="rel_77" xlink:href="#tok_76" target="#tok_77"/> <!-- und -->
<rel id="rel_78" xlink:href="#tok_83" target="#tok_78"/> <!-- dann -->
<rel id="rel_79" xlink:href="#tok_83" target="#tok_79"/> <!-- um -->
<rel id="rel_80" xlink:href="#tok_79" target="#tok_80"/> <!-- so -->
<rel id="rel_81" xlink:href="#tok_79" target="#tok_81"/> <!-- dr?ngender -->
<rel id="rel_82" xlink:href="#tok_83" target="#tok_82"/> <!-- wieder -->
<rel id="rel_83" xlink:href="#tok_77" target="#tok_83"/> <!-- gefordert -->
<rel id="rel_84" xlink:href="#tok_83" target="#tok_84"/> <!-- . -->
<rel id="rel_85" xlink:href="#tok_86" target="#tok_85"/> <!-- Nun -->
<rel id="rel_87" xlink:href="#tok_86" target="#tok_87"/> <!-- sie -->
<rel id="rel_88" xlink:href="#tok_86" target="#tok_88"/> <!-- zeigen -->
<rel id="rel_89" xlink:href="#tok_88" target="#tok_89"/> <!-- , -->
<rel id="rel_90" xlink:href="#tok_94" target="#tok_90"/> <!-- wie -->
<rel id="rel_91" xlink:href="#tok_94" target="#tok_91"/> <!-- sie -->
<rel id="rel_92" xlink:href="#tok_93" target="#tok_92"/> <!-- die -->
<rel id="rel_93" xlink:href="#tok_94" target="#tok_93"/> <!-- Chance -->
<rel id="rel_94" xlink:href="#tok_88" target="#tok_94"/> <!-- verwerten -->
<rel id="rel_95" xlink:href="#tok_94" target="#tok_95"/> <!-- . -->
<rel id="rel_96" xlink:href="#tok_97" target="#tok_96"/> <!-- Eine -->
<rel id="rel_97" xlink:href="#tok_106" target="#tok_97"/> <!-- Diskussion -->
<rel id="rel_98" xlink:href="#tok_97" target="#tok_98"/> <!-- , -->
<rel id="rel_99" xlink:href="#tok_103" target="#tok_99"/> <!-- wo -->
<rel id="rel_100" xlink:href="#tok_103" target="#tok_100"/> <!-- k?nftig -->
<rel id="rel_101" xlink:href="#tok_102" target="#tok_101"/> <!-- die -->
<rel id="rel_102" xlink:href="#tok_104" target="#tok_102"/> <!-- Trainerkabine -->
<rel id="rel_103" xlink:href="#tok_104" target="#tok_103"/> <!-- stehen -->
<rel id="rel_104" xlink:href="#tok_97" target="#tok_104"/> <!-- soll -->
<rel id="rel_105" xlink:href="#tok_104" target="#tok_105"/> <!-- , -->
<rel id="rel_107" xlink:href="#tok_111" target="#tok_107"/> <!-- in -->
<rel id="rel_108" xlink:href="#tok_110" target="#tok_108"/> <!-- der -->
<rel id="rel_109" xlink:href="#tok_110" target="#tok_109"/> <!-- jetzigen -->
<rel id="rel_110" xlink:href="#tok_107" target="#tok_110"/> <!-- Spielsituation -->
<rel id="rel_111" xlink:href="#tok_106" target="#tok_111"/> <!-- verheerend -->
<rel id="rel_112" xlink:href="#tok_111" target="#tok_112"/> <!-- . -->
<rel id="rel_113" xlink:href="#tok_120" target="#tok_113"/> <!-- Und -->
<rel id="rel_114" xlink:href="#tok_115" target="#tok_114"/> <!-- eine -->
<rel id="rel_115" xlink:href="#tok_120" target="#tok_115"/> <!-- Parallele -->
<rel id="rel_116" xlink:href="#tok_115" target="#tok_116"/> <!-- zu -->
<rel id="rel_117" xlink:href="#tok_119" target="#tok_117"/> <!-- den -->
<rel id="rel_118" xlink:href="#tok_119" target="#tok_118"/> <!-- deutschen -->
<rel id="rel_119" xlink:href="#tok_116" target="#tok_119"/> <!-- Grotten_Kickern -->
<rel id="rel_121" xlink:href="#tok_120" target="#tok_121"/> <!-- es -->
<rel id="rel_122" xlink:href="#tok_123" target="#tok_122"/> <!-- immer -->
<rel id="rel_123" xlink:href="#tok_120" target="#tok_123"/> <!-- noch -->
<rel id="rel_124" xlink:href="#tok_123" target="#tok_124"/> <!-- . -->
<rel id="rel_125" xlink:href="#tok_126" target="#tok_125"/> <!-- Auch -->
<rel id="rel_126" xlink:href="#tok_134" target="#tok_126"/> <!-- wenn -->
<rel id="rel_127" xlink:href="#tok_128" target="#tok_127"/> <!-- die -->
<rel id="rel_128" xlink:href="#tok_134" target="#tok_128"/> <!-- Spieler -->
<rel id="rel_129" xlink:href="#tok_133" target="#tok_129"/> <!-- aus -->
<rel id="rel_130" xlink:href="#tok_132" target="#tok_130"/> <!-- den -->
<rel id="rel_131" xlink:href="#tok_132" target="#tok_131"/> <!-- verschiedenen -->
<rel id="rel_132" xlink:href="#tok_129" target="#tok_132"/> <!-- Vereinen -->
<rel id="rel_133" xlink:href="#tok_134" target="#tok_133"/> <!-- zusammengew?rfelt -->
<rel id="rel_134" xlink:href="#tok_137" target="#tok_134"/> <!-- sind -->
<rel id="rel_135" xlink:href="#tok_134" target="#tok_135"/> <!-- , -->
<rel id="rel_136" xlink:href="#tok_137" target="#tok_136"/> <!-- sie -->
<rel id="rel_138" xlink:href="#tok_140" target="#tok_138"/> <!-- sich -->
<rel id="rel_139" xlink:href="#tok_140" target="#tok_139"/> <!-- daran -->
<rel id="rel_140" xlink:href="#tok_137" target="#tok_140"/> <!-- gew?hnen -->
<rel id="rel_141" xlink:href="#tok_140" target="#tok_141"/> <!-- , -->
<rel id="rel_142" xlink:href="#tok_152" target="#tok_142"/> <!-- dass -->
<rel id="rel_143" xlink:href="#tok_152" target="#tok_143"/> <!-- sie -->
<rel id="rel_144" xlink:href="#tok_152" target="#tok_144"/> <!-- nun -->
<rel id="rel_145" xlink:href="#tok_152" target="#tok_145"/> <!-- in -->
<rel id="rel_146" xlink:href="#tok_147" target="#tok_146"/> <!-- einer -->
<rel id="rel_147" xlink:href="#tok_145" target="#tok_147"/> <!-- Mannschaft -->
<rel id="rel_148" xlink:href="#tok_147" target="#tok_148"/> <!-- " -->
<rel id="rel_149" xlink:href="#tok_150" target="#tok_149"/> <!-- D.beritzer -->
<rel id="rel_150" xlink:href="#tok_147" target="#tok_150"/> <!-- Heide -->
<rel id="rel_151" xlink:href="#tok_150" target="#tok_151"/> <!-- " -->
<rel id="rel_152" xlink:href="#tok_139" target="#tok_152"/> <!-- spielen -->
<rel id="rel_153" xlink:href="#tok_152" target="#tok_153"/> <!-- . -->
<rel id="rel_154" xlink:href="#tok_156" target="#tok_154"/> <!-- Und -->
<rel id="rel_155" xlink:href="#tok_156" target="#tok_155"/> <!-- das -->
<rel id="rel_157" xlink:href="#tok_156" target="#tok_157"/> <!-- gemeinsam -->
<rel id="rel_158" xlink:href="#tok_157" target="#tok_158"/> <!-- und -->
<rel id="rel_159" xlink:href="#tok_160" target="#tok_159"/> <!-- nicht -->
<rel id="rel_160" xlink:href="#tok_158" target="#tok_160"/> <!-- gegeneinander -->
<rel id="rel_161" xlink:href="#tok_160" target="#tok_161"/> <!-- . -->
<rel id="rel_162" xlink:href="#tok_180" target="#tok_162"/> <!-- Ermahnungen -->
<rel id="rel_163" xlink:href="#tok_162" target="#tok_163"/> <!-- von -->
<rel id="rel_164" xlink:href="#tok_165" target="#tok_164"/> <!-- der -->
<rel id="rel_165" xlink:href="#tok_163" target="#tok_165"/> <!-- Seitenlinie -->
<rel id="rel_166" xlink:href="#tok_165" target="#tok_166"/> <!-- , -->
<rel id="rel_167" xlink:href="#tok_169" target="#tok_167"/> <!-- miteinander -->
<rel id="rel_168" xlink:href="#tok_169" target="#tok_168"/> <!-- fair -->
<rel id="rel_169" xlink:href="#tok_162" target="#tok_169"/> <!-- umzugehen -->
<rel id="rel_170" xlink:href="#tok_169" target="#tok_170"/> <!-- und -->
<rel id="rel_171" xlink:href="#tok_178" target="#tok_171"/> <!-- sich -->
<rel id="rel_172" xlink:href="#tok_178" target="#tok_172"/> <!-- nicht -->
<rel id="rel_173" xlink:href="#tok_178" target="#tok_173"/> <!-- beim -->
<rel id="rel_174" xlink:href="#tok_175" target="#tok_174"/> <!-- kleinsten -->
<rel id="rel_175" xlink:href="#tok_173" target="#tok_175"/> <!-- Schubser -->
<rel id="rel_176" xlink:href="#tok_178" target="#tok_176"/> <!-- gegenseitig -->
<rel id="rel_177" xlink:href="#tok_178" target="#tok_177"/> <!-- zu -->
<rel id="rel_178" xlink:href="#tok_170" target="#tok_178"/> <!-- zerfleischen -->
<rel id="rel_179" xlink:href="#tok_178" target="#tok_179"/> <!-- , -->
<rel id="rel_181" xlink:href="#tok_180" target="#tok_181"/> <!-- normalerweise -->
<rel id="rel_182" xlink:href="#tok_180" target="#tok_182"/> <!-- ?berfl?ssig -->
<rel id="rel_183" xlink:href="#tok_182" target="#tok_183"/> <!-- . -->
<rel id="rel_184" xlink:href="#tok_186" target="#tok_184"/> <!-- Vorerst -->
<rel id="rel_185" xlink:href="#tok_186" target="#tok_185"/> <!-- allerdings -->
<rel id="rel_187" xlink:href="#tok_186" target="#tok_187"/> <!-- . -->
</relList>
</paula>
