<?xml version="1.0" standalone="no"?>


<!DOCTYPE paula SYSTEM "paula_feat.dtd">
<paula version="1.0">

<header paula_id="dep.maz-4282_dep_func"/>

<featList xmlns:xlink="http://www.w3.org/1999/xlink" type="func" xml:base="dep.maz-4282.dep.xml">
<feat xlink:href="#rel_2" value="obja"/><!-- wunder -->
<feat xlink:href="#rel_4" value="sbj"/><!-- es -->
<feat xlink:href="#rel_5" value="adv"/><!-- immer -->
<feat xlink:href="#rel_6" value="adv"/><!-- wieder -->
<feat xlink:href="#rel_7" value="punct"/><!-- ! -->
<feat xlink:href="#rel_8" value="adv"/><!-- erst -->
<feat xlink:href="#rel_10" value="det"/><!-- die -->
<feat xlink:href="#rel_11" value="attr"/><!-- dallgower -->
<feat xlink:href="#rel_12" value="sbj"/><!-- gemeindevertreter -->
<feat xlink:href="#rel_13" value="adv"/><!-- so -->
<feat xlink:href="#rel_14" value="adv"/><!-- statisch -->
<feat xlink:href="#rel_15" value="kon"/><!-- und -->
<feat xlink:href="#rel_16" value="cj"/><!-- verzagt -->
<feat xlink:href="#rel_17" value="kom"/><!-- wie -->
<feat xlink:href="#rel_18" value="det"/><!-- die -->
<feat xlink:href="#rel_19" value="attr"/><!-- deutsche -->
<feat xlink:href="#rel_20" value="cj"/><!-- abwehrreihe -->
<feat xlink:href="#rel_21" value="det"/><!-- der -->
<feat xlink:href="#rel_22" value="gmod"/><!-- fu?ballkicker -->
<feat xlink:href="#rel_23" value="punct"/><!-- . -->
<feat xlink:href="#rel_24" value="kon"/><!-- und -->
<feat xlink:href="#rel_25" value="adv"/><!-- dann -->
<feat xlink:href="#rel_27" value="pp"/><!-- aus -->
<feat xlink:href="#rel_28" value="det"/><!-- der -->
<feat xlink:href="#rel_29" value="pn"/><!-- tiefe -->
<feat xlink:href="#rel_30" value="det"/><!-- solch -->
<feat xlink:href="#rel_31" value="attr"/><!-- ein -->
<feat xlink:href="#rel_32" value="attr"/><!-- fulminanter -->
<feat xlink:href="#rel_33" value="sbj"/><!-- steilpass -->
<feat xlink:href="#rel_34" value="punct"/><!-- , -->
<feat xlink:href="#rel_35" value="pp"/><!-- von -->
<feat xlink:href="#rel_36" value="pn"/><!-- dem -->
<feat xlink:href="#rel_37" value="sbj"/><!-- man -->
<feat xlink:href="#rel_38" value="rel"/><!-- hofft -->
<feat xlink:href="#rel_39" value="punct"/><!-- , -->
<feat xlink:href="#rel_40" value="konj"/><!-- dass -->
<feat xlink:href="#rel_41" value="det"/><!-- die -->
<feat xlink:href="#rel_42" value="attr"/><!-- seeburger -->
<feat xlink:href="#rel_43" value="kon"/><!-- oder -->
<feat xlink:href="#rel_44" value="cj"/><!-- gro?_glienicker -->
<feat xlink:href="#rel_45" value="sbj"/><!-- mitspieler -->
<feat xlink:href="#rel_46" value="obja"/><!-- ihn -->
<feat xlink:href="#rel_47" value="aux"/><!-- aufnehmen -->
<feat xlink:href="#rel_48" value="neb"/><!-- k?nnen -->
<feat xlink:href="#rel_49" value="punct"/><!-- . -->
<feat xlink:href="#rel_50" value="det"/><!-- ein -->
<feat xlink:href="#rel_51" value="pred"/><!-- befreiungsschlag -->
<feat xlink:href="#rel_53" value="sbj"/><!-- es -->
<feat xlink:href="#rel_54" value="adv"/><!-- allerdings -->
<feat xlink:href="#rel_55" value="adv"/><!-- nicht -->
<feat xlink:href="#rel_56" value="punct"/><!-- , -->
<feat xlink:href="#rel_57" value="konj"/><!-- weil -->
<feat xlink:href="#rel_58" value="sbj"/><!-- es -->
<feat xlink:href="#rel_59" value="adv"/><!-- vorerst -->
<feat xlink:href="#rel_60" value="det"/><!-- keine -->
<feat xlink:href="#rel_61" value="obja"/><!-- gefahr -->
<feat xlink:href="#rel_62" value="pp"/><!-- f?rs -->
<feat xlink:href="#rel_63" value="attr"/><!-- dallgower -->
<feat xlink:href="#rel_64" value="pn"/><!-- tor -->
<feat xlink:href="#rel_65" value="neb"/><!-- gab -->
<feat xlink:href="#rel_66" value="punct"/><!-- . -->
<feat xlink:href="#rel_67" value="det"/><!-- die -->
<feat xlink:href="#rel_68" value="sbj"/><!-- seeburger -->
<feat xlink:href="#rel_69" value="kon"/><!-- und -->
<feat xlink:href="#rel_70" value="det"/><!-- einige -->
<feat xlink:href="#rel_71" value="cj"/><!-- gro?_glienicker -->
<feat xlink:href="#rel_73" value="det"/><!-- den -->
<feat xlink:href="#rel_74" value="obja"/><!-- ball -->
<feat xlink:href="#rel_75" value="adv"/><!-- erst -->
<feat xlink:href="#rel_76" value="aux"/><!-- zur?ckgespielt -->
<feat xlink:href="#rel_77" value="kon"/><!-- und -->
<feat xlink:href="#rel_78" value="adv"/><!-- dann -->
<feat xlink:href="#rel_79" value="adv"/><!-- um -->
<feat xlink:href="#rel_80" value="adv"/><!-- so -->
<feat xlink:href="#rel_81" value="pn"/><!-- dr?ngender -->
<feat xlink:href="#rel_82" value="adv"/><!-- wieder -->
<feat xlink:href="#rel_83" value="cj"/><!-- gefordert -->
<feat xlink:href="#rel_84" value="punct"/><!-- . -->
<feat xlink:href="#rel_85" value="adv"/><!-- nun -->
<feat xlink:href="#rel_87" value="sbj"/><!-- sie -->
<feat xlink:href="#rel_88" value="aux"/><!-- zeigen -->
<feat xlink:href="#rel_89" value="punct"/><!-- , -->
<feat xlink:href="#rel_90" value="rel"/><!-- wie -->
<feat xlink:href="#rel_91" value="sbj"/><!-- sie -->
<feat xlink:href="#rel_92" value="det"/><!-- die -->
<feat xlink:href="#rel_93" value="obja"/><!-- chance -->
<feat xlink:href="#rel_94" value="oa"/><!-- verwerten -->
<feat xlink:href="#rel_95" value="punct"/><!-- . -->
<feat xlink:href="#rel_96" value="det"/><!-- eine -->
<feat xlink:href="#rel_97" value="sbj"/><!-- diskussion -->
<feat xlink:href="#rel_98" value="punct"/><!-- , -->
<feat xlink:href="#rel_99" value="adv"/><!-- wo -->
<feat xlink:href="#rel_100" value="adv"/><!-- k?nftig -->
<feat xlink:href="#rel_101" value="det"/><!-- die -->
<feat xlink:href="#rel_102" value="sbj"/><!-- trainerkabine -->
<feat xlink:href="#rel_103" value="aux"/><!-- stehen -->
<feat xlink:href="#rel_104" value="rel"/><!-- soll -->
<feat xlink:href="#rel_105" value="punct"/><!-- , -->
<feat xlink:href="#rel_107" value="pp"/><!-- in -->
<feat xlink:href="#rel_108" value="det"/><!-- der -->
<feat xlink:href="#rel_109" value="attr"/><!-- jetzigen -->
<feat xlink:href="#rel_110" value="pn"/><!-- spielsituation -->
<feat xlink:href="#rel_111" value="pred"/><!-- verheerend -->
<feat xlink:href="#rel_112" value="punct"/><!-- . -->
<feat xlink:href="#rel_113" value="kon"/><!-- und -->
<feat xlink:href="#rel_114" value="det"/><!-- eine -->
<feat xlink:href="#rel_115" value="obja"/><!-- parallele -->
<feat xlink:href="#rel_116" value="pp"/><!-- zu -->
<feat xlink:href="#rel_117" value="det"/><!-- den -->
<feat xlink:href="#rel_118" value="attr"/><!-- deutschen -->
<feat xlink:href="#rel_119" value="pn"/><!-- grotten_kickern -->
<feat xlink:href="#rel_121" value="sbj"/><!-- es -->
<feat xlink:href="#rel_122" value="adv"/><!-- immer -->
<feat xlink:href="#rel_123" value="adv"/><!-- noch -->
<feat xlink:href="#rel_124" value="punct"/><!-- . -->
<feat xlink:href="#rel_125" value="adv"/><!-- auch -->
<feat xlink:href="#rel_126" value="konj"/><!-- wenn -->
<feat xlink:href="#rel_127" value="det"/><!-- die -->
<feat xlink:href="#rel_128" value="sbj"/><!-- spieler -->
<feat xlink:href="#rel_129" value="pp"/><!-- aus -->
<feat xlink:href="#rel_130" value="det"/><!-- den -->
<feat xlink:href="#rel_131" value="attr"/><!-- verschiedenen -->
<feat xlink:href="#rel_132" value="pn"/><!-- vereinen -->
<feat xlink:href="#rel_133" value="pred"/><!-- zusammengew?rfelt -->
<feat xlink:href="#rel_134" value="adv"/><!-- sind -->
<feat xlink:href="#rel_135" value="punct"/><!-- , -->
<feat xlink:href="#rel_136" value="sbj"/><!-- sie -->
<feat xlink:href="#rel_138" value="obja"/><!-- sich -->
<feat xlink:href="#rel_139" value="pp"/><!-- daran -->
<feat xlink:href="#rel_140" value="aux"/><!-- gew?hnen -->
<feat xlink:href="#rel_141" value="punct"/><!-- , -->
<feat xlink:href="#rel_142" value="konj"/><!-- dass -->
<feat xlink:href="#rel_143" value="sbj"/><!-- sie -->
<feat xlink:href="#rel_144" value="adv"/><!-- nun -->
<feat xlink:href="#rel_145" value="pp"/><!-- in -->
<feat xlink:href="#rel_146" value="det"/><!-- einer -->
<feat xlink:href="#rel_147" value="pn"/><!-- mannschaft -->
<feat xlink:href="#rel_148" value="punct"/><!-- " -->
<feat xlink:href="#rel_149" value="attr"/><!-- d.beritzer -->
<feat xlink:href="#rel_150" value="app"/><!-- heide -->
<feat xlink:href="#rel_151" value="punct"/><!-- " -->
<feat xlink:href="#rel_152" value="neb"/><!-- spielen -->
<feat xlink:href="#rel_153" value="punct"/><!-- . -->
<feat xlink:href="#rel_154" value="kon"/><!-- und -->
<feat xlink:href="#rel_155" value="sbj"/><!-- das -->
<feat xlink:href="#rel_157" value="adv"/><!-- gemeinsam -->
<feat xlink:href="#rel_158" value="kon"/><!-- und -->
<feat xlink:href="#rel_159" value="adv"/><!-- nicht -->
<feat xlink:href="#rel_160" value="cj"/><!-- gegeneinander -->
<feat xlink:href="#rel_161" value="punct"/><!-- . -->
<feat xlink:href="#rel_162" value="sbj"/><!-- ermahnungen -->
<feat xlink:href="#rel_163" value="pp"/><!-- von -->
<feat xlink:href="#rel_164" value="det"/><!-- der -->
<feat xlink:href="#rel_165" value="pn"/><!-- seitenlinie -->
<feat xlink:href="#rel_166" value="punct"/><!-- , -->
<feat xlink:href="#rel_167" value="adv"/><!-- miteinander -->
<feat xlink:href="#rel_168" value="adv"/><!-- fair -->
<feat xlink:href="#rel_169" value="rel"/><!-- umzugehen -->
<feat xlink:href="#rel_170" value="kon"/><!-- und -->
<feat xlink:href="#rel_171" value="obja"/><!-- sich -->
<feat xlink:href="#rel_172" value="adv"/><!-- nicht -->
<feat xlink:href="#rel_173" value="pp"/><!-- beim -->
<feat xlink:href="#rel_174" value="attr"/><!-- kleinsten -->
<feat xlink:href="#rel_175" value="pn"/><!-- schubser -->
<feat xlink:href="#rel_176" value="adv"/><!-- gegenseitig -->
<feat xlink:href="#rel_177" value="part"/><!-- zu -->
<feat xlink:href="#rel_178" value="cj"/><!-- zerfleischen -->
<feat xlink:href="#rel_179" value="punct"/><!-- , -->
<feat xlink:href="#rel_181" value="adv"/><!-- normalerweise -->
<feat xlink:href="#rel_182" value="pred"/><!-- ?berfl?ssig -->
<feat xlink:href="#rel_183" value="punct"/><!-- . -->
<feat xlink:href="#rel_184" value="adv"/><!-- vorerst -->
<feat xlink:href="#rel_185" value="adv"/><!-- allerdings -->
<feat xlink:href="#rel_187" value="punct"/><!-- . -->

</featList>

</paula>
