<?xml version="1.0" encoding="UTF-8" standalone="no"?>


<!DOCTYPE paula SYSTEM "paula_feat.dtd">
<paula version="1.0">

<header paula_id="exmaralda.is.maz-4282_Inf-Stat"/>

<featList xmlns:xlink="http://www.w3.org/1999/xlink" type="Inf-Stat" xml:base="exmaralda.is.maz-4282.Inf-StatSeg.xml">

<feat xlink:href="#Inf-StatSeg_1" value="idiom"/><!-- Wunder -->
<feat xlink:href="#Inf-StatSeg_2" value="new"/><!-- die...Gemeindevertreter -->
<feat xlink:href="#Inf-StatSeg_3" value="acc-inf"/><!-- die...Fußballkicker -->
<feat xlink:href="#Inf-StatSeg_4" value="idiom"/><!-- der...Tiefe -->
<feat xlink:href="#Inf-StatSeg_5" value="new"/><!-- ein...Steilpass -->
<feat xlink:href="#Inf-StatSeg_6" value="giv-active"/><!-- dem -->
<feat xlink:href="#Inf-StatSeg_7" value="acc-sit"/><!-- man -->
<feat xlink:href="#Inf-StatSeg_8" value="new"/><!-- die...Mitspieler -->
<feat xlink:href="#Inf-StatSeg_9" value="giv-active"/><!-- ihn -->
<feat xlink:href="#Inf-StatSeg_10" value="acc-inf"/><!-- Ein...Befreiungsschlag -->
<feat xlink:href="#Inf-StatSeg_11" value="idiom"/><!-- keine...Gefahr -->
<feat xlink:href="#Inf-StatSeg_12" value="acc-inf"/><!-- Dallgower...Tor -->
<feat xlink:href="#Inf-StatSeg_13" value="giv-inactive"/><!-- Die...Seeburger -->
<feat xlink:href="#Inf-StatSeg_14" value="giv-inactive"/><!-- einige...Groß_Glienicker -->
<feat xlink:href="#Inf-StatSeg_15" value="acc-inf"/><!-- den...Ball -->
<feat xlink:href="#Inf-StatSeg_16" value="giv-active"/><!-- sie -->
<feat xlink:href="#Inf-StatSeg_17" value="giv-acitve"/><!-- sie -->
<feat xlink:href="#Inf-StatSeg_18" value="acc-inf"/><!-- die...Chance -->
<feat xlink:href="#Inf-StatSeg_19" value="new"/><!-- Eine...Diskussion -->
<feat xlink:href="#Inf-StatSeg_20" value="new"/><!-- die...Trainerkabine -->
<feat xlink:href="#Inf-StatSeg_21" value="new"/><!-- der...Spielsituation -->
<feat xlink:href="#Inf-StatSeg_22" value="idiom"/><!-- eine...Parallele -->
<feat xlink:href="#Inf-StatSeg_23" value="giv-inactive"/><!-- den...Grotten_Kickern -->
<feat xlink:href="#Inf-StatSeg_24" value="acc-aggr"/><!-- die...Spieler -->
<feat xlink:href="#Inf-StatSeg_25" value="giv-inactive"/><!-- den...Vereinen -->
<feat xlink:href="#Inf-StatSeg_26" value="giv-active"/><!-- sie -->
<feat xlink:href="#Inf-StatSeg_27" value="acc-aggr"/><!-- sich -->
<feat xlink:href="#Inf-StatSeg_28" value="giv-active"/><!-- sie -->
<feat xlink:href="#Inf-StatSeg_29" value="acc-inf"/><!-- einer..." -->
<feat xlink:href="#Inf-StatSeg_30" value="giv-active"/><!-- das -->
<feat xlink:href="#Inf-StatSeg_31" value="new"/><!-- Ermahnungen -->
<feat xlink:href="#Inf-StatSeg_32" value="acc-inf"/><!-- der...Seitenlinie -->
<feat xlink:href="#Inf-StatSeg_33" value="acc-aggr"/><!-- sich -->
<feat xlink:href="#Inf-StatSeg_34" value="idiom"/><!-- kleinsten...Schubser -->
</featList>

</paula>
