<?xml version="1.0" standalone="no"?>
<!DOCTYPE paula SYSTEM "paula_mark.dtd">


<paula version="1.0">
<header paula_id="mmax.pocos.maz-4282_sentenceSeg"/>

<markList xmlns:xlink="http://www.w3.org/1999/xlink" type="sentenceSeg" xml:base="merged.maz-4282.tok.xml">
<mark id="sentenceSeg_5001" xlink:href="#xpointer(id('tok_1')/range-to(id('tok_6')))"/>
<mark id="sentenceSeg_5002" xlink:href="#xpointer(id('tok_7')/range-to(id('tok_22')))"/>
<mark id="sentenceSeg_5003" xlink:href="#xpointer(id('tok_23')/range-to(id('tok_48')))"/>
<mark id="sentenceSeg_5004" xlink:href="#xpointer(id('tok_49')/range-to(id('tok_65')))"/>
<mark id="sentenceSeg_5005" xlink:href="#xpointer(id('tok_66')/range-to(id('tok_83')))"/>
<mark id="sentenceSeg_5006" xlink:href="#xpointer(id('tok_84')/range-to(id('tok_94')))"/>
<mark id="sentenceSeg_5007" xlink:href="#xpointer(id('tok_95')/range-to(id('tok_111')))"/>
<mark id="sentenceSeg_5008" xlink:href="#xpointer(id('tok_112')/range-to(id('tok_123')))"/>
<mark id="sentenceSeg_5009" xlink:href="#xpointer(id('tok_124')/range-to(id('tok_152')))"/>
<mark id="sentenceSeg_50010" xlink:href="#xpointer(id('tok_153')/range-to(id('tok_160')))"/>
<mark id="sentenceSeg_50011" xlink:href="#xpointer(id('tok_161')/range-to(id('tok_182')))"/>
<mark id="sentenceSeg_50012" xlink:href="#xpointer(id('tok_183')/range-to(id('tok_186')))"/>
</markList>
</paula>
