<?xml version="1.0" standalone="no"?>
<!DOCTYPE paula SYSTEM "paula_mark.dtd">


<paula version="1.0">
<header paula_id="mmax.pocos.maz-4282_primmarkSeg"/>

<markList xmlns:xlink="http://www.w3.org/1999/xlink" type="primmarkSeg" xml:base="merged.maz-4282.tok.xml">
<mark id="primmarkSeg_28" xlink:href="(#tok_67,#tok_68)"/>
<mark id="primmarkSeg_29" xlink:href="(#tok_70,#tok_71)"/>
<mark id="primmarkSeg_32" xlink:href="#xpointer(id('tok_67')/range-to(id('tok_71')))"/>
<mark id="primmarkSeg_23" xlink:href="#xpointer(id('tok_62')/range-to(id('tok_64')))"/>
<mark id="primmarkSeg_16" xlink:href="#xpointer(id('tok_41')/range-to(id('tok_45')))"/>
<mark id="primmarkSeg_56" xlink:href="(#tok_127,#tok_128)"/>
<mark id="primmarkSeg_72" xlink:href="#xpointer(id('tok_163')/range-to(id('tok_165')))"/>
<mark id="primmarkSeg_7" xlink:href="#xpointer(id('tok_17')/range-to(id('tok_22')))"/>
<mark id="primmarkSeg_46" xlink:href="#xpointer(id('tok_107')/range-to(id('tok_110')))"/>
<mark id="primmarkSeg_60" xlink:href="(#tok_149,#tok_150)"/>
<mark id="primmarkSeg_1000159" xlink:href="(#tok_41,#xpointer(id('tok_44')/range-to(id('tok_45'))))"/>
<mark id="primmarkSeg_39" xlink:href="(#tok_92,#tok_93)"/>
<mark id="primmarkSeg_1000154" xlink:href="#tok_155"/>
<mark id="primmarkSeg_6" xlink:href="(#tok_21,#tok_22)"/>
<mark id="primmarkSeg_45" xlink:href="(#tok_101,#tok_102)"/>
<mark id="primmarkSeg_100086" xlink:href="#tok_87"/>
<mark id="primmarkSeg_1000161" xlink:href="#tok_63"/>
<mark id="primmarkSeg_12" xlink:href="#xpointer(id('tok_27')/range-to(id('tok_29')))"/>
<mark id="primmarkSeg_4" xlink:href="#xpointer(id('tok_10')/range-to(id('tok_12')))"/>
<mark id="primmarkSeg_100090" xlink:href="#tok_91"/>
<mark id="primmarkSeg_100045" xlink:href="#tok_46"/>
<mark id="primmarkSeg_51" xlink:href="#xpointer(id('tok_116')/range-to(id('tok_119')))"/>
<mark id="primmarkSeg_1000155" xlink:href="#tok_11"/>
<mark id="primmarkSeg_1000142" xlink:href="#tok_143"/>
<mark id="primmarkSeg_74" xlink:href="#xpointer(id('tok_173')/range-to(id('tok_175')))"/>
<mark id="primmarkSeg_57" xlink:href="#xpointer(id('tok_129')/range-to(id('tok_132')))"/>
<mark id="primmarkSeg_1000158" xlink:href="(#xpointer(id('tok_41')/range-to(id('tok_42'))),#tok_45)"/>
<mark id="primmarkSeg_1000135" xlink:href="#tok_136"/>
<mark id="primmarkSeg_30" xlink:href="(#tok_73,#tok_74)"/>
</markList>
</paula>
