<?xml version="1.0" standalone="no"?>
<!DOCTYPE paula SYSTEM "paula_feat.dtd">
<paula version="1.1">
	<header paula_id="rst.maz-4282.struct_relname"/>
	<featList xmlns:xlink="http://www.w3.org/1999/xlink" type="relname" xml:base="rst.maz-4282.struct.xml">
		<feat xlink:href="#sDomRel214" value="elaboration"/>
		<feat xlink:href="#sDomRel206" value="evidence"/>
		<feat xlink:href="#sDomRel193" value="elaboration"/>
		<feat xlink:href="#sDomRel205" value="elaboration"/>
		<feat xlink:href="#sDomRel196" value="nonvolitional-result"/>
		<feat xlink:href="#sDomRel210" value="evidence"/>
		<feat xlink:href="#sDomRel199" value="evaluation"/>
		<feat xlink:href="#sDomRel201" value="evaluation"/>
		<feat xlink:href="#sDomRel188" value="preparation"/>
		<feat xlink:href="#sDomRel189" value="sequence"/>
		<feat xlink:href="#sDomRel190" value="sequence"/>
		<feat xlink:href="#sDomRel202" value="span"/>
		<feat xlink:href="#sDomRel211" value="evaluation"/>
		<feat xlink:href="#sDomRel191" value="span"/>
		<feat xlink:href="#sDomRel212" value="evaluation"/>
		<feat xlink:href="#sDomRel195" value="span"/>
		<feat xlink:href="#sDomRel192" value="span"/>
		<feat xlink:href="#sDomRel198" value="span"/>
		<feat xlink:href="#sDomRel208" value="elaboration"/>
		<feat xlink:href="#sDomRel200" value="span"/>
		<feat xlink:href="#sDomRel197" value="span"/>
		<feat xlink:href="#sDomRel207" value="span"/>
		<feat xlink:href="#sDomRel204" value="span"/>
		<feat xlink:href="#sDomRel194" value="span"/>
		<feat xlink:href="#sDomRel203" value="span"/>
		<feat xlink:href="#sDomRel209" value="evaluation"/>
		<feat xlink:href="#sDomRel213" value="span"/>
	</featList>
</paula>
