<?xml version="1.0" standalone="no"?>
<!DOCTYPE paula SYSTEM "paula_struct.dtd">
<paula version="1.1">
	<header paula_id="rst.maz-4282.struct"/>
	<structList xmlns:xlink="http://www.w3.org/1999/xlink" type="struct" >
		<struct id="u0">
			<rel id="sDomRel1" xlink:href="merged.maz-4282.tok.xml#tok_1"/>
			<rel id="sDomRel214" type="rst" xlink:href="#u28"/>
		</struct>
		<struct id="u1">
			<rel id="sDomRel2" xlink:href="merged.maz-4282.tok.xml#tok_2"/>
			<rel id="sDomRel3" xlink:href="merged.maz-4282.tok.xml#tok_3"/>
			<rel id="sDomRel4" xlink:href="merged.maz-4282.tok.xml#tok_4"/>
			<rel id="sDomRel5" xlink:href="merged.maz-4282.tok.xml#tok_5"/>
			<rel id="sDomRel6" xlink:href="merged.maz-4282.tok.xml#tok_6"/>
			<rel id="sDomRel7" xlink:href="merged.maz-4282.tok.xml#tok_7"/>
		</struct>
		<struct id="u2">
			<rel id="sDomRel8" xlink:href="merged.maz-4282.tok.xml#tok_8"/>
			<rel id="sDomRel9" xlink:href="merged.maz-4282.tok.xml#tok_9"/>
			<rel id="sDomRel10" xlink:href="merged.maz-4282.tok.xml#tok_10"/>
			<rel id="sDomRel11" xlink:href="merged.maz-4282.tok.xml#tok_11"/>
			<rel id="sDomRel12" xlink:href="merged.maz-4282.tok.xml#tok_12"/>
			<rel id="sDomRel13" xlink:href="merged.maz-4282.tok.xml#tok_13"/>
			<rel id="sDomRel14" xlink:href="merged.maz-4282.tok.xml#tok_14"/>
			<rel id="sDomRel15" xlink:href="merged.maz-4282.tok.xml#tok_15"/>
			<rel id="sDomRel16" xlink:href="merged.maz-4282.tok.xml#tok_16"/>
			<rel id="sDomRel17" xlink:href="merged.maz-4282.tok.xml#tok_17"/>
			<rel id="sDomRel18" xlink:href="merged.maz-4282.tok.xml#tok_18"/>
			<rel id="sDomRel19" xlink:href="merged.maz-4282.tok.xml#tok_19"/>
			<rel id="sDomRel20" xlink:href="merged.maz-4282.tok.xml#tok_20"/>
			<rel id="sDomRel21" xlink:href="merged.maz-4282.tok.xml#tok_21"/>
			<rel id="sDomRel22" xlink:href="merged.maz-4282.tok.xml#tok_22"/>
			<rel id="sDomRel23" xlink:href="merged.maz-4282.tok.xml#tok_23"/>
		</struct>
		<struct id="u3">
			<rel id="sDomRel24" xlink:href="merged.maz-4282.tok.xml#tok_24"/>
			<rel id="sDomRel25" xlink:href="merged.maz-4282.tok.xml#tok_25"/>
			<rel id="sDomRel26" xlink:href="merged.maz-4282.tok.xml#tok_26"/>
			<rel id="sDomRel27" xlink:href="merged.maz-4282.tok.xml#tok_27"/>
			<rel id="sDomRel28" xlink:href="merged.maz-4282.tok.xml#tok_28"/>
			<rel id="sDomRel29" xlink:href="merged.maz-4282.tok.xml#tok_29"/>
			<rel id="sDomRel30" xlink:href="merged.maz-4282.tok.xml#tok_30"/>
			<rel id="sDomRel31" xlink:href="merged.maz-4282.tok.xml#tok_31"/>
			<rel id="sDomRel32" xlink:href="merged.maz-4282.tok.xml#tok_32"/>
			<rel id="sDomRel33" xlink:href="merged.maz-4282.tok.xml#tok_33"/>
			<rel id="sDomRel34" xlink:href="merged.maz-4282.tok.xml#tok_34"/>
			<rel id="sDomRel35" xlink:href="merged.maz-4282.tok.xml#tok_35"/>
			<rel id="sDomRel36" xlink:href="merged.maz-4282.tok.xml#tok_36"/>
			<rel id="sDomRel37" xlink:href="merged.maz-4282.tok.xml#tok_37"/>
			<rel id="sDomRel38" xlink:href="merged.maz-4282.tok.xml#tok_38"/>
			<rel id="sDomRel39" xlink:href="merged.maz-4282.tok.xml#tok_39"/>
			<rel id="sDomRel40" xlink:href="merged.maz-4282.tok.xml#tok_40"/>
			<rel id="sDomRel41" xlink:href="merged.maz-4282.tok.xml#tok_41"/>
			<rel id="sDomRel42" xlink:href="merged.maz-4282.tok.xml#tok_42"/>
			<rel id="sDomRel43" xlink:href="merged.maz-4282.tok.xml#tok_43"/>
			<rel id="sDomRel44" xlink:href="merged.maz-4282.tok.xml#tok_44"/>
			<rel id="sDomRel45" xlink:href="merged.maz-4282.tok.xml#tok_45"/>
			<rel id="sDomRel46" xlink:href="merged.maz-4282.tok.xml#tok_46"/>
			<rel id="sDomRel47" xlink:href="merged.maz-4282.tok.xml#tok_47"/>
			<rel id="sDomRel48" xlink:href="merged.maz-4282.tok.xml#tok_48"/>
			<rel id="sDomRel49" xlink:href="merged.maz-4282.tok.xml#tok_49"/>
		</struct>
		<struct id="u4">
			<rel id="sDomRel50" xlink:href="merged.maz-4282.tok.xml#tok_50"/>
			<rel id="sDomRel51" xlink:href="merged.maz-4282.tok.xml#tok_51"/>
			<rel id="sDomRel52" xlink:href="merged.maz-4282.tok.xml#tok_52"/>
			<rel id="sDomRel53" xlink:href="merged.maz-4282.tok.xml#tok_53"/>
			<rel id="sDomRel54" xlink:href="merged.maz-4282.tok.xml#tok_54"/>
			<rel id="sDomRel55" xlink:href="merged.maz-4282.tok.xml#tok_55"/>
			<rel id="sDomRel56" xlink:href="merged.maz-4282.tok.xml#tok_56"/>
			<rel id="sDomRel206" type="rst" xlink:href="#u21"/>
		</struct>
		<struct id="u5">
			<rel id="sDomRel57" xlink:href="merged.maz-4282.tok.xml#tok_57"/>
			<rel id="sDomRel58" xlink:href="merged.maz-4282.tok.xml#tok_58"/>
			<rel id="sDomRel59" xlink:href="merged.maz-4282.tok.xml#tok_59"/>
			<rel id="sDomRel60" xlink:href="merged.maz-4282.tok.xml#tok_60"/>
			<rel id="sDomRel61" xlink:href="merged.maz-4282.tok.xml#tok_61"/>
			<rel id="sDomRel62" xlink:href="merged.maz-4282.tok.xml#tok_62"/>
			<rel id="sDomRel63" xlink:href="merged.maz-4282.tok.xml#tok_63"/>
			<rel id="sDomRel64" xlink:href="merged.maz-4282.tok.xml#tok_64"/>
			<rel id="sDomRel65" xlink:href="merged.maz-4282.tok.xml#tok_65"/>
			<rel id="sDomRel66" xlink:href="merged.maz-4282.tok.xml#tok_66"/>
			<rel id="sDomRel193" type="rst" xlink:href="#u6"/>
		</struct>
		<struct id="u6">
			<rel id="sDomRel67" xlink:href="merged.maz-4282.tok.xml#tok_67"/>
			<rel id="sDomRel68" xlink:href="merged.maz-4282.tok.xml#tok_68"/>
			<rel id="sDomRel69" xlink:href="merged.maz-4282.tok.xml#tok_69"/>
			<rel id="sDomRel70" xlink:href="merged.maz-4282.tok.xml#tok_70"/>
			<rel id="sDomRel71" xlink:href="merged.maz-4282.tok.xml#tok_71"/>
			<rel id="sDomRel72" xlink:href="merged.maz-4282.tok.xml#tok_72"/>
			<rel id="sDomRel73" xlink:href="merged.maz-4282.tok.xml#tok_73"/>
			<rel id="sDomRel74" xlink:href="merged.maz-4282.tok.xml#tok_74"/>
			<rel id="sDomRel75" xlink:href="merged.maz-4282.tok.xml#tok_75"/>
			<rel id="sDomRel76" xlink:href="merged.maz-4282.tok.xml#tok_76"/>
			<rel id="sDomRel77" xlink:href="merged.maz-4282.tok.xml#tok_77"/>
			<rel id="sDomRel78" xlink:href="merged.maz-4282.tok.xml#tok_78"/>
			<rel id="sDomRel79" xlink:href="merged.maz-4282.tok.xml#tok_79"/>
			<rel id="sDomRel80" xlink:href="merged.maz-4282.tok.xml#tok_80"/>
			<rel id="sDomRel81" xlink:href="merged.maz-4282.tok.xml#tok_81"/>
			<rel id="sDomRel82" xlink:href="merged.maz-4282.tok.xml#tok_82"/>
			<rel id="sDomRel83" xlink:href="merged.maz-4282.tok.xml#tok_83"/>
			<rel id="sDomRel84" xlink:href="merged.maz-4282.tok.xml#tok_84"/>
		</struct>
		<struct id="u7">
			<rel id="sDomRel85" xlink:href="merged.maz-4282.tok.xml#tok_85"/>
			<rel id="sDomRel86" xlink:href="merged.maz-4282.tok.xml#tok_86"/>
			<rel id="sDomRel87" xlink:href="merged.maz-4282.tok.xml#tok_87"/>
			<rel id="sDomRel88" xlink:href="merged.maz-4282.tok.xml#tok_88"/>
			<rel id="sDomRel89" xlink:href="merged.maz-4282.tok.xml#tok_89"/>
			<rel id="sDomRel90" xlink:href="merged.maz-4282.tok.xml#tok_90"/>
			<rel id="sDomRel91" xlink:href="merged.maz-4282.tok.xml#tok_91"/>
			<rel id="sDomRel92" xlink:href="merged.maz-4282.tok.xml#tok_92"/>
			<rel id="sDomRel93" xlink:href="merged.maz-4282.tok.xml#tok_93"/>
			<rel id="sDomRel94" xlink:href="merged.maz-4282.tok.xml#tok_94"/>
			<rel id="sDomRel95" xlink:href="merged.maz-4282.tok.xml#tok_95"/>
			<rel id="sDomRel205" type="rst" xlink:href="#u19"/>
		</struct>
		<struct id="u8">
			<rel id="sDomRel96" xlink:href="merged.maz-4282.tok.xml#tok_96"/>
			<rel id="sDomRel97" xlink:href="merged.maz-4282.tok.xml#tok_97"/>
			<rel id="sDomRel98" xlink:href="merged.maz-4282.tok.xml#tok_98"/>
			<rel id="sDomRel99" xlink:href="merged.maz-4282.tok.xml#tok_99"/>
			<rel id="sDomRel100" xlink:href="merged.maz-4282.tok.xml#tok_100"/>
			<rel id="sDomRel101" xlink:href="merged.maz-4282.tok.xml#tok_101"/>
			<rel id="sDomRel102" xlink:href="merged.maz-4282.tok.xml#tok_102"/>
			<rel id="sDomRel103" xlink:href="merged.maz-4282.tok.xml#tok_103"/>
			<rel id="sDomRel104" xlink:href="merged.maz-4282.tok.xml#tok_104"/>
			<rel id="sDomRel105" xlink:href="merged.maz-4282.tok.xml#tok_105"/>
			<rel id="sDomRel196" type="rst" xlink:href="#u9"/>
		</struct>
		<struct id="u9">
			<rel id="sDomRel106" xlink:href="merged.maz-4282.tok.xml#tok_106"/>
			<rel id="sDomRel107" xlink:href="merged.maz-4282.tok.xml#tok_107"/>
			<rel id="sDomRel108" xlink:href="merged.maz-4282.tok.xml#tok_108"/>
			<rel id="sDomRel109" xlink:href="merged.maz-4282.tok.xml#tok_109"/>
			<rel id="sDomRel110" xlink:href="merged.maz-4282.tok.xml#tok_110"/>
			<rel id="sDomRel111" xlink:href="merged.maz-4282.tok.xml#tok_111"/>
			<rel id="sDomRel112" xlink:href="merged.maz-4282.tok.xml#tok_112"/>
		</struct>
		<struct id="u10">
			<rel id="sDomRel113" xlink:href="merged.maz-4282.tok.xml#tok_113"/>
			<rel id="sDomRel114" xlink:href="merged.maz-4282.tok.xml#tok_114"/>
			<rel id="sDomRel115" xlink:href="merged.maz-4282.tok.xml#tok_115"/>
			<rel id="sDomRel116" xlink:href="merged.maz-4282.tok.xml#tok_116"/>
			<rel id="sDomRel117" xlink:href="merged.maz-4282.tok.xml#tok_117"/>
			<rel id="sDomRel118" xlink:href="merged.maz-4282.tok.xml#tok_118"/>
			<rel id="sDomRel119" xlink:href="merged.maz-4282.tok.xml#tok_119"/>
			<rel id="sDomRel120" xlink:href="merged.maz-4282.tok.xml#tok_120"/>
			<rel id="sDomRel121" xlink:href="merged.maz-4282.tok.xml#tok_121"/>
			<rel id="sDomRel122" xlink:href="merged.maz-4282.tok.xml#tok_122"/>
			<rel id="sDomRel123" xlink:href="merged.maz-4282.tok.xml#tok_123"/>
			<rel id="sDomRel124" xlink:href="merged.maz-4282.tok.xml#tok_124"/>
			<rel id="sDomRel210" type="rst" xlink:href="#u24"/>
		</struct>
		<struct id="u11">
			<rel id="sDomRel125" xlink:href="merged.maz-4282.tok.xml#tok_125"/>
			<rel id="sDomRel126" xlink:href="merged.maz-4282.tok.xml#tok_126"/>
			<rel id="sDomRel127" xlink:href="merged.maz-4282.tok.xml#tok_127"/>
			<rel id="sDomRel128" xlink:href="merged.maz-4282.tok.xml#tok_128"/>
			<rel id="sDomRel129" xlink:href="merged.maz-4282.tok.xml#tok_129"/>
			<rel id="sDomRel130" xlink:href="merged.maz-4282.tok.xml#tok_130"/>
			<rel id="sDomRel131" xlink:href="merged.maz-4282.tok.xml#tok_131"/>
			<rel id="sDomRel132" xlink:href="merged.maz-4282.tok.xml#tok_132"/>
			<rel id="sDomRel133" xlink:href="merged.maz-4282.tok.xml#tok_133"/>
			<rel id="sDomRel134" xlink:href="merged.maz-4282.tok.xml#tok_134"/>
			<rel id="sDomRel135" xlink:href="merged.maz-4282.tok.xml#tok_135"/>
			<rel id="sDomRel136" xlink:href="merged.maz-4282.tok.xml#tok_136"/>
			<rel id="sDomRel137" xlink:href="merged.maz-4282.tok.xml#tok_137"/>
			<rel id="sDomRel138" xlink:href="merged.maz-4282.tok.xml#tok_138"/>
			<rel id="sDomRel139" xlink:href="merged.maz-4282.tok.xml#tok_139"/>
			<rel id="sDomRel140" xlink:href="merged.maz-4282.tok.xml#tok_140"/>
			<rel id="sDomRel141" xlink:href="merged.maz-4282.tok.xml#tok_141"/>
			<rel id="sDomRel142" xlink:href="merged.maz-4282.tok.xml#tok_142"/>
			<rel id="sDomRel143" xlink:href="merged.maz-4282.tok.xml#tok_143"/>
			<rel id="sDomRel144" xlink:href="merged.maz-4282.tok.xml#tok_144"/>
			<rel id="sDomRel145" xlink:href="merged.maz-4282.tok.xml#tok_145"/>
			<rel id="sDomRel146" xlink:href="merged.maz-4282.tok.xml#tok_146"/>
			<rel id="sDomRel147" xlink:href="merged.maz-4282.tok.xml#tok_147"/>
			<rel id="sDomRel148" xlink:href="merged.maz-4282.tok.xml#tok_148"/>
			<rel id="sDomRel149" xlink:href="merged.maz-4282.tok.xml#tok_149"/>
			<rel id="sDomRel150" xlink:href="merged.maz-4282.tok.xml#tok_150"/>
			<rel id="sDomRel151" xlink:href="merged.maz-4282.tok.xml#tok_151"/>
			<rel id="sDomRel152" xlink:href="merged.maz-4282.tok.xml#tok_152"/>
			<rel id="sDomRel153" xlink:href="merged.maz-4282.tok.xml#tok_153"/>
			<rel id="sDomRel199" type="rst" xlink:href="#u12"/>
		</struct>
		<struct id="u12">
			<rel id="sDomRel154" xlink:href="merged.maz-4282.tok.xml#tok_154"/>
			<rel id="sDomRel155" xlink:href="merged.maz-4282.tok.xml#tok_155"/>
			<rel id="sDomRel156" xlink:href="merged.maz-4282.tok.xml#tok_156"/>
			<rel id="sDomRel157" xlink:href="merged.maz-4282.tok.xml#tok_157"/>
			<rel id="sDomRel158" xlink:href="merged.maz-4282.tok.xml#tok_158"/>
			<rel id="sDomRel159" xlink:href="merged.maz-4282.tok.xml#tok_159"/>
			<rel id="sDomRel160" xlink:href="merged.maz-4282.tok.xml#tok_160"/>
			<rel id="sDomRel161" xlink:href="merged.maz-4282.tok.xml#tok_161"/>
		</struct>
		<struct id="u13">
			<rel id="sDomRel162" xlink:href="merged.maz-4282.tok.xml#tok_162"/>
			<rel id="sDomRel163" xlink:href="merged.maz-4282.tok.xml#tok_163"/>
			<rel id="sDomRel164" xlink:href="merged.maz-4282.tok.xml#tok_164"/>
			<rel id="sDomRel165" xlink:href="merged.maz-4282.tok.xml#tok_165"/>
			<rel id="sDomRel166" xlink:href="merged.maz-4282.tok.xml#tok_166"/>
			<rel id="sDomRel167" xlink:href="merged.maz-4282.tok.xml#tok_167"/>
			<rel id="sDomRel168" xlink:href="merged.maz-4282.tok.xml#tok_168"/>
			<rel id="sDomRel169" xlink:href="merged.maz-4282.tok.xml#tok_169"/>
			<rel id="sDomRel170" xlink:href="merged.maz-4282.tok.xml#tok_170"/>
			<rel id="sDomRel171" xlink:href="merged.maz-4282.tok.xml#tok_171"/>
			<rel id="sDomRel172" xlink:href="merged.maz-4282.tok.xml#tok_172"/>
			<rel id="sDomRel173" xlink:href="merged.maz-4282.tok.xml#tok_173"/>
			<rel id="sDomRel174" xlink:href="merged.maz-4282.tok.xml#tok_174"/>
			<rel id="sDomRel175" xlink:href="merged.maz-4282.tok.xml#tok_175"/>
			<rel id="sDomRel176" xlink:href="merged.maz-4282.tok.xml#tok_176"/>
			<rel id="sDomRel177" xlink:href="merged.maz-4282.tok.xml#tok_177"/>
			<rel id="sDomRel178" xlink:href="merged.maz-4282.tok.xml#tok_178"/>
			<rel id="sDomRel179" xlink:href="merged.maz-4282.tok.xml#tok_179"/>
			<rel id="sDomRel180" xlink:href="merged.maz-4282.tok.xml#tok_180"/>
			<rel id="sDomRel181" xlink:href="merged.maz-4282.tok.xml#tok_181"/>
			<rel id="sDomRel182" xlink:href="merged.maz-4282.tok.xml#tok_182"/>
			<rel id="sDomRel183" xlink:href="merged.maz-4282.tok.xml#tok_183"/>
			<rel id="sDomRel201" type="rst" xlink:href="#u14"/>
		</struct>
		<struct id="u14">
			<rel id="sDomRel184" xlink:href="merged.maz-4282.tok.xml#tok_184"/>
			<rel id="sDomRel185" xlink:href="merged.maz-4282.tok.xml#tok_185"/>
			<rel id="sDomRel186" xlink:href="merged.maz-4282.tok.xml#tok_186"/>
			<rel id="sDomRel187" xlink:href="merged.maz-4282.tok.xml#tok_187"/>
		</struct>
		<struct id="u16">
			<rel id="sDomRel188" type="rst" xlink:href="#u1"/>
			<rel id="sDomRel189" type="multinuc" xlink:href="#u2"/>
			<rel id="sDomRel190" type="multinuc" xlink:href="#u3"/>
		</struct>
		<struct id="u17">
			<rel id="sDomRel202" xlink:href="#u16"/>
			<rel id="sDomRel211" type="rst" xlink:href="#u25"/>
		</struct>
		<struct id="u18">
			<rel id="sDomRel191" xlink:href="#u4"/>
			<rel id="sDomRel212" type="rst" xlink:href="#u26"/>
		</struct>
		<struct id="u19">
			<rel id="sDomRel195" xlink:href="#u8"/>
		</struct>
		<struct id="u21">
			<rel id="sDomRel192" xlink:href="#u5"/>
		</struct>
		<struct id="u20">
			<rel id="sDomRel198" xlink:href="#u11"/>
			<rel id="sDomRel208" type="rst" xlink:href="#u22"/>
		</struct>
		<struct id="u22">
			<rel id="sDomRel200" xlink:href="#u13"/>
		</struct>
		<struct id="u23">
			<rel id="sDomRel197" xlink:href="#u10"/>
		</struct>
		<struct id="u24">
			<rel id="sDomRel207" xlink:href="#u20"/>
		</struct>
		<struct id="u25">
			<rel id="sDomRel204" xlink:href="#u18"/>
		</struct>
		<struct id="u26">
			<rel id="sDomRel194" xlink:href="#u7"/>
		</struct>
		<struct id="u27">
			<rel id="sDomRel203" xlink:href="#u17"/>
			<rel id="sDomRel209" type="rst" xlink:href="#u23"/>
		</struct>
		<struct id="u28">
			<rel id="sDomRel213" xlink:href="#u27"/>
		</struct>
	</structList>
</paula>
