<?xml version="1.0" standalone="no"?>


<!DOCTYPE paula SYSTEM "paula_feat.dtd">
<paula version="1.0">

<header paula_id="tiger.syntax.maz-4282_pos"/>

<featList xmlns:xlink="http://www.w3.org/1999/xlink" type="pos" xml:base="merged.maz-4282.tok.xml">

<feat xlink:href="#tok_1" value="NN"/><!--  -->
<feat xlink:href="#tok_2" value="NN"/><!--  -->
<feat xlink:href="#tok_3" value="VVFIN"/><!--  -->
<feat xlink:href="#tok_4" value="PPER"/><!--  -->
<feat xlink:href="#tok_5" value="ADV"/><!--  -->
<feat xlink:href="#tok_6" value="ADV"/><!--  -->
<feat xlink:href="#tok_7" value="$."/><!--  -->
<feat xlink:href="#tok_8" value="ADV"/><!--  -->
<feat xlink:href="#tok_9" value="VVFIN"/><!--  -->
<feat xlink:href="#tok_10" value="ART"/><!--  -->
<feat xlink:href="#tok_11" value="ADJA"/><!--  -->
<feat xlink:href="#tok_12" value="NN"/><!--  -->
<feat xlink:href="#tok_13" value="ADV"/><!--  -->
<feat xlink:href="#tok_14" value="ADJD"/><!--  -->
<feat xlink:href="#tok_15" value="KON"/><!--  -->
<feat xlink:href="#tok_16" value="ADJD"/><!--  -->
<feat xlink:href="#tok_17" value="KOKOM"/><!--  -->
<feat xlink:href="#tok_18" value="ART"/><!--  -->
<feat xlink:href="#tok_19" value="ADJA"/><!--  -->
<feat xlink:href="#tok_20" value="NN"/><!--  -->
<feat xlink:href="#tok_21" value="ART"/><!--  -->
<feat xlink:href="#tok_22" value="NN"/><!--  -->
<feat xlink:href="#tok_23" value="$."/><!--  -->
<feat xlink:href="#tok_24" value="KON"/><!--  -->
<feat xlink:href="#tok_25" value="ADV"/><!--  -->
<feat xlink:href="#tok_26" value="VVFIN"/><!--  -->
<feat xlink:href="#tok_27" value="APPR"/><!--  -->
<feat xlink:href="#tok_28" value="ART"/><!--  -->
<feat xlink:href="#tok_29" value="NN"/><!--  -->
<feat xlink:href="#tok_30" value="PIAT"/><!--  -->
<feat xlink:href="#tok_31" value="ART"/><!--  -->
<feat xlink:href="#tok_32" value="ADJA"/><!--  -->
<feat xlink:href="#tok_33" value="NN"/><!--  -->
<feat xlink:href="#tok_34" value="$,"/><!--  -->
<feat xlink:href="#tok_35" value="APPR"/><!--  -->
<feat xlink:href="#tok_36" value="PRELS"/><!--  -->
<feat xlink:href="#tok_37" value="PIS"/><!--  -->
<feat xlink:href="#tok_38" value="VVFIN"/><!--  -->
<feat xlink:href="#tok_39" value="$,"/><!--  -->
<feat xlink:href="#tok_40" value="KOUS"/><!--  -->
<feat xlink:href="#tok_41" value="ART"/><!--  -->
<feat xlink:href="#tok_42" value="ADJA"/><!--  -->
<feat xlink:href="#tok_43" value="KON"/><!--  -->
<feat xlink:href="#tok_44" value="ADJA"/><!--  -->
<feat xlink:href="#tok_45" value="NN"/><!--  -->
<feat xlink:href="#tok_46" value="PPER"/><!--  -->
<feat xlink:href="#tok_47" value="VVINF"/><!--  -->
<feat xlink:href="#tok_48" value="VMFIN"/><!--  -->
<feat xlink:href="#tok_49" value="$."/><!--  -->
<feat xlink:href="#tok_50" value="ART"/><!--  -->
<feat xlink:href="#tok_51" value="NN"/><!--  -->
<feat xlink:href="#tok_52" value="VAFIN"/><!--  -->
<feat xlink:href="#tok_53" value="PPER"/><!--  -->
<feat xlink:href="#tok_54" value="ADV"/><!--  -->
<feat xlink:href="#tok_55" value="PTKNEG"/><!--  -->
<feat xlink:href="#tok_56" value="$,"/><!--  -->
<feat xlink:href="#tok_57" value="KOUS"/><!--  -->
<feat xlink:href="#tok_58" value="PPER"/><!--  -->
<feat xlink:href="#tok_59" value="ADV"/><!--  -->
<feat xlink:href="#tok_60" value="PIAT"/><!--  -->
<feat xlink:href="#tok_61" value="NN"/><!--  -->
<feat xlink:href="#tok_62" value="APPRART"/><!--  -->
<feat xlink:href="#tok_63" value="ADJA"/><!--  -->
<feat xlink:href="#tok_64" value="NN"/><!--  -->
<feat xlink:href="#tok_65" value="VVFIN"/><!--  -->
<feat xlink:href="#tok_66" value="$."/><!--  -->
<feat xlink:href="#tok_67" value="ART"/><!--  -->
<feat xlink:href="#tok_68" value="NN"/><!--  -->
<feat xlink:href="#tok_69" value="KON"/><!--  -->
<feat xlink:href="#tok_70" value="PIAT"/><!--  -->
<feat xlink:href="#tok_71" value="NN"/><!--  -->
<feat xlink:href="#tok_72" value="VAFIN"/><!--  -->
<feat xlink:href="#tok_73" value="ART"/><!--  -->
<feat xlink:href="#tok_74" value="NN"/><!--  -->
<feat xlink:href="#tok_75" value="ADV"/><!--  -->
<feat xlink:href="#tok_76" value="VVPP"/><!--  -->
<feat xlink:href="#tok_77" value="KON"/><!--  -->
<feat xlink:href="#tok_78" value="ADV"/><!--  -->
<feat xlink:href="#tok_79" value="ADV"/><!--  -->
<feat xlink:href="#tok_80" value="ADV"/><!--  -->
<feat xlink:href="#tok_81" value="ADJD"/><!--  -->
<feat xlink:href="#tok_82" value="ADV"/><!--  -->
<feat xlink:href="#tok_83" value="VVPP"/><!--  -->
<feat xlink:href="#tok_84" value="$."/><!--  -->
<feat xlink:href="#tok_85" value="ADV"/><!--  -->
<feat xlink:href="#tok_86" value="VMFIN"/><!--  -->
<feat xlink:href="#tok_87" value="PPER"/><!--  -->
<feat xlink:href="#tok_88" value="VVINF"/><!--  -->
<feat xlink:href="#tok_89" value="$,"/><!--  -->
<feat xlink:href="#tok_90" value="PWAV"/><!--  -->
<feat xlink:href="#tok_91" value="PPER"/><!--  -->
<feat xlink:href="#tok_92" value="ART"/><!--  -->
<feat xlink:href="#tok_93" value="NN"/><!--  -->
<feat xlink:href="#tok_94" value="VVFIN"/><!--  -->
<feat xlink:href="#tok_95" value="$."/><!--  -->
<feat xlink:href="#tok_96" value="ART"/><!--  -->
<feat xlink:href="#tok_97" value="NN"/><!--  -->
<feat xlink:href="#tok_98" value="$,"/><!--  -->
<feat xlink:href="#tok_99" value="PWAV"/><!--  -->
<feat xlink:href="#tok_100" value="ADJD"/><!--  -->
<feat xlink:href="#tok_101" value="ART"/><!--  -->
<feat xlink:href="#tok_102" value="NN"/><!--  -->
<feat xlink:href="#tok_103" value="VVINF"/><!--  -->
<feat xlink:href="#tok_104" value="VMFIN"/><!--  -->
<feat xlink:href="#tok_105" value="$,"/><!--  -->
<feat xlink:href="#tok_106" value="VAFIN"/><!--  -->
<feat xlink:href="#tok_107" value="APPR"/><!--  -->
<feat xlink:href="#tok_108" value="ART"/><!--  -->
<feat xlink:href="#tok_109" value="ADJA"/><!--  -->
<feat xlink:href="#tok_110" value="NN"/><!--  -->
<feat xlink:href="#tok_111" value="ADJD"/><!--  -->
<feat xlink:href="#tok_112" value="$."/><!--  -->
<feat xlink:href="#tok_113" value="KON"/><!--  -->
<feat xlink:href="#tok_114" value="ART"/><!--  -->
<feat xlink:href="#tok_115" value="NN"/><!--  -->
<feat xlink:href="#tok_116" value="APPR"/><!--  -->
<feat xlink:href="#tok_117" value="ART"/><!--  -->
<feat xlink:href="#tok_118" value="ADJA"/><!--  -->
<feat xlink:href="#tok_119" value="NN"/><!--  -->
<feat xlink:href="#tok_120" value="VVFIN"/><!--  -->
<feat xlink:href="#tok_121" value="PPER"/><!--  -->
<feat xlink:href="#tok_122" value="ADV"/><!--  -->
<feat xlink:href="#tok_123" value="ADV"/><!--  -->
<feat xlink:href="#tok_124" value="$."/><!--  -->
<feat xlink:href="#tok_125" value="ADV"/><!--  -->
<feat xlink:href="#tok_126" value="KOUS"/><!--  -->
<feat xlink:href="#tok_127" value="ART"/><!--  -->
<feat xlink:href="#tok_128" value="NN"/><!--  -->
<feat xlink:href="#tok_129" value="APPR"/><!--  -->
<feat xlink:href="#tok_130" value="ART"/><!--  -->
<feat xlink:href="#tok_131" value="ADJA"/><!--  -->
<feat xlink:href="#tok_132" value="NN"/><!--  -->
<feat xlink:href="#tok_133" value="VVPP"/><!--  -->
<feat xlink:href="#tok_134" value="VAFIN"/><!--  -->
<feat xlink:href="#tok_135" value="$,"/><!--  -->
<feat xlink:href="#tok_136" value="PPER"/><!--  -->
<feat xlink:href="#tok_137" value="VMFIN"/><!--  -->
<feat xlink:href="#tok_138" value="PRF"/><!--  -->
<feat xlink:href="#tok_139" value="PROAV"/><!--  -->
<feat xlink:href="#tok_140" value="VVINF"/><!--  -->
<feat xlink:href="#tok_141" value="$,"/><!--  -->
<feat xlink:href="#tok_142" value="KOUS"/><!--  -->
<feat xlink:href="#tok_143" value="PPER"/><!--  -->
<feat xlink:href="#tok_144" value="ADV"/><!--  -->
<feat xlink:href="#tok_145" value="APPR"/><!--  -->
<feat xlink:href="#tok_146" value="ART"/><!--  -->
<feat xlink:href="#tok_147" value="NN"/><!--  -->
<feat xlink:href="#tok_148" value="$("/><!--  -->
<feat xlink:href="#tok_149" value="ADJA"/><!--  -->
<feat xlink:href="#tok_150" value="NN"/><!--  -->
<feat xlink:href="#tok_151" value="$("/><!--  -->
<feat xlink:href="#tok_152" value="VVFIN"/><!--  -->
<feat xlink:href="#tok_153" value="$."/><!--  -->
<feat xlink:href="#tok_154" value="KON"/><!--  -->
<feat xlink:href="#tok_155" value="PDS"/><!--  -->
<feat xlink:href="#tok_156" value="VVFIN"/><!--  -->
<feat xlink:href="#tok_157" value="ADJD"/><!--  -->
<feat xlink:href="#tok_158" value="KON"/><!--  -->
<feat xlink:href="#tok_159" value="PTKNEG"/><!--  -->
<feat xlink:href="#tok_160" value="ADV"/><!--  -->
<feat xlink:href="#tok_161" value="$."/><!--  -->
<feat xlink:href="#tok_162" value="NN"/><!--  -->
<feat xlink:href="#tok_163" value="APPR"/><!--  -->
<feat xlink:href="#tok_164" value="ART"/><!--  -->
<feat xlink:href="#tok_165" value="NN"/><!--  -->
<feat xlink:href="#tok_166" value="$,"/><!--  -->
<feat xlink:href="#tok_167" value="ADV"/><!--  -->
<feat xlink:href="#tok_168" value="ADJD"/><!--  -->
<feat xlink:href="#tok_169" value="VVIZU"/><!--  -->
<feat xlink:href="#tok_170" value="KON"/><!--  -->
<feat xlink:href="#tok_171" value="PRF"/><!--  -->
<feat xlink:href="#tok_172" value="PTKNEG"/><!--  -->
<feat xlink:href="#tok_173" value="APPRART"/><!--  -->
<feat xlink:href="#tok_174" value="ADJA"/><!--  -->
<feat xlink:href="#tok_175" value="NN"/><!--  -->
<feat xlink:href="#tok_176" value="ADJD"/><!--  -->
<feat xlink:href="#tok_177" value="PTKZU"/><!--  -->
<feat xlink:href="#tok_178" value="VVINF"/><!--  -->
<feat xlink:href="#tok_179" value="$,"/><!--  -->
<feat xlink:href="#tok_180" value="VAFIN"/><!--  -->
<feat xlink:href="#tok_181" value="ADV"/><!--  -->
<feat xlink:href="#tok_182" value="ADJD"/><!--  -->
<feat xlink:href="#tok_183" value="$."/><!--  -->
<feat xlink:href="#tok_184" value="ADV"/><!--  -->
<feat xlink:href="#tok_185" value="ADV"/><!--  -->
<feat xlink:href="#tok_186" value="ADJD"/><!--  -->
<feat xlink:href="#tok_187" value="$."/><!--  -->
</featList>

</paula>
