<?xml version="1.0" standalone="no"?>
<!DOCTYPE paula SYSTEM "paula_struct.dtd">


<paula version="1.0">
<header paula_id="tiger.syntax.maz-4282_const"/>

<structList xmlns:xlink="http://www.w3.org/1999/xlink" type="const">
<struct id="const_1">
<rel id="rel_1" type="edge" xlink:href="merged.maz-4282.tok.xml#tok_5"/><!-- immer -->
<rel id="rel_2" type="edge" xlink:href="merged.maz-4282.tok.xml#tok_6"/><!-- wieder -->
</struct>
<struct id="const_2">
<rel id="rel_3" type="edge" xlink:href="merged.maz-4282.tok.xml#tok_2"/><!-- Wunder -->
<rel id="rel_4" type="edge" xlink:href="merged.maz-4282.tok.xml#tok_3"/><!-- gibt -->
<rel id="rel_5" type="edge" xlink:href="merged.maz-4282.tok.xml#tok_4"/><!-- es -->
<rel id="rel_6" type="edge" xlink:href="#const_1"/>
</struct>
<struct id="const_3">
<rel id="rel_7" type="edge" xlink:href="merged.maz-4282.tok.xml#tok_10"/><!-- die -->
<rel id="rel_8" type="edge" xlink:href="merged.maz-4282.tok.xml#tok_11"/><!-- Dallgower -->
<rel id="rel_9" type="edge" xlink:href="merged.maz-4282.tok.xml#tok_12"/><!-- Gemeindevertreter -->
</struct>
<struct id="const_4">
<rel id="rel_10" type="edge" xlink:href="merged.maz-4282.tok.xml#tok_14"/><!-- statisch -->
<rel id="rel_11" type="edge" xlink:href="merged.maz-4282.tok.xml#tok_15"/><!-- und -->
<rel id="rel_12" type="edge" xlink:href="merged.maz-4282.tok.xml#tok_16"/><!-- verzagt -->
</struct>
<struct id="const_5">
<rel id="rel_13" type="edge" xlink:href="merged.maz-4282.tok.xml#tok_21"/><!-- der -->
<rel id="rel_14" type="edge" xlink:href="merged.maz-4282.tok.xml#tok_22"/><!-- Fußballkicker -->
</struct>
<struct id="const_6">
<rel id="rel_15" type="edge" xlink:href="merged.maz-4282.tok.xml#tok_17"/><!-- wie -->
<rel id="rel_16" type="edge" xlink:href="merged.maz-4282.tok.xml#tok_18"/><!-- die -->
<rel id="rel_17" type="edge" xlink:href="merged.maz-4282.tok.xml#tok_19"/><!-- deutsche -->
<rel id="rel_18" type="edge" xlink:href="merged.maz-4282.tok.xml#tok_20"/><!-- Abwehrreihe -->
<rel id="rel_19" type="edge" xlink:href="#const_5"/>
</struct>
<struct id="const_7">
<rel id="rel_20" type="edge" xlink:href="merged.maz-4282.tok.xml#tok_13"/><!-- so -->
<rel id="rel_21" type="edge" xlink:href="#const_6"/>
</struct>
<struct id="const_8">
<rel id="rel_22" type="edge" xlink:href="#const_4"/>
<rel id="rel_23" type="edge" xlink:href="#const_7"/>
</struct>
<struct id="const_9">
<rel id="rel_24" type="edge" xlink:href="merged.maz-4282.tok.xml#tok_8"/><!-- Erst -->
<rel id="rel_25" type="edge" xlink:href="merged.maz-4282.tok.xml#tok_9"/><!-- spielen -->
<rel id="rel_26" type="edge" xlink:href="#const_3"/>
<rel id="rel_27" type="edge" xlink:href="#const_8"/>
</struct>
<struct id="const_10">
<rel id="rel_28" type="edge" xlink:href="merged.maz-4282.tok.xml#tok_27"/><!-- aus -->
<rel id="rel_29" type="edge" xlink:href="merged.maz-4282.tok.xml#tok_28"/><!-- der -->
<rel id="rel_30" type="edge" xlink:href="merged.maz-4282.tok.xml#tok_29"/><!-- Tiefe -->
</struct>
<struct id="const_11">
<rel id="rel_31" type="edge" xlink:href="merged.maz-4282.tok.xml#tok_35"/><!-- von -->
<rel id="rel_32" type="edge" xlink:href="merged.maz-4282.tok.xml#tok_36"/><!-- dem -->
</struct>
<struct id="const_12">
<rel id="rel_33" type="edge" xlink:href="merged.maz-4282.tok.xml#tok_42"/><!-- Seeburger -->
<rel id="rel_34" type="edge" xlink:href="merged.maz-4282.tok.xml#tok_43"/><!-- oder -->
<rel id="rel_35" type="edge" xlink:href="merged.maz-4282.tok.xml#tok_44"/><!-- Groß_Glienicker -->
</struct>
<struct id="const_13">
<rel id="rel_36" type="edge" xlink:href="merged.maz-4282.tok.xml#tok_46"/><!-- ihn -->
<rel id="rel_37" type="edge" xlink:href="merged.maz-4282.tok.xml#tok_47"/><!-- aufnehmen -->
</struct>
<struct id="const_14">
<rel id="rel_38" type="edge" xlink:href="merged.maz-4282.tok.xml#tok_41"/><!-- die -->
<rel id="rel_39" type="edge" xlink:href="merged.maz-4282.tok.xml#tok_45"/><!-- Mitspieler -->
<rel id="rel_40" type="edge" xlink:href="#const_12"/>
</struct>
<struct id="const_15">
<rel id="rel_41" type="edge" xlink:href="merged.maz-4282.tok.xml#tok_40"/><!-- dass -->
<rel id="rel_42" type="edge" xlink:href="merged.maz-4282.tok.xml#tok_48"/><!-- können -->
<rel id="rel_43" type="edge" xlink:href="#const_13"/>
<rel id="rel_44" type="edge" xlink:href="#const_14"/>
</struct>
<struct id="const_16">
<rel id="rel_45" type="edge" xlink:href="merged.maz-4282.tok.xml#tok_37"/><!-- man -->
<rel id="rel_46" type="edge" xlink:href="merged.maz-4282.tok.xml#tok_38"/><!-- hofft -->
<rel id="rel_47" type="edge" xlink:href="#const_11"/>
<rel id="rel_48" type="edge" xlink:href="#const_15"/>
</struct>
<struct id="const_17">
<rel id="rel_49" type="edge" xlink:href="merged.maz-4282.tok.xml#tok_30"/><!-- solch -->
<rel id="rel_50" type="edge" xlink:href="merged.maz-4282.tok.xml#tok_31"/><!-- ein -->
<rel id="rel_51" type="edge" xlink:href="merged.maz-4282.tok.xml#tok_32"/><!-- fulminanter -->
<rel id="rel_52" type="edge" xlink:href="merged.maz-4282.tok.xml#tok_33"/><!-- Steilpass -->
<rel id="rel_53" type="edge" xlink:href="#const_16"/>
</struct>
<struct id="const_18">
<rel id="rel_54" type="edge" xlink:href="merged.maz-4282.tok.xml#tok_24"/><!-- Und -->
<rel id="rel_55" type="edge" xlink:href="merged.maz-4282.tok.xml#tok_25"/><!-- dann -->
<rel id="rel_56" type="edge" xlink:href="merged.maz-4282.tok.xml#tok_26"/><!-- kommt -->
<rel id="rel_57" type="edge" xlink:href="#const_10"/>
<rel id="rel_58" type="edge" xlink:href="#const_17"/>
</struct>
<struct id="const_19">
<rel id="rel_59" type="edge" xlink:href="merged.maz-4282.tok.xml#tok_50"/><!-- Ein -->
<rel id="rel_60" type="edge" xlink:href="merged.maz-4282.tok.xml#tok_51"/><!-- Befreiungsschlag -->
</struct>
<struct id="const_20">
<rel id="rel_61" type="edge" xlink:href="merged.maz-4282.tok.xml#tok_62"/><!-- fürs -->
<rel id="rel_62" type="edge" xlink:href="merged.maz-4282.tok.xml#tok_63"/><!-- Dallgower -->
<rel id="rel_63" type="edge" xlink:href="merged.maz-4282.tok.xml#tok_64"/><!-- Tor -->
</struct>
<struct id="const_21">
<rel id="rel_64" type="edge" xlink:href="merged.maz-4282.tok.xml#tok_60"/><!-- keine -->
<rel id="rel_65" type="edge" xlink:href="merged.maz-4282.tok.xml#tok_61"/><!-- Gefahr -->
<rel id="rel_66" type="edge" xlink:href="#const_20"/>
</struct>
<struct id="const_22">
<rel id="rel_67" type="edge" xlink:href="merged.maz-4282.tok.xml#tok_57"/><!-- weil -->
<rel id="rel_68" type="edge" xlink:href="merged.maz-4282.tok.xml#tok_58"/><!-- es -->
<rel id="rel_69" type="edge" xlink:href="merged.maz-4282.tok.xml#tok_59"/><!-- vorerst -->
<rel id="rel_70" type="edge" xlink:href="merged.maz-4282.tok.xml#tok_65"/><!-- gab -->
<rel id="rel_71" type="edge" xlink:href="#const_21"/>
</struct>
<struct id="const_23">
<rel id="rel_72" type="edge" xlink:href="merged.maz-4282.tok.xml#tok_52"/><!-- ist -->
<rel id="rel_73" type="edge" xlink:href="merged.maz-4282.tok.xml#tok_53"/><!-- es -->
<rel id="rel_74" type="edge" xlink:href="merged.maz-4282.tok.xml#tok_54"/><!-- allerdings -->
<rel id="rel_75" type="edge" xlink:href="merged.maz-4282.tok.xml#tok_55"/><!-- nicht -->
<rel id="rel_76" type="edge" xlink:href="#const_19"/>
<rel id="rel_77" type="edge" xlink:href="#const_22"/>
</struct>
<struct id="const_24">
<rel id="rel_78" type="edge" xlink:href="merged.maz-4282.tok.xml#tok_67"/><!-- Die -->
<rel id="rel_79" type="edge" xlink:href="merged.maz-4282.tok.xml#tok_68"/><!-- Seeburger -->
</struct>
<struct id="const_25">
<rel id="rel_80" type="edge" xlink:href="merged.maz-4282.tok.xml#tok_70"/><!-- einige -->
<rel id="rel_81" type="edge" xlink:href="merged.maz-4282.tok.xml#tok_71"/><!-- Groß_Glienicker -->
</struct>
<struct id="const_26">
<rel id="rel_82" type="edge" xlink:href="merged.maz-4282.tok.xml#tok_73"/><!-- den -->
<rel id="rel_83" type="edge" xlink:href="merged.maz-4282.tok.xml#tok_74"/><!-- Ball -->
</struct>
<struct id="const_27">
<rel id="rel_84" type="edge" xlink:href="merged.maz-4282.tok.xml#tok_79"/><!-- um -->
<rel id="rel_85" type="edge" xlink:href="merged.maz-4282.tok.xml#tok_80"/><!-- so -->
</struct>
<struct id="const_28">
<rel id="rel_86" type="edge" xlink:href="merged.maz-4282.tok.xml#tok_69"/><!-- und -->
<rel id="rel_87" type="edge" xlink:href="#const_24"/>
<rel id="rel_88" type="edge" xlink:href="#const_25"/>
</struct>
<struct id="const_29">
<rel id="rel_89" type="edge" xlink:href="merged.maz-4282.tok.xml#tok_75"/><!-- erst -->
<rel id="rel_90" type="edge" xlink:href="merged.maz-4282.tok.xml#tok_76"/><!-- zurückgespielt -->
<rel id="rel_91" type="edge" xlink:href="#const_26"/>
</struct>
<struct id="const_30">
<rel id="rel_92" type="edge" xlink:href="merged.maz-4282.tok.xml#tok_81"/><!-- drängender -->
<rel id="rel_93" type="edge" xlink:href="#const_27"/>
</struct>
<struct id="const_31">
<rel id="rel_94" type="edge" xlink:href="merged.maz-4282.tok.xml#tok_78"/><!-- dann -->
<rel id="rel_95" type="edge" xlink:href="merged.maz-4282.tok.xml#tok_82"/><!-- wieder -->
<rel id="rel_96" type="edge" xlink:href="merged.maz-4282.tok.xml#tok_83"/><!-- gefordert -->
<rel id="rel_97" type="edge" xlink:href="#const_30"/>
</struct>
<struct id="const_32">
<rel id="rel_98" type="edge" xlink:href="merged.maz-4282.tok.xml#tok_77"/><!-- und -->
<rel id="rel_99" type="edge" xlink:href="#const_29"/>
<rel id="rel_100" type="edge" xlink:href="#const_31"/>
</struct>
<struct id="const_33">
<rel id="rel_101" type="edge" xlink:href="merged.maz-4282.tok.xml#tok_72"/><!-- haben -->
<rel id="rel_102" type="edge" xlink:href="#const_28"/>
<rel id="rel_103" type="edge" xlink:href="#const_32"/>
</struct>
<struct id="const_34">
<rel id="rel_104" type="edge" xlink:href="merged.maz-4282.tok.xml#tok_92"/><!-- die -->
<rel id="rel_105" type="edge" xlink:href="merged.maz-4282.tok.xml#tok_93"/><!-- Chance -->
</struct>
<struct id="const_35">
<rel id="rel_106" type="edge" xlink:href="merged.maz-4282.tok.xml#tok_90"/><!-- wie -->
<rel id="rel_107" type="edge" xlink:href="merged.maz-4282.tok.xml#tok_91"/><!-- sie -->
<rel id="rel_108" type="edge" xlink:href="merged.maz-4282.tok.xml#tok_94"/><!-- verwerten -->
<rel id="rel_109" type="edge" xlink:href="#const_34"/>
</struct>
<struct id="const_36">
<rel id="rel_110" type="edge" xlink:href="merged.maz-4282.tok.xml#tok_88"/><!-- zeigen -->
<rel id="rel_111" type="edge" xlink:href="#const_35"/>
</struct>
<struct id="const_37">
<rel id="rel_112" type="edge" xlink:href="merged.maz-4282.tok.xml#tok_85"/><!-- Nun -->
<rel id="rel_113" type="edge" xlink:href="merged.maz-4282.tok.xml#tok_86"/><!-- sollen -->
<rel id="rel_114" type="edge" xlink:href="merged.maz-4282.tok.xml#tok_87"/><!-- sie -->
<rel id="rel_115" type="edge" xlink:href="#const_36"/>
</struct>
<struct id="const_38">
<rel id="rel_116" type="edge" xlink:href="merged.maz-4282.tok.xml#tok_99"/><!-- wo -->
<rel id="rel_117" type="edge" xlink:href="merged.maz-4282.tok.xml#tok_100"/><!-- künftig -->
<rel id="rel_118" type="edge" xlink:href="merged.maz-4282.tok.xml#tok_103"/><!-- stehen -->
</struct>
<struct id="const_39">
<rel id="rel_119" type="edge" xlink:href="merged.maz-4282.tok.xml#tok_101"/><!-- die -->
<rel id="rel_120" type="edge" xlink:href="merged.maz-4282.tok.xml#tok_102"/><!-- Trainerkabine -->
</struct>
<struct id="const_40">
<rel id="rel_121" type="edge" xlink:href="merged.maz-4282.tok.xml#tok_107"/><!-- in -->
<rel id="rel_122" type="edge" xlink:href="merged.maz-4282.tok.xml#tok_108"/><!-- der -->
<rel id="rel_123" type="edge" xlink:href="merged.maz-4282.tok.xml#tok_109"/><!-- jetzigen -->
<rel id="rel_124" type="edge" xlink:href="merged.maz-4282.tok.xml#tok_110"/><!-- Spielsituation -->
</struct>
<struct id="const_41">
<rel id="rel_125" type="edge" xlink:href="merged.maz-4282.tok.xml#tok_104"/><!-- soll -->
<rel id="rel_126" type="edge" xlink:href="#const_38"/>
<rel id="rel_127" type="edge" xlink:href="#const_39"/>
</struct>
<struct id="const_42">
<rel id="rel_128" type="edge" xlink:href="merged.maz-4282.tok.xml#tok_96"/><!-- Eine -->
<rel id="rel_129" type="edge" xlink:href="merged.maz-4282.tok.xml#tok_97"/><!-- Diskussion -->
<rel id="rel_130" type="edge" xlink:href="#const_41"/>
</struct>
<struct id="const_43">
<rel id="rel_131" type="edge" xlink:href="merged.maz-4282.tok.xml#tok_106"/><!-- wäre -->
<rel id="rel_132" type="edge" xlink:href="merged.maz-4282.tok.xml#tok_111"/><!-- verheerend -->
<rel id="rel_133" type="edge" xlink:href="#const_40"/>
<rel id="rel_134" type="edge" xlink:href="#const_42"/>
</struct>
<struct id="const_44">
<rel id="rel_135" type="edge" xlink:href="merged.maz-4282.tok.xml#tok_116"/><!-- zu -->
<rel id="rel_136" type="edge" xlink:href="merged.maz-4282.tok.xml#tok_117"/><!-- den -->
<rel id="rel_137" type="edge" xlink:href="merged.maz-4282.tok.xml#tok_118"/><!-- deutschen -->
<rel id="rel_138" type="edge" xlink:href="merged.maz-4282.tok.xml#tok_119"/><!-- Grotten_Kickern -->
</struct>
<struct id="const_45">
<rel id="rel_139" type="edge" xlink:href="merged.maz-4282.tok.xml#tok_122"/><!-- immer -->
<rel id="rel_140" type="edge" xlink:href="merged.maz-4282.tok.xml#tok_123"/><!-- noch -->
</struct>
<struct id="const_46">
<rel id="rel_141" type="edge" xlink:href="merged.maz-4282.tok.xml#tok_114"/><!-- eine -->
<rel id="rel_142" type="edge" xlink:href="merged.maz-4282.tok.xml#tok_115"/><!-- Parallele -->
<rel id="rel_143" type="edge" xlink:href="#const_44"/>
</struct>
<struct id="const_47">
<rel id="rel_144" type="edge" xlink:href="merged.maz-4282.tok.xml#tok_113"/><!-- Und -->
<rel id="rel_145" type="edge" xlink:href="merged.maz-4282.tok.xml#tok_120"/><!-- gibt -->
<rel id="rel_146" type="edge" xlink:href="merged.maz-4282.tok.xml#tok_121"/><!-- es -->
<rel id="rel_147" type="edge" xlink:href="#const_45"/>
<rel id="rel_148" type="edge" xlink:href="#const_46"/>
</struct>
<struct id="const_48">
<rel id="rel_149" type="edge" xlink:href="merged.maz-4282.tok.xml#tok_127"/><!-- die -->
<rel id="rel_150" type="edge" xlink:href="merged.maz-4282.tok.xml#tok_128"/><!-- Spieler -->
</struct>
<struct id="const_49">
<rel id="rel_151" type="edge" xlink:href="merged.maz-4282.tok.xml#tok_129"/><!-- aus -->
<rel id="rel_152" type="edge" xlink:href="merged.maz-4282.tok.xml#tok_130"/><!-- den -->
<rel id="rel_153" type="edge" xlink:href="merged.maz-4282.tok.xml#tok_131"/><!-- verschiedenen -->
<rel id="rel_154" type="edge" xlink:href="merged.maz-4282.tok.xml#tok_132"/><!-- Vereinen -->
</struct>
<struct id="const_50">
<rel id="rel_155" type="edge" xlink:href="merged.maz-4282.tok.xml#tok_149"/><!-- Döberitzer -->
<rel id="rel_156" type="edge" xlink:href="merged.maz-4282.tok.xml#tok_150"/><!-- Heide -->
</struct>
<struct id="const_51">
<rel id="rel_157" type="edge" xlink:href="merged.maz-4282.tok.xml#tok_125"/><!-- Auch -->
<rel id="rel_158" type="edge" xlink:href="merged.maz-4282.tok.xml#tok_133"/><!-- zusammengewürfelt -->
<rel id="rel_159" type="edge" xlink:href="#const_49"/>
</struct>
<struct id="const_52">
<rel id="rel_160" type="edge" xlink:href="#const_50"/>
</struct>
<struct id="const_53">
<rel id="rel_161" type="edge" xlink:href="merged.maz-4282.tok.xml#tok_126"/><!-- wenn -->
<rel id="rel_162" type="edge" xlink:href="merged.maz-4282.tok.xml#tok_134"/><!-- sind -->
<rel id="rel_163" type="edge" xlink:href="#const_48"/>
<rel id="rel_164" type="edge" xlink:href="#const_51"/>
</struct>
<struct id="const_54">
<rel id="rel_165" type="edge" xlink:href="merged.maz-4282.tok.xml#tok_145"/><!-- in -->
<rel id="rel_166" type="edge" xlink:href="merged.maz-4282.tok.xml#tok_146"/><!-- einer -->
<rel id="rel_167" type="edge" xlink:href="merged.maz-4282.tok.xml#tok_147"/><!-- Mannschaft -->
<rel id="rel_168" type="edge" xlink:href="#const_52"/>
</struct>
<struct id="const_55">
<rel id="rel_169" type="edge" xlink:href="merged.maz-4282.tok.xml#tok_142"/><!-- dass -->
<rel id="rel_170" type="edge" xlink:href="merged.maz-4282.tok.xml#tok_143"/><!-- sie -->
<rel id="rel_171" type="edge" xlink:href="merged.maz-4282.tok.xml#tok_144"/><!-- nun -->
<rel id="rel_172" type="edge" xlink:href="merged.maz-4282.tok.xml#tok_152"/><!-- spielen -->
<rel id="rel_173" type="edge" xlink:href="#const_54"/>
</struct>
<struct id="const_56">
<rel id="rel_174" type="edge" xlink:href="merged.maz-4282.tok.xml#tok_139"/><!-- daran -->
<rel id="rel_175" type="edge" xlink:href="#const_55"/>
</struct>
<struct id="const_57">
<rel id="rel_176" type="edge" xlink:href="merged.maz-4282.tok.xml#tok_138"/><!-- sich -->
<rel id="rel_177" type="edge" xlink:href="merged.maz-4282.tok.xml#tok_140"/><!-- gewöhnen -->
<rel id="rel_178" type="edge" xlink:href="#const_56"/>
</struct>
<struct id="const_58">
<rel id="rel_179" type="edge" xlink:href="merged.maz-4282.tok.xml#tok_136"/><!-- sie -->
<rel id="rel_180" type="edge" xlink:href="merged.maz-4282.tok.xml#tok_137"/><!-- müssen -->
<rel id="rel_181" type="edge" xlink:href="#const_53"/>
<rel id="rel_182" type="edge" xlink:href="#const_57"/>
</struct>
<struct id="const_59">
<rel id="rel_183" type="edge" xlink:href="merged.maz-4282.tok.xml#tok_159"/><!-- nicht -->
<rel id="rel_184" type="edge" xlink:href="merged.maz-4282.tok.xml#tok_160"/><!-- gegeneinander -->
</struct>
<struct id="const_60">
<rel id="rel_185" type="edge" xlink:href="merged.maz-4282.tok.xml#tok_157"/><!-- gemeinsam -->
<rel id="rel_186" type="edge" xlink:href="merged.maz-4282.tok.xml#tok_158"/><!-- und -->
<rel id="rel_187" type="edge" xlink:href="#const_59"/>
</struct>
<struct id="const_61">
<rel id="rel_188" type="edge" xlink:href="merged.maz-4282.tok.xml#tok_154"/><!-- Und -->
<rel id="rel_189" type="edge" xlink:href="merged.maz-4282.tok.xml#tok_155"/><!-- das -->
<rel id="rel_190" type="edge" xlink:href="merged.maz-4282.tok.xml#tok_156"/><!-- heißt -->
<rel id="rel_191" type="edge" xlink:href="#const_60"/>
</struct>
<struct id="const_62">
<rel id="rel_192" type="edge" xlink:href="merged.maz-4282.tok.xml#tok_163"/><!-- von -->
<rel id="rel_193" type="edge" xlink:href="merged.maz-4282.tok.xml#tok_164"/><!-- der -->
<rel id="rel_194" type="edge" xlink:href="merged.maz-4282.tok.xml#tok_165"/><!-- Seitenlinie -->
</struct>
<struct id="const_63">
<rel id="rel_195" type="edge" xlink:href="merged.maz-4282.tok.xml#tok_167"/><!-- miteinander -->
<rel id="rel_196" type="edge" xlink:href="merged.maz-4282.tok.xml#tok_168"/><!-- fair -->
<rel id="rel_197" type="edge" xlink:href="merged.maz-4282.tok.xml#tok_169"/><!-- umzugehen -->
</struct>
<struct id="const_64">
<rel id="rel_198" type="edge" xlink:href="merged.maz-4282.tok.xml#tok_173"/><!-- beim -->
<rel id="rel_199" type="edge" xlink:href="merged.maz-4282.tok.xml#tok_174"/><!-- kleinsten -->
<rel id="rel_200" type="edge" xlink:href="merged.maz-4282.tok.xml#tok_175"/><!-- Schubser -->
</struct>
<struct id="const_65">
<rel id="rel_201" type="edge" xlink:href="merged.maz-4282.tok.xml#tok_177"/><!-- zu -->
<rel id="rel_202" type="edge" xlink:href="merged.maz-4282.tok.xml#tok_178"/><!-- zerfleischen -->
</struct>
<struct id="const_66">
<rel id="rel_203" type="edge" xlink:href="merged.maz-4282.tok.xml#tok_171"/><!-- sich -->
<rel id="rel_204" type="edge" xlink:href="merged.maz-4282.tok.xml#tok_172"/><!-- nicht -->
<rel id="rel_205" type="edge" xlink:href="merged.maz-4282.tok.xml#tok_176"/><!-- gegenseitig -->
<rel id="rel_206" type="edge" xlink:href="#const_64"/>
<rel id="rel_207" type="edge" xlink:href="#const_65"/>
</struct>
<struct id="const_67">
<rel id="rel_208" type="edge" xlink:href="merged.maz-4282.tok.xml#tok_170"/><!-- und -->
<rel id="rel_209" type="edge" xlink:href="#const_63"/>
<rel id="rel_210" type="edge" xlink:href="#const_66"/>
</struct>
<struct id="const_68">
<rel id="rel_211" type="edge" xlink:href="merged.maz-4282.tok.xml#tok_162"/><!-- Ermahnungen -->
<rel id="rel_212" type="edge" xlink:href="#const_62"/>
<rel id="rel_213" type="edge" xlink:href="#const_67"/>
</struct>
<struct id="const_69">
<rel id="rel_214" type="edge" xlink:href="merged.maz-4282.tok.xml#tok_180"/><!-- sind -->
<rel id="rel_215" type="edge" xlink:href="merged.maz-4282.tok.xml#tok_181"/><!-- normalerweise -->
<rel id="rel_216" type="edge" xlink:href="merged.maz-4282.tok.xml#tok_182"/><!-- überflüssig -->
<rel id="rel_217" type="edge" xlink:href="#const_68"/>
</struct>
<struct id="const_70">
<rel id="rel_218" type="edge" xlink:href="merged.maz-4282.tok.xml#tok_184"/><!-- Vorerst -->
<rel id="rel_219" type="edge" xlink:href="merged.maz-4282.tok.xml#tok_185"/><!-- allerdings -->
<rel id="rel_220" type="edge" xlink:href="merged.maz-4282.tok.xml#tok_186"/><!-- hilfreich -->
</struct></structList>
</paula>
