<?xml version="1.0" encoding="UTF-8" standalone="no"?>
<!DOCTYPE sfb632_standard SYSTEM "sfb632_struct.dtd">
<sfb632_standard version="1.0">


<header sfb_id="exmaralda.maz-16153.annoSet" type="annoSet"/>

<structList xmlns:xlink="http://www.w3.org/1999/xlink" type="annoSet">

<struct id="anno_1">
  <rel id="rel_1" xlink:href="urml.maz-16153.text.xml"/>
</struct>

<struct id="anno_2">
  <rel id="rel_2" xlink:href="urml.maz-16153.tok.xml"/>
  <rel id="rel_3" xlink:href="exmaralda.maz-16153.tok_Focus_newInf.xml"/>
  <rel id="rel_4" xlink:href="exmaralda.maz-16153.tok_Inf-Stat.xml"/>
  <rel id="rel_5" xlink:href="exmaralda.maz-16153.tok_NP.xml"/>
  <rel id="rel_6" xlink:href="exmaralda.maz-16153.tok_PP.xml"/>
  <rel id="rel_7" xlink:href="exmaralda.maz-16153.tok_Sent.xml"/>
  <rel id="rel_8" xlink:href="exmaralda.maz-16153.tok_Topic.xml"/>
</struct>


</structList>
</sfb632_standard>
