<?xml version="1.0" encoding="UTF-8" standalone="no"?>


<!DOCTYPE sfb632_standard SYSTEM "sfb632_feat.dtd">
<sfb632_standard version="1.0">

<header sfb_id="exmaralda.maz-16153_PP" type="PP"/>

<featList xmlns:xlink="http://www.w3.org/1999/xlink" type="PP" xml:base="urml.maz-16153.tok.xml">

<feat xlink:href="#xpointer(id('tok_3')/range-to(id('tok_4')))" value="PP"/><!-- In...Berlin -->
<feat xlink:href="#xpointer(id('tok_12')/range-to(id('tok_13')))" value="PP"/><!-- von...Koalitionsrunden -->
<feat xlink:href="#xpointer(id('tok_42')/range-to(id('tok_44')))" value="PP"/><!-- an...Olympiabewerbung -->
<feat xlink:href="#xpointer(id('tok_48')/range-to(id('tok_51')))" value="PP"/><!-- auf...Haushaltslage -->
<feat xlink:href="#xpointer(id('tok_71')/range-to(id('tok_72')))" value="PP"/><!-- vom...Tisch -->
<feat xlink:href="#xpointer(id('tok_81')/range-to(id('tok_85')))" value="PP"/><!-- beim...Beschlusses -->
<feat xlink:href="#xpointer(id('tok_101')/range-to(id('tok_102')))" value="PP"/><!-- mit...der -->
<feat xlink:href="#xpointer(id('tok_105')/range-to(id('tok_107')))" value="PP"/><!-- gegen...Risiken -->
<feat xlink:href="#xpointer(id('tok_148')/range-to(id('tok_150')))" value="PP"/><!-- in...Sternen -->
</featList>

</sfb632_standard>
