<?xml version="1.0" encoding="UTF-8" standalone="no"?>


<!DOCTYPE sfb632_standard SYSTEM "sfb632_feat.dtd">
<sfb632_standard version="1.0">

<header sfb_id="exmaralda.maz-16153_NP" type="NP"/>

<featList xmlns:xlink="http://www.w3.org/1999/xlink" type="NP" xml:base="urml.maz-16153.tok.xml">

<feat xlink:href="#tok_4" value="NP"/><!-- Berlin -->
<feat xlink:href="#xpointer(id('tok_6')/range-to(id('tok_8')))" value="NP"/><!-- die...Verhandlungspartner -->
<feat xlink:href="#xpointer(id('tok_9')/range-to(id('tok_11')))" value="NP"/><!-- eine...Regel -->
<feat xlink:href="#tok_13" value="NP"/><!-- Koalitionsrunden -->
<feat xlink:href="#xpointer(id('tok_17')/range-to(id('tok_21')))" value="NP"/><!-- die..." -->
<feat xlink:href="#tok_26" value="NP"/><!-- Olympia -->
<feat xlink:href="#xpointer(id('tok_28')/range-to(id('tok_32')))" value="NP"/><!-- ein..." -->
<feat xlink:href="#xpointer(id('tok_34')/range-to(id('tok_35')))" value="NP"/><!-- das...andere -->
<feat xlink:href="#xpointer(id('tok_36')/range-to(id('tok_38')))" value="NP"/><!-- der...SchÃ¶nefelds -->
<feat xlink:href="#xpointer(id('tok_40')/range-to(id('tok_41')))" value="NP"/><!-- Die...Absage -->
<feat xlink:href="#xpointer(id('tok_43')/range-to(id('tok_44')))" value="NP"/><!-- eine...Olympiabewerbung -->
<feat xlink:href="#xpointer(id('tok_46')/range-to(id('tok_47')))" value="NP"/><!-- der...Verweis -->
<feat xlink:href="#xpointer(id('tok_49')/range-to(id('tok_51')))" value="NP"/><!-- die...Haushaltslage -->
<feat xlink:href="#xpointer(id('tok_58')/range-to(id('tok_59')))" value="NP"/><!-- das...Flughafen_Votum -->
<feat xlink:href="#xpointer(id('tok_64')/range-to(id('tok_65')))" value="NP"/><!-- der...Eindruck -->
<feat xlink:href="#xpointer(id('tok_68')/range-to(id('tok_69')))" value="NP"/><!-- ein...Streitthema -->
<feat xlink:href="#tok_72" value="NP"/><!-- Tisch -->
<feat xlink:href="#xpointer(id('tok_74')/range-to(id('tok_75')))" value="NP"/><!-- die...PDS -->
<feat xlink:href="#xpointer(id('tok_82')/range-to(id('tok_83')))" value="NP"/><!-- genauen...Lesen -->
<feat xlink:href="#xpointer(id('tok_84')/range-to(id('tok_85')))" value="NP"/><!-- des...Beschlusses -->
<feat xlink:href="#xpointer(id('tok_89')/range-to(id('tok_90')))" value="NP"/><!-- Die...Verhandlungspartner -->
<feat xlink:href="#xpointer(id('tok_92')/range-to(id('tok_98')))" value="NP"/><!-- eine...Formel -->
<feat xlink:href="#tok_102" value="NP"/><!-- der -->
<feat xlink:href="#tok_103" value="NP"/><!-- sie -->
<feat xlink:href="#xpointer(id('tok_106')/range-to(id('tok_107')))" value="NP"/><!-- alle...Risiken -->
<feat xlink:href="#xpointer(id('tok_112')/range-to(id('tok_113')))" value="NP"/><!-- das...Planfeststellungsverfahren -->
<feat xlink:href="#xpointer(id('tok_118')/range-to(id('tok_119')))" value="NP"/><!-- die...PDS -->
<feat xlink:href="#xpointer(id('tok_125')/range-to(id('tok_126')))" value="NP"/><!-- kein...ZurÃ¼ck -->
<feat xlink:href="#xpointer(id('tok_130')/range-to(id('tok_131')))" value="NP"/><!-- die...Bedenken -->
<feat xlink:href="#xpointer(id('tok_139')/range-to(id('tok_140')))" value="NP"/><!-- die...Privatisierung -->
<feat xlink:href="#xpointer(id('tok_141')/range-to(id('tok_142')))" value="NP"/><!-- der...Flughafengesellschaft -->
<feat xlink:href="#xpointer(id('tok_149')/range-to(id('tok_150')))" value="NP"/><!-- den...Sternen -->
</featList>

</sfb632_standard>
