<?xml version="1.0" encoding="UTF-8" standalone="no"?>


<!DOCTYPE sfb632_standard SYSTEM "sfb632_feat.dtd">
<sfb632_standard version="1.0">

<header sfb_id="exmaralda.maz-16153_Sent" type="Sent"/>

<featList xmlns:xlink="http://www.w3.org/1999/xlink" type="Sent" xml:base="urml.maz-16153.tok.xml">

<feat xlink:href="#xpointer(id('tok_3')/range-to(id('tok_25')))" value="s"/><!-- In.... -->
<feat xlink:href="#xpointer(id('tok_26')/range-to(id('tok_39')))" value="s"/><!-- Olympia.... -->
<feat xlink:href="#xpointer(id('tok_40')/range-to(id('tok_54')))" value="s"/><!-- Die.... -->
<feat xlink:href="#xpointer(id('tok_55')/range-to(id('tok_60')))" value="s"/><!-- Weit.... -->
<feat xlink:href="#xpointer(id('tok_61')/range-to(id('tok_79')))" value="s"/><!-- Nach.... -->
<feat xlink:href="#xpointer(id('tok_80')/range-to(id('tok_109')))" value="s"/><!-- Doch.... -->
<feat xlink:href="#xpointer(id('tok_110')/range-to(id('tok_133')))" value="s"/><!-- Zwar.... -->
<feat xlink:href="#xpointer(id('tok_134')/range-to(id('tok_150')))" value="s"/><!-- Wie...Sternen -->
</featList>

</sfb632_standard>
