<?xml version="1.0" encoding="UTF-8" standalone="no"?>


<!DOCTYPE sfb632_standard SYSTEM "sfb632_feat.dtd">
<sfb632_standard version="1.0">

<header sfb_id="exmaralda.maz-16153_Inf-Stat" type="Inf-Stat"/>

<featList xmlns:xlink="http://www.w3.org/1999/xlink" type="Inf-Stat" xml:base="urml.maz-16153.tok.xml">

<feat xlink:href="#tok_4" value="acc-gen"/><!-- Berlin -->
<feat xlink:href="#xpointer(id('tok_6')/range-to(id('tok_8')))" value="acc-gen"/><!-- die...Verhandlungspartner -->
<feat xlink:href="#xpointer(id('tok_9')/range-to(id('tok_11')))" value="new"/><!-- eine...Regel -->
<feat xlink:href="#tok_13" value="acc-inf"/><!-- Koalitionsrunden -->
<feat xlink:href="#xpointer(id('tok_17')/range-to(id('tok_21')))" value="idiom"/><!-- die..." -->
<feat xlink:href="#tok_26" value="acc-gen"/><!-- Olympia -->
<feat xlink:href="#xpointer(id('tok_28')/range-to(id('tok_32')))" value="idiom"/><!-- ein..." -->
<feat xlink:href="#xpointer(id('tok_34')/range-to(id('tok_35')))" value="giv-active"/><!-- das...andere -->
<feat xlink:href="#xpointer(id('tok_36')/range-to(id('tok_38')))" value="new"/><!-- der...SchÃ¶nefelds -->
<feat xlink:href="#xpointer(id('tok_43')/range-to(id('tok_44')))" value="new"/><!-- eine...Olympiabewerbung -->
<feat xlink:href="#xpointer(id('tok_49')/range-to(id('tok_51')))" value="new"/><!-- die...Haushaltslage -->
<feat xlink:href="#xpointer(id('tok_58')/range-to(id('tok_59')))" value="giv-active"/><!-- das...Flughafen_Votum -->
<feat xlink:href="#xpointer(id('tok_68')/range-to(id('tok_69')))" value="giv-active"/><!-- ein...Streitthema -->
<feat xlink:href="#tok_72" value="idiom"/><!-- Tisch -->
<feat xlink:href="#xpointer(id('tok_74')/range-to(id('tok_75')))" value="acc-inf"/><!-- die...PDS -->
<feat xlink:href="#xpointer(id('tok_84')/range-to(id('tok_85')))" value="giv-active"/><!-- des...Beschlusses -->
<feat xlink:href="#xpointer(id('tok_89')/range-to(id('tok_90')))" value="giv-inacitve"/><!-- Die...Verhandlungspartner -->
<feat xlink:href="#xpointer(id('tok_92')/range-to(id('tok_98')))" value="new"/><!-- eine...Formel -->
<feat xlink:href="#tok_102" value="giv-active"/><!-- der -->
<feat xlink:href="#tok_103" value="giv-active"/><!-- sie -->
<feat xlink:href="#xpointer(id('tok_112')/range-to(id('tok_113')))" value="acc-inf"/><!-- das...Planfeststellungsverfahren -->
<feat xlink:href="#xpointer(id('tok_118')/range-to(id('tok_119')))" value="giv-inactive"/><!-- die...PDS -->
<feat xlink:href="#xpointer(id('tok_130')/range-to(id('tok_131')))" value="new"/><!-- die...Bedenken -->
<feat xlink:href="#xpointer(id('tok_139')/range-to(id('tok_140')))" value="new"/><!-- die...Privatisierung -->
<feat xlink:href="#xpointer(id('tok_141')/range-to(id('tok_142')))" value="new"/><!-- der...Flughafengesellschaft -->
<feat xlink:href="#xpointer(id('tok_149')/range-to(id('tok_150')))" value="idiom"/><!-- den...Sternen -->
</featList>

</sfb632_standard>
