<?xml version="1.0" encoding="UTF-8" standalone="no"?>


<!DOCTYPE sfb632_standard SYSTEM "sfb632_feat.dtd">
<sfb632_standard version="1.0">

<header sfb_id="exmaralda.maz-16153_Focus_newInf" type="Focus_newInf"/>

<featList xmlns:xlink="http://www.w3.org/1999/xlink" type="Focus_newInf" xml:base="urml.maz-16153.tok.xml">

<feat xlink:href="#xpointer(id('tok_9')/range-to(id('tok_24')))" value="nf-unsol"/><!-- eine...anzupacken -->
<feat xlink:href="#xpointer(id('tok_27')/range-to(id('tok_32')))" value="nf-unsol"/><!-- war..." -->
<feat xlink:href="#xpointer(id('tok_34')/range-to(id('tok_35')))" value="nf-unsol"/><!-- das...andere -->
<feat xlink:href="#xpointer(id('tok_52')/range-to(id('tok_53')))" value="nf-unsol"/><!-- sind...einleuchtend -->
<feat xlink:href="#xpointer(id('tok_55')/range-to(id('tok_57')))" value="nf-unsol"/><!-- Weit...ist -->
<feat xlink:href="#xpointer(id('tok_70')/range-to(id('tok_72')))" value="nf-unsol"/><!-- sei...Tisch -->
<feat xlink:href="#xpointer(id('tok_76')/range-to(id('tok_78')))" value="nf-unsol"/><!-- habe...beigegeben -->
<feat xlink:href="#xpointer(id('tok_91')/range-to(id('tok_108')))" value="nf-unsol"/><!-- haben...absichern -->
<feat xlink:href="#xpointer(id('tok_110')/range-to(id('tok_111')))" value="nf-unsol"/><!-- Zwar...wird -->
<feat xlink:href="#xpointer(id('tok_114')/range-to(id('tok_127')))" value="nf-unsol"/><!-- fortgesetzt...gibt -->
</featList>

</sfb632_standard>
