<?xml version="1.0" encoding="UTF-8" standalone="no"?>


<!DOCTYPE sfb632_standard SYSTEM "sfb632_feat.dtd">
<sfb632_standard version="1.0">

<header sfb_id="exmaralda.maz-16153_Topic" type="Topic"/>

<featList xmlns:xlink="http://www.w3.org/1999/xlink" type="Topic" xml:base="urml.maz-16153.tok.xml">

<feat xlink:href="#xpointer(id('tok_3')/range-to(id('tok_4')))" value="fs"/><!-- In...Berlin -->
<feat xlink:href="#xpointer(id('tok_6')/range-to(id('tok_8')))" value="ab"/><!-- die...Verhandlungspartner -->
<feat xlink:href="#tok_26" value="ab"/><!-- Olympia -->
<feat xlink:href="#xpointer(id('tok_36')/range-to(id('tok_38')))" value="ab"/><!-- der...SchÃ¶nefelds -->
<feat xlink:href="#xpointer(id('tok_40')/range-to(id('tok_51')))" value="ab"/><!-- Die...Haushaltslage -->
<feat xlink:href="#xpointer(id('tok_58')/range-to(id('tok_59')))" value="ab"/><!-- das...Flughafen_Votum -->
<feat xlink:href="#xpointer(id('tok_61')/range-to(id('tok_62')))" value="fs"/><!-- Nach...auÃen -->
<feat xlink:href="#xpointer(id('tok_64')/range-to(id('tok_65')))" value="ab"/><!-- der...Eindruck -->
<feat xlink:href="#xpointer(id('tok_68')/range-to(id('tok_69')))" value="ab"/><!-- ein...Streitthema -->
<feat xlink:href="#xpointer(id('tok_74')/range-to(id('tok_75')))" value="ab"/><!-- die...PDS -->
<feat xlink:href="#xpointer(id('tok_89')/range-to(id('tok_90')))" value="ab"/><!-- Die...Verhandlungspartner -->
<feat xlink:href="#xpointer(id('tok_112')/range-to(id('tok_113')))" value="ab"/><!-- das...Planfeststellungsverfahren -->
<feat xlink:href="#xpointer(id('tok_118')/range-to(id('tok_119')))" value="ab"/><!-- die...PDS -->
<feat xlink:href="#xpointer(id('tok_130')/range-to(id('tok_131')))" value="ab"/><!-- die...Bedenken -->
</featList>

</sfb632_standard>
