<?xml version="1.0" standalone="no"?>
<!DOCTYPE sfb632_standard SYSTEM "sfb632_feat.dtd">


<sfb632_standard version="1.0">

<header sfb_id="mmax.maz-5010_anaphor_antecedent" type="anaphor_antecedent"/>

<featList xmlns:xlink="http://www.w3.org/1999/xlink" type="anaphor_antecedent" xml:base="mmax.maz-5010.primmarkSeg.xml">
<feat xlink:href="#primmarkSeg_28" value="default" target="empty"/>
<feat xlink:href="#primmarkSeg_100024" value="default" target="empty"/>
<feat xlink:href="#primmarkSeg_50" value="default" target="empty"/>
<feat xlink:href="#primmarkSeg_1000102" value="default" target="#primmarkSeg_100080"/>
<feat xlink:href="#primmarkSeg_67" value="default" target="#primmarkSeg_2"/>
<feat xlink:href="#primmarkSeg_100050" value="default" target="#primmarkSeg_8"/>
<feat xlink:href="#primmarkSeg_58" value="default" target="empty"/>
<feat xlink:href="#primmarkSeg_100094" value="default" target="#primmarkSeg_29"/>
<feat xlink:href="#primmarkSeg_100080" value="default" target="#primmarkSeg_35"/>
<feat xlink:href="#primmarkSeg_1000111" value="default" target="#primmarkSeg_1"/>
<feat xlink:href="#primmarkSeg_1" value="default" target="empty"/>
<feat xlink:href="#primmarkSeg_68" value="default" target="empty"/>
<feat xlink:href="#primmarkSeg_4" value="default" target="empty"/>
<feat xlink:href="#primmarkSeg_51" value="default" target="empty"/>
<feat xlink:href="#primmarkSeg_100066" value="default" target="empty"/>
<feat xlink:href="#primmarkSeg_21" value="default" target="empty"/>
<feat xlink:href="#primmarkSeg_15" value="default" target="empty"/>
<feat xlink:href="#primmarkSeg_57" value="default" target="#primmarkSeg_100066"/>
<feat xlink:href="#primmarkSeg_2" value="default" target="empty"/>
<feat xlink:href="#primmarkSeg_35" value="default" target="#primmarkSeg_27"/>
</featList>
</sfb632_standard>
