<?xml version="1.0" standalone="no"?>
<!DOCTYPE sfb632_standard SYSTEM "sfb632_feat.dtd">


<sfb632_standard version="1.0">

<header sfb_id="mmax.maz-5010_dir_speech" type="dir_speech"/>

<featList xmlns:xlink="http://www.w3.org/1999/xlink" type="dir_speech" xml:base="mmax.maz-5010.primmarkSeg.xml">
<feat xlink:href="#primmarkSeg_28" value="text_level"/>
<feat xlink:href="#primmarkSeg_100024" value="text_level"/>
<feat xlink:href="#primmarkSeg_50" value="text_level"/>
<feat xlink:href="#primmarkSeg_1000102" value="text_level"/>
<feat xlink:href="#primmarkSeg_67" value="text_level"/>
<feat xlink:href="#primmarkSeg_100050" value="text_level"/>
<feat xlink:href="#primmarkSeg_58" value="text_level"/>
<feat xlink:href="#primmarkSeg_100094" value="text_level"/>
<feat xlink:href="#primmarkSeg_100080" value="text_level"/>
<feat xlink:href="#primmarkSeg_1000111" value="text_level"/>
<feat xlink:href="#primmarkSeg_1" value="text_level"/>
<feat xlink:href="#primmarkSeg_68" value="text_level"/>
<feat xlink:href="#primmarkSeg_4" value="text_level"/>
<feat xlink:href="#primmarkSeg_51" value="text_level"/>
<feat xlink:href="#primmarkSeg_100066" value="text_level"/>
<feat xlink:href="#primmarkSeg_21" value="text_level"/>
<feat xlink:href="#primmarkSeg_15" value="text_level"/>
<feat xlink:href="#primmarkSeg_57" value="text_level"/>
<feat xlink:href="#primmarkSeg_2" value="text_level"/>
<feat xlink:href="#primmarkSeg_35" value="text_level"/>
</featList>
</sfb632_standard>
