<?xml version="1.0" standalone="no"?>
<!DOCTYPE sfb632_standard SYSTEM "sfb632_feat.dtd">


<sfb632_standard version="1.0">

<header sfb_id="mmax.maz-5010_anaphor_type" type="anaphor_type"/>

<featList xmlns:xlink="http://www.w3.org/1999/xlink" type="anaphor_type" xml:base="mmax.maz-5010.primmarkSeg.xml">
<feat xlink:href="#primmarkSeg_1000102" value="anaphor_nominal"/>
<feat xlink:href="#primmarkSeg_67" value="anaphor_nominal"/>
<feat xlink:href="#primmarkSeg_100050" value="anaphor_nominal"/>
<feat xlink:href="#primmarkSeg_100094" value="anaphor_nominal"/>
<feat xlink:href="#primmarkSeg_100080" value="anaphor_nominal"/>
<feat xlink:href="#primmarkSeg_1000111" value="anaphor_nominal"/>
<feat xlink:href="#primmarkSeg_57" value="anaphor_nominal"/>
<feat xlink:href="#primmarkSeg_35" value="anaphor_nominal"/>
</featList>
</sfb632_standard>
