<?xml version="1.0" standalone="no"?>
<!DOCTYPE sfb632_standard SYSTEM "sfb632_mark.dtd">


<sfb632_standard version="1.0">
<header sfb_id="mmax.maz-5010_primmarkSeg" type="primmarkSeg"/>

<markList xmlns:xlink="http://www.w3.org/1999/xlink" type="primmarkSeg" xml:base="urml.maz-5010.tok.xml">
<mark id="primmarkSeg_28" xlink:href="(#tok_61,#tok_62)"/>
<mark id="primmarkSeg_100024" xlink:href="#tok_25"/>
<mark id="primmarkSeg_50" xlink:href="(#tok_103,#tok_104)"/>
<mark id="primmarkSeg_1000102" xlink:href="#tok_103"/>
<mark id="primmarkSeg_67" xlink:href="(#tok_140,#tok_141)"/>
<mark id="primmarkSeg_100050" xlink:href="#tok_51"/>
<mark id="primmarkSeg_58" xlink:href="#xpointer(id('tok_127')/range-to(id('tok_129')))"/>
<mark id="primmarkSeg_100094" xlink:href="#tok_95"/>
<mark id="primmarkSeg_100080" xlink:href="#tok_81"/>
<mark id="primmarkSeg_1000111" xlink:href="#xpointer(id('tok_111')/range-to(id('tok_112')))"/>
<mark id="primmarkSeg_1" xlink:href="(#tok_2,#tok_3)"/>
<mark id="primmarkSeg_68" xlink:href="#xpointer(id('tok_143')/range-to(id('tok_145')))"/>
<mark id="primmarkSeg_4" xlink:href="#xpointer(id('tok_12')/range-to(id('tok_14')))"/>
<mark id="primmarkSeg_51" xlink:href="(#tok_105,#tok_106)"/>
<mark id="primmarkSeg_100066" xlink:href="#xpointer(id('tok_66')/range-to(id('tok_67')))"/>
<mark id="primmarkSeg_21" xlink:href="(#tok_42,#tok_44,#xpointer(id('tok_46')/range-to(id('tok_47'))),#tok_49)"/>
<mark id="primmarkSeg_15" xlink:href="#xpointer(id('tok_30')/range-to(id('tok_32')))"/>
<mark id="primmarkSeg_57" xlink:href="#xpointer(id('tok_120')/range-to(id('tok_123')))"/>
<mark id="primmarkSeg_2" xlink:href="(#tok_5,#tok_6)"/>
<mark id="primmarkSeg_35" xlink:href="(#tok_75,#tok_76)"/>
</markList>
</sfb632_standard>
