<?xml version="1.0" standalone="no"?>
<!DOCTYPE sfb632_standard SYSTEM "sfb632_feat.dtd">


<sfb632_standard version="1.0">

<header sfb_id="mmax.maz-5010_complex_np" type="complex_np"/>

<featList xmlns:xlink="http://www.w3.org/1999/xlink" type="complex_np" xml:base="mmax.maz-5010.primmarkSeg.xml">
<feat xlink:href="#primmarkSeg_28" value="no"/>
<feat xlink:href="#primmarkSeg_100024" value="no"/>
<feat xlink:href="#primmarkSeg_50" value="no"/>
<feat xlink:href="#primmarkSeg_1000102" value="no"/>
<feat xlink:href="#primmarkSeg_67" value="no"/>
<feat xlink:href="#primmarkSeg_100050" value="no"/>
<feat xlink:href="#primmarkSeg_58" value="no"/>
<feat xlink:href="#primmarkSeg_100094" value="no"/>
<feat xlink:href="#primmarkSeg_100080" value="no"/>
<feat xlink:href="#primmarkSeg_1000111" value="no"/>
<feat xlink:href="#primmarkSeg_1" value="no"/>
<feat xlink:href="#primmarkSeg_68" value="no"/>
<feat xlink:href="#primmarkSeg_4" value="yes"/>
<feat xlink:href="#primmarkSeg_51" value="no"/>
<feat xlink:href="#primmarkSeg_100066" value="no"/>
<feat xlink:href="#primmarkSeg_21" value="yes"/>
<feat xlink:href="#primmarkSeg_15" value="no"/>
<feat xlink:href="#primmarkSeg_57" value="no"/>
<feat xlink:href="#primmarkSeg_2" value="no"/>
<feat xlink:href="#primmarkSeg_35" value="no"/>
</featList>
</sfb632_standard>
