<?xml version="1.0" standalone="no"?>
<!DOCTYPE sfb632_standard SYSTEM "sfb632_feat.dtd">


<sfb632_standard version="1.0">

<header sfb_id="mmax.maz-5010_referentiality" type="referentiality"/>

<featList xmlns:xlink="http://www.w3.org/1999/xlink" type="referentiality" xml:base="mmax.maz-5010.primmarkSeg.xml">
<feat xlink:href="#primmarkSeg_28" value="discourse-new"/>
<feat xlink:href="#primmarkSeg_100024" value="referring"/>
<feat xlink:href="#primmarkSeg_50" value="discourse-new"/>
<feat xlink:href="#primmarkSeg_1000102" value="referring"/>
<feat xlink:href="#primmarkSeg_67" value="referring"/>
<feat xlink:href="#primmarkSeg_100050" value="referring"/>
<feat xlink:href="#primmarkSeg_58" value="discourse-new"/>
<feat xlink:href="#primmarkSeg_100094" value="referring"/>
<feat xlink:href="#primmarkSeg_100080" value="referring"/>
<feat xlink:href="#primmarkSeg_1000111" value="referring"/>
<feat xlink:href="#primmarkSeg_1" value="discourse-new"/>
<feat xlink:href="#primmarkSeg_68" value="discourse-new"/>
<feat xlink:href="#primmarkSeg_4" value="discourse-new"/>
<feat xlink:href="#primmarkSeg_51" value="other"/>
<feat xlink:href="#primmarkSeg_100066" value="discourse-new"/>
<feat xlink:href="#primmarkSeg_21" value="discourse-new"/>
<feat xlink:href="#primmarkSeg_15" value="discourse-new"/>
<feat xlink:href="#primmarkSeg_57" value="referring"/>
<feat xlink:href="#primmarkSeg_2" value="discourse-new"/>
<feat xlink:href="#primmarkSeg_35" value="referring"/>
</featList>
</sfb632_standard>
