<?xml version="1.0" standalone="no"?>
<!DOCTYPE sfb632_standard SYSTEM "sfb632_feat.dtd">


<sfb632_standard version="1.0">

<header sfb_id="mmax.maz-5010_phrase_type" type="phrase_type"/>

<featList xmlns:xlink="http://www.w3.org/1999/xlink" type="phrase_type" xml:base="mmax.maz-5010.primmarkSeg.xml">
<feat xlink:href="#primmarkSeg_28" value="np"/>
<feat xlink:href="#primmarkSeg_100024" value="np"/>
<feat xlink:href="#primmarkSeg_50" value="np"/>
<feat xlink:href="#primmarkSeg_1000102" value="np"/>
<feat xlink:href="#primmarkSeg_67" value="np"/>
<feat xlink:href="#primmarkSeg_100050" value="pp"/>
<feat xlink:href="#primmarkSeg_58" value="pp"/>
<feat xlink:href="#primmarkSeg_100094" value="np"/>
<feat xlink:href="#primmarkSeg_100080" value="np"/>
<feat xlink:href="#primmarkSeg_1000111" value="pp"/>
<feat xlink:href="#primmarkSeg_1" value="np"/>
<feat xlink:href="#primmarkSeg_68" value="pp"/>
<feat xlink:href="#primmarkSeg_4" value="np"/>
<feat xlink:href="#primmarkSeg_51" value="pp"/>
<feat xlink:href="#primmarkSeg_100066" value="pp"/>
<feat xlink:href="#primmarkSeg_21" value="pp"/>
<feat xlink:href="#primmarkSeg_15" value="pp"/>
<feat xlink:href="#primmarkSeg_57" value="pp"/>
<feat xlink:href="#primmarkSeg_2" value="np"/>
<feat xlink:href="#primmarkSeg_35" value="np"/>
</featList>
</sfb632_standard>
