<?xml version="1.0" standalone="no"?>
<!DOCTYPE sfb632_standard SYSTEM "sfb632_feat.dtd">


<sfb632_standard version="1.0">

<header sfb_id="mmax.maz-5010_type" type="type"/>

<featList xmlns:xlink="http://www.w3.org/1999/xlink" type="type" xml:base="mmax.maz-5010.primmarkSeg.xml">
<feat xlink:href="#primmarkSeg_28" value="none"/>
<feat xlink:href="#primmarkSeg_100024" value="none"/>
<feat xlink:href="#primmarkSeg_50" value="none"/>
<feat xlink:href="#primmarkSeg_1000102" value="anaphoric"/>
<feat xlink:href="#primmarkSeg_67" value="anaphoric"/>
<feat xlink:href="#primmarkSeg_100050" value="anaphoric"/>
<feat xlink:href="#primmarkSeg_58" value="none"/>
<feat xlink:href="#primmarkSeg_100094" value="anaphoric"/>
<feat xlink:href="#primmarkSeg_100080" value="anaphoric"/>
<feat xlink:href="#primmarkSeg_1000111" value="anaphoric"/>
<feat xlink:href="#primmarkSeg_1" value="none"/>
<feat xlink:href="#primmarkSeg_68" value="none"/>
<feat xlink:href="#primmarkSeg_4" value="none"/>
<feat xlink:href="#primmarkSeg_51" value="none"/>
<feat xlink:href="#primmarkSeg_100066" value="none"/>
<feat xlink:href="#primmarkSeg_21" value="none"/>
<feat xlink:href="#primmarkSeg_15" value="none"/>
<feat xlink:href="#primmarkSeg_57" value="anaphoric"/>
<feat xlink:href="#primmarkSeg_2" value="none"/>
<feat xlink:href="#primmarkSeg_35" value="anaphoric"/>
</featList>
</sfb632_standard>
