<?xml version="1.0" standalone="no"?>
<!DOCTYPE sfb632_standard SYSTEM "sfb632_feat.dtd">


<sfb632_standard version="1.0">

<header sfb_id="mmax.maz-5010_ambiguity" type="ambiguity"/>

<featList xmlns:xlink="http://www.w3.org/1999/xlink" type="ambiguity" xml:base="mmax.maz-5010.primmarkSeg.xml">
<feat xlink:href="#primmarkSeg_28" value="not_ambig"/>
<feat xlink:href="#primmarkSeg_100024" value="not_ambig"/>
<feat xlink:href="#primmarkSeg_50" value="not_ambig"/>
<feat xlink:href="#primmarkSeg_1000102" value="not_ambig"/>
<feat xlink:href="#primmarkSeg_67" value="not_ambig"/>
<feat xlink:href="#primmarkSeg_100050" value="not_ambig"/>
<feat xlink:href="#primmarkSeg_58" value="not_ambig"/>
<feat xlink:href="#primmarkSeg_100094" value="not_ambig"/>
<feat xlink:href="#primmarkSeg_100080" value="not_ambig"/>
<feat xlink:href="#primmarkSeg_1000111" value="not_ambig"/>
<feat xlink:href="#primmarkSeg_1" value="not_ambig"/>
<feat xlink:href="#primmarkSeg_68" value="not_ambig"/>
<feat xlink:href="#primmarkSeg_4" value="not_ambig"/>
<feat xlink:href="#primmarkSeg_51" value="not_ambig"/>
<feat xlink:href="#primmarkSeg_100066" value="not_ambig"/>
<feat xlink:href="#primmarkSeg_21" value="not_ambig"/>
<feat xlink:href="#primmarkSeg_15" value="not_ambig"/>
<feat xlink:href="#primmarkSeg_57" value="not_ambig"/>
<feat xlink:href="#primmarkSeg_2" value="not_ambig"/>
<feat xlink:href="#primmarkSeg_35" value="not_ambig"/>
</featList>
</sfb632_standard>
