<?xml version="1.0" standalone="no"?>
<!DOCTYPE sfb632_standard SYSTEM "sfb632_feat.dtd">


<sfb632_standard version="1.0">

<header sfb_id="mmax.maz-5010_grammatical_role" type="grammatical_role"/>

<featList xmlns:xlink="http://www.w3.org/1999/xlink" type="grammatical_role" xml:base="mmax.maz-5010.primmarkSeg.xml">
<feat xlink:href="#primmarkSeg_28" value="other"/>
<feat xlink:href="#primmarkSeg_100024" value="sbj"/>
<feat xlink:href="#primmarkSeg_50" value="sbj"/>
<feat xlink:href="#primmarkSeg_1000102" value="other"/>
<feat xlink:href="#primmarkSeg_67" value="other"/>
<feat xlink:href="#primmarkSeg_100050" value="other"/>
<feat xlink:href="#primmarkSeg_58" value="other"/>
<feat xlink:href="#primmarkSeg_100094" value="dir-obj"/>
<feat xlink:href="#primmarkSeg_100080" value="sbj"/>
<feat xlink:href="#primmarkSeg_1000111" value="other"/>
<feat xlink:href="#primmarkSeg_1" value="sbj"/>
<feat xlink:href="#primmarkSeg_68" value="other"/>
<feat xlink:href="#primmarkSeg_4" value="other"/>
<feat xlink:href="#primmarkSeg_51" value="other"/>
<feat xlink:href="#primmarkSeg_100066" value="other"/>
<feat xlink:href="#primmarkSeg_21" value="other"/>
<feat xlink:href="#primmarkSeg_15" value="other"/>
<feat xlink:href="#primmarkSeg_57" value="other"/>
<feat xlink:href="#primmarkSeg_2" value="other"/>
<feat xlink:href="#primmarkSeg_35" value="sbj"/>
</featList>
</sfb632_standard>
