<?xml version="1.0" standalone="no"?>
<!DOCTYPE sfb632_standard SYSTEM "sfb632_feat.dtd">


<sfb632_standard version="1.0">

<header sfb_id="mmax.maz-5010_np_form" type="np_form"/>

<featList xmlns:xlink="http://www.w3.org/1999/xlink" type="np_form" xml:base="mmax.maz-5010.primmarkSeg.xml">
<feat xlink:href="#primmarkSeg_28" value="defnp"/>
<feat xlink:href="#primmarkSeg_100024" value="pds"/>
<feat xlink:href="#primmarkSeg_50" value="defnp"/>
<feat xlink:href="#primmarkSeg_1000102" value="ppos"/>
<feat xlink:href="#primmarkSeg_67" value="defnp"/>
<feat xlink:href="#primmarkSeg_100050" value="padv"/>
<feat xlink:href="#primmarkSeg_58" value="defnp"/>
<feat xlink:href="#primmarkSeg_100094" value="pper"/>
<feat xlink:href="#primmarkSeg_100080" value="pper"/>
<feat xlink:href="#primmarkSeg_1000111" value="ne"/>
<feat xlink:href="#primmarkSeg_1" value="defnp"/>
<feat xlink:href="#primmarkSeg_68" value="defnp"/>
<feat xlink:href="#primmarkSeg_4" value="ne"/>
<feat xlink:href="#primmarkSeg_51" value="defnp"/>
<feat xlink:href="#primmarkSeg_100066" value="ne"/>
<feat xlink:href="#primmarkSeg_21" value="defnp"/>
<feat xlink:href="#primmarkSeg_15" value="defnp"/>
<feat xlink:href="#primmarkSeg_57" value="defnp"/>
<feat xlink:href="#primmarkSeg_2" value="defnp"/>
<feat xlink:href="#primmarkSeg_35" value="defnp"/>
</featList>
</sfb632_standard>
