<?xml version="1.0" standalone="no"?>
<!DOCTYPE sfb632_standard SYSTEM "sfb632_feat.dtd">



<sfb632_standard version="1.0">

<header sfb_id="mmax.maz-5010_sent" type="sent"/>

<featList xmlns:xlink="http://www.w3.org/1999/xlink" type="sentence" xml:base="urml.maz-5010.tok.xml">
<feat value="S" xlink:href="#tok_1"/>
<feat value="S" xlink:href="#xpointer(id('tok_2')/range-to(id('tok_24')))"/>
<feat value="S" xlink:href="#xpointer(id('tok_25')/range-to(id('tok_54')))"/>
<feat value="S" xlink:href="#xpointer(id('tok_55')/range-to(id('tok_68')))"/>
<feat value="S" xlink:href="#xpointer(id('tok_69')/range-to(id('tok_87')))"/>
<feat value="S" xlink:href="#xpointer(id('tok_88')/range-to(id('tok_92')))"/>
<feat value="S" xlink:href="#xpointer(id('tok_93')/range-to(id('tok_97')))"/>
<feat value="S" xlink:href="#xpointer(id('tok_98')/range-to(id('tok_107')))"/>
<feat value="S" xlink:href="#xpointer(id('tok_108')/range-to(id('tok_130')))"/>
<feat value="S" xlink:href="#xpointer(id('tok_131')/range-to(id('tok_146')))"/>
<feat value="S" xlink:href="#xpointer(id('tok_147')/range-to(id('tok_151')))"/>
</featList>

</sfb632_standard>

