{
        "LAT": [
            {"value":"/", "occurrence": "1"},
        {"value":"&", "occurrence": "2"},
        {"value":"eius", "occurrence": "1"},
        {"value":"erat", "occurrence": "1"},
        {"value":"his", "occurrence": "1"},
        {"value":"mater", "occurrence": "1"},
        {"value":"mirantes", "occurrence": "1"},
        {"value":"pater", "occurrence": "1"},
        {"value":"super", "occurrence": "1"}
        ],
                        "pos": [
            {"value":"ADV", "occurrence": "1"},
        {"value":"CONJ", "occurrence": "1"},
        {"value":"N", "occurrence": "2"},
        {"value":"P", "occurrence": "1"},
        {"value":"PRONDEM", "occurrence": "1"},
        {"value":"PRONPOS", "occurrence": "1"},
        {"value":"VCOP", "occurrence": "1"},
        {"value":"VN", "occurrence": "1"}
        ]
                        
        }
    