{
        "LAT": [
            {"value":"/", "occurrence": "1"},
        {"value":"autem", "occurrence": "1"},
        {"value":"e+", "occurrence": "1"},
        {"value":"eius", "occurrence": "1"},
        {"value":"eum", "occurrence": "1"},
        {"value":"ihesus", "occurrence": "1"},
        {"value":"leuauit", "occurrence": "1"},
        {"value":"manum", "occurrence": "1"},
        {"value":"tenens", "occurrence": "1"}
        ],
                        "pos": [
            {"value":"ADV", "occurrence": "1"},
        {"value":"N", "occurrence": "2"},
        {"value":"PRONDEM", "occurrence": "1"},
        {"value":"PRONPOS", "occurrence": "1"},
        {"value":"PRONPRS", "occurrence": "1"},
        {"value":"V", "occurrence": "1"},
        {"value":"VN", "occurrence": "1"}
        ]
                        
        }
    