{
        "gf": [
            {"value":"ADVLOC", "occurrence": "1"},
        {"value":"ADVTEMP", "occurrence": "1"},
        {"value":"DO", "occurrence": "1"},
        {"value":"INF", "occurrence": "1"},
        {"value":"SUBJ", "occurrence": "1"},
        {"value":"VFIN", "occurrence": "1"}
        ]
                        "LAT": [
            {"value":"/", "occurrence": "1"},
        {"value":"aquam", "occurrence": "1"},
        {"value":"de", "occurrence": "1"},
        {"value":"haurire", "occurrence": "1"},
        {"value":"mulier", "occurrence": "1"},
        {"value":"samaria", "occurrence": "1"},
        {"value":"uenit", "occurrence": "1"}
        ],
                        
        }
    