{
        "LAT": [
            {"value":"/", "occurrence": "1"},
        {"value":"aliquis", "occurrence": "1"},
        {"value":"attulit", "occurrence": "1"},
        {"value":"ei", "occurrence": "1"},
        {"value":"manducare", "occurrence": "1"},
        {"value":"Numquid", "occurrence": "1"}
        ],
                        "pos": [
            {"value":"NEG", "occurrence": "1"},
        {"value":"P", "occurrence": "1"},
        {"value":"PRONINDEF", "occurrence": "1"},
        {"value":"PRONPRS", "occurrence": "1"},
        {"value":"PTC", "occurrence": "1"},
        {"value":"V", "occurrence": "2"}
        ]
                        
        }
    