{
        "LAT": [
            {"value":"/", "occurrence": "1"},
        {"value":"&", "occurrence": "1"},
        {"value":"est", "occurrence": "1"},
        {"value":"ex", "occurrence": "1"},
        {"value":"filia", "occurrence": "1"},
        {"value":"hora", "occurrence": "1"},
        {"value":"illa", "occurrence": "1"},
        {"value":"illius", "occurrence": "1"},
        {"value":"sanata", "occurrence": "1"}
        ],
                        "pos": [
            {"value":"ADV", "occurrence": "1"},
        {"value":"CONJ", "occurrence": "1"},
        {"value":"N", "occurrence": "2"},
        {"value":"P", "occurrence": "1"},
        {"value":"PRONDEM", "occurrence": "1"},
        {"value":"PRONPOS", "occurrence": "1"},
        {"value":"VAUX", "occurrence": "1"},
        {"value":"VN", "occurrence": "1"}
        ]
                        
        }
    