{
        "LAT": [
            {"value":"/", "occurrence": "1"},
        {"value":".'", "occurrence": "1"},
        {"value":"autem", "occurrence": "1"},
        {"value":"cognouerunt", "occurrence": "1"},
        {"value":"de", "occurrence": "1"},
        {"value":"uerbo", "occurrence": "1"},
        {"value":"uidentes", "occurrence": "1"}
        ],
                        "pos": [
            {"value":"ADV", "occurrence": "1"},
        {"value":"N", "occurrence": "1"},
        {"value":"P", "occurrence": "1"},
        {"value":"PRONDEM", "occurrence": "1"},
        {"value":"PRONPRS", "occurrence": "1"},
        {"value":"V", "occurrence": "1"},
        {"value":"VN", "occurrence": "1"}
        ]
                        
        }
    