{
        "LAT": [
            {"value":"/", "occurrence": "1"},
        {"value":"facio", "occurrence": "1"},
        {"value":"haec", "occurrence": "1"},
        {"value":"In", "occurrence": "1"},
        {"value":"potestate", "occurrence": "1"},
        {"value":"qua", "occurrence": "1"}
        ],
                        "pos": [
            {"value":"N", "occurrence": "1"},
        {"value":"P", "occurrence": "1"},
        {"value":"PRONDEM", "occurrence": "1"},
        {"value":"PRONINTERR", "occurrence": "1"},
        {"value":"PRONPRS", "occurrence": "1"},
        {"value":"V", "occurrence": "1"}
        ]
                        
        }
    