{
        "LAT": [
            {"value":"/", "occurrence": "1"},
        {"value":"&", "occurrence": "1"},
        {"value":"ecce", "occurrence": "1"},
        {"value":"est", "occurrence": "1"},
        {"value":"factus", "occurrence": "1"},
        {"value":"In", "occurrence": "1"},
        {"value":"magnus", "occurrence": "1"},
        {"value":"mari", "occurrence": "1"},
        {"value":"motus", "occurrence": "1"}
        ],
                        "pos": [
            {"value":"A", "occurrence": "1"},
        {"value":"ADV", "occurrence": "1"},
        {"value":"CONJ", "occurrence": "1"},
        {"value":"N", "occurrence": "2"},
        {"value":"P", "occurrence": "1"},
        {"value":"PRONDEM", "occurrence": "1"},
        {"value":"V", "occurrence": "1"}
        ]
                        
        }
    