{
        "LAT": [
            {"value":"ergo", "occurrence": "1"},
        {"value":"est", "occurrence": "1"},
        {"value":"minimum", "occurrence": "1"},
        {"value":"neque", "occurrence": "1"},
        {"value":"potestis", "occurrence": "1"},
        {"value":"quod", "occurrence": "1"},
        {"value":"Si", "occurrence": "1"}
        ],
                        "pos": [
            {"value":"A", "occurrence": "1"},
        {"value":"ADV", "occurrence": "1"},
        {"value":"CONJ", "occurrence": "1"},
        {"value":"PRONDEM", "occurrence": "2"},
        {"value":"PRONPRS", "occurrence": "1"},
        {"value":"VCOP", "occurrence": "1"},
        {"value":"VMOD", "occurrence": "1"}
        ]
                        
        }
    