{
        "LAT": [
            {"value":"/", "occurrence": "1"},
        {"value":"dei", "occurrence": "1"},
        {"value":"dilectionem", "occurrence": "1"},
        {"value":"habetis", "occurrence": "1"},
        {"value":"in", "occurrence": "1"},
        {"value":"non", "occurrence": "1"},
        {"value":"quia", "occurrence": "1"},
        {"value":"uobis", "occurrence": "1"}
        ],
                        "pos": [
            {"value":"CONJ", "occurrence": "1"},
        {"value":"N", "occurrence": "2"},
        {"value":"NEG", "occurrence": "1"},
        {"value":"P", "occurrence": "1"},
        {"value":"PRONPRS", "occurrence": "2"},
        {"value":"V", "occurrence": "1"}
        ]
                        
        }
    