{
        "LAT": [
            {"value":"a", "occurrence": "1"},
        {"value":"enim", "occurrence": "1"},
        {"value":"ipso", "occurrence": "1"},
        {"value":"mé", "occurrence": "1"},
        {"value":"neque", "occurrence": "1"},
        {"value":"ueni", "occurrence": "1"}
        ],
                        "pos": [
            {"value":"CONJ", "occurrence": "1"},
        {"value":"NEG", "occurrence": "1"},
        {"value":"P", "occurrence": "1"},
        {"value":"PRONPRS", "occurrence": "2"},
        {"value":"PRONRFL", "occurrence": "1"},
        {"value":"V", "occurrence": "1"}
        ]
                        
        }
    