{
        "LAT": [
            {"value":"a", "occurrence": "1"},
        {"value":"autem", "occurrence": "1"},
        {"value":"cor", "occurrence": "1"},
        {"value":"eorum", "occurrence": "1"},
        {"value":"est", "occurrence": "1"},
        {"value":"longe", "occurrence": "1"},
        {"value":"me", "occurrence": "1"}
        ],
                        "pos": [
            {"value":"ADV", "occurrence": "1"},
        {"value":"N", "occurrence": "1"},
        {"value":"P", "occurrence": "1"},
        {"value":"PRONPOS", "occurrence": "1"},
        {"value":"PRONPRS", "occurrence": "1"},
        {"value":"VCOP", "occurrence": "1"}
        ]
                        
        }
    