{
        "LAT": [
            {"value":"/", "occurrence": "1"},
        {"value":"autem", "occurrence": "1"},
        {"value":"habuistis", "occurrence": "1"},
        {"value":"nec", "occurrence": "1"},
        {"value":"paenitentiam", "occurrence": "1"},
        {"value":"uidentes", "occurrence": "1"},
        {"value":"uós", "occurrence": "1"}
        ],
                        "pos": [
            {"value":"ADV", "occurrence": "1"},
        {"value":"N", "occurrence": "1"},
        {"value":"NEG", "occurrence": "1"},
        {"value":"PRONDEM", "occurrence": "1"},
        {"value":"PRONINDEF", "occurrence": "1"},
        {"value":"PRONPRS", "occurrence": "1"},
        {"value":"V", "occurrence": "1"},
        {"value":"VN", "occurrence": "1"}
        ]
                        
        }
    