{
        "LAT": [
            {"value":"/", "occurrence": "1"},
        {"value":"aut", "occurrence": "1"},
        {"value":"castellum", "occurrence": "1"},
        {"value":"ciuitate", "occurrence": "1"},
        {"value":"In", "occurrence": "1"},
        {"value":"Intraueritis", "occurrence": "1"},
        {"value":"quamcumque", "occurrence": "1"}
        ],
                        "pos": [
            {"value":"ADV", "occurrence": "1"},
        {"value":"CONJ", "occurrence": "1"},
        {"value":"N", "occurrence": "2"},
        {"value":"P", "occurrence": "1"},
        {"value":"PRONINDEF", "occurrence": "1"},
        {"value":"PRONPRS", "occurrence": "1"},
        {"value":"V", "occurrence": "1"}
        ]
                        
        }
    