<?xml version="1.0" ?><sDocumentInfo generatedOn="2015-10-31 21:20:33" sName="T_029__12-13_alpha" id="salt:/b4.tatian/T_029__12-13_alpha"><metaDataInfo><entry key="page">029</entry><entry key="X::abbreviation">X</entry><entry key="corpus-code">T</entry><entry key="line">12-13</entry><entry key="writer">alpha</entry><entry key="X::sex">m</entry></metaDataInfo><structuralInfo><entry key="SNode">51</entry><entry key="STimeline">1</entry><entry key="STextualDS">1</entry><entry key="SToken">7</entry><entry key="SSpan">42</entry><entry key="SRelation">79</entry><entry key="SSpanningRelation">65</entry></structuralInfo><sAnnotationInfo sName="syl_no" occurrence="5"><sValue occurrence="1">6</sValue><sValue occurrence="1">4</sValue><sValue occurrence="1">3</sValue><sValue occurrence="2">1</sValue></sAnnotationInfo><sAnnotationInfo sName="LAT" occurrence="6"><sValue occurrence="1">elisab&amp;h</sValue><sValue occurrence="1">salutationem</sValue><sValue occurrence="1">mariae</sValue><sValue occurrence="1">audiuit</sValue><sValue occurrence="1">/</sValue><sValue occurrence="1">ut</sValue></sAnnotationInfo><sAnnotationInfo sName="givenness" occurrence="3"><sValue occurrence="3">GIV</sValue></sAnnotationInfo><sAnnotationInfo sName="bibl" occurrence="1"><sValue occurrence="1">T 29, 12-13  Alpha Lc 1</sValue></sAnnotationInfo><sAnnotationInfo sName="position" occurrence="0"></sAnnotationInfo><sAnnotationInfo sName="comment" occurrence="1"><sValue occurrence="1">Temporalsatz, der die Ereigniszeit von uuard tho im Obersatz spezifiziert</sValue></sAnnotationInfo><sAnnotationInfo sName="clause-status" occurrence="1"><sValue occurrence="1">SUBTEMP</sValue></sAnnotationInfo><sAnnotationInfo sName="aboutness" occurrence="0"></sAnnotationInfo><sAnnotationInfo sName="pos" occurrence="6"><sValue occurrence="1">V</sValue><sValue occurrence="1">PRONPRS</sValue><sValue occurrence="1">CONJ</sValue><sValue occurrence="3">N</sValue></sAnnotationInfo><sAnnotationInfo sName="gf" occurrence="4"><sValue occurrence="1">DO</sValue><sValue occurrence="1">VFIN</sValue><sValue occurrence="2">SUBJ</sValue></sAnnotationInfo><sAnnotationInfo sName="cat" occurrence="4"><sValue occurrence="1">VP</sValue><sValue occurrence="3">NP</sValue></sAnnotationInfo><sAnnotationInfo sName="definiteness" occurrence="3"><sValue occurrence="3">DEF</sValue></sAnnotationInfo></sDocumentInfo>