<?xml version="1.0" ?><sDocumentInfo generatedOn="2015-10-31 21:20:30" sName="T_028__12_alpha" id="salt:/b4.tatian/T_028__12_alpha"><metaDataInfo><entry key="page">028</entry><entry key="X::abbreviation">X</entry><entry key="corpus-code">T</entry><entry key="line">12</entry><entry key="writer">alpha</entry><entry key="X::sex">m</entry></metaDataInfo><structuralInfo><entry key="SNode">34</entry><entry key="STimeline">1</entry><entry key="STextualDS">1</entry><entry key="SToken">4</entry><entry key="SSpan">28</entry><entry key="SRelation">45</entry><entry key="SSpanningRelation">37</entry></structuralInfo><sAnnotationInfo sName="syl_no" occurrence="4"><sValue occurrence="1">2</sValue><sValue occurrence="3">1</sValue></sAnnotationInfo><sAnnotationInfo sName="LAT" occurrence="3"><sValue occurrence="1">quae</sValue><sValue occurrence="1">uidiss&amp;</sValue><sValue occurrence="1">cum</sValue></sAnnotationInfo><sAnnotationInfo sName="givenness" occurrence="2"><sValue occurrence="2">GIV</sValue></sAnnotationInfo><sAnnotationInfo sName="bibl" occurrence="1"><sValue occurrence="1">T 28, 12 Alpha Lc 1</sValue></sAnnotationInfo><sAnnotationInfo sName="position" occurrence="0"></sAnnotationInfo><sAnnotationInfo sName="comment" occurrence="1"><sValue occurrence="1">relativischer Anschluss, quae referiert auf die vorangehende Situation (Erscheinen des Engels und Begrüssung)</sValue></sAnnotationInfo><sAnnotationInfo sName="clause-status" occurrence="1"><sValue occurrence="1">SUBTEMP</sValue></sAnnotationInfo><sAnnotationInfo sName="align" occurrence="2"><sValue occurrence="1">=L2</sValue><sValue occurrence="1">=L0</sValue></sAnnotationInfo><sAnnotationInfo sName="aboutness" occurrence="0"></sAnnotationInfo><sAnnotationInfo sName="pos" occurrence="4"><sValue occurrence="1">V</sValue><sValue occurrence="1">PRONPRS</sValue><sValue occurrence="1">CONJ</sValue><sValue occurrence="1">PRONDEM</sValue></sAnnotationInfo><sAnnotationInfo sName="gf" occurrence="3"><sValue occurrence="1">DO</sValue><sValue occurrence="1">VFIN</sValue><sValue occurrence="1">SUBJ</sValue></sAnnotationInfo><sAnnotationInfo sName="cat" occurrence="3"><sValue occurrence="1">VP</sValue><sValue occurrence="2">NP</sValue></sAnnotationInfo><sAnnotationInfo sName="definiteness" occurrence="2"><sValue occurrence="2">DEF</sValue></sAnnotationInfo></sDocumentInfo>