<?xml version="1.0" ?><sDocumentInfo generatedOn="2015-10-31 21:20:25" sName="T_029__01_alpha" id="salt:/b4.tatian/T_029__01_alpha"><metaDataInfo><entry key="page">029</entry><entry key="X::abbreviation">X</entry><entry key="corpus-code">T</entry><entry key="line">01</entry><entry key="writer">alpha</entry><entry key="X::sex">m</entry></metaDataInfo><structuralInfo><entry key="SNode">47</entry><entry key="STimeline">1</entry><entry key="STextualDS">1</entry><entry key="SToken">7</entry><entry key="SSpan">38</entry><entry key="SRelation">84</entry><entry key="SSpanningRelation">70</entry></structuralInfo><sAnnotationInfo sName="foc-bg" occurrence="1"><sValue occurrence="1">NIF</sValue></sAnnotationInfo><sAnnotationInfo sName="syl_no" occurrence="5"><sValue occurrence="1">5</sValue><sValue occurrence="2">2</sValue><sValue occurrence="2">1</sValue></sAnnotationInfo><sAnnotationInfo sName="LAT" occurrence="6"><sValue occurrence="1">illi</sValue><sValue occurrence="1">mensis</sValue><sValue occurrence="1">hic</sValue><sValue occurrence="1">&amp;</sValue><sValue occurrence="1">est</sValue><sValue occurrence="1">sextus</sValue></sAnnotationInfo><sAnnotationInfo sName="givenness" occurrence="2"><sValue occurrence="1">NEW</sValue><sValue occurrence="1">GIV</sValue></sAnnotationInfo><sAnnotationInfo sName="bibl" occurrence="1"><sValue occurrence="1">T 29, 1 Alpha Lc 1</sValue></sAnnotationInfo><sAnnotationInfo sName="comment" occurrence="1"><sValue occurrence="1">Kopulativkonstruktion mit V2, informationsträchtige Konstituente wird nach rechts im Satz verschoben</sValue></sAnnotationInfo><sAnnotationInfo sName="clause-status" occurrence="1"><sValue occurrence="1">MAINDECL</sValue></sAnnotationInfo><sAnnotationInfo sName="align" occurrence="4"><sValue occurrence="1">=L2</sValue><sValue occurrence="1">=L5</sValue><sValue occurrence="1">=L4</sValue><sValue occurrence="1">=L3</sValue></sAnnotationInfo><sAnnotationInfo sName="pos" occurrence="7"><sValue occurrence="1">A</sValue><sValue occurrence="1">VCOP</sValue><sValue occurrence="1">PRONPRS</sValue><sValue occurrence="1">CONJ</sValue><sValue occurrence="1">N</sValue><sValue occurrence="2">PRONDEM</sValue></sAnnotationInfo><sAnnotationInfo sName="gf" occurrence="4"><sValue occurrence="1">IO</sValue><sValue occurrence="1">PRDNOM</sValue><sValue occurrence="1">VFIN</sValue><sValue occurrence="1">SUBJ</sValue></sAnnotationInfo><sAnnotationInfo sName="cat" occurrence="4"><sValue occurrence="1">VP</sValue><sValue occurrence="3">NP</sValue></sAnnotationInfo><sAnnotationInfo sName="definiteness" occurrence="2"><sValue occurrence="2">DEF</sValue></sAnnotationInfo></sDocumentInfo>