<?xml version="1.0" ?><sDocumentInfo generatedOn="2015-10-31 21:20:31" sName="T_031__02_alpha" id="salt:/b4.tatian/T_031__02_alpha"><metaDataInfo><entry key="page">031</entry><entry key="X::abbreviation">X</entry><entry key="corpus-code">T</entry><entry key="line">02</entry><entry key="writer">alpha</entry><entry key="X::sex">m</entry></metaDataInfo><structuralInfo><entry key="SNode">51</entry><entry key="STimeline">1</entry><entry key="STextualDS">1</entry><entry key="SToken">9</entry><entry key="SSpan">40</entry><entry key="SRelation">110</entry><entry key="SSpanningRelation">92</entry></structuralInfo><sAnnotationInfo sName="foc-bg" occurrence="1"><sValue occurrence="1">NIF</sValue></sAnnotationInfo><sAnnotationInfo sName="context" occurrence="1"><sValue occurrence="1">Eintritt eines neuen Zustands</sValue></sAnnotationInfo><sAnnotationInfo sName="syl_no" occurrence="4"><sValue occurrence="1">2</sValue><sValue occurrence="2">1</sValue><sValue occurrence="1">9</sValue></sAnnotationInfo><sAnnotationInfo sName="LAT" occurrence="8"><sValue occurrence="1">super</sValue><sValue occurrence="1">factus</sValue><sValue occurrence="1">&amp;</sValue><sValue occurrence="1">est</sValue><sValue occurrence="1">eorum</sValue><sValue occurrence="1">uicinos</sValue><sValue occurrence="1">omnes</sValue><sValue occurrence="1">timor</sValue></sAnnotationInfo><sAnnotationInfo sName="givenness" occurrence="1"><sValue occurrence="1">GIV</sValue></sAnnotationInfo><sAnnotationInfo sName="bibl" occurrence="1"><sValue occurrence="1">T 31, 2 Alpha Lc1</sValue></sAnnotationInfo><sAnnotationInfo sName="position" occurrence="0"></sAnnotationInfo><sAnnotationInfo sName="comment" occurrence="1"><sValue occurrence="1">V1 gegen das Original</sValue></sAnnotationInfo><sAnnotationInfo sName="clause-status" occurrence="1"><sValue occurrence="1">MAINDECL</sValue></sAnnotationInfo><sAnnotationInfo sName="align" occurrence="1"><sValue occurrence="1">=L0</sValue></sAnnotationInfo><sAnnotationInfo sName="aboutness" occurrence="0"></sAnnotationInfo><sAnnotationInfo sName="pos" occurrence="7"><sValue occurrence="1">V</sValue><sValue occurrence="1">PRONINDEF</sValue><sValue occurrence="1">P</sValue><sValue occurrence="1">PRONPOS</sValue><sValue occurrence="2">N</sValue><sValue occurrence="1">ADV</sValue></sAnnotationInfo><sAnnotationInfo sName="gf" occurrence="4"><sValue occurrence="1">ADVTEMP</sValue><sValue occurrence="1">VFIN</sValue><sValue occurrence="1">PO</sValue><sValue occurrence="1">SUBJ</sValue></sAnnotationInfo><sAnnotationInfo sName="cat" occurrence="3"><sValue occurrence="1">PP</sValue><sValue occurrence="1">VP</sValue><sValue occurrence="1">NP</sValue></sAnnotationInfo><sAnnotationInfo sName="definiteness" occurrence="1"><sValue occurrence="1">DEF</sValue></sAnnotationInfo></sDocumentInfo>