<?xml version="1.0" ?><sDocumentInfo generatedOn="2015-10-31 21:20:32" sName="T_038__16-18_alpha" id="salt:/b4.tatian/T_038__16-18_alpha"><metaDataInfo><entry key="page">038</entry><entry key="X::abbreviation">X</entry><entry key="corpus-code">T</entry><entry key="line">16-18</entry><entry key="writer">alpha</entry><entry key="X::sex">m</entry></metaDataInfo><structuralInfo><entry key="SNode">80</entry><entry key="STimeline">1</entry><entry key="STextualDS">1</entry><entry key="SToken">20</entry><entry key="SSpan">58</entry><entry key="SRelation">232</entry><entry key="SSpanningRelation">192</entry></structuralInfo><sAnnotationInfo sName="foc-bg" occurrence="1"><sValue occurrence="1">NIF</sValue></sAnnotationInfo><sAnnotationInfo sName="syl_no" occurrence="5"><sValue occurrence="2">3</sValue><sValue occurrence="1">2</sValue><sValue occurrence="1">1</sValue><sValue occurrence="1">21</sValue></sAnnotationInfo><sAnnotationInfo sName="LAT" occurrence="18"><sValue occurrence="2">.'</sValue><sValue occurrence="2">&amp;</sValue><sValue occurrence="1">ecce</sValue><sValue occurrence="1">multorum</sValue><sValue occurrence="1">resurrectionem</sValue><sValue occurrence="1">in</sValue><sValue occurrence="1">israhel</sValue><sValue occurrence="1">signum</sValue><sValue occurrence="1">hic</sValue><sValue occurrence="1">ruinam</sValue><sValue occurrence="2">In</sValue><sValue occurrence="1">positus</sValue><sValue occurrence="1">est</sValue><sValue occurrence="2">/</sValue></sAnnotationInfo><sAnnotationInfo sName="givenness" occurrence="1"><sValue occurrence="1">GIV</sValue></sAnnotationInfo><sAnnotationInfo sName="bibl" occurrence="1"><sValue occurrence="1">T 38, 16-18 Alpha Lc 2</sValue></sAnnotationInfo><sAnnotationInfo sName="position" occurrence="1"><sValue occurrence="1">GV</sValue></sAnnotationInfo><sAnnotationInfo sName="top-comm" occurrence="2"><sValue occurrence="1">TOP</sValue><sValue occurrence="1">COMM</sValue></sAnnotationInfo><sAnnotationInfo sName="comment" occurrence="1"><sValue occurrence="1">V2 gegen das Original; Kopulativkonstruktion</sValue></sAnnotationInfo><sAnnotationInfo sName="clause-status" occurrence="1"><sValue occurrence="1">MAINDECL</sValue></sAnnotationInfo><sAnnotationInfo sName="align" occurrence="3"><sValue occurrence="1">=L2</sValue><sValue occurrence="1">=L0</sValue><sValue occurrence="1">=L4</sValue></sAnnotationInfo><sAnnotationInfo sName="aboutness" occurrence="1"><sValue occurrence="1">AB</sValue></sAnnotationInfo><sAnnotationInfo sName="pos" occurrence="15"><sValue occurrence="1">VAUX</sValue><sValue occurrence="2">CONJ</sValue><sValue occurrence="1">VN</sValue><sValue occurrence="4">P</sValue><sValue occurrence="5">N</sValue><sValue occurrence="1">PRONDEM</sValue><sValue occurrence="1">ADV</sValue></sAnnotationInfo><sAnnotationInfo sName="gf" occurrence="4"><sValue occurrence="1">VFIN</sValue><sValue occurrence="1">PO</sValue><sValue occurrence="1">PARTPF</sValue><sValue occurrence="1">SUBJ</sValue></sAnnotationInfo><sAnnotationInfo sName="cat" occurrence="3"><sValue occurrence="1">PP</sValue><sValue occurrence="1">VP</sValue><sValue occurrence="1">NP</sValue></sAnnotationInfo><sAnnotationInfo sName="definiteness" occurrence="1"><sValue occurrence="1">DEF</sValue></sAnnotationInfo></sDocumentInfo>