<?xml version="1.0" ?><sDocumentInfo generatedOn="2015-10-31 21:20:28" sName="T_039__04-05_alpha" id="salt:/b4.tatian/T_039__04-05_alpha"><metaDataInfo><entry key="page">039</entry><entry key="X::abbreviation">X</entry><entry key="corpus-code">T</entry><entry key="line">04-05</entry><entry key="writer">alpha</entry><entry key="X::sex">m</entry></metaDataInfo><structuralInfo><entry key="SNode">48</entry><entry key="STimeline">1</entry><entry key="STextualDS">1</entry><entry key="SToken">9</entry><entry key="SSpan">37</entry><entry key="SRelation">93</entry><entry key="SSpanningRelation">75</entry></structuralInfo><sAnnotationInfo sName="foc-bg" occurrence="0"></sAnnotationInfo><sAnnotationInfo sName="syl_no" occurrence="4"><sValue occurrence="1">4</sValue><sValue occurrence="1">2</sValue><sValue occurrence="1">1</sValue><sValue occurrence="1">7</sValue></sAnnotationInfo><sAnnotationInfo sName="LAT" occurrence="8"><sValue occurrence="1">omnia</sValue><sValue occurrence="1">domini</sValue><sValue occurrence="1">legem</sValue><sValue occurrence="1">&amp;</sValue><sValue occurrence="1">/</sValue><sValue occurrence="1">perfecerunt</sValue><sValue occurrence="1">ut</sValue><sValue occurrence="1">secundum</sValue></sAnnotationInfo><sAnnotationInfo sName="givenness" occurrence="3"><sValue occurrence="1">ACC</sValue><sValue occurrence="2">GIV</sValue></sAnnotationInfo><sAnnotationInfo sName="bibl" occurrence="1"><sValue occurrence="1">T 39, 4-5 Alpha Lc 2</sValue></sAnnotationInfo><sAnnotationInfo sName="comment" occurrence="1"><sValue occurrence="1">Subjektspronomen eingefügt</sValue></sAnnotationInfo><sAnnotationInfo sName="clause-status" occurrence="1"><sValue occurrence="1">SUBTEMP</sValue></sAnnotationInfo><sAnnotationInfo sName="pos" occurrence="8"><sValue occurrence="1">V</sValue><sValue occurrence="1">PRONPRS</sValue><sValue occurrence="1">PRONINDEF</sValue><sValue occurrence="2">CONJ</sValue><sValue occurrence="1">P</sValue><sValue occurrence="2">N</sValue></sAnnotationInfo><sAnnotationInfo sName="gf" occurrence="4"><sValue occurrence="1">DO</sValue><sValue occurrence="1">VFIN</sValue><sValue occurrence="1">SUBJ</sValue><sValue occurrence="1">ADVMOD</sValue></sAnnotationInfo><sAnnotationInfo sName="cat" occurrence="4"><sValue occurrence="1">PP</sValue><sValue occurrence="1">VP</sValue><sValue occurrence="2">NP</sValue></sAnnotationInfo><sAnnotationInfo sName="definiteness" occurrence="2"><sValue occurrence="2">DEF</sValue></sAnnotationInfo></sDocumentInfo>