<?xml version="1.0" ?><sDocumentInfo generatedOn="2015-10-31 21:20:27" sName="T_034__20_alpha" id="salt:/b4.tatian/T_034__20_alpha"><metaDataInfo><entry key="page">034</entry><entry key="X::abbreviation">X</entry><entry key="corpus-code">T</entry><entry key="line">20</entry><entry key="writer">alpha</entry><entry key="X::sex">m</entry></metaDataInfo><structuralInfo><entry key="SNode">45</entry><entry key="STimeline">1</entry><entry key="STextualDS">1</entry><entry key="SToken">10</entry><entry key="SSpan">33</entry><entry key="SRelation">87</entry><entry key="SSpanningRelation">67</entry></structuralInfo><sAnnotationInfo sName="foc-bg" occurrence="1"><sValue occurrence="1">NIF</sValue></sAnnotationInfo><sAnnotationInfo sName="syl_no" occurrence="4"><sValue occurrence="1">2</sValue><sValue occurrence="2">1</sValue><sValue occurrence="1">8</sValue></sAnnotationInfo><sAnnotationInfo sName="LAT" occurrence="7"><sValue occurrence="1">spiritu</sValue><sValue occurrence="1">In ea natum est</sValue><sValue occurrence="1">est</sValue><sValue occurrence="1">sancto</sValue><sValue occurrence="1">enim</sValue><sValue occurrence="1">quod</sValue><sValue occurrence="1">de</sValue></sAnnotationInfo><sAnnotationInfo sName="givenness" occurrence="1"><sValue occurrence="1">ACC</sValue></sAnnotationInfo><sAnnotationInfo sName="bibl" occurrence="1"><sValue occurrence="1">T 34, 20 Alpha Mt 1</sValue></sAnnotationInfo><sAnnotationInfo sName="position" occurrence="2"><sValue occurrence="1">GV</sValue><sValue occurrence="1">LD</sValue></sAnnotationInfo><sAnnotationInfo sName="clause-status" occurrence="1"><sValue occurrence="1">CAUSAL</sValue></sAnnotationInfo><sAnnotationInfo sName="align" occurrence="2"><sValue occurrence="1">=L12</sValue><sValue occurrence="1">=L1</sValue></sAnnotationInfo><sAnnotationInfo sName="pos" occurrence="7"><sValue occurrence="1">A</sValue><sValue occurrence="1">VCOP</sValue><sValue occurrence="1">CONJ</sValue><sValue occurrence="1">P</sValue><sValue occurrence="1">N</sValue><sValue occurrence="2">PRONDEM</sValue></sAnnotationInfo><sAnnotationInfo sName="gf" occurrence="3"><sValue occurrence="1">PRDNOM</sValue><sValue occurrence="1">VFIN</sValue><sValue occurrence="1">SUBJ</sValue></sAnnotationInfo><sAnnotationInfo sName="cat" occurrence="3"><sValue occurrence="1">PP</sValue><sValue occurrence="1">VP</sValue><sValue occurrence="1">NP</sValue></sAnnotationInfo><sAnnotationInfo sName="definiteness" occurrence="1"><sValue occurrence="1">DEF</sValue></sAnnotationInfo></sDocumentInfo>