<?xml version="1.0" ?><sDocumentInfo generatedOn="2015-10-31 21:20:32" sName="T_036__28-29_alpha" id="salt:/b4.tatian/T_036__28-29_alpha"><metaDataInfo><entry key="page">036</entry><entry key="X::abbreviation">X</entry><entry key="corpus-code">T</entry><entry key="line">28-29</entry><entry key="writer">alpha</entry><entry key="X::sex">m</entry></metaDataInfo><structuralInfo><entry key="SNode">57</entry><entry key="STimeline">1</entry><entry key="STextualDS">1</entry><entry key="SToken">10</entry><entry key="SSpan">45</entry><entry key="SRelation">96</entry><entry key="SSpanningRelation">76</entry></structuralInfo><sAnnotationInfo sName="foc-bg" occurrence="1"><sValue occurrence="1">NIF</sValue></sAnnotationInfo><sAnnotationInfo sName="syl_no" occurrence="4"><sValue occurrence="1">4</sValue><sValue occurrence="2">2</sValue><sValue occurrence="1">1</sValue></sAnnotationInfo><sAnnotationInfo sName="LAT" occurrence="7"><sValue occurrence="1">audierunt</sValue><sValue occurrence="1">sunt</sValue><sValue occurrence="1">&amp;</sValue><sValue occurrence="1">qui</sValue><sValue occurrence="1">mirati</sValue><sValue occurrence="1">/</sValue><sValue occurrence="1">omnes</sValue></sAnnotationInfo><sAnnotationInfo sName="givenness" occurrence="1"><sValue occurrence="1">ACC</sValue></sAnnotationInfo><sAnnotationInfo sName="bibl" occurrence="1"><sValue occurrence="1">T 36, 28-29 Alpha Lc 2</sValue></sAnnotationInfo><sAnnotationInfo sName="position" occurrence="1"><sValue occurrence="1">LD</sValue></sAnnotationInfo><sAnnotationInfo sName="top-comm" occurrence="2"><sValue occurrence="1">TOP</sValue><sValue occurrence="1">COMM</sValue></sAnnotationInfo><sAnnotationInfo sName="comment" occurrence="1"><sValue occurrence="1">alle ist kontextuellerschließbar; Einfügung des DO und Umstellung von Part (FOC) und Vfin; Kopulativkonstruktion mit V2</sValue></sAnnotationInfo><sAnnotationInfo sName="clause-status" occurrence="1"><sValue occurrence="1">MAINDECL</sValue></sAnnotationInfo><sAnnotationInfo sName="align" occurrence="2"><sValue occurrence="1">=L8</sValue><sValue occurrence="1">=L6</sValue></sAnnotationInfo><sAnnotationInfo sName="aboutness" occurrence="0"></sAnnotationInfo><sAnnotationInfo sName="pos" occurrence="8"><sValue occurrence="1">V</sValue><sValue occurrence="1">VCOP</sValue><sValue occurrence="1">PRONINDEF</sValue><sValue occurrence="1">CONJ</sValue><sValue occurrence="1">VN</sValue><sValue occurrence="2">PRONDEM</sValue><sValue occurrence="1">PRONREL</sValue></sAnnotationInfo><sAnnotationInfo sName="gf" occurrence="4"><sValue occurrence="1">DO</sValue><sValue occurrence="1">VFIN</sValue><sValue occurrence="1">PARTPF</sValue><sValue occurrence="1">SUBJ</sValue></sAnnotationInfo><sAnnotationInfo sName="cat" occurrence="7"><sValue occurrence="2">VP</sValue><sValue occurrence="5">NP</sValue></sAnnotationInfo><sAnnotationInfo sName="definiteness" occurrence="1"><sValue occurrence="1">DEF</sValue></sAnnotationInfo></sDocumentInfo>