<?xml version="1.0" ?><sDocumentInfo generatedOn="2015-10-31 21:20:34" sName="T_039__22-23_alpha" id="salt:/b4.tatian/T_039__22-23_alpha"><metaDataInfo><entry key="page">039</entry><entry key="X::abbreviation">X</entry><entry key="corpus-code">T</entry><entry key="line">22-23</entry><entry key="writer">alpha</entry><entry key="X::sex">m</entry></metaDataInfo><structuralInfo><entry key="SNode">35</entry><entry key="STimeline">1</entry><entry key="STextualDS">1</entry><entry key="SToken">6</entry><entry key="SSpan">27</entry><entry key="SRelation">53</entry><entry key="SSpanningRelation">41</entry></structuralInfo><sAnnotationInfo sName="syl_no" occurrence="4"><sValue occurrence="1">3</sValue><sValue occurrence="1">2</sValue><sValue occurrence="2">1</sValue></sAnnotationInfo><sAnnotationInfo sName="LAT" occurrence="4"><sValue occurrence="1">christus</sValue><sValue occurrence="1">nascer&amp;ur</sValue><sValue occurrence="1">/</sValue><sValue occurrence="1">ubi</sValue></sAnnotationInfo><sAnnotationInfo sName="givenness" occurrence="1"><sValue occurrence="1">GIV</sValue></sAnnotationInfo><sAnnotationInfo sName="bibl" occurrence="1"><sValue occurrence="1">T 39, 22-23 Alpha Mt 2</sValue></sAnnotationInfo><sAnnotationInfo sName="position" occurrence="0"></sAnnotationInfo><sAnnotationInfo sName="comment" occurrence="1"><sValue occurrence="1">indirekter Fragesatz mit Vend bei Auflösung des synthetischen Passivs des Lateins</sValue></sAnnotationInfo><sAnnotationInfo sName="clause-status" occurrence="1"><sValue occurrence="1">SUBINTERR</sValue></sAnnotationInfo><sAnnotationInfo sName="align" occurrence="0"></sAnnotationInfo><sAnnotationInfo sName="aboutness" occurrence="0"></sAnnotationInfo><sAnnotationInfo sName="pos" occurrence="4"><sValue occurrence="1">VAUX</sValue><sValue occurrence="1">VN</sValue><sValue occurrence="1">PRONINTERR</sValue><sValue occurrence="1">N</sValue></sAnnotationInfo><sAnnotationInfo sName="gf" occurrence="4"><sValue occurrence="1">VFIN</sValue><sValue occurrence="1">ADVLOC</sValue><sValue occurrence="1">PARTPF</sValue><sValue occurrence="1">SUBJ</sValue></sAnnotationInfo><sAnnotationInfo sName="cat" occurrence="2"><sValue occurrence="1">VP</sValue><sValue occurrence="1">NP</sValue></sAnnotationInfo><sAnnotationInfo sName="definiteness" occurrence="1"><sValue occurrence="1">DEF</sValue></sAnnotationInfo></sDocumentInfo>