<?xml version="1.0" ?><sDocumentInfo generatedOn="2015-10-31 21:20:30" sName="T_044__07_alpha" id="salt:/b4.tatian/T_044__07_alpha"><metaDataInfo><entry key="page">044</entry><entry key="X::abbreviation">X</entry><entry key="corpus-code">T</entry><entry key="line">07</entry><entry key="writer">alpha</entry><entry key="X::sex">m</entry></metaDataInfo><structuralInfo><entry key="SNode">36</entry><entry key="STimeline">1</entry><entry key="STextualDS">1</entry><entry key="SToken">4</entry><entry key="SSpan">30</entry><entry key="SRelation">53</entry><entry key="SSpanningRelation">45</entry></structuralInfo><sAnnotationInfo sName="foc-bg" occurrence="1"><sValue occurrence="1">NIF</sValue></sAnnotationInfo><sAnnotationInfo sName="syl_no" occurrence="4"><sValue occurrence="4">2</sValue></sAnnotationInfo><sAnnotationInfo sName="LAT" occurrence="4"><sValue occurrence="1">eius</sValue><sValue occurrence="1">semitas</sValue><sValue occurrence="1">facite</sValue><sValue occurrence="1">rectas</sValue></sAnnotationInfo><sAnnotationInfo sName="givenness" occurrence="2"><sValue occurrence="2">NEW</sValue></sAnnotationInfo><sAnnotationInfo sName="bibl" occurrence="1"><sValue occurrence="1">T 44, 7 Alpha Lc3</sValue></sAnnotationInfo><sAnnotationInfo sName="comment" occurrence="1"><sValue occurrence="1">subjektloser Imperativsatz mit V1 durch Umstellung des Vfin und Prädikativums</sValue></sAnnotationInfo><sAnnotationInfo sName="clause-status" occurrence="1"><sValue occurrence="1">MAINIMPER</sValue></sAnnotationInfo><sAnnotationInfo sName="align" occurrence="2"><sValue occurrence="1">=L1</sValue><sValue occurrence="1">=L0</sValue></sAnnotationInfo><sAnnotationInfo sName="pos" occurrence="4"><sValue occurrence="1">A</sValue><sValue occurrence="1">V</sValue><sValue occurrence="1">PRONPOS</sValue><sValue occurrence="1">N</sValue></sAnnotationInfo><sAnnotationInfo sName="gf" occurrence="3"><sValue occurrence="1">DO</sValue><sValue occurrence="1">VFIN</sValue><sValue occurrence="1">PRD</sValue></sAnnotationInfo><sAnnotationInfo sName="cat" occurrence="3"><sValue occurrence="1">VP</sValue><sValue occurrence="1">AP</sValue><sValue occurrence="1">NP</sValue></sAnnotationInfo><sAnnotationInfo sName="definiteness" occurrence="2"><sValue occurrence="1">DEF</sValue><sValue occurrence="1">INDEF</sValue></sAnnotationInfo></sDocumentInfo>