<?xml version="1.0" ?><sDocumentInfo generatedOn="2015-10-31 21:20:31" sName="T_049__13-14_alpha" id="salt:/b4.tatian/T_049__13-14_alpha"><metaDataInfo><entry key="page">049</entry><entry key="X::abbreviation">X</entry><entry key="corpus-code">T</entry><entry key="line">13-14</entry><entry key="writer">alpha</entry><entry key="X::sex">m</entry></metaDataInfo><structuralInfo><entry key="SNode">44</entry><entry key="STimeline">1</entry><entry key="STextualDS">1</entry><entry key="SToken">7</entry><entry key="SSpan">35</entry><entry key="SRelation">64</entry><entry key="SSpanningRelation">50</entry></structuralInfo><sAnnotationInfo sName="syl_no" occurrence="5"><sValue occurrence="2">4</sValue><sValue occurrence="2">2</sValue><sValue occurrence="1">1</sValue></sAnnotationInfo><sAnnotationInfo sName="LAT" occurrence="7"><sValue occurrence="1">In</sValue><sValue occurrence="1">baptizare</sValue><sValue occurrence="1">misit</sValue><sValue occurrence="1">mé</sValue><sValue occurrence="1">qui</sValue><sValue occurrence="1">/</sValue><sValue occurrence="1">aqua</sValue></sAnnotationInfo><sAnnotationInfo sName="givenness" occurrence="1"><sValue occurrence="1">GIV</sValue></sAnnotationInfo><sAnnotationInfo sName="bibl" occurrence="1"><sValue occurrence="1">T 49, 13-14 Alpha</sValue></sAnnotationInfo><sAnnotationInfo sName="position" occurrence="0"></sAnnotationInfo><sAnnotationInfo sName="clause-status" occurrence="1"><sValue occurrence="1">REL</sValue></sAnnotationInfo><sAnnotationInfo sName="align" occurrence="2"><sValue occurrence="1">=L2</sValue><sValue occurrence="1">=L1</sValue></sAnnotationInfo><sAnnotationInfo sName="pos" occurrence="6"><sValue occurrence="2">V</sValue><sValue occurrence="1">PRONPRS</sValue><sValue occurrence="1">P</sValue><sValue occurrence="1">N</sValue><sValue occurrence="1">PRONREL</sValue></sAnnotationInfo><sAnnotationInfo sName="gf" occurrence="5"><sValue occurrence="1">DO</sValue><sValue occurrence="1">INF</sValue><sValue occurrence="1">VFIN</sValue><sValue occurrence="1">ADVLOC</sValue><sValue occurrence="1">SUBJ</sValue></sAnnotationInfo><sAnnotationInfo sName="cat" occurrence="5"><sValue occurrence="1">PP</sValue><sValue occurrence="2">VP</sValue><sValue occurrence="2">NP</sValue></sAnnotationInfo><sAnnotationInfo sName="definiteness" occurrence="1"><sValue occurrence="1">DEF</sValue></sAnnotationInfo></sDocumentInfo>