<?xml version="1.0" ?><sDocumentInfo generatedOn="2015-10-31 21:20:29" sName="T_049__21-22_alpha" id="salt:/b4.tatian/T_049__21-22_alpha"><metaDataInfo><entry key="page">049</entry><entry key="X::abbreviation">X</entry><entry key="corpus-code">T</entry><entry key="line">21-22</entry><entry key="writer">alpha</entry><entry key="X::sex">m</entry></metaDataInfo><structuralInfo><entry key="SNode">60</entry><entry key="STimeline">1</entry><entry key="STextualDS">1</entry><entry key="SToken">11</entry><entry key="SSpan">47</entry><entry key="SRelation">134</entry><entry key="SSpanningRelation">112</entry></structuralInfo><sAnnotationInfo sName="foc-bg" occurrence="1"><sValue occurrence="1">NIF</sValue></sAnnotationInfo><sAnnotationInfo sName="context" occurrence="1"><sValue occurrence="1">Situationswechsel (Beginn eines neuen Erzählabschnittes)</sValue></sAnnotationInfo><sAnnotationInfo sName="syl_no" occurrence="6"><sValue occurrence="1">5</sValue><sValue occurrence="1">4</sValue><sValue occurrence="2">3</sValue><sValue occurrence="2">1</sValue></sAnnotationInfo><sAnnotationInfo sName="LAT" occurrence="9"><sValue occurrence="1">ihesus</sValue><sValue occurrence="1">ductus</sValue><sValue occurrence="1">spiritu</sValue><sValue occurrence="1">deserto</sValue><sValue occurrence="1">a</sValue><sValue occurrence="1">In</sValue><sValue occurrence="1">est</sValue><sValue occurrence="1">/</sValue><sValue occurrence="1">Tunc</sValue></sAnnotationInfo><sAnnotationInfo sName="givenness" occurrence="1"><sValue occurrence="1">GIV</sValue></sAnnotationInfo><sAnnotationInfo sName="bibl" occurrence="1"><sValue occurrence="1">T 49, 21-22 Alpha Mt 4</sValue></sAnnotationInfo><sAnnotationInfo sName="position" occurrence="1"><sValue occurrence="1">GV</sValue></sAnnotationInfo><sAnnotationInfo sName="comment" occurrence="1"><sValue occurrence="1">V3 im HS, Umstellung Vfin und Part</sValue></sAnnotationInfo><sAnnotationInfo sName="clause-status" occurrence="1"><sValue occurrence="1">MAINDECL</sValue></sAnnotationInfo><sAnnotationInfo sName="align" occurrence="2"><sValue occurrence="1">=L4</sValue><sValue occurrence="1">=L3</sValue></sAnnotationInfo><sAnnotationInfo sName="aboutness" occurrence="1"><sValue occurrence="1">AB</sValue></sAnnotationInfo><sAnnotationInfo sName="pos" occurrence="10"><sValue occurrence="1">VAUX</sValue><sValue occurrence="1">VN</sValue><sValue occurrence="2">P</sValue><sValue occurrence="3">N</sValue><sValue occurrence="2">PRONDEM</sValue><sValue occurrence="1">ADV</sValue></sAnnotationInfo><sAnnotationInfo sName="gf" occurrence="5"><sValue occurrence="1">DIR</sValue><sValue occurrence="1">VFIN</sValue><sValue occurrence="1">PO</sValue><sValue occurrence="1">PARTPF</sValue><sValue occurrence="1">SUBJ</sValue></sAnnotationInfo><sAnnotationInfo sName="cat" occurrence="4"><sValue occurrence="2">PP</sValue><sValue occurrence="1">VP</sValue><sValue occurrence="1">NP</sValue></sAnnotationInfo><sAnnotationInfo sName="definiteness" occurrence="1"><sValue occurrence="1">DEF</sValue></sAnnotationInfo></sDocumentInfo>