<?xml version="1.0" ?><sDocumentInfo generatedOn="2015-10-31 21:20:31" sName="T_046__20_alpha" id="salt:/b4.tatian/T_046__20_alpha"><metaDataInfo><entry key="page">046</entry><entry key="X::abbreviation">X</entry><entry key="corpus-code">T</entry><entry key="line">20</entry><entry key="writer">alpha</entry><entry key="X::sex">m</entry></metaDataInfo><structuralInfo><entry key="SNode">22</entry><entry key="STimeline">1</entry><entry key="STextualDS">1</entry><entry key="SToken">2</entry><entry key="SSpan">18</entry><entry key="SRelation">26</entry><entry key="SSpanningRelation">22</entry></structuralInfo><sAnnotationInfo sName="foc-bg" occurrence="0"></sAnnotationInfo><sAnnotationInfo sName="context" occurrence="1"><sValue occurrence="1">Specherwechsel im Dialog</sValue></sAnnotationInfo><sAnnotationInfo sName="syl_no" occurrence="2"><sValue occurrence="1">4</sValue><sValue occurrence="1">1</sValue></sAnnotationInfo><sAnnotationInfo sName="LAT" occurrence="1"><sValue occurrence="1">respondens</sValue></sAnnotationInfo><sAnnotationInfo sName="givenness" occurrence="1"><sValue occurrence="1">GIV</sValue></sAnnotationInfo><sAnnotationInfo sName="bibl" occurrence="1"><sValue occurrence="1">T 46, 20 Alpha Lc 3</sValue></sAnnotationInfo><sAnnotationInfo sName="position" occurrence="1"><sValue occurrence="1">GV</sValue></sAnnotationInfo><sAnnotationInfo sName="comment" occurrence="1"><sValue occurrence="1">Partizipialkonstruktion in finiten Satz überführt</sValue></sAnnotationInfo><sAnnotationInfo sName="clause-status" occurrence="1"><sValue occurrence="1">MAINDECL</sValue></sAnnotationInfo><sAnnotationInfo sName="aboutness" occurrence="1"><sValue occurrence="1">AB</sValue></sAnnotationInfo><sAnnotationInfo sName="pos" occurrence="2"><sValue occurrence="1">V</sValue><sValue occurrence="1">PRONPRS</sValue></sAnnotationInfo><sAnnotationInfo sName="gf" occurrence="2"><sValue occurrence="1">VFIN</sValue><sValue occurrence="1">SUBJ</sValue></sAnnotationInfo><sAnnotationInfo sName="cat" occurrence="2"><sValue occurrence="1">VP</sValue><sValue occurrence="1">NP</sValue></sAnnotationInfo><sAnnotationInfo sName="definiteness" occurrence="1"><sValue occurrence="1">DEF</sValue></sAnnotationInfo></sDocumentInfo>