<?xml version="1.0" ?><sDocumentInfo generatedOn="2015-10-31 21:20:23" sName="T_047__10_alpha" id="salt:/b4.tatian/T_047__10_alpha"><metaDataInfo><entry key="page">047</entry><entry key="X::abbreviation">X</entry><entry key="corpus-code">T</entry><entry key="line">10</entry><entry key="writer">alpha</entry><entry key="X::sex">m</entry></metaDataInfo><structuralInfo><entry key="SNode">17</entry><entry key="STimeline">1</entry><entry key="STextualDS">1</entry><entry key="SToken">3</entry><entry key="SSpan">12</entry><entry key="SRelation">23</entry><entry key="SSpanningRelation">17</entry></structuralInfo><sAnnotationInfo sName="bibl" occurrence="1"><sValue occurrence="1">T 47, 10 Alpha Io 1</sValue></sAnnotationInfo><sAnnotationInfo sName="cat" occurrence="1"><sValue occurrence="1">VP</sValue></sAnnotationInfo><sAnnotationInfo sName="clause-status" occurrence="1"><sValue occurrence="1">MAINDECL</sValue></sAnnotationInfo><sAnnotationInfo sName="gf" occurrence="2"><sValue occurrence="1">ADVTEMP</sValue><sValue occurrence="1">VFIN</sValue></sAnnotationInfo><sAnnotationInfo sName="LAT" occurrence="2"><sValue occurrence="1">confessus est</sValue><sValue occurrence="1">&amp;</sValue></sAnnotationInfo><sAnnotationInfo sName="syl_no" occurrence="2"><sValue occurrence="1">2</sValue><sValue occurrence="1">1</sValue></sAnnotationInfo><sAnnotationInfo sName="comment" occurrence="1"><sValue occurrence="1">Wiederholung des Vorangehenden (ungegliedert); V1 mit satzinternem tho; Redeeinleitung</sValue></sAnnotationInfo><sAnnotationInfo sName="pos" occurrence="2"><sValue occurrence="1">V</sValue><sValue occurrence="1">ADV</sValue></sAnnotationInfo></sDocumentInfo>