<?xml version="1.0" ?><sDocumentInfo generatedOn="2015-10-31 21:20:32" sName="T_047__15_alpha" id="salt:/b4.tatian/T_047__15_alpha"><metaDataInfo><entry key="page">047</entry><entry key="X::abbreviation">X</entry><entry key="corpus-code">T</entry><entry key="line">15</entry><entry key="writer">alpha</entry><entry key="X::sex">m</entry></metaDataInfo><structuralInfo><entry key="SNode">40</entry><entry key="STimeline">1</entry><entry key="STextualDS">1</entry><entry key="SToken">6</entry><entry key="SSpan">32</entry><entry key="SRelation">60</entry><entry key="SSpanningRelation">48</entry></structuralInfo><sAnnotationInfo sName="context" occurrence="1"><sValue occurrence="1">Sprecherwechsel im Dialog</sValue></sAnnotationInfo><sAnnotationInfo sName="syl_no" occurrence="4"><sValue occurrence="2">2</sValue><sValue occurrence="2">1</sValue></sAnnotationInfo><sAnnotationInfo sName="LAT" occurrence="3"><sValue occurrence="1">ergo</sValue><sValue occurrence="1">ei</sValue><sValue occurrence="1">dixerunt</sValue></sAnnotationInfo><sAnnotationInfo sName="givenness" occurrence="2"><sValue occurrence="2">GIV</sValue></sAnnotationInfo><sAnnotationInfo sName="bibl" occurrence="1"><sValue occurrence="1">T 47, 15 Alpha Io 1</sValue></sAnnotationInfo><sAnnotationInfo sName="position" occurrence="0"></sAnnotationInfo><sAnnotationInfo sName="comment" occurrence="1"><sValue occurrence="1">tho+V2</sValue></sAnnotationInfo><sAnnotationInfo sName="clause-status" occurrence="1"><sValue occurrence="1">MAINDECL</sValue></sAnnotationInfo><sAnnotationInfo sName="align" occurrence="1"><sValue occurrence="1">=L3</sValue></sAnnotationInfo><sAnnotationInfo sName="aboutness" occurrence="0"></sAnnotationInfo><sAnnotationInfo sName="pos" occurrence="4"><sValue occurrence="1">V</sValue><sValue occurrence="2">PRONPRS</sValue><sValue occurrence="1">ADV</sValue></sAnnotationInfo><sAnnotationInfo sName="gf" occurrence="4"><sValue occurrence="1">DO</sValue><sValue occurrence="1">ADVTEMP</sValue><sValue occurrence="1">VFIN</sValue><sValue occurrence="1">SUBJ</sValue></sAnnotationInfo><sAnnotationInfo sName="cat" occurrence="3"><sValue occurrence="1">VP</sValue><sValue occurrence="2">NP</sValue></sAnnotationInfo><sAnnotationInfo sName="definiteness" occurrence="2"><sValue occurrence="2">DEF</sValue></sAnnotationInfo></sDocumentInfo>