<?xml version="1.0" ?><sDocumentInfo generatedOn="2015-10-31 21:20:32" sName="T_040__01_alpha" id="salt:/b4.tatian/T_040__01_alpha"><metaDataInfo><entry key="page">040</entry><entry key="X::abbreviation">X</entry><entry key="corpus-code">T</entry><entry key="line">01</entry><entry key="writer">alpha</entry><entry key="X::sex">m</entry></metaDataInfo><structuralInfo><entry key="SNode">33</entry><entry key="STimeline">1</entry><entry key="STextualDS">1</entry><entry key="SToken">5</entry><entry key="SSpan">26</entry><entry key="SRelation">48</entry><entry key="SSpanningRelation">38</entry></structuralInfo><sAnnotationInfo sName="syl_no" occurrence="4"><sValue occurrence="1">3</sValue><sValue occurrence="3">1</sValue></sAnnotationInfo><sAnnotationInfo sName="LAT" occurrence="3"><sValue occurrence="1">quae</sValue><sValue occurrence="1">apparuit</sValue><sValue occurrence="1">eis</sValue></sAnnotationInfo><sAnnotationInfo sName="givenness" occurrence="1"><sValue occurrence="1">GIV</sValue></sAnnotationInfo><sAnnotationInfo sName="bibl" occurrence="1"><sValue occurrence="1">T 40, 1 Alpha Mt 2</sValue></sAnnotationInfo><sAnnotationInfo sName="comment" occurrence="1"><sValue occurrence="1">alles Hintergrund, Verlagerung des pronominalen IO vor Vfin, Vend im RS</sValue></sAnnotationInfo><sAnnotationInfo sName="clause-status" occurrence="1"><sValue occurrence="1">REL</sValue></sAnnotationInfo><sAnnotationInfo sName="align" occurrence="1"><sValue occurrence="1">=L4</sValue></sAnnotationInfo><sAnnotationInfo sName="aboutness" occurrence="0"></sAnnotationInfo><sAnnotationInfo sName="pos" occurrence="4"><sValue occurrence="1">PRONRFL</sValue><sValue occurrence="1">V</sValue><sValue occurrence="1">PRONPRS</sValue><sValue occurrence="1">PRONDEM</sValue></sAnnotationInfo><sAnnotationInfo sName="gf" occurrence="4"><sValue occurrence="1">IO</sValue><sValue occurrence="1">DO</sValue><sValue occurrence="1">VFIN</sValue><sValue occurrence="1">SUBJ</sValue></sAnnotationInfo><sAnnotationInfo sName="cat" occurrence="4"><sValue occurrence="1">VP</sValue><sValue occurrence="3">NP</sValue></sAnnotationInfo><sAnnotationInfo sName="definiteness" occurrence="1"><sValue occurrence="1">DEF</sValue></sAnnotationInfo></sDocumentInfo>