<?xml version="1.0" ?><sDocumentInfo generatedOn="2015-10-31 21:20:29" sName="T_046__27-28_alpha" id="salt:/b4.tatian/T_046__27-28_alpha"><metaDataInfo><entry key="page">046</entry><entry key="X::abbreviation">X</entry><entry key="corpus-code">T</entry><entry key="line">27-28</entry><entry key="writer">alpha</entry><entry key="X::sex">m</entry></metaDataInfo><structuralInfo><entry key="SNode">45</entry><entry key="STimeline">1</entry><entry key="STextualDS">1</entry><entry key="SToken">10</entry><entry key="SSpan">33</entry><entry key="SRelation">106</entry><entry key="SSpanningRelation">86</entry></structuralInfo><sAnnotationInfo sName="foc-bg" occurrence="1"><sValue occurrence="1">NIF</sValue></sAnnotationInfo><sAnnotationInfo sName="context" occurrence="1"><sValue occurrence="1">prefiniter Fokus</sValue></sAnnotationInfo><sAnnotationInfo sName="syl_no" occurrence="3"><sValue occurrence="1">2</sValue><sValue occurrence="1">11</sValue><sValue occurrence="1">1</sValue></sAnnotationInfo><sAnnotationInfo sName="LAT" occurrence="8"><sValue occurrence="1">quam</sValue><sValue occurrence="1">amplius</sValue><sValue occurrence="1">uobis</sValue><sValue occurrence="1">est</sValue><sValue occurrence="1">/</sValue><sValue occurrence="1">nihil</sValue><sValue occurrence="1">faciatis</sValue><sValue occurrence="1">constitutus </sValue></sAnnotationInfo><sAnnotationInfo sName="givenness" occurrence="1"><sValue occurrence="1">GIV</sValue></sAnnotationInfo><sAnnotationInfo sName="bibl" occurrence="1"><sValue occurrence="1">T 46, 27-28 Alpha Lc 3</sValue></sAnnotationInfo><sAnnotationInfo sName="comment" occurrence="1"><sValue occurrence="1">Su eingefügt; Preverbal steht die Information, die im vorangehenden Satz angefordert wurde; V2</sValue></sAnnotationInfo><sAnnotationInfo sName="clause-status" occurrence="1"><sValue occurrence="1">MAINREQUEST</sValue></sAnnotationInfo><sAnnotationInfo sName="align" occurrence="1"><sValue occurrence="1">=L7</sValue></sAnnotationInfo><sAnnotationInfo sName="pos" occurrence="8"><sValue occurrence="2">V</sValue><sValue occurrence="2">PRONPRS</sValue><sValue occurrence="1">PRONINDEF</sValue><sValue occurrence="1">VN</sValue><sValue occurrence="1">P</sValue><sValue occurrence="1">ADV</sValue></sAnnotationInfo><sAnnotationInfo sName="gf" occurrence="3"><sValue occurrence="1">DO</sValue><sValue occurrence="1">VFIN</sValue><sValue occurrence="1">SUBJ</sValue></sAnnotationInfo><sAnnotationInfo sName="cat" occurrence="3"><sValue occurrence="2">VP</sValue><sValue occurrence="1">NP</sValue></sAnnotationInfo><sAnnotationInfo sName="definiteness" occurrence="1"><sValue occurrence="1">DEF</sValue></sAnnotationInfo></sDocumentInfo>