<?xml version="1.0" ?><sDocumentInfo generatedOn="2015-10-31 21:20:34" sName="T_043__01_alpha" id="salt:/b4.tatian/T_043__01_alpha"><metaDataInfo><entry key="page">043</entry><entry key="X::abbreviation">X</entry><entry key="corpus-code">T</entry><entry key="line">01</entry><entry key="writer">alpha</entry><entry key="X::sex">m</entry></metaDataInfo><structuralInfo><entry key="SNode">41</entry><entry key="STimeline">1</entry><entry key="STextualDS">1</entry><entry key="SToken">6</entry><entry key="SSpan">33</entry><entry key="SRelation">59</entry><entry key="SSpanningRelation">47</entry></structuralInfo><sAnnotationInfo sName="syl_no" occurrence="5"><sValue occurrence="1">2</sValue><sValue occurrence="4">1</sValue></sAnnotationInfo><sAnnotationInfo sName="LAT" occurrence="5"><sValue occurrence="1">fili</sValue><sValue occurrence="1">sic</sValue><sValue occurrence="1">fecisti</sValue><sValue occurrence="1">quid</sValue><sValue occurrence="1">nobis</sValue></sAnnotationInfo><sAnnotationInfo sName="givenness" occurrence="2"><sValue occurrence="2">GIV</sValue></sAnnotationInfo><sAnnotationInfo sName="bibl" occurrence="1"><sValue occurrence="1">T 43, 1 Alpha Lc 2</sValue></sAnnotationInfo><sAnnotationInfo sName="position" occurrence="0"></sAnnotationInfo><sAnnotationInfo sName="comment" occurrence="1"><sValue occurrence="1">Egänzungsfrage mit V2, eingefügtes Su-Pron postfinit</sValue></sAnnotationInfo><sAnnotationInfo sName="clause-status" occurrence="1"><sValue occurrence="1">MAININTERR</sValue></sAnnotationInfo><sAnnotationInfo sName="pos" occurrence="5"><sValue occurrence="1">V</sValue><sValue occurrence="2">PRONPRS</sValue><sValue occurrence="1">PRONINTERR</sValue><sValue occurrence="1">ADV</sValue></sAnnotationInfo><sAnnotationInfo sName="gf" occurrence="4"><sValue occurrence="1">IO</sValue><sValue occurrence="1">VFIN</sValue><sValue occurrence="1">SUBJ</sValue><sValue occurrence="1">ADVMOD</sValue></sAnnotationInfo><sAnnotationInfo sName="cat" occurrence="3"><sValue occurrence="1">VP</sValue><sValue occurrence="2">NP</sValue></sAnnotationInfo><sAnnotationInfo sName="definiteness" occurrence="2"><sValue occurrence="2">DEF</sValue></sAnnotationInfo><sAnnotationInfo sName="foc-marker" occurrence="1"><sValue occurrence="1">WH</sValue></sAnnotationInfo></sDocumentInfo>