<?xml version="1.0" ?><sDocumentInfo generatedOn="2015-10-31 21:20:30" sName="T_050__10-11_alpha" id="salt:/b4.tatian/T_050__10-11_alpha"><metaDataInfo><entry key="page">050</entry><entry key="X::abbreviation">X</entry><entry key="corpus-code">T</entry><entry key="line">10-11</entry><entry key="writer">alpha</entry><entry key="X::sex">m</entry></metaDataInfo><structuralInfo><entry key="SNode">46</entry><entry key="STimeline">1</entry><entry key="STextualDS">1</entry><entry key="SToken">8</entry><entry key="SSpan">36</entry><entry key="SRelation">86</entry><entry key="SSpanningRelation">70</entry></structuralInfo><sAnnotationInfo sName="context" occurrence="1"><sValue occurrence="1">AR</sValue></sAnnotationInfo><sAnnotationInfo sName="syl_no" occurrence="5"><sValue occurrence="1">5</sValue><sValue occurrence="1">2</sValue><sValue occurrence="3">1</sValue></sAnnotationInfo><sAnnotationInfo sName="LAT" occurrence="6"><sValue occurrence="1">tollent</sValue><sValue occurrence="1">in</sValue><sValue occurrence="1">&amp;</sValue><sValue occurrence="1">/</sValue><sValue occurrence="1">té</sValue><sValue occurrence="1">manibus</sValue></sAnnotationInfo><sAnnotationInfo sName="givenness" occurrence="2"><sValue occurrence="2">GIV</sValue></sAnnotationInfo><sAnnotationInfo sName="bibl" occurrence="1"><sValue occurrence="1">T 50, 10-11 Alpha Mt 4</sValue></sAnnotationInfo><sAnnotationInfo sName="comment" occurrence="1"><sValue occurrence="1">Subjektspronomen eingefügt und Vend im NS</sValue></sAnnotationInfo><sAnnotationInfo sName="clause-status" occurrence="1"><sValue occurrence="1">SUB</sValue></sAnnotationInfo><sAnnotationInfo sName="align" occurrence="2"><sValue occurrence="1">=L7</sValue><sValue occurrence="1">=L6</sValue></sAnnotationInfo><sAnnotationInfo sName="pos" occurrence="7"><sValue occurrence="1">V</sValue><sValue occurrence="2">PRONPRS</sValue><sValue occurrence="1">CONJ</sValue><sValue occurrence="1">P</sValue><sValue occurrence="1">PRONPOS</sValue><sValue occurrence="1">N</sValue></sAnnotationInfo><sAnnotationInfo sName="gf" occurrence="4"><sValue occurrence="1">DO</sValue><sValue occurrence="1">VFIN</sValue><sValue occurrence="1">SUBJ</sValue><sValue occurrence="1">ADVMOD</sValue></sAnnotationInfo><sAnnotationInfo sName="cat" occurrence="4"><sValue occurrence="1">PP</sValue><sValue occurrence="1">VP</sValue><sValue occurrence="2">NP</sValue></sAnnotationInfo><sAnnotationInfo sName="definiteness" occurrence="2"><sValue occurrence="2">DEF</sValue></sAnnotationInfo></sDocumentInfo>