<?xml version="1.0" ?><sDocumentInfo generatedOn="2015-10-31 21:20:29" sName="T_059__10_beta" id="salt:/b4.tatian/T_059__10_beta"><metaDataInfo><entry key="page">059</entry><entry key="X::abbreviation">X</entry><entry key="corpus-code">T</entry><entry key="line">10</entry><entry key="writer">beta</entry><entry key="X::sex">m</entry></metaDataInfo><structuralInfo><entry key="SNode">37</entry><entry key="STimeline">1</entry><entry key="STextualDS">1</entry><entry key="SToken">5</entry><entry key="SSpan">30</entry><entry key="SRelation">57</entry><entry key="SSpanningRelation">47</entry></structuralInfo><sAnnotationInfo sName="context" occurrence="1"><sValue occurrence="1">AR (bithiu ist Situationsanapher)</sValue></sAnnotationInfo><sAnnotationInfo sName="syl_no" occurrence="4"><sValue occurrence="1">4</sValue><sValue occurrence="1">3</sValue><sValue occurrence="2">1</sValue></sAnnotationInfo><sAnnotationInfo sName="LAT" occurrence="4"><sValue occurrence="1">missus</sValue><sValue occurrence="1">ideo</sValue><sValue occurrence="1">sum</sValue><sValue occurrence="1">quia</sValue></sAnnotationInfo><sAnnotationInfo sName="givenness" occurrence="1"><sValue occurrence="1">GIV</sValue></sAnnotationInfo><sAnnotationInfo sName="bibl" occurrence="1"><sValue occurrence="1">T 59, 10 Beta Lc 4</sValue></sAnnotationInfo><sAnnotationInfo sName="comment" occurrence="1"><sValue occurrence="1">V2 mit Adverb im Vorfeld;</sValue></sAnnotationInfo><sAnnotationInfo sName="clause-status" occurrence="1"><sValue occurrence="1">CAUSAL</sValue></sAnnotationInfo><sAnnotationInfo sName="align" occurrence="2"><sValue occurrence="1">=L2</sValue><sValue occurrence="1">=L4</sValue></sAnnotationInfo><sAnnotationInfo sName="aboutness" occurrence="0"></sAnnotationInfo><sAnnotationInfo sName="pos" occurrence="5"><sValue occurrence="1">PRONPRS</sValue><sValue occurrence="1">VAUX</sValue><sValue occurrence="1">CONJ</sValue><sValue occurrence="1">VN</sValue><sValue occurrence="1">ADV</sValue></sAnnotationInfo><sAnnotationInfo sName="gf" occurrence="4"><sValue occurrence="1">VFIN</sValue><sValue occurrence="1">ADVCAUS</sValue><sValue occurrence="1">PARTPF</sValue><sValue occurrence="1">SUBJ</sValue></sAnnotationInfo><sAnnotationInfo sName="cat" occurrence="4"><sValue occurrence="2">VP</sValue><sValue occurrence="1">NP</sValue><sValue occurrence="1">ADVP</sValue></sAnnotationInfo><sAnnotationInfo sName="definiteness" occurrence="1"><sValue occurrence="1">DEF</sValue></sAnnotationInfo></sDocumentInfo>