<?xml version="1.0" ?><sDocumentInfo generatedOn="2015-10-31 21:20:23" sName="T_054__10_beta" id="salt:/b4.tatian/T_054__10_beta"><metaDataInfo><entry key="page">054</entry><entry key="X::abbreviation">X</entry><entry key="corpus-code">T</entry><entry key="line">10</entry><entry key="writer">beta</entry><entry key="X::sex">m</entry></metaDataInfo><structuralInfo><entry key="SNode">42</entry><entry key="STimeline">1</entry><entry key="STextualDS">1</entry><entry key="SToken">7</entry><entry key="SSpan">33</entry><entry key="SRelation">70</entry><entry key="SSpanningRelation">56</entry></structuralInfo><sAnnotationInfo sName="syl_no" occurrence="5"><sValue occurrence="1">6</sValue><sValue occurrence="1">3</sValue><sValue occurrence="2">2</sValue><sValue occurrence="1">1</sValue></sAnnotationInfo><sAnnotationInfo sName="LAT" occurrence="7"><sValue occurrence="1">in</sValue><sValue occurrence="1">euangelio</sValue><sValue occurrence="1">poenitentiam</sValue><sValue occurrence="1">&amp;</sValue><sValue occurrence="1">agite</sValue><sValue occurrence="1">/</sValue><sValue occurrence="1">credite</sValue></sAnnotationInfo><sAnnotationInfo sName="givenness" occurrence="1"><sValue occurrence="1">GIV</sValue></sAnnotationInfo><sAnnotationInfo sName="bibl" occurrence="1"><sValue occurrence="1">T 54, 10 Beta Lc 4; Mt 4; Mc 1</sValue></sAnnotationInfo><sAnnotationInfo sName="comment" occurrence="1"><sValue occurrence="1">Imperativsatz mit V1; Umstellung VFin und DO</sValue></sAnnotationInfo><sAnnotationInfo sName="clause-status" occurrence="1"><sValue occurrence="1">MAINIMPER</sValue></sAnnotationInfo><sAnnotationInfo sName="align" occurrence="2"><sValue occurrence="1">=L1</sValue><sValue occurrence="1">=L0</sValue></sAnnotationInfo><sAnnotationInfo sName="pos" occurrence="6"><sValue occurrence="2">V</sValue><sValue occurrence="1">CONJ</sValue><sValue occurrence="1">PRONDEM</sValue><sValue occurrence="2">N</sValue></sAnnotationInfo><sAnnotationInfo sName="gf" occurrence="4"><sValue occurrence="1">IO</sValue><sValue occurrence="1">DO</sValue><sValue occurrence="2">VFIN</sValue></sAnnotationInfo><sAnnotationInfo sName="cat" occurrence="4"><sValue occurrence="2">VP</sValue><sValue occurrence="2">NP</sValue></sAnnotationInfo><sAnnotationInfo sName="definiteness" occurrence="1"><sValue occurrence="1">DEF</sValue></sAnnotationInfo></sDocumentInfo>