<?xml version="1.0" ?><sDocumentInfo generatedOn="2015-10-31 21:20:30" sName="T_058__01_beta" id="salt:/b4.tatian/T_058__01_beta"><metaDataInfo><entry key="page">058</entry><entry key="X::abbreviation">X</entry><entry key="corpus-code">T</entry><entry key="line">01</entry><entry key="writer">beta</entry><entry key="X::sex">m</entry></metaDataInfo><structuralInfo><entry key="SNode">29</entry><entry key="STimeline">1</entry><entry key="STextualDS">1</entry><entry key="SToken">4</entry><entry key="SSpan">23</entry><entry key="SRelation">46</entry><entry key="SSpanningRelation">38</entry></structuralInfo><sAnnotationInfo sName="syl_no" occurrence="3"><sValue occurrence="2">3</sValue><sValue occurrence="1">1</sValue></sAnnotationInfo><sAnnotationInfo sName="LAT" occurrence="4"><sValue occurrence="1">Vt</sValue><sValue occurrence="1">cognouit</sValue><sValue occurrence="1">ergo</sValue><sValue occurrence="1">ihesus</sValue></sAnnotationInfo><sAnnotationInfo sName="givenness" occurrence="1"><sValue occurrence="1">GIV</sValue></sAnnotationInfo><sAnnotationInfo sName="bibl" occurrence="1"><sValue occurrence="1">T 58, 1 Beta Io 4</sValue></sAnnotationInfo><sAnnotationInfo sName="comment" occurrence="1"><sValue occurrence="1">Vend im NS; alles Hitnergrund</sValue></sAnnotationInfo><sAnnotationInfo sName="clause-status" occurrence="1"><sValue occurrence="1">SUBTEMP</sValue></sAnnotationInfo><sAnnotationInfo sName="align" occurrence="2"><sValue occurrence="1">=L2</sValue><sValue occurrence="1">=L3</sValue></sAnnotationInfo><sAnnotationInfo sName="aboutness" occurrence="0"></sAnnotationInfo><sAnnotationInfo sName="pos" occurrence="4"><sValue occurrence="1">V</sValue><sValue occurrence="1">CONJ</sValue><sValue occurrence="1">N</sValue><sValue occurrence="1">PRONDEM</sValue></sAnnotationInfo><sAnnotationInfo sName="gf" occurrence="2"><sValue occurrence="1">VFIN</sValue><sValue occurrence="1">SUBJ</sValue></sAnnotationInfo><sAnnotationInfo sName="cat" occurrence="2"><sValue occurrence="1">VP</sValue><sValue occurrence="1">NP</sValue></sAnnotationInfo><sAnnotationInfo sName="definiteness" occurrence="1"><sValue occurrence="1">DEF</sValue></sAnnotationInfo></sDocumentInfo>