<?xml version="1.0" ?><sDocumentInfo generatedOn="2015-10-31 21:20:30" sName="T_069__23_beta" id="salt:/b4.tatian/T_069__23_beta"><metaDataInfo><entry key="page">069</entry><entry key="X::abbreviation">X</entry><entry key="corpus-code">T</entry><entry key="line">23</entry><entry key="writer">beta</entry><entry key="X::sex">m</entry></metaDataInfo><structuralInfo><entry key="SNode">39</entry><entry key="STimeline">1</entry><entry key="STextualDS">1</entry><entry key="SToken">7</entry><entry key="SSpan">30</entry><entry key="SRelation">71</entry><entry key="SSpanningRelation">57</entry></structuralInfo><sAnnotationInfo sName="foc-bg" occurrence="1"><sValue occurrence="1">NIF</sValue></sAnnotationInfo><sAnnotationInfo sName="syl_no" occurrence="4"><sValue occurrence="1">4</sValue><sValue occurrence="2">2</sValue><sValue occurrence="1">1</sValue></sAnnotationInfo><sAnnotationInfo sName="LAT" occurrence="5"><sValue occurrence="1">tuum</sValue><sValue occurrence="1">totum</sValue><sValue occurrence="1">erit</sValue><sValue occurrence="1">lucidum</sValue><sValue occurrence="1">corpus</sValue></sAnnotationInfo><sAnnotationInfo sName="givenness" occurrence="1"><sValue occurrence="1">GIV</sValue></sAnnotationInfo><sAnnotationInfo sName="bibl" occurrence="1"><sValue occurrence="1">T 69, 23 Beta Mt 6</sValue></sAnnotationInfo><sAnnotationInfo sName="comment" occurrence="1"><sValue occurrence="1">V2 gegen Vend im Original; Kopulativkonstruktion</sValue></sAnnotationInfo><sAnnotationInfo sName="clause-status" occurrence="1"><sValue occurrence="1">MAINDECL</sValue></sAnnotationInfo><sAnnotationInfo sName="align" occurrence="1"><sValue occurrence="1">=L6</sValue></sAnnotationInfo><sAnnotationInfo sName="pos" occurrence="6"><sValue occurrence="1">A</sValue><sValue occurrence="1">VCOP</sValue><sValue occurrence="1">PRONINDEF</sValue><sValue occurrence="1">PRONPOS</sValue><sValue occurrence="1">N</sValue><sValue occurrence="1">ADV</sValue></sAnnotationInfo><sAnnotationInfo sName="gf" occurrence="4"><sValue occurrence="1">PRDNOM</sValue><sValue occurrence="1">ADVTEMP</sValue><sValue occurrence="1">VFIN</sValue><sValue occurrence="1">SUBJ</sValue></sAnnotationInfo><sAnnotationInfo sName="cat" occurrence="3"><sValue occurrence="1">VP</sValue><sValue occurrence="1">AP</sValue><sValue occurrence="1">NP</sValue></sAnnotationInfo><sAnnotationInfo sName="definiteness" occurrence="1"><sValue occurrence="1">DEF</sValue></sAnnotationInfo></sDocumentInfo>