<?xml version="1.0" ?><sDocumentInfo generatedOn="2015-10-31 21:20:30" sName="T_062__32-063__01_beta" id="salt:/b4.tatian/T_062__32-063__01_beta"><metaDataInfo><entry key="page">062</entry><entry key="X::abbreviation">X</entry><entry key="corpus-code">T</entry><entry key="line">32-063__01</entry><entry key="writer">beta</entry><entry key="X::sex">m</entry></metaDataInfo><structuralInfo><entry key="SNode">48</entry><entry key="STimeline">1</entry><entry key="STextualDS">1</entry><entry key="SToken">9</entry><entry key="SSpan">37</entry><entry key="SRelation">103</entry><entry key="SSpanningRelation">85</entry></structuralInfo><sAnnotationInfo sName="foc-bg" occurrence="1"><sValue occurrence="1">NIF</sValue></sAnnotationInfo><sAnnotationInfo sName="context" occurrence="1"><sValue occurrence="1">Beginn eines neuen Textabschnitts</sValue></sAnnotationInfo><sAnnotationInfo sName="syl_no" occurrence="5"><sValue occurrence="2">4</sValue><sValue occurrence="2">2</sValue><sValue occurrence="1">1</sValue></sAnnotationInfo><sAnnotationInfo sName="LAT" occurrence="8"><sValue occurrence="1">tuum</sValue><sValue occurrence="1">munus</sValue><sValue occurrence="1">ad</sValue><sValue occurrence="1">Si</sValue><sValue occurrence="1">ergo</sValue><sValue occurrence="1">/</sValue><sValue occurrence="1">altare</sValue><sValue occurrence="1">offeres</sValue></sAnnotationInfo><sAnnotationInfo sName="givenness" occurrence="2"><sValue occurrence="1">ACC</sValue><sValue occurrence="1">GIV</sValue></sAnnotationInfo><sAnnotationInfo sName="bibl" occurrence="1"><sValue occurrence="1">T 62, 32-63, 1 Beta Mt 5</sValue></sAnnotationInfo><sAnnotationInfo sName="comment" occurrence="1"><sValue occurrence="1">eingefügtes Subjektspronomen im NS</sValue></sAnnotationInfo><sAnnotationInfo sName="clause-status" occurrence="1"><sValue occurrence="1">SUBCOND</sValue></sAnnotationInfo><sAnnotationInfo sName="pos" occurrence="7"><sValue occurrence="1">V</sValue><sValue occurrence="1">PRONPRS</sValue><sValue occurrence="1">CONJ</sValue><sValue occurrence="1">P</sValue><sValue occurrence="1">PRONPOS</sValue><sValue occurrence="2">N</sValue></sAnnotationInfo><sAnnotationInfo sName="gf" occurrence="4"><sValue occurrence="1">DO</sValue><sValue occurrence="1">VFIN</sValue><sValue occurrence="1">PO</sValue><sValue occurrence="1">SUBJ</sValue></sAnnotationInfo><sAnnotationInfo sName="cat" occurrence="4"><sValue occurrence="1">PP</sValue><sValue occurrence="1">VP</sValue><sValue occurrence="2">NP</sValue></sAnnotationInfo><sAnnotationInfo sName="definiteness" occurrence="2"><sValue occurrence="2">DEF</sValue></sAnnotationInfo></sDocumentInfo>