<?xml version="1.0" ?><sDocumentInfo generatedOn="2015-10-31 21:20:26" sName="T_060__18_beta" id="salt:/b4.tatian/T_060__18_beta"><metaDataInfo><entry key="page">060</entry><entry key="X::abbreviation">X</entry><entry key="corpus-code">T</entry><entry key="line">18</entry><entry key="writer">beta</entry><entry key="X::sex">m</entry></metaDataInfo><structuralInfo><entry key="SNode">37</entry><entry key="STimeline">1</entry><entry key="STextualDS">1</entry><entry key="SToken">6</entry><entry key="SSpan">29</entry><entry key="SRelation">62</entry><entry key="SSpanningRelation">50</entry></structuralInfo><sAnnotationInfo sName="foc-bg" occurrence="1"><sValue occurrence="1">NIF</sValue></sAnnotationInfo><sAnnotationInfo sName="syl_no" occurrence="6"><sValue occurrence="3">3</sValue><sValue occurrence="1">2</sValue><sValue occurrence="2">1</sValue></sAnnotationInfo><sAnnotationInfo sName="LAT" occurrence="4"><sValue occurrence="1">patiuntur</sValue><sValue occurrence="1">qui</sValue><sValue occurrence="1">Beati</sValue><sValue occurrence="1">persecutionem</sValue></sAnnotationInfo><sAnnotationInfo sName="bibl" occurrence="1"><sValue occurrence="1">T 60, 18 Beta Mt 5</sValue></sAnnotationInfo><sAnnotationInfo sName="comment" occurrence="1"><sValue occurrence="1">Copula eingefügt, generische Aussage</sValue></sAnnotationInfo><sAnnotationInfo sName="clause-status" occurrence="2"><sValue occurrence="1">MAINDECL</sValue><sValue occurrence="1">REL</sValue></sAnnotationInfo><sAnnotationInfo sName="pos" occurrence="6"><sValue occurrence="1">A</sValue><sValue occurrence="2">VCOP</sValue><sValue occurrence="1">VN</sValue><sValue occurrence="1">N</sValue><sValue occurrence="1">PRONREL</sValue></sAnnotationInfo><sAnnotationInfo sName="gf" occurrence="3"><sValue occurrence="1">PRDNOM</sValue><sValue occurrence="1">VFIN</sValue><sValue occurrence="1">SUBJ</sValue></sAnnotationInfo><sAnnotationInfo sName="cat" occurrence="5"><sValue occurrence="2">VP</sValue><sValue occurrence="1">AP</sValue><sValue occurrence="2">NP</sValue></sAnnotationInfo></sDocumentInfo>