<?xml version="1.0" ?><sDocumentInfo generatedOn="2015-10-31 21:20:28" sName="T_065__15_beta" id="salt:/b4.tatian/T_065__15_beta"><metaDataInfo><entry key="page">065</entry><entry key="X::abbreviation">X</entry><entry key="corpus-code">T</entry><entry key="line">15</entry><entry key="writer">beta</entry><entry key="X::sex">m</entry></metaDataInfo><structuralInfo><entry key="SNode">22</entry><entry key="STimeline">1</entry><entry key="STextualDS">1</entry><entry key="SToken">3</entry><entry key="SSpan">17</entry><entry key="SRelation">32</entry><entry key="SSpanningRelation">26</entry></structuralInfo><sAnnotationInfo sName="foc-bg" occurrence="1"><sValue occurrence="1">NIF</sValue></sAnnotationInfo><sAnnotationInfo sName="syl_no" occurrence="2"><sValue occurrence="1">4</sValue><sValue occurrence="1">1</sValue></sAnnotationInfo><sAnnotationInfo sName="LAT" occurrence="2"><sValue occurrence="1">non</sValue><sValue occurrence="1">rep&amp;as</sValue></sAnnotationInfo><sAnnotationInfo sName="givenness" occurrence="1"><sValue occurrence="1">GIV</sValue></sAnnotationInfo><sAnnotationInfo sName="bibl" occurrence="1"><sValue occurrence="1">T 65, 15 Beta Lc 6</sValue></sAnnotationInfo><sAnnotationInfo sName="comment" occurrence="1"><sValue occurrence="1">eingefügtes Objektpronomen</sValue></sAnnotationInfo><sAnnotationInfo sName="clause-status" occurrence="1"><sValue occurrence="1">MAINIMPER</sValue></sAnnotationInfo><sAnnotationInfo sName="pos" occurrence="3"><sValue occurrence="1">V</sValue><sValue occurrence="1">PRONPRS</sValue><sValue occurrence="1">NEG</sValue></sAnnotationInfo><sAnnotationInfo sName="gf" occurrence="2"><sValue occurrence="1">DO</sValue><sValue occurrence="1">VFIN</sValue></sAnnotationInfo><sAnnotationInfo sName="cat" occurrence="2"><sValue occurrence="1">VP</sValue><sValue occurrence="1">NP</sValue></sAnnotationInfo><sAnnotationInfo sName="definiteness" occurrence="1"><sValue occurrence="1">DEF</sValue></sAnnotationInfo></sDocumentInfo>