<?xml version="1.0" ?><sDocumentInfo generatedOn="2015-10-31 21:20:32" sName="T_065__14_beta" id="salt:/b4.tatian/T_065__14_beta"><metaDataInfo><entry key="page">065</entry><entry key="X::abbreviation">X</entry><entry key="corpus-code">T</entry><entry key="line">14</entry><entry key="writer">beta</entry><entry key="X::sex">m</entry></metaDataInfo><structuralInfo><entry key="SNode">30</entry><entry key="STimeline">1</entry><entry key="STextualDS">1</entry><entry key="SToken">4</entry><entry key="SSpan">24</entry><entry key="SRelation">43</entry><entry key="SSpanningRelation">35</entry></structuralInfo><sAnnotationInfo sName="foc-bg" occurrence="1"><sValue occurrence="1">NIF</sValue></sAnnotationInfo><sAnnotationInfo sName="syl_no" occurrence="3"><sValue occurrence="1">2</sValue><sValue occurrence="2">1</sValue></sAnnotationInfo><sAnnotationInfo sName="LAT" occurrence="3"><sValue occurrence="1">&amp;</sValue><sValue occurrence="1">qui</sValue><sValue occurrence="1">aufer&amp;</sValue></sAnnotationInfo><sAnnotationInfo sName="givenness" occurrence="2"><sValue occurrence="2">NEW</sValue></sAnnotationInfo><sAnnotationInfo sName="bibl" occurrence="1"><sValue occurrence="1">T 65, 14 Beta Lc 6</sValue></sAnnotationInfo><sAnnotationInfo sName="comment" occurrence="1"><sValue occurrence="1">eingefügtes Objektpronomen; Vend; generische Aussage</sValue></sAnnotationInfo><sAnnotationInfo sName="clause-status" occurrence="1"><sValue occurrence="1">REL</sValue></sAnnotationInfo><sAnnotationInfo sName="pos" occurrence="4"><sValue occurrence="1">V</sValue><sValue occurrence="1">CONJ</sValue><sValue occurrence="1">PRONDEM</sValue><sValue occurrence="1">PRONREL</sValue></sAnnotationInfo><sAnnotationInfo sName="gf" occurrence="3"><sValue occurrence="1">DO</sValue><sValue occurrence="1">VFIN</sValue><sValue occurrence="1">SUBJ</sValue></sAnnotationInfo><sAnnotationInfo sName="cat" occurrence="3"><sValue occurrence="1">VP</sValue><sValue occurrence="2">NP</sValue></sAnnotationInfo><sAnnotationInfo sName="definiteness" occurrence="2"><sValue occurrence="2">DEF</sValue></sAnnotationInfo></sDocumentInfo>