<?xml version="1.0" ?><sDocumentInfo generatedOn="2015-10-31 21:20:27" sName="T_062__21_beta" id="salt:/b4.tatian/T_062__21_beta"><metaDataInfo><entry key="page">062</entry><entry key="X::abbreviation">X</entry><entry key="corpus-code">T</entry><entry key="line">21</entry><entry key="writer">beta</entry><entry key="X::sex">m</entry></metaDataInfo><structuralInfo><entry key="SNode">24</entry><entry key="STimeline">1</entry><entry key="STextualDS">1</entry><entry key="SToken">2</entry><entry key="SSpan">20</entry><entry key="SRelation">28</entry><entry key="SSpanningRelation">24</entry></structuralInfo><sAnnotationInfo sName="foc-bg" occurrence="1"><sValue occurrence="1">NIF</sValue></sAnnotationInfo><sAnnotationInfo sName="context" occurrence="1"><sValue occurrence="1">Situationswechsel (Beginn eines neuen Textabschnitts)</sValue></sAnnotationInfo><sAnnotationInfo sName="syl_no" occurrence="2"><sValue occurrence="1">3</sValue><sValue occurrence="1">1</sValue></sAnnotationInfo><sAnnotationInfo sName="LAT" occurrence="1"><sValue occurrence="1">Audistis</sValue></sAnnotationInfo><sAnnotationInfo sName="givenness" occurrence="1"><sValue occurrence="1">GIV</sValue></sAnnotationInfo><sAnnotationInfo sName="bibl" occurrence="1"><sValue occurrence="1">T 62, 21 Beta Mt 5</sValue></sAnnotationInfo><sAnnotationInfo sName="position" occurrence="1"><sValue occurrence="1">GV</sValue></sAnnotationInfo><sAnnotationInfo sName="top-comm" occurrence="2"><sValue occurrence="1">TOP</sValue><sValue occurrence="1">COMM</sValue></sAnnotationInfo><sAnnotationInfo sName="comment" occurrence="1"><sValue occurrence="1">eingefügtes Subjektspronomen V2</sValue></sAnnotationInfo><sAnnotationInfo sName="clause-status" occurrence="1"><sValue occurrence="1">MAINDECL</sValue></sAnnotationInfo><sAnnotationInfo sName="aboutness" occurrence="1"><sValue occurrence="1">AB</sValue></sAnnotationInfo><sAnnotationInfo sName="pos" occurrence="2"><sValue occurrence="1">V</sValue><sValue occurrence="1">PRONPRS</sValue></sAnnotationInfo><sAnnotationInfo sName="gf" occurrence="2"><sValue occurrence="1">VFIN</sValue><sValue occurrence="1">SUBJ</sValue></sAnnotationInfo><sAnnotationInfo sName="cat" occurrence="2"><sValue occurrence="1">VP</sValue><sValue occurrence="1">NP</sValue></sAnnotationInfo><sAnnotationInfo sName="definiteness" occurrence="1"><sValue occurrence="1">DEF</sValue></sAnnotationInfo></sDocumentInfo>