<?xml version="1.0" ?><sDocumentInfo generatedOn="2015-10-31 21:20:32" sName="T_079__21_beta" id="salt:/b4.tatian/T_079__21_beta"><metaDataInfo><entry key="page">079</entry><entry key="X::abbreviation">X</entry><entry key="corpus-code">T</entry><entry key="line">21</entry><entry key="writer">beta</entry><entry key="X::sex">m</entry></metaDataInfo><structuralInfo><entry key="SNode">34</entry><entry key="STimeline">1</entry><entry key="STextualDS">1</entry><entry key="SToken">4</entry><entry key="SSpan">28</entry><entry key="SRelation">46</entry><entry key="SSpanningRelation">38</entry></structuralInfo><sAnnotationInfo sName="syl_no" occurrence="3"><sValue occurrence="1">3</sValue><sValue occurrence="2">1</sValue></sAnnotationInfo><sAnnotationInfo sName="LAT" occurrence="4"><sValue occurrence="1">autem</sValue><sValue occurrence="1">Qui</sValue><sValue occurrence="1">mé</sValue><sValue occurrence="1">negauerit</sValue></sAnnotationInfo><sAnnotationInfo sName="givenness" occurrence="1"><sValue occurrence="1">GIV</sValue></sAnnotationInfo><sAnnotationInfo sName="bibl" occurrence="1"><sValue occurrence="1">T 79, 21 Beta Mt 10</sValue></sAnnotationInfo><sAnnotationInfo sName="position" occurrence="0"></sAnnotationInfo><sAnnotationInfo sName="comment" occurrence="1"><sValue occurrence="1">Voranstellung des pronominalen Objekts vor Vfin im NS; Kontrast bei ther zum Vorsatz</sValue></sAnnotationInfo><sAnnotationInfo sName="clause-status" occurrence="1"><sValue occurrence="1">REL</sValue></sAnnotationInfo><sAnnotationInfo sName="align" occurrence="2"><sValue occurrence="1">=L2</sValue><sValue occurrence="1">=L3</sValue></sAnnotationInfo><sAnnotationInfo sName="aboutness" occurrence="0"></sAnnotationInfo><sAnnotationInfo sName="pos" occurrence="3"><sValue occurrence="1">V</sValue><sValue occurrence="1">PRONPOS</sValue><sValue occurrence="1">PRONREL</sValue></sAnnotationInfo><sAnnotationInfo sName="gf" occurrence="3"><sValue occurrence="1">DO</sValue><sValue occurrence="1">VFIN</sValue><sValue occurrence="1">SUBJ</sValue></sAnnotationInfo><sAnnotationInfo sName="cat" occurrence="2"><sValue occurrence="2">NP</sValue></sAnnotationInfo><sAnnotationInfo sName="definiteness" occurrence="1"><sValue occurrence="1">DEF</sValue></sAnnotationInfo></sDocumentInfo>