<?xml version="1.0" ?><sDocumentInfo generatedOn="2015-10-31 21:20:33" sName="T_075__10a_beta" id="salt:/b4.tatian/T_075__10a_beta"><metaDataInfo><entry key="page">075</entry><entry key="X::abbreviation">X</entry><entry key="corpus-code">T</entry><entry key="line">10a</entry><entry key="writer">beta</entry><entry key="X::sex">m</entry></metaDataInfo><structuralInfo><entry key="SNode">42</entry><entry key="STimeline">1</entry><entry key="STextualDS">1</entry><entry key="SToken">8</entry><entry key="SSpan">32</entry><entry key="SRelation">83</entry><entry key="SSpanningRelation">67</entry></structuralInfo><sAnnotationInfo sName="context" occurrence="1"><sValue occurrence="1">AR (im Kausalsatz; kein V2)</sValue></sAnnotationInfo><sAnnotationInfo sName="syl_no" occurrence="4"><sValue occurrence="1">5</sValue><sValue occurrence="1">3</sValue><sValue occurrence="1">2</sValue><sValue occurrence="1">1</sValue></sAnnotationInfo><sAnnotationInfo sName="LAT" occurrence="6"><sValue occurrence="1">erat</sValue><sValue occurrence="1">fundata</sValue><sValue occurrence="1">enim</sValue><sValue occurrence="1">/</sValue><sValue occurrence="1">p&amp;ram</sValue><sValue occurrence="1">supra</sValue></sAnnotationInfo><sAnnotationInfo sName="givenness" occurrence="2"><sValue occurrence="2">GIV</sValue></sAnnotationInfo><sAnnotationInfo sName="bibl" occurrence="1"><sValue occurrence="1">T 75, 10 Beta Mt 7</sValue></sAnnotationInfo><sAnnotationInfo sName="comment" occurrence="1"><sValue occurrence="1">eingefügtes Subjektspronomen, alles bekannte Information</sValue></sAnnotationInfo><sAnnotationInfo sName="clause-status" occurrence="1"><sValue occurrence="1">CAUSAL</sValue></sAnnotationInfo><sAnnotationInfo sName="align" occurrence="1"><sValue occurrence="1">=L3</sValue></sAnnotationInfo><sAnnotationInfo sName="pos" occurrence="6"><sValue occurrence="1">VAUX</sValue><sValue occurrence="1">PRONPRS</sValue><sValue occurrence="1">CONJ</sValue><sValue occurrence="1">VN</sValue><sValue occurrence="1">P</sValue><sValue occurrence="1">N</sValue></sAnnotationInfo><sAnnotationInfo sName="gf" occurrence="4"><sValue occurrence="1">VFIN</sValue><sValue occurrence="1">PO</sValue><sValue occurrence="1">PARTPF</sValue><sValue occurrence="1">SUBJ</sValue></sAnnotationInfo><sAnnotationInfo sName="cat" occurrence="3"><sValue occurrence="1">PP</sValue><sValue occurrence="1">VP</sValue><sValue occurrence="1">NP</sValue></sAnnotationInfo><sAnnotationInfo sName="definiteness" occurrence="2"><sValue occurrence="2">DEF</sValue></sAnnotationInfo></sDocumentInfo>