<?xml version="1.0" ?><sDocumentInfo generatedOn="2015-10-31 21:20:30" sName="T_075__24_beta" id="salt:/b4.tatian/T_075__24_beta"><metaDataInfo><entry key="page">075</entry><entry key="X::abbreviation">X</entry><entry key="corpus-code">T</entry><entry key="line">24</entry><entry key="writer">beta</entry><entry key="X::sex">m</entry></metaDataInfo><structuralInfo><entry key="SNode">40</entry><entry key="STimeline">1</entry><entry key="STextualDS">1</entry><entry key="SToken">5</entry><entry key="SSpan">33</entry><entry key="SRelation">59</entry><entry key="SSpanningRelation">49</entry></structuralInfo><sAnnotationInfo sName="context" occurrence="1"><sValue occurrence="1">AR und kein V2 bei kausalem Bezug</sValue></sAnnotationInfo><sAnnotationInfo sName="syl_no" occurrence="5"><sValue occurrence="1">3</sValue><sValue occurrence="4">1</sValue></sAnnotationInfo><sAnnotationInfo sName="LAT" occurrence="4"><sValue occurrence="1">erat</sValue><sValue occurrence="1">docens</sValue><sValue occurrence="1">enim</sValue><sValue occurrence="1">eos</sValue></sAnnotationInfo><sAnnotationInfo sName="givenness" occurrence="2"><sValue occurrence="2">GIV</sValue></sAnnotationInfo><sAnnotationInfo sName="bibl" occurrence="1"><sValue occurrence="1">T 75, 24 Beta Mt 7</sValue></sAnnotationInfo><sAnnotationInfo sName="comment" occurrence="1"><sValue occurrence="1">Partizip Präsens rechtsperipher</sValue></sAnnotationInfo><sAnnotationInfo sName="clause-status" occurrence="1"><sValue occurrence="1">MAINDECL</sValue></sAnnotationInfo><sAnnotationInfo sName="align" occurrence="2"><sValue occurrence="1">=L4</sValue><sValue occurrence="1">=L3</sValue></sAnnotationInfo><sAnnotationInfo sName="pos" occurrence="5"><sValue occurrence="2">PRONPRS</sValue><sValue occurrence="1">VAUX</sValue><sValue occurrence="1">VN</sValue><sValue occurrence="1">ADV</sValue></sAnnotationInfo><sAnnotationInfo sName="gf" occurrence="5"><sValue occurrence="1">DO</sValue><sValue occurrence="1">ADVTEMP</sValue><sValue occurrence="1">VFIN</sValue><sValue occurrence="1">PARTPR</sValue><sValue occurrence="1">SUBJ</sValue></sAnnotationInfo><sAnnotationInfo sName="cat" occurrence="4"><sValue occurrence="2">VP</sValue><sValue occurrence="2">NP</sValue></sAnnotationInfo><sAnnotationInfo sName="definiteness" occurrence="2"><sValue occurrence="2">DEF</sValue></sAnnotationInfo></sDocumentInfo>