<?xml version="1.0" ?><sDocumentInfo generatedOn="2015-10-31 21:20:25" sName="T_071__27-28_beta" id="salt:/b4.tatian/T_071__27-28_beta"><metaDataInfo><entry key="page">071</entry><entry key="X::abbreviation">X</entry><entry key="corpus-code">T</entry><entry key="line">27-28</entry><entry key="writer">beta</entry><entry key="X::sex">m</entry></metaDataInfo><structuralInfo><entry key="SNode">64</entry><entry key="STimeline">1</entry><entry key="STextualDS">1</entry><entry key="SToken">11</entry><entry key="SSpan">51</entry><entry key="SRelation">118</entry><entry key="SSpanningRelation">96</entry></structuralInfo><sAnnotationInfo sName="foc-bg" occurrence="2"><sValue occurrence="2">NIF</sValue></sAnnotationInfo><sAnnotationInfo sName="syl_no" occurrence="7"><sValue occurrence="1">5</sValue><sValue occurrence="1">3</sValue><sValue occurrence="1">2</sValue><sValue occurrence="4">1</sValue></sAnnotationInfo><sAnnotationInfo sName="LAT" occurrence="8"><sValue occurrence="1">mensifueritis</sValue><sValue occurrence="1">In</sValue><sValue occurrence="1">qua</sValue><sValue occurrence="1">uobis</sValue><sValue occurrence="1">&amp;</sValue><sValue occurrence="1">/</sValue><sValue occurrence="1">m&amp;ietur</sValue><sValue occurrence="1">mensura</sValue></sAnnotationInfo><sAnnotationInfo sName="givenness" occurrence="4"><sValue occurrence="1">NEW</sValue><sValue occurrence="3">GIV</sValue></sAnnotationInfo><sAnnotationInfo sName="bibl" occurrence="1"><sValue occurrence="1">T 71, 27-28 Beta Mt 7</sValue></sAnnotationInfo><sAnnotationInfo sName="position" occurrence="1"><sValue occurrence="1">GV</sValue></sAnnotationInfo><sAnnotationInfo sName="comment" occurrence="1"><sValue occurrence="1">V2 nach Passivauflösung im HS; eingeschobener Relativsatz mit Vend</sValue></sAnnotationInfo><sAnnotationInfo sName="clause-status" occurrence="1"><sValue occurrence="1">MAINDECL</sValue></sAnnotationInfo><sAnnotationInfo sName="pos" occurrence="9"><sValue occurrence="1">V</sValue><sValue occurrence="1">VAUX</sValue><sValue occurrence="2">PRONPRS</sValue><sValue occurrence="1">VN</sValue><sValue occurrence="1">P</sValue><sValue occurrence="1">N</sValue><sValue occurrence="2">PRONDEM</sValue></sAnnotationInfo><sAnnotationInfo sName="gf" occurrence="4"><sValue occurrence="1">IO</sValue><sValue occurrence="1">VFIN</sValue><sValue occurrence="1">PARTPF</sValue><sValue occurrence="1">ADVMOD</sValue></sAnnotationInfo><sAnnotationInfo sName="cat" occurrence="7"><sValue occurrence="1">PP</sValue><sValue occurrence="3">VP</sValue><sValue occurrence="3">NP</sValue></sAnnotationInfo><sAnnotationInfo sName="definiteness" occurrence="4"><sValue occurrence="4">DEF</sValue></sAnnotationInfo><sAnnotationInfo sName="foc-marker" occurrence="0"></sAnnotationInfo></sDocumentInfo>