<?xml version="1.0" ?><sDocumentInfo generatedOn="2015-10-31 21:20:23" sName="T_074__03-04_beta" id="salt:/b4.tatian/T_074__03-04_beta"><metaDataInfo><entry key="page">074</entry><entry key="X::abbreviation">X</entry><entry key="corpus-code">T</entry><entry key="line">03-04</entry><entry key="writer">beta</entry><entry key="X::sex">m</entry></metaDataInfo><structuralInfo><entry key="SNode">42</entry><entry key="STimeline">1</entry><entry key="STextualDS">1</entry><entry key="SToken">7</entry><entry key="SSpan">33</entry><entry key="SRelation">88</entry><entry key="SSpanningRelation">74</entry></structuralInfo><sAnnotationInfo sName="foc-bg" occurrence="2"><sValue occurrence="2">CF</sValue></sAnnotationInfo><sAnnotationInfo sName="context" occurrence="1"><sValue occurrence="1">TW (nachdem A vorerwänt wurde, wird B eingeführt) Kontrasttopik (der gute Baum-der schlechte Baum)</sValue></sAnnotationInfo><sAnnotationInfo sName="syl_no" occurrence="3"><sValue occurrence="1">4</sValue><sValue occurrence="1">3</sValue><sValue occurrence="1">1</sValue></sAnnotationInfo><sAnnotationInfo sName="LAT" occurrence="7"><sValue occurrence="1">autem</sValue><sValue occurrence="1">fructos</sValue><sValue occurrence="1">malos</sValue><sValue occurrence="1">facit</sValue><sValue occurrence="1">/</sValue><sValue occurrence="1">mala</sValue><sValue occurrence="1">arbor</sValue></sAnnotationInfo><sAnnotationInfo sName="givenness" occurrence="2"><sValue occurrence="2">ACC</sValue></sAnnotationInfo><sAnnotationInfo sName="bibl" occurrence="1"><sValue occurrence="1">T 74, 3-4 Beta Mt 7</sValue></sAnnotationInfo><sAnnotationInfo sName="position" occurrence="1"><sValue occurrence="1">GV</sValue></sAnnotationInfo><sAnnotationInfo sName="comment" occurrence="1"><sValue occurrence="1">V2 durch Voranstellung des Vfin gegen Original; anders umnittelbar davor, Vend im HS nach Original</sValue></sAnnotationInfo><sAnnotationInfo sName="clause-status" occurrence="1"><sValue occurrence="1">MAINDECL</sValue></sAnnotationInfo><sAnnotationInfo sName="align" occurrence="2"><sValue occurrence="1">=L6</sValue><sValue occurrence="1">=L4</sValue></sAnnotationInfo><sAnnotationInfo sName="pos" occurrence="5"><sValue occurrence="2">A</sValue><sValue occurrence="1">V</sValue><sValue occurrence="2">N</sValue></sAnnotationInfo><sAnnotationInfo sName="gf" occurrence="3"><sValue occurrence="1">DO</sValue><sValue occurrence="1">VFIN</sValue><sValue occurrence="1">SUBJ</sValue></sAnnotationInfo><sAnnotationInfo sName="cat" occurrence="3"><sValue occurrence="1">VP</sValue><sValue occurrence="2">NP</sValue></sAnnotationInfo><sAnnotationInfo sName="definiteness" occurrence="1"><sValue occurrence="1">DEF</sValue></sAnnotationInfo></sDocumentInfo>