<?xml version="1.0" ?><sDocumentInfo generatedOn="2015-10-31 21:20:28" sName="T_081__14_beta" id="salt:/b4.tatian/T_081__14_beta"><metaDataInfo><entry key="page">081</entry><entry key="X::abbreviation">X</entry><entry key="corpus-code">T</entry><entry key="line">14</entry><entry key="writer">beta</entry><entry key="X::sex">m</entry></metaDataInfo><structuralInfo><entry key="SNode">25</entry><entry key="STimeline">1</entry><entry key="STextualDS">1</entry><entry key="SToken">4</entry><entry key="SSpan">19</entry><entry key="SRelation">41</entry><entry key="SSpanningRelation">33</entry></structuralInfo><sAnnotationInfo sName="foc-bg" occurrence="1"><sValue occurrence="1">NIF</sValue></sAnnotationInfo><sAnnotationInfo sName="syl_no" occurrence="3"><sValue occurrence="1">6</sValue><sValue occurrence="2">1</sValue></sAnnotationInfo><sAnnotationInfo sName="LAT" occurrence="2"><sValue occurrence="1">canan</sValue><sValue occurrence="1">galileae</sValue></sAnnotationInfo><sAnnotationInfo sName="bibl" occurrence="1"><sValue occurrence="1">T 81, 13-14 Beta Io 2</sValue></sAnnotationInfo><sAnnotationInfo sName="comment" occurrence="1"><sValue occurrence="1">eingefügter Relativsatz mit Kopulaverb (V2)</sValue></sAnnotationInfo><sAnnotationInfo sName="clause-status" occurrence="1"><sValue occurrence="1">REL</sValue></sAnnotationInfo><sAnnotationInfo sName="pos" occurrence="4"><sValue occurrence="1">VCOP</sValue><sValue occurrence="2">N</sValue><sValue occurrence="1">PRONREL</sValue></sAnnotationInfo><sAnnotationInfo sName="gf" occurrence="3"><sValue occurrence="1">PRDNOM</sValue><sValue occurrence="1">VFIN</sValue><sValue occurrence="1">SUBJ</sValue></sAnnotationInfo><sAnnotationInfo sName="cat" occurrence="3"><sValue occurrence="1">VP</sValue><sValue occurrence="2">NP</sValue></sAnnotationInfo></sDocumentInfo>