<?xml version="1.0" ?><sDocumentInfo generatedOn="2015-10-31 21:20:27" sName="T_081__22_beta" id="salt:/b4.tatian/T_081__22_beta"><metaDataInfo><entry key="page">081</entry><entry key="X::abbreviation">X</entry><entry key="corpus-code">T</entry><entry key="line">22</entry><entry key="writer">beta</entry><entry key="X::sex">m</entry></metaDataInfo><structuralInfo><entry key="SNode">49</entry><entry key="STimeline">1</entry><entry key="STextualDS">1</entry><entry key="SToken">8</entry><entry key="SSpan">39</entry><entry key="SRelation">76</entry><entry key="SSpanningRelation">60</entry></structuralInfo><sAnnotationInfo sName="syl_no" occurrence="7"><sValue occurrence="1">2</sValue><sValue occurrence="6">1</sValue></sAnnotationInfo><sAnnotationInfo sName="LAT" occurrence="6"><sValue occurrence="1">mulier?</sValue><sValue occurrence="1">Quid</sValue><sValue occurrence="1">mihi</sValue><sValue occurrence="1">tibi</sValue><sValue occurrence="1">&amp;</sValue><sValue occurrence="1">est</sValue></sAnnotationInfo><sAnnotationInfo sName="givenness" occurrence="3"><sValue occurrence="3">GIV</sValue></sAnnotationInfo><sAnnotationInfo sName="bibl" occurrence="1"><sValue occurrence="1">T 81, 22 Beta Io 2</sValue></sAnnotationInfo><sAnnotationInfo sName="comment" occurrence="1"><sValue occurrence="1">V2 im Fragesatz</sValue></sAnnotationInfo><sAnnotationInfo sName="clause-status" occurrence="1"><sValue occurrence="1">MAININTERR</sValue></sAnnotationInfo><sAnnotationInfo sName="align" occurrence="1"><sValue occurrence="1">=L6</sValue></sAnnotationInfo><sAnnotationInfo sName="pos" occurrence="7"><sValue occurrence="1">V</sValue><sValue occurrence="2">PRONPRS</sValue><sValue occurrence="1">CONJ</sValue><sValue occurrence="1">PRONINTERR</sValue><sValue occurrence="1">N</sValue><sValue occurrence="1">PRONDEM</sValue></sAnnotationInfo><sAnnotationInfo sName="gf" occurrence="3"><sValue occurrence="2">DO</sValue><sValue occurrence="1">VFIN</sValue></sAnnotationInfo><sAnnotationInfo sName="cat" occurrence="5"><sValue occurrence="1">VP</sValue><sValue occurrence="4">NP</sValue></sAnnotationInfo><sAnnotationInfo sName="definiteness" occurrence="3"><sValue occurrence="3">DEF</sValue></sAnnotationInfo><sAnnotationInfo sName="foc-marker" occurrence="1"><sValue occurrence="1">WH</sValue></sAnnotationInfo></sDocumentInfo>