<?xml version="1.0" ?><sDocumentInfo generatedOn="2015-10-31 21:20:25" sName="T_083__18_beta" id="salt:/b4.tatian/T_083__18_beta"><metaDataInfo><entry key="page">083</entry><entry key="X::abbreviation">X</entry><entry key="corpus-code">T</entry><entry key="line">18</entry><entry key="writer">beta</entry><entry key="X::sex">m</entry></metaDataInfo><structuralInfo><entry key="SNode">28</entry><entry key="STimeline">1</entry><entry key="STextualDS">1</entry><entry key="SToken">5</entry><entry key="SSpan">21</entry><entry key="SRelation">46</entry><entry key="SSpanningRelation">36</entry></structuralInfo><sAnnotationInfo sName="syl_no" occurrence="3"><sValue occurrence="2">3</sValue><sValue occurrence="1">1</sValue></sAnnotationInfo><sAnnotationInfo sName="LAT" occurrence="4"><sValue occurrence="1">sed</sValue><sValue occurrence="1">uerbo</sValue><sValue occurrence="1">díc</sValue><sValue occurrence="1">tantum</sValue></sAnnotationInfo><sAnnotationInfo sName="bibl" occurrence="1"><sValue occurrence="1">T 83, 18 Beta Mt 8</sValue></sAnnotationInfo><sAnnotationInfo sName="comment" occurrence="1"><sValue occurrence="1">V1 im Imperativsatz gegen Original; möglicherweise konditional gebraucht</sValue></sAnnotationInfo><sAnnotationInfo sName="clause-status" occurrence="1"><sValue occurrence="1">MAINIMPER</sValue></sAnnotationInfo><sAnnotationInfo sName="align" occurrence="2"><sValue occurrence="1">=L2</sValue><sValue occurrence="1">=L1</sValue></sAnnotationInfo><sAnnotationInfo sName="pos" occurrence="4"><sValue occurrence="1">V</sValue><sValue occurrence="1">P</sValue><sValue occurrence="1">N</sValue><sValue occurrence="1">ADV</sValue></sAnnotationInfo><sAnnotationInfo sName="gf" occurrence="3"><sValue occurrence="1">VFIN</sValue><sValue occurrence="1">PO</sValue><sValue occurrence="1">ADVMOD</sValue></sAnnotationInfo><sAnnotationInfo sName="cat" occurrence="2"><sValue occurrence="1">PP</sValue><sValue occurrence="1">VP</sValue></sAnnotationInfo></sDocumentInfo>