<?xml version="1.0" ?><sDocumentInfo generatedOn="2015-10-31 21:20:29" sName="T_087__12-13_beta" id="salt:/b4.tatian/T_087__12-13_beta"><metaDataInfo><entry key="page">087</entry><entry key="X::abbreviation">X</entry><entry key="corpus-code">T</entry><entry key="line">12-13</entry><entry key="writer">beta</entry><entry key="X::sex">m</entry></metaDataInfo><structuralInfo><entry key="SNode">62</entry><entry key="STimeline">1</entry><entry key="STextualDS">1</entry><entry key="SToken">11</entry><entry key="SSpan">49</entry><entry key="SRelation">118</entry><entry key="SSpanningRelation">96</entry></structuralInfo><sAnnotationInfo sName="foc-bg" occurrence="1"><sValue occurrence="1">NIF</sValue></sAnnotationInfo><sAnnotationInfo sName="syl_no" occurrence="7"><sValue occurrence="1">4</sValue><sValue occurrence="2">3</sValue><sValue occurrence="1">2</sValue><sValue occurrence="3">1</sValue></sAnnotationInfo><sAnnotationInfo sName="LAT" occurrence="9"><sValue occurrence="1">ligare</sValue><sValue occurrence="1">poterat</sValue><sValue occurrence="1">&amp;</sValue><sValue occurrence="1">iam</sValue><sValue occurrence="1">catenis</sValue><sValue occurrence="1">eum</sValue><sValue occurrence="1">neque</sValue><sValue occurrence="1">quisquam</sValue><sValue occurrence="1">/</sValue></sAnnotationInfo><sAnnotationInfo sName="givenness" occurrence="3"><sValue occurrence="2">NEW</sValue><sValue occurrence="1">GIV</sValue></sAnnotationInfo><sAnnotationInfo sName="bibl" occurrence="1"><sValue occurrence="1">T 87, 12-13 Beta Mc 5</sValue></sAnnotationInfo><sAnnotationInfo sName="comment" occurrence="1"><sValue occurrence="1">Früherstellung des Vfin als im Original;</sValue></sAnnotationInfo><sAnnotationInfo sName="clause-status" occurrence="1"><sValue occurrence="1">MAINDECL</sValue></sAnnotationInfo><sAnnotationInfo sName="align" occurrence="2"><sValue occurrence="1">=L9</sValue><sValue occurrence="1">=L6</sValue></sAnnotationInfo><sAnnotationInfo sName="pos" occurrence="9"><sValue occurrence="1">V</sValue><sValue occurrence="1">PRONPRS</sValue><sValue occurrence="1">PRONINDEF</sValue><sValue occurrence="1">CONJ</sValue><sValue occurrence="1">VMOD</sValue><sValue occurrence="1">P</sValue><sValue occurrence="1">ADV</sValue><sValue occurrence="2">N</sValue></sAnnotationInfo><sAnnotationInfo sName="gf" occurrence="6"><sValue occurrence="1">DO</sValue><sValue occurrence="1">ADVTEMP</sValue><sValue occurrence="1">INF</sValue><sValue occurrence="1">VFIN</sValue><sValue occurrence="1">PO</sValue><sValue occurrence="1">SUBJ</sValue></sAnnotationInfo><sAnnotationInfo sName="cat" occurrence="6"><sValue occurrence="1">PP</sValue><sValue occurrence="2">VP</sValue><sValue occurrence="2">NP</sValue><sValue occurrence="1">ADVP</sValue></sAnnotationInfo><sAnnotationInfo sName="definiteness" occurrence="3"><sValue occurrence="1">DEF</sValue><sValue occurrence="2">INDEF</sValue></sAnnotationInfo></sDocumentInfo>