<?xml version="1.0" ?><sDocumentInfo generatedOn="2015-10-31 21:20:33" sName="T_085__23-24_beta" id="salt:/b4.tatian/T_085__23-24_beta"><metaDataInfo><entry key="page">085</entry><entry key="X::abbreviation">X</entry><entry key="corpus-code">T</entry><entry key="line">23-24</entry><entry key="writer">beta</entry><entry key="X::sex">m</entry></metaDataInfo><structuralInfo><entry key="SNode">25</entry><entry key="STimeline">1</entry><entry key="STextualDS">1</entry><entry key="SToken">4</entry><entry key="SSpan">19</entry><entry key="SRelation">39</entry><entry key="SSpanningRelation">31</entry></structuralInfo><sAnnotationInfo sName="context" occurrence="1"><sValue occurrence="1">TW (selektiv: der Schriftgelehrte-Jesus)</sValue></sAnnotationInfo><sAnnotationInfo sName="syl_no" occurrence="3"><sValue occurrence="1">4</sValue><sValue occurrence="2">1</sValue></sAnnotationInfo><sAnnotationInfo sName="LAT" occurrence="3"><sValue occurrence="1">/</sValue><sValue occurrence="1">quocumque</sValue><sValue occurrence="1">ieris</sValue></sAnnotationInfo><sAnnotationInfo sName="givenness" occurrence="1"><sValue occurrence="1">GIV</sValue></sAnnotationInfo><sAnnotationInfo sName="bibl" occurrence="1"><sValue occurrence="1">T 85, 23-24 Beta Mt 8</sValue></sAnnotationInfo><sAnnotationInfo sName="comment" occurrence="1"><sValue occurrence="1">eingefügtes Subjektspronomen</sValue></sAnnotationInfo><sAnnotationInfo sName="clause-status" occurrence="1"><sValue occurrence="1">SUBLOC</sValue></sAnnotationInfo><sAnnotationInfo sName="pos" occurrence="3"><sValue occurrence="1">V</sValue><sValue occurrence="1">PRONPRS</sValue><sValue occurrence="1">CONJ</sValue></sAnnotationInfo><sAnnotationInfo sName="gf" occurrence="2"><sValue occurrence="1">VFIN</sValue><sValue occurrence="1">SUBJ</sValue></sAnnotationInfo><sAnnotationInfo sName="cat" occurrence="2"><sValue occurrence="1">VP</sValue><sValue occurrence="1">NP</sValue></sAnnotationInfo><sAnnotationInfo sName="definiteness" occurrence="1"><sValue occurrence="1">DEF</sValue></sAnnotationInfo></sDocumentInfo>