<?xml version="1.0" ?><sDocumentInfo generatedOn="2015-10-31 21:20:25" sName="T_089__13-14_beta" id="salt:/b4.tatian/T_089__13-14_beta"><metaDataInfo><entry key="page">089</entry><entry key="X::abbreviation">X</entry><entry key="corpus-code">T</entry><entry key="line">13-14</entry><entry key="writer">beta</entry><entry key="X::sex">m</entry></metaDataInfo><structuralInfo><entry key="SNode">41</entry><entry key="STimeline">1</entry><entry key="STextualDS">1</entry><entry key="SToken">7</entry><entry key="SSpan">32</entry><entry key="SRelation">75</entry><entry key="SSpanningRelation">61</entry></structuralInfo><sAnnotationInfo sName="foc-bg" occurrence="1"><sValue occurrence="1">NIF</sValue></sAnnotationInfo><sAnnotationInfo sName="syl_no" occurrence="5"><sValue occurrence="2">4</sValue><sValue occurrence="2">2</sValue><sValue occurrence="1">1</sValue></sAnnotationInfo><sAnnotationInfo sName="LAT" occurrence="5"><sValue occurrence="1">tua</sValue><sValue occurrence="1">tibi</sValue><sValue occurrence="1">remittuntur</sValue><sValue occurrence="1">peccata</sValue><sValue occurrence="1">/</sValue></sAnnotationInfo><sAnnotationInfo sName="givenness" occurrence="2"><sValue occurrence="1">ACC</sValue><sValue occurrence="1">GIV</sValue></sAnnotationInfo><sAnnotationInfo sName="bibl" occurrence="1"><sValue occurrence="1">T 89, 13-14 Beta Lc 5</sValue></sAnnotationInfo><sAnnotationInfo sName="comment" occurrence="1"><sValue occurrence="1">V2 im HS; thanne nach imperativischem Ausdruck eingeschoben</sValue></sAnnotationInfo><sAnnotationInfo sName="clause-status" occurrence="1"><sValue occurrence="1">MAINDECL</sValue></sAnnotationInfo><sAnnotationInfo sName="pos" occurrence="6"><sValue occurrence="1">PRONPRS</sValue><sValue occurrence="1">VAUX</sValue><sValue occurrence="1">CONJ</sValue><sValue occurrence="1">VN</sValue><sValue occurrence="1">PRONPOS</sValue><sValue occurrence="1">N</sValue></sAnnotationInfo><sAnnotationInfo sName="gf" occurrence="4"><sValue occurrence="1">IO</sValue><sValue occurrence="1">VFIN</sValue><sValue occurrence="1">PARTPF</sValue><sValue occurrence="1">SUBJ</sValue></sAnnotationInfo><sAnnotationInfo sName="cat" occurrence="4"><sValue occurrence="2">VP</sValue><sValue occurrence="2">NP</sValue></sAnnotationInfo><sAnnotationInfo sName="definiteness" occurrence="2"><sValue occurrence="2">DEF</sValue></sAnnotationInfo></sDocumentInfo>