<?xml version="1.0" ?><sDocumentInfo generatedOn="2015-10-31 21:20:26" sName="T_081__09-10_beta" id="salt:/b4.tatian/T_081__09-10_beta"><metaDataInfo><entry key="page">081</entry><entry key="X::abbreviation">X</entry><entry key="corpus-code">T</entry><entry key="line">09-10</entry><entry key="writer">beta</entry><entry key="X::sex">m</entry></metaDataInfo><structuralInfo><entry key="SNode">30</entry><entry key="STimeline">1</entry><entry key="STextualDS">1</entry><entry key="SToken">5</entry><entry key="SSpan">23</entry><entry key="SRelation">45</entry><entry key="SSpanningRelation">35</entry></structuralInfo><sAnnotationInfo sName="syl_no" occurrence="4"><sValue occurrence="2">2</sValue><sValue occurrence="2">1</sValue></sAnnotationInfo><sAnnotationInfo sName="LAT" occurrence="4"><sValue occurrence="1">poenitentiam</sValue><sValue occurrence="1">agerent</sValue><sValue occurrence="1">/</sValue><sValue occurrence="1">ut</sValue></sAnnotationInfo><sAnnotationInfo sName="givenness" occurrence="1"><sValue occurrence="1">GIV</sValue></sAnnotationInfo><sAnnotationInfo sName="bibl" occurrence="1"><sValue occurrence="1">T 81, 9-10 Mc 6</sValue></sAnnotationInfo><sAnnotationInfo sName="comment" occurrence="1"><sValue occurrence="1">eingefügtes Subjektspronomen sie hat unpersönlichen Charakter (=man) und ist nicht anaphorisch</sValue></sAnnotationInfo><sAnnotationInfo sName="clause-status" occurrence="1"><sValue occurrence="1">SUB</sValue></sAnnotationInfo><sAnnotationInfo sName="pos" occurrence="4"><sValue occurrence="1">V</sValue><sValue occurrence="1">PRONPRS</sValue><sValue occurrence="1">CONJ</sValue><sValue occurrence="1">N</sValue></sAnnotationInfo><sAnnotationInfo sName="gf" occurrence="3"><sValue occurrence="1">DO</sValue><sValue occurrence="1">VFIN</sValue><sValue occurrence="1">SUBJ</sValue></sAnnotationInfo><sAnnotationInfo sName="cat" occurrence="3"><sValue occurrence="1">VP</sValue><sValue occurrence="2">NP</sValue></sAnnotationInfo><sAnnotationInfo sName="definiteness" occurrence="1"><sValue occurrence="1">DEF</sValue></sAnnotationInfo></sDocumentInfo>