<?xml version="1.0" ?><sDocumentInfo generatedOn="2015-10-31 21:20:33" sName="T_085__21-22_beta" id="salt:/b4.tatian/T_085__21-22_beta"><metaDataInfo><entry key="page">085</entry><entry key="X::abbreviation">X</entry><entry key="corpus-code">T</entry><entry key="line">21-22</entry><entry key="writer">beta</entry><entry key="X::sex">m</entry></metaDataInfo><structuralInfo><entry key="SNode">35</entry><entry key="STimeline">1</entry><entry key="STextualDS">1</entry><entry key="SToken">7</entry><entry key="SSpan">26</entry><entry key="SRelation">68</entry><entry key="SSpanningRelation">54</entry></structuralInfo><sAnnotationInfo sName="context" occurrence="1"><sValue occurrence="1">Situationswechsel (Ersteinführung)</sValue></sAnnotationInfo><sAnnotationInfo sName="syl_no" occurrence="4"><sValue occurrence="1">5</sValue><sValue occurrence="1">2</sValue><sValue occurrence="2">1</sValue></sAnnotationInfo><sAnnotationInfo sName="LAT" occurrence="5"><sValue occurrence="1">scriba</sValue><sValue occurrence="1">/</sValue><sValue occurrence="1">unus</sValue><sValue occurrence="1">accedens</sValue><sValue occurrence="1">Et</sValue></sAnnotationInfo><sAnnotationInfo sName="givenness" occurrence="1"><sValue occurrence="1">NEW</sValue></sAnnotationInfo><sAnnotationInfo sName="bibl" occurrence="1"><sValue occurrence="1">T 85, 21-22 Beta Mt 8</sValue></sAnnotationInfo><sAnnotationInfo sName="comment" occurrence="1"><sValue occurrence="1">Partizipialkonstruktion in finiten HS mit V1überführt</sValue></sAnnotationInfo><sAnnotationInfo sName="clause-status" occurrence="1"><sValue occurrence="1">MAINDECL</sValue></sAnnotationInfo><sAnnotationInfo sName="pos" occurrence="5"><sValue occurrence="1">V</sValue><sValue occurrence="1">PRONINDEF</sValue><sValue occurrence="1">N</sValue><sValue occurrence="2">ADV</sValue></sAnnotationInfo><sAnnotationInfo sName="gf" occurrence="4"><sValue occurrence="1">DIR</sValue><sValue occurrence="1">ADVTEMP</sValue><sValue occurrence="1">VFIN</sValue><sValue occurrence="1">SUBJ</sValue></sAnnotationInfo><sAnnotationInfo sName="cat" occurrence="2"><sValue occurrence="1">VP</sValue><sValue occurrence="1">NP</sValue></sAnnotationInfo><sAnnotationInfo sName="definiteness" occurrence="1"><sValue occurrence="1">INDEF</sValue></sAnnotationInfo></sDocumentInfo>