<?xml version="1.0" ?><sDocumentInfo generatedOn="2015-10-31 21:20:23" sName="T_093__05_beta" id="salt:/b4.tatian/T_093__05_beta"><metaDataInfo><entry key="page">093</entry><entry key="X::abbreviation">X</entry><entry key="corpus-code">T</entry><entry key="line">05</entry><entry key="writer">beta</entry><entry key="X::sex">m</entry></metaDataInfo><structuralInfo><entry key="SNode">30</entry><entry key="STimeline">1</entry><entry key="STextualDS">1</entry><entry key="SToken">4</entry><entry key="SSpan">24</entry><entry key="SRelation">45</entry><entry key="SSpanningRelation">37</entry></structuralInfo><sAnnotationInfo sName="foc-bg" occurrence="1"><sValue occurrence="1">NIF</sValue></sAnnotationInfo><sAnnotationInfo sName="context" occurrence="1"><sValue occurrence="1">AR</sValue></sAnnotationInfo><sAnnotationInfo sName="syl_no" occurrence="4"><sValue occurrence="3">2</sValue><sValue occurrence="1">1</sValue></sAnnotationInfo><sAnnotationInfo sName="LAT" occurrence="3"><sValue occurrence="1">poenitentiam</sValue><sValue occurrence="1">egerunt</sValue><sValue occurrence="1">quia</sValue></sAnnotationInfo><sAnnotationInfo sName="givenness" occurrence="1"><sValue occurrence="1">GIV</sValue></sAnnotationInfo><sAnnotationInfo sName="bibl" occurrence="1"><sValue occurrence="1">T 93, 5 Beta Mt 12</sValue></sAnnotationInfo><sAnnotationInfo sName="comment" occurrence="1"><sValue occurrence="1">eingefügtes Subjektspronomen; Vend im Kausalsatz</sValue></sAnnotationInfo><sAnnotationInfo sName="clause-status" occurrence="1"><sValue occurrence="1">CAUSAL</sValue></sAnnotationInfo><sAnnotationInfo sName="pos" occurrence="4"><sValue occurrence="1">V</sValue><sValue occurrence="1">PRONPRS</sValue><sValue occurrence="1">CONJ</sValue><sValue occurrence="1">N</sValue></sAnnotationInfo><sAnnotationInfo sName="gf" occurrence="3"><sValue occurrence="1">DO</sValue><sValue occurrence="1">VFIN</sValue><sValue occurrence="1">SUBJ</sValue></sAnnotationInfo><sAnnotationInfo sName="cat" occurrence="3"><sValue occurrence="1">VP</sValue><sValue occurrence="2">NP</sValue></sAnnotationInfo><sAnnotationInfo sName="definiteness" occurrence="1"><sValue occurrence="1">DEF</sValue></sAnnotationInfo></sDocumentInfo>