<?xml version="1.0" ?><sDocumentInfo generatedOn="2015-10-31 21:20:32" sName="T_092__03-04_beta" id="salt:/b4.tatian/T_092__03-04_beta"><metaDataInfo><entry key="page">092</entry><entry key="X::abbreviation">X</entry><entry key="corpus-code">T</entry><entry key="line">03-04</entry><entry key="writer">beta</entry><entry key="X::sex">m</entry></metaDataInfo><structuralInfo><entry key="SNode">42</entry><entry key="STimeline">1</entry><entry key="STextualDS">1</entry><entry key="SToken">8</entry><entry key="SSpan">32</entry><entry key="SRelation">86</entry><entry key="SSpanningRelation">70</entry></structuralInfo><sAnnotationInfo sName="context" occurrence="1"><sValue occurrence="1">AR</sValue></sAnnotationInfo><sAnnotationInfo sName="syl_no" occurrence="4"><sValue occurrence="2">5</sValue><sValue occurrence="2">2</sValue></sAnnotationInfo><sAnnotationInfo sName="LAT" occurrence="6"><sValue occurrence="1">sponsus</sValue><sValue occurrence="1">cum</sValue><sValue occurrence="1">/</sValue><sValue occurrence="1">ab</sValue><sValue occurrence="1">aufer&amp;ur</sValue><sValue occurrence="1">eis</sValue></sAnnotationInfo><sAnnotationInfo sName="givenness" occurrence="2"><sValue occurrence="2">GIV</sValue></sAnnotationInfo><sAnnotationInfo sName="bibl" occurrence="1"><sValue occurrence="1">T 92, 3-4 Beta Lc 5</sValue></sAnnotationInfo><sAnnotationInfo sName="comment" occurrence="1"><sValue occurrence="1">Tendenz Vend nach Passivauflösung im NS</sValue></sAnnotationInfo><sAnnotationInfo sName="clause-status" occurrence="1"><sValue occurrence="1">SUBTEMP</sValue></sAnnotationInfo><sAnnotationInfo sName="pos" occurrence="7"><sValue occurrence="1">PRONPRS</sValue><sValue occurrence="1">VAUX</sValue><sValue occurrence="1">CONJ</sValue><sValue occurrence="1">VN</sValue><sValue occurrence="1">P</sValue><sValue occurrence="1">N</sValue><sValue occurrence="1">PRONDEM</sValue></sAnnotationInfo><sAnnotationInfo sName="gf" occurrence="4"><sValue occurrence="1">VFIN</sValue><sValue occurrence="1">PO</sValue><sValue occurrence="1">PARTPF</sValue><sValue occurrence="1">SUBJ</sValue></sAnnotationInfo><sAnnotationInfo sName="cat" occurrence="3"><sValue occurrence="1">PP</sValue><sValue occurrence="1">VP</sValue><sValue occurrence="1">NP</sValue></sAnnotationInfo><sAnnotationInfo sName="definiteness" occurrence="2"><sValue occurrence="2">DEF</sValue></sAnnotationInfo></sDocumentInfo>