<?xml version="1.0" ?><sDocumentInfo generatedOn="2015-10-31 21:20:33" sName="T_090__28_beta" id="salt:/b4.tatian/T_090__28_beta"><metaDataInfo><entry key="page">090</entry><entry key="X::abbreviation">X</entry><entry key="corpus-code">T</entry><entry key="line">28</entry><entry key="writer">beta</entry><entry key="X::sex">m</entry></metaDataInfo><structuralInfo><entry key="SNode">15</entry><entry key="STimeline">1</entry><entry key="STextualDS">1</entry><entry key="SToken">2</entry><entry key="SSpan">11</entry><entry key="SRelation">18</entry><entry key="SSpanningRelation">14</entry></structuralInfo><sAnnotationInfo sName="bibl" occurrence="1"><sValue occurrence="1">T 90, 28 Beta Io 4</sValue></sAnnotationInfo><sAnnotationInfo sName="cat" occurrence="1"><sValue occurrence="1">VP</sValue></sAnnotationInfo><sAnnotationInfo sName="clause-status" occurrence="1"><sValue occurrence="1">PARTCONSTR</sValue></sAnnotationInfo><sAnnotationInfo sName="gf" occurrence="2"><sValue occurrence="1">PARTPR</sValue><sValue occurrence="1">ADVMOD</sValue></sAnnotationInfo><sAnnotationInfo sName="LAT" occurrence="1"><sValue occurrence="1">dicentes</sValue></sAnnotationInfo><sAnnotationInfo sName="syl_no" occurrence="2"><sValue occurrence="1">3</sValue><sValue occurrence="1">1</sValue></sAnnotationInfo><sAnnotationInfo sName="comment" occurrence="1"><sValue occurrence="1">Partizip Präsens rechtsperipher</sValue></sAnnotationInfo><sAnnotationInfo sName="pos" occurrence="2"><sValue occurrence="1">VN</sValue><sValue occurrence="1">ADV</sValue></sAnnotationInfo></sDocumentInfo>