<?xml version="1.0" ?><sDocumentInfo generatedOn="2015-10-31 21:20:34" sName="T_096__29_beta" id="salt:/b4.tatian/T_096__29_beta"><metaDataInfo><entry key="page">096</entry><entry key="X::abbreviation">X</entry><entry key="corpus-code">T</entry><entry key="line">29</entry><entry key="writer">beta</entry><entry key="X::sex">m</entry></metaDataInfo><structuralInfo><entry key="SNode">21</entry><entry key="STimeline">1</entry><entry key="STextualDS">1</entry><entry key="SToken">3</entry><entry key="SSpan">16</entry><entry key="SRelation">28</entry><entry key="SSpanningRelation">22</entry></structuralInfo><sAnnotationInfo sName="syl_no" occurrence="3"><sValue occurrence="1">3</sValue><sValue occurrence="2">1</sValue></sAnnotationInfo><sAnnotationInfo sName="LAT" occurrence="1"><sValue occurrence="1">surge</sValue></sAnnotationInfo><sAnnotationInfo sName="givenness" occurrence="1"><sValue occurrence="1">GIV</sValue></sAnnotationInfo><sAnnotationInfo sName="bibl" occurrence="1"><sValue occurrence="1">T 96, 29 Beta Mc 5</sValue></sAnnotationInfo><sAnnotationInfo sName="comment" occurrence="1"><sValue occurrence="1">selbständig konstruierter NS mit jussivisch bebrauchtem Konjunktiv Präsens für lat. Imperativ; Vend</sValue></sAnnotationInfo><sAnnotationInfo sName="clause-status" occurrence="1"><sValue occurrence="1">SUB</sValue></sAnnotationInfo><sAnnotationInfo sName="pos" occurrence="3"><sValue occurrence="1">V</sValue><sValue occurrence="1">PRONPRS</sValue><sValue occurrence="1">CONJ</sValue></sAnnotationInfo><sAnnotationInfo sName="gf" occurrence="2"><sValue occurrence="1">VFIN</sValue><sValue occurrence="1">SUBJ</sValue></sAnnotationInfo><sAnnotationInfo sName="cat" occurrence="2"><sValue occurrence="1">VP</sValue><sValue occurrence="1">NP</sValue></sAnnotationInfo><sAnnotationInfo sName="definiteness" occurrence="1"><sValue occurrence="1">DEF</sValue></sAnnotationInfo></sDocumentInfo>