<?xml version="1.0" ?><sDocumentInfo generatedOn="2015-10-31 21:20:30" sName="T_091__24_beta" id="salt:/b4.tatian/T_091__24_beta"><metaDataInfo><entry key="page">091</entry><entry key="X::abbreviation">X</entry><entry key="corpus-code">T</entry><entry key="line">24</entry><entry key="writer">beta</entry><entry key="X::sex">m</entry></metaDataInfo><structuralInfo><entry key="SNode">54</entry><entry key="STimeline">1</entry><entry key="STextualDS">1</entry><entry key="SToken">9</entry><entry key="SSpan">43</entry><entry key="SRelation">102</entry><entry key="SSpanningRelation">84</entry></structuralInfo><sAnnotationInfo sName="foc-bg" occurrence="1"><sValue occurrence="1">NIF</sValue></sAnnotationInfo><sAnnotationInfo sName="context" occurrence="1"><sValue occurrence="1">AR (im Finalsatz)</sValue></sAnnotationInfo><sAnnotationInfo sName="syl_no" occurrence="7"><sValue occurrence="1">4</sValue><sValue occurrence="3">3</sValue><sValue occurrence="1">2</sValue><sValue occurrence="2">1</sValue></sAnnotationInfo><sAnnotationInfo sName="LAT" occurrence="7"><sValue occurrence="1">in</sValue><sValue occurrence="1">poenitentiam</sValue><sValue occurrence="1">uocare</sValue><sValue occurrence="1">sed</sValue><sValue occurrence="1">iustos</sValue><sValue occurrence="1">/</sValue><sValue occurrence="1">peccatores</sValue></sAnnotationInfo><sAnnotationInfo sName="givenness" occurrence="3"><sValue occurrence="1">ACC</sValue><sValue occurrence="2">GIV</sValue></sAnnotationInfo><sAnnotationInfo sName="bibl" occurrence="1"><sValue occurrence="1">T 91, 24 Beta Mt 9</sValue></sAnnotationInfo><sAnnotationInfo sName="comment" occurrence="1"><sValue occurrence="1">Infinitivkonstruktion in finiten Finalsatz überführt; eingefügtes Subjektspronomen</sValue></sAnnotationInfo><sAnnotationInfo sName="clause-status" occurrence="1"><sValue occurrence="1">SUBFINAL</sValue></sAnnotationInfo><sAnnotationInfo sName="pos" occurrence="8"><sValue occurrence="1">V</sValue><sValue occurrence="1">PRONPRS</sValue><sValue occurrence="2">CONJ</sValue><sValue occurrence="1">P</sValue><sValue occurrence="3">N</sValue></sAnnotationInfo><sAnnotationInfo sName="gf" occurrence="5"><sValue occurrence="2">DO</sValue><sValue occurrence="1">VFIN</sValue><sValue occurrence="1">PO</sValue><sValue occurrence="1">SUBJ</sValue></sAnnotationInfo><sAnnotationInfo sName="cat" occurrence="5"><sValue occurrence="1">PP</sValue><sValue occurrence="1">VP</sValue><sValue occurrence="3">NP</sValue></sAnnotationInfo><sAnnotationInfo sName="definiteness" occurrence="3"><sValue occurrence="3">DEF</sValue></sAnnotationInfo></sDocumentInfo>