<?xml version="1.0" ?><sDocumentInfo generatedOn="2015-10-31 21:20:25" sName="T_090__04_beta" id="salt:/b4.tatian/T_090__04_beta"><metaDataInfo><entry key="page">090</entry><entry key="X::abbreviation">X</entry><entry key="corpus-code">T</entry><entry key="line">04</entry><entry key="writer">beta</entry><entry key="X::sex">m</entry></metaDataInfo><structuralInfo><entry key="SNode">30</entry><entry key="STimeline">1</entry><entry key="STextualDS">1</entry><entry key="SToken">4</entry><entry key="SSpan">24</entry><entry key="SRelation">47</entry><entry key="SSpanningRelation">39</entry></structuralInfo><sAnnotationInfo sName="foc-bg" occurrence="1"><sValue occurrence="1">NIF</sValue></sAnnotationInfo><sAnnotationInfo sName="context" occurrence="1"><sValue occurrence="1">Situationswechsel (Einbruch eines neuen psychischen Zustands)</sValue></sAnnotationInfo><sAnnotationInfo sName="syl_no" occurrence="2"><sValue occurrence="1">5</sValue><sValue occurrence="1">2</sValue></sAnnotationInfo><sAnnotationInfo sName="LAT" occurrence="4"><sValue occurrence="1">timore</sValue><sValue occurrence="1">sunt</sValue><sValue occurrence="1">&amp;</sValue><sValue occurrence="1">repleti</sValue></sAnnotationInfo><sAnnotationInfo sName="givenness" occurrence="1"><sValue occurrence="1">NEW</sValue></sAnnotationInfo><sAnnotationInfo sName="bibl" occurrence="1"><sValue occurrence="1">T 90, 4 Beta Lc 5</sValue></sAnnotationInfo><sAnnotationInfo sName="comment" occurrence="1"><sValue occurrence="1">V1 durch Umstellung von Vfin und Partizip; Satz wiederholt umnittelbar vorab erwähnte Information</sValue></sAnnotationInfo><sAnnotationInfo sName="clause-status" occurrence="1"><sValue occurrence="1">MAINDECL</sValue></sAnnotationInfo><sAnnotationInfo sName="align" occurrence="2"><sValue occurrence="1">=L2</sValue><sValue occurrence="1">=L1</sValue></sAnnotationInfo><sAnnotationInfo sName="pos" occurrence="4"><sValue occurrence="1">VAUX</sValue><sValue occurrence="1">CONJ</sValue><sValue occurrence="1">VN</sValue><sValue occurrence="1">N</sValue></sAnnotationInfo><sAnnotationInfo sName="gf" occurrence="3"><sValue occurrence="1">IO</sValue><sValue occurrence="1">VFIN</sValue><sValue occurrence="1">PARTPF</sValue></sAnnotationInfo><sAnnotationInfo sName="cat" occurrence="2"><sValue occurrence="1">VP</sValue><sValue occurrence="1">NP</sValue></sAnnotationInfo><sAnnotationInfo sName="definiteness" occurrence="1"><sValue occurrence="1">DEF</sValue></sAnnotationInfo></sDocumentInfo>