<?xml version="1.0" ?><sDocumentInfo generatedOn="2015-10-31 21:20:31" sName="T_091__07-08_beta" id="salt:/b4.tatian/T_091__07-08_beta"><metaDataInfo><entry key="page">091</entry><entry key="X::abbreviation">X</entry><entry key="corpus-code">T</entry><entry key="line">07-08</entry><entry key="writer">beta</entry><entry key="X::sex">m</entry></metaDataInfo><structuralInfo><entry key="SNode">21</entry><entry key="STimeline">1</entry><entry key="STextualDS">1</entry><entry key="SToken">4</entry><entry key="SSpan">15</entry><entry key="SRelation">34</entry><entry key="SSpanningRelation">26</entry></structuralInfo><sAnnotationInfo sName="syl_no" occurrence="2"><sValue occurrence="2">1</sValue></sAnnotationInfo><sAnnotationInfo sName="context" occurrence="1"><sValue occurrence="1">Situationswechsel (neue Situation)</sValue></sAnnotationInfo><sAnnotationInfo sName="LAT" occurrence="3"><sValue occurrence="1">&amp;</sValue><sValue occurrence="1">est</sValue><sValue occurrence="1">factum</sValue></sAnnotationInfo><sAnnotationInfo sName="bibl" occurrence="1"><sValue occurrence="1">T 91, 7-8 Beta Mt 9</sValue></sAnnotationInfo><sAnnotationInfo sName="comment" occurrence="1"><sValue occurrence="1">V1 gegen Original</sValue></sAnnotationInfo><sAnnotationInfo sName="clause-status" occurrence="1"><sValue occurrence="1">MAINDECL</sValue></sAnnotationInfo><sAnnotationInfo sName="pos" occurrence="2"><sValue occurrence="1">VAUX</sValue><sValue occurrence="1">ADV</sValue></sAnnotationInfo><sAnnotationInfo sName="gf" occurrence="2"><sValue occurrence="1">ADVTEMP</sValue><sValue occurrence="1">VFIN</sValue></sAnnotationInfo><sAnnotationInfo sName="cat" occurrence="1"><sValue occurrence="1">VP</sValue></sAnnotationInfo></sDocumentInfo>