<?xml version="1.0" ?><sDocumentInfo generatedOn="2015-10-31 21:20:25" sName="T_106__10-11_beta" id="salt:/b4.tatian/T_106__10-11_beta"><metaDataInfo><entry key="page">106</entry><entry key="X::abbreviation">X</entry><entry key="corpus-code">T</entry><entry key="line">10-11</entry><entry key="writer">beta</entry><entry key="X::sex">m</entry></metaDataInfo><structuralInfo><entry key="SNode">52</entry><entry key="STimeline">1</entry><entry key="STextualDS">1</entry><entry key="SToken">9</entry><entry key="SSpan">41</entry><entry key="SRelation">110</entry><entry key="SSpanningRelation">92</entry></structuralInfo><sAnnotationInfo sName="foc-bg" occurrence="1"><sValue occurrence="1">NIF</sValue></sAnnotationInfo><sAnnotationInfo sName="context" occurrence="1"><sValue occurrence="1">AR</sValue></sAnnotationInfo><sAnnotationInfo sName="syl_no" occurrence="6"><sValue occurrence="1">5</sValue><sValue occurrence="1">4</sValue><sValue occurrence="1">3</sValue><sValue occurrence="1">2</sValue><sValue occurrence="2">1</sValue></sAnnotationInfo><sAnnotationInfo sName="LAT" occurrence="6"><sValue occurrence="1">scribe</sValue><sValue occurrence="1">obseuabant</sValue><sValue occurrence="1">autem</sValue><sValue occurrence="1">&amp;</sValue><sValue occurrence="1">/</sValue><sValue occurrence="1">pharisei</sValue></sAnnotationInfo><sAnnotationInfo sName="givenness" occurrence="3"><sValue occurrence="3">GIV</sValue></sAnnotationInfo><sAnnotationInfo sName="bibl" occurrence="1"><sValue occurrence="1">T 106, 10-11 Beta Lc 6</sValue></sAnnotationInfo><sAnnotationInfo sName="position" occurrence="0"></sAnnotationInfo><sAnnotationInfo sName="comment" occurrence="1"><sValue occurrence="1">V2 gegen Original</sValue></sAnnotationInfo><sAnnotationInfo sName="clause-status" occurrence="1"><sValue occurrence="1">MAINDECL</sValue></sAnnotationInfo><sAnnotationInfo sName="pos" occurrence="8"><sValue occurrence="1">V</sValue><sValue occurrence="1">PRONPRS</sValue><sValue occurrence="1">CONJ</sValue><sValue occurrence="2">N</sValue><sValue occurrence="2">PRONDEM</sValue><sValue occurrence="1">ADV</sValue></sAnnotationInfo><sAnnotationInfo sName="gf" occurrence="5"><sValue occurrence="1">ADVTEMP</sValue><sValue occurrence="1">DO</sValue><sValue occurrence="1">VFIN</sValue><sValue occurrence="2">SUBJ</sValue></sAnnotationInfo><sAnnotationInfo sName="cat" occurrence="4"><sValue occurrence="1">VP</sValue><sValue occurrence="3">NP</sValue></sAnnotationInfo><sAnnotationInfo sName="definiteness" occurrence="3"><sValue occurrence="3">DEF</sValue></sAnnotationInfo></sDocumentInfo>