<?xml version="1.0" ?><sDocumentInfo generatedOn="2015-10-31 21:20:33" sName="T_104__13-14_beta" id="salt:/b4.tatian/T_104__13-14_beta"><metaDataInfo><entry key="page">104</entry><entry key="X::abbreviation">X</entry><entry key="corpus-code">T</entry><entry key="line">13-14</entry><entry key="writer">beta</entry><entry key="X::sex">m</entry></metaDataInfo><structuralInfo><entry key="SNode">48</entry><entry key="STimeline">1</entry><entry key="STextualDS">1</entry><entry key="SToken">7</entry><entry key="SSpan">39</entry><entry key="SRelation">89</entry><entry key="SSpanningRelation">75</entry></structuralInfo><sAnnotationInfo sName="foc-bg" occurrence="1"><sValue occurrence="1">NIF</sValue></sAnnotationInfo><sAnnotationInfo sName="context" occurrence="1"><sValue occurrence="1">AR (V2 im HS)</sValue></sAnnotationInfo><sAnnotationInfo sName="syl_no" occurrence="4"><sValue occurrence="1">5</sValue><sValue occurrence="2">2</sValue><sValue occurrence="1">1</sValue></sAnnotationInfo><sAnnotationInfo sName="LAT" occurrence="6"><sValue occurrence="1">inuieni&amp;is</sValue><sValue occurrence="1">uestris</sValue><sValue occurrence="1">requiem</sValue><sValue occurrence="1">&amp;</sValue><sValue occurrence="1">animabus</sValue><sValue occurrence="1">/</sValue></sAnnotationInfo><sAnnotationInfo sName="givenness" occurrence="3"><sValue occurrence="2">ACC</sValue><sValue occurrence="1">GIV</sValue></sAnnotationInfo><sAnnotationInfo sName="bibl" occurrence="1"><sValue occurrence="1">T 104, 13-14 Beta Mt 11</sValue></sAnnotationInfo><sAnnotationInfo sName="position" occurrence="1"><sValue occurrence="1">GV</sValue></sAnnotationInfo><sAnnotationInfo sName="top-comm" occurrence="2"><sValue occurrence="1">TOP</sValue><sValue occurrence="1">COMM</sValue></sAnnotationInfo><sAnnotationInfo sName="comment" occurrence="1"><sValue occurrence="1">eingefügtes Subjektspronomen im Vorfeld</sValue></sAnnotationInfo><sAnnotationInfo sName="clause-status" occurrence="1"><sValue occurrence="1">MAINDECL</sValue></sAnnotationInfo><sAnnotationInfo sName="aboutness" occurrence="1"><sValue occurrence="1">AB</sValue></sAnnotationInfo><sAnnotationInfo sName="pos" occurrence="6"><sValue occurrence="1">V</sValue><sValue occurrence="1">PRONPRS</sValue><sValue occurrence="1">CONJ</sValue><sValue occurrence="1">PRONPOS</sValue><sValue occurrence="2">N</sValue></sAnnotationInfo><sAnnotationInfo sName="gf" occurrence="4"><sValue occurrence="1">IO</sValue><sValue occurrence="1">DO</sValue><sValue occurrence="1">VFIN</sValue><sValue occurrence="1">SUBJ</sValue></sAnnotationInfo><sAnnotationInfo sName="cat" occurrence="4"><sValue occurrence="1">VP</sValue><sValue occurrence="3">NP</sValue></sAnnotationInfo><sAnnotationInfo sName="definiteness" occurrence="3"><sValue occurrence="2">DEF</sValue><sValue occurrence="1">INDEF</sValue></sAnnotationInfo></sDocumentInfo>