<?xml version="1.0" ?><sDocumentInfo generatedOn="2015-10-31 21:20:33" sName="T_112__22_beta" id="salt:/b4.tatian/T_112__22_beta"><metaDataInfo><entry key="page">112</entry><entry key="X::abbreviation">X</entry><entry key="corpus-code">T</entry><entry key="line">22</entry><entry key="writer">beta</entry><entry key="X::sex">m</entry></metaDataInfo><structuralInfo><entry key="SNode">43</entry><entry key="STimeline">1</entry><entry key="STextualDS">1</entry><entry key="SToken">6</entry><entry key="SSpan">35</entry><entry key="SRelation">74</entry><entry key="SSpanningRelation">62</entry></structuralInfo><sAnnotationInfo sName="foc-bg" occurrence="1"><sValue occurrence="1">NIF</sValue></sAnnotationInfo><sAnnotationInfo sName="context" occurrence="1"><sValue occurrence="1">AR (freies Thema)</sValue></sAnnotationInfo><sAnnotationInfo sName="syl_no" occurrence="4"><sValue occurrence="1">4</sValue><sValue occurrence="1">3</sValue><sValue occurrence="2">1</sValue></sAnnotationInfo><sAnnotationInfo sName="LAT" occurrence="4"><sValue occurrence="1">autem</sValue><sValue occurrence="1">sunt</sValue><sValue occurrence="1">angeli</sValue><sValue occurrence="1">messores</sValue></sAnnotationInfo><sAnnotationInfo sName="givenness" occurrence="2"><sValue occurrence="2">GIV</sValue></sAnnotationInfo><sAnnotationInfo sName="bibl" occurrence="1"><sValue occurrence="1">T 112, 22 Beta Mt 13</sValue></sAnnotationInfo><sAnnotationInfo sName="position" occurrence="2"><sValue occurrence="2">GV</sValue></sAnnotationInfo><sAnnotationInfo sName="top-comm" occurrence="2"><sValue occurrence="1">TOP</sValue><sValue occurrence="1">COMM</sValue></sAnnotationInfo><sAnnotationInfo sName="comment" occurrence="1"><sValue occurrence="1">freies Thema, pronominal wiederaufgenommen; Kopulativkonstruktion V2; Focuselement nach Vfin verlegt</sValue></sAnnotationInfo><sAnnotationInfo sName="clause-status" occurrence="1"><sValue occurrence="1">MAINDECL</sValue></sAnnotationInfo><sAnnotationInfo sName="align" occurrence="2"><sValue occurrence="1">=L5</sValue><sValue occurrence="1">=L4</sValue></sAnnotationInfo><sAnnotationInfo sName="aboutness" occurrence="1"><sValue occurrence="1">AB</sValue></sAnnotationInfo><sAnnotationInfo sName="pos" occurrence="5"><sValue occurrence="1">VCOP</sValue><sValue occurrence="2">N</sValue><sValue occurrence="2">PRONDEM</sValue></sAnnotationInfo><sAnnotationInfo sName="gf" occurrence="2"><sValue occurrence="1">PRDNOM</sValue><sValue occurrence="1">VFIN</sValue></sAnnotationInfo><sAnnotationInfo sName="cat" occurrence="4"><sValue occurrence="1">VP</sValue><sValue occurrence="3">NP</sValue></sAnnotationInfo><sAnnotationInfo sName="definiteness" occurrence="2"><sValue occurrence="2">DEF</sValue></sAnnotationInfo></sDocumentInfo>