<?xml version="1.0" ?><sDocumentInfo generatedOn="2015-10-31 21:20:22" sName="T_110__07-08_beta" id="salt:/b4.tatian/T_110__07-08_beta"><metaDataInfo><entry key="page">110</entry><entry key="X::abbreviation">X</entry><entry key="corpus-code">T</entry><entry key="line">07-08</entry><entry key="writer">beta</entry><entry key="X::sex">m</entry></metaDataInfo><structuralInfo><entry key="SNode">42</entry><entry key="STimeline">1</entry><entry key="STextualDS">1</entry><entry key="SToken">7</entry><entry key="SSpan">33</entry><entry key="SRelation">68</entry><entry key="SSpanningRelation">54</entry></structuralInfo><sAnnotationInfo sName="syl_no" occurrence="5"><sValue occurrence="1">4</sValue><sValue occurrence="1">2</sValue><sValue occurrence="3">1</sValue></sAnnotationInfo><sAnnotationInfo sName="LAT" occurrence="6"><sValue occurrence="1">in</sValue><sValue occurrence="1">qua re</sValue><sValue occurrence="1">loqueris</sValue><sValue occurrence="1">/</sValue><sValue occurrence="1">parabolis</sValue><sValue occurrence="1">eis</sValue></sAnnotationInfo><sAnnotationInfo sName="givenness" occurrence="2"><sValue occurrence="2">GIV</sValue></sAnnotationInfo><sAnnotationInfo sName="bibl" occurrence="1"><sValue occurrence="1">T 110, 7-8 Beta Mt 13</sValue></sAnnotationInfo><sAnnotationInfo sName="comment" occurrence="1"><sValue occurrence="1">direkte Ergänzungsfrage ohne V2 gemäß Original</sValue></sAnnotationInfo><sAnnotationInfo sName="clause-status" occurrence="1"><sValue occurrence="1">MAININTERR</sValue></sAnnotationInfo><sAnnotationInfo sName="pos" occurrence="6"><sValue occurrence="1">V</sValue><sValue occurrence="2">PRONPRS</sValue><sValue occurrence="1">P</sValue><sValue occurrence="1">PRONINTERR</sValue><sValue occurrence="1">N</sValue></sAnnotationInfo><sAnnotationInfo sName="gf" occurrence="4"><sValue occurrence="1">IO</sValue><sValue occurrence="1">VFIN</sValue><sValue occurrence="1">PO</sValue><sValue occurrence="1">SUBJ</sValue></sAnnotationInfo><sAnnotationInfo sName="cat" occurrence="4"><sValue occurrence="1">PP</sValue><sValue occurrence="1">VP</sValue><sValue occurrence="2">NP</sValue></sAnnotationInfo><sAnnotationInfo sName="definiteness" occurrence="2"><sValue occurrence="2">DEF</sValue></sAnnotationInfo><sAnnotationInfo sName="foc-marker" occurrence="1"><sValue occurrence="1">WH</sValue></sAnnotationInfo></sDocumentInfo>