<?xml version="1.0" ?><sDocumentInfo generatedOn="2015-10-31 21:20:34" sName="T_116__28_beta" id="salt:/b4.tatian/T_116__28_beta"><metaDataInfo><entry key="page">116</entry><entry key="X::abbreviation">X</entry><entry key="corpus-code">T</entry><entry key="line">28</entry><entry key="writer">beta</entry><entry key="X::sex">m</entry></metaDataInfo><structuralInfo><entry key="SNode">29</entry><entry key="STimeline">1</entry><entry key="STextualDS">1</entry><entry key="SToken">5</entry><entry key="SSpan">22</entry><entry key="SRelation">52</entry><entry key="SSpanningRelation">42</entry></structuralInfo><sAnnotationInfo sName="syl_no" occurrence="2"><sValue occurrence="1">6</sValue><sValue occurrence="1">4</sValue></sAnnotationInfo><sAnnotationInfo sName="context" occurrence="1"><sValue occurrence="1">AR (bei Null-Topik im subjektlosen Satz)</sValue></sAnnotationInfo><sAnnotationInfo sName="LAT" occurrence="4"><sValue occurrence="1">puellae</sValue><sValue occurrence="1">datum</sValue><sValue occurrence="1">&amp;</sValue><sValue occurrence="1">est</sValue></sAnnotationInfo><sAnnotationInfo sName="bibl" occurrence="1"><sValue occurrence="1">T 116, 28 Beta Mc 6</sValue></sAnnotationInfo><sAnnotationInfo sName="comment" occurrence="1"><sValue occurrence="1">Umstellung Finitum vor Partizip im zusammengezogenen HS gegen Original</sValue></sAnnotationInfo><sAnnotationInfo sName="clause-status" occurrence="1"><sValue occurrence="1">MAINDECL</sValue></sAnnotationInfo><sAnnotationInfo sName="align" occurrence="2"><sValue occurrence="1">=L2</sValue><sValue occurrence="1">=L1</sValue></sAnnotationInfo><sAnnotationInfo sName="pos" occurrence="5"><sValue occurrence="1">VAUX</sValue><sValue occurrence="1">CONJ</sValue><sValue occurrence="1">VN</sValue><sValue occurrence="1">N</sValue><sValue occurrence="1">PRONDEM</sValue></sAnnotationInfo><sAnnotationInfo sName="gf" occurrence="3"><sValue occurrence="1">IO</sValue><sValue occurrence="1">VFIN</sValue><sValue occurrence="1">PARTPF</sValue></sAnnotationInfo><sAnnotationInfo sName="cat" occurrence="2"><sValue occurrence="1">VP</sValue><sValue occurrence="1">NP</sValue></sAnnotationInfo></sDocumentInfo>