<?xml version="1.0" ?><sDocumentInfo generatedOn="2015-10-31 21:20:23" sName="T_122__25-26_beta" id="salt:/b4.tatian/T_122__25-26_beta"><metaDataInfo><entry key="page">122</entry><entry key="X::abbreviation">X</entry><entry key="corpus-code">T</entry><entry key="line">25-26</entry><entry key="writer">beta</entry><entry key="X::sex">m</entry></metaDataInfo><structuralInfo><entry key="SNode">52</entry><entry key="STimeline">1</entry><entry key="STextualDS">1</entry><entry key="SToken">10</entry><entry key="SSpan">40</entry><entry key="SRelation">106</entry><entry key="SSpanningRelation">86</entry></structuralInfo><sAnnotationInfo sName="foc-bg" occurrence="1"><sValue occurrence="1">CF</sValue></sAnnotationInfo><sAnnotationInfo sName="syl_no" occurrence="6"><sValue occurrence="1">3</sValue><sValue occurrence="1">2</sValue><sValue occurrence="3">1</sValue><sValue occurrence="1">8</sValue></sAnnotationInfo><sAnnotationInfo sName="LAT" occurrence="7"><sValue occurrence="1">In</sValue><sValue occurrence="1">sed</sValue><sValue occurrence="1">die</sValue><sValue occurrence="1">resuscitem</sValue><sValue occurrence="1">/</sValue><sValue occurrence="1">illum</sValue><sValue occurrence="1">nouissimo</sValue></sAnnotationInfo><sAnnotationInfo sName="givenness" occurrence="3"><sValue occurrence="1">ACC</sValue><sValue occurrence="2">GIV</sValue></sAnnotationInfo><sAnnotationInfo sName="bibl" occurrence="1"><sValue occurrence="1">T 122, 25-26 Beta Io 6</sValue></sAnnotationInfo><sAnnotationInfo sName="comment" occurrence="1"><sValue occurrence="1">eingefügtes Subjektspronomen im NS</sValue></sAnnotationInfo><sAnnotationInfo sName="clause-status" occurrence="1"><sValue occurrence="1">SUBFINAL</sValue></sAnnotationInfo><sAnnotationInfo sName="pos" occurrence="9"><sValue occurrence="1">A</sValue><sValue occurrence="1">V</sValue><sValue occurrence="1">PRONPRS</sValue><sValue occurrence="2">CONJ</sValue><sValue occurrence="1">P</sValue><sValue occurrence="1">N</sValue><sValue occurrence="2">PRONDEM</sValue></sAnnotationInfo><sAnnotationInfo sName="gf" occurrence="4"><sValue occurrence="1">ADVTEMP</sValue><sValue occurrence="1">DO</sValue><sValue occurrence="1">VFIN</sValue><sValue occurrence="1">SUBJ</sValue></sAnnotationInfo><sAnnotationInfo sName="cat" occurrence="4"><sValue occurrence="1">PP</sValue><sValue occurrence="1">VP</sValue><sValue occurrence="2">NP</sValue></sAnnotationInfo><sAnnotationInfo sName="definiteness" occurrence="3"><sValue occurrence="3">DEF</sValue></sAnnotationInfo></sDocumentInfo>