<?xml version="1.0" ?><sDocumentInfo generatedOn="2015-10-31 21:20:34" sName="T_128__09_gamma" id="salt:/b4.tatian/T_128__09_gamma"><metaDataInfo><entry key="page">128</entry><entry key="X::abbreviation">X</entry><entry key="corpus-code">T</entry><entry key="line">09</entry><entry key="writer">gamma</entry><entry key="X::sex">m</entry></metaDataInfo><structuralInfo><entry key="SNode">44</entry><entry key="STimeline">1</entry><entry key="STextualDS">1</entry><entry key="SToken">8</entry><entry key="SSpan">34</entry><entry key="SRelation">76</entry><entry key="SSpanningRelation">60</entry></structuralInfo><sAnnotationInfo sName="syl_no" occurrence="5"><sValue occurrence="1">5</sValue><sValue occurrence="2">4</sValue><sValue occurrence="1">2</sValue><sValue occurrence="1">1</sValue></sAnnotationInfo><sAnnotationInfo sName="LAT" occurrence="7"><sValue occurrence="1">audito </sValue><sValue occurrence="1">sunt</sValue><sValue occurrence="1">scandalizati</sValue><sValue occurrence="1">uerbo</sValue><sValue occurrence="1">/</sValue><sValue occurrence="1">pharisei</sValue><sValue occurrence="1">quia</sValue></sAnnotationInfo><sAnnotationInfo sName="givenness" occurrence="1"><sValue occurrence="1">GIV</sValue></sAnnotationInfo><sAnnotationInfo sName="bibl" occurrence="1"><sValue occurrence="1">T 128, 9 - 10 Gamma Mt 15, 12</sValue></sAnnotationInfo><sAnnotationInfo sName="comment" occurrence="1"><sValue occurrence="1">Positionierung des finiten Verbs vor dem prädikativen Adjektiv im Nebensatz</sValue></sAnnotationInfo><sAnnotationInfo sName="clause-status" occurrence="1"><sValue occurrence="1">SUB</sValue></sAnnotationInfo><sAnnotationInfo sName="align" occurrence="2"><sValue occurrence="1">=L7</sValue><sValue occurrence="1">=L6</sValue></sAnnotationInfo><sAnnotationInfo sName="pos" occurrence="7"><sValue occurrence="1">VCOP</sValue><sValue occurrence="1">CONJ</sValue><sValue occurrence="2">VN</sValue><sValue occurrence="2">N</sValue><sValue occurrence="1">PRONDEM</sValue></sAnnotationInfo><sAnnotationInfo sName="gf" occurrence="4"><sValue occurrence="1">PRDNOM</sValue><sValue occurrence="1">ADVTEMP</sValue><sValue occurrence="1">VFIN</sValue><sValue occurrence="1">SUBJ</sValue></sAnnotationInfo><sAnnotationInfo sName="cat" occurrence="4"><sValue occurrence="1">VP</sValue><sValue occurrence="3">NP</sValue></sAnnotationInfo><sAnnotationInfo sName="definiteness" occurrence="1"><sValue occurrence="1">DEF</sValue></sAnnotationInfo></sDocumentInfo>