<?xml version="1.0" ?><sDocumentInfo generatedOn="2015-10-31 21:20:24" sName="T_125__18_gamma" id="salt:/b4.tatian/T_125__18_gamma"><metaDataInfo><entry key="page">125</entry><entry key="X::abbreviation">X</entry><entry key="corpus-code">T</entry><entry key="line">18</entry><entry key="writer">gamma</entry><entry key="X::sex">m</entry></metaDataInfo><structuralInfo><entry key="SNode">34</entry><entry key="STimeline">1</entry><entry key="STextualDS">1</entry><entry key="SToken">5</entry><entry key="SSpan">27</entry><entry key="SRelation">49</entry><entry key="SSpanningRelation">39</entry></structuralInfo><sAnnotationInfo sName="foc-bg" occurrence="1"><sValue occurrence="1">CF</sValue></sAnnotationInfo><sAnnotationInfo sName="syl_no" occurrence="3"><sValue occurrence="2">2</sValue><sValue occurrence="1">1</sValue></sAnnotationInfo><sAnnotationInfo sName="LAT" occurrence="5"><sValue occurrence="1">uos</sValue><sValue occurrence="1">uultis</sValue><sValue occurrence="1">abire</sValue><sValue occurrence="1">&amp;</sValue><sValue occurrence="1">numquid</sValue></sAnnotationInfo><sAnnotationInfo sName="givenness" occurrence="1"><sValue occurrence="1">GIV</sValue></sAnnotationInfo><sAnnotationInfo sName="bibl" occurrence="1"><sValue occurrence="1">T 125, 18 Gamma Io 6, 67</sValue></sAnnotationInfo><sAnnotationInfo sName="comment" occurrence="1"><sValue occurrence="1">Personalpronomen in Kontrastlesart (Jünger vs. andere)</sValue></sAnnotationInfo><sAnnotationInfo sName="clause-status" occurrence="1"><sValue occurrence="1">MAININTERR</sValue></sAnnotationInfo><sAnnotationInfo sName="align" occurrence="2"><sValue occurrence="1">=L2</sValue><sValue occurrence="1">=L3</sValue></sAnnotationInfo><sAnnotationInfo sName="pos" occurrence="4"><sValue occurrence="1">PTC</sValue><sValue occurrence="1">V</sValue><sValue occurrence="1">PRONPRS</sValue><sValue occurrence="1">VMOD</sValue></sAnnotationInfo><sAnnotationInfo sName="gf" occurrence="3"><sValue occurrence="1">INF</sValue><sValue occurrence="1">VFIN</sValue><sValue occurrence="1">SUBJ</sValue></sAnnotationInfo><sAnnotationInfo sName="cat" occurrence="3"><sValue occurrence="2">VP</sValue><sValue occurrence="1">NP</sValue></sAnnotationInfo><sAnnotationInfo sName="definiteness" occurrence="1"><sValue occurrence="1">DEF</sValue></sAnnotationInfo><sAnnotationInfo sName="foc-marker" occurrence="1"><sValue occurrence="1">&amp;</sValue></sAnnotationInfo></sDocumentInfo>