<?xml version="1.0" ?><sDocumentInfo generatedOn="2015-10-31 21:20:29" sName="T_143__25_gamma" id="salt:/b4.tatian/T_143__25_gamma"><metaDataInfo><entry key="page">143</entry><entry key="X::abbreviation">X</entry><entry key="corpus-code">T</entry><entry key="line">25</entry><entry key="writer">gamma</entry><entry key="X::sex">m</entry></metaDataInfo><structuralInfo><entry key="SNode">32</entry><entry key="STimeline">1</entry><entry key="STextualDS">1</entry><entry key="SToken">5</entry><entry key="SSpan">25</entry><entry key="SRelation">48</entry><entry key="SSpanningRelation">38</entry></structuralInfo><sAnnotationInfo sName="syl_no" occurrence="5"><sValue occurrence="1">3</sValue><sValue occurrence="1">2</sValue><sValue occurrence="3">1</sValue></sAnnotationInfo><sAnnotationInfo sName="LAT" occurrence="3"><sValue occurrence="1">dicerent</sValue><sValue occurrence="1">ut</sValue><sValue occurrence="1">nemini</sValue></sAnnotationInfo><sAnnotationInfo sName="givenness" occurrence="1"><sValue occurrence="1">GIV</sValue></sAnnotationInfo><sAnnotationInfo sName="bibl" occurrence="1"><sValue occurrence="1">T 143, 25 Gamma Mt 16, 20</sValue></sAnnotationInfo><sAnnotationInfo sName="comment" occurrence="1"><sValue occurrence="1">VEnd im NS wie Vorlage; SP präverbal eingefügt</sValue></sAnnotationInfo><sAnnotationInfo sName="clause-status" occurrence="1"><sValue occurrence="1">SUB</sValue></sAnnotationInfo><sAnnotationInfo sName="pos" occurrence="5"><sValue occurrence="1">V</sValue><sValue occurrence="1">PRONPRS</sValue><sValue occurrence="1">PRONINDEF</sValue><sValue occurrence="1">CONJ</sValue><sValue occurrence="1">NEG</sValue></sAnnotationInfo><sAnnotationInfo sName="gf" occurrence="3"><sValue occurrence="1">IO</sValue><sValue occurrence="1">VFIN</sValue><sValue occurrence="1">SUBJ</sValue></sAnnotationInfo><sAnnotationInfo sName="cat" occurrence="3"><sValue occurrence="1">VP</sValue><sValue occurrence="2">NP</sValue></sAnnotationInfo><sAnnotationInfo sName="definiteness" occurrence="1"><sValue occurrence="1">DEF</sValue></sAnnotationInfo></sDocumentInfo>