<?xml version="1.0" ?><sDocumentInfo generatedOn="2015-10-31 21:20:28" sName="T_143__24_gamma" id="salt:/b4.tatian/T_143__24_gamma"><metaDataInfo><entry key="page">143</entry><entry key="X::abbreviation">X</entry><entry key="corpus-code">T</entry><entry key="line">24</entry><entry key="writer">gamma</entry><entry key="X::sex">m</entry></metaDataInfo><structuralInfo><entry key="SNode">36</entry><entry key="STimeline">1</entry><entry key="STextualDS">1</entry><entry key="SToken">5</entry><entry key="SSpan">29</entry><entry key="SRelation">56</entry><entry key="SSpanningRelation">46</entry></structuralInfo><sAnnotationInfo sName="syl_no" occurrence="4"><sValue occurrence="1">5</sValue><sValue occurrence="1">2</sValue><sValue occurrence="2">1</sValue></sAnnotationInfo><sAnnotationInfo sName="LAT" occurrence="4"><sValue occurrence="1">praecipit</sValue><sValue occurrence="1">Tunc</sValue><sValue occurrence="1">discipulis</sValue><sValue occurrence="1">suis</sValue></sAnnotationInfo><sAnnotationInfo sName="givenness" occurrence="2"><sValue occurrence="2">GIV</sValue></sAnnotationInfo><sAnnotationInfo sName="bibl" occurrence="1"><sValue occurrence="1">T 143, 24 Gamma Mt 16, 20</sValue></sAnnotationInfo><sAnnotationInfo sName="comment" occurrence="1"><sValue occurrence="1">thô; V2 im HS nach thô; SP bei besetztem Vorfeld postverbal eingefügt</sValue></sAnnotationInfo><sAnnotationInfo sName="clause-status" occurrence="1"><sValue occurrence="1">MAINDECL</sValue></sAnnotationInfo><sAnnotationInfo sName="align" occurrence="2"><sValue occurrence="1">=L4</sValue><sValue occurrence="1">=L3</sValue></sAnnotationInfo><sAnnotationInfo sName="pos" occurrence="5"><sValue occurrence="1">V</sValue><sValue occurrence="1">PRONPRS</sValue><sValue occurrence="1">PRONPOS</sValue><sValue occurrence="1">N</sValue><sValue occurrence="1">ADV</sValue></sAnnotationInfo><sAnnotationInfo sName="gf" occurrence="4"><sValue occurrence="1">IO</sValue><sValue occurrence="1">ADVTEMP</sValue><sValue occurrence="1">VFIN</sValue><sValue occurrence="1">SUBJ</sValue></sAnnotationInfo><sAnnotationInfo sName="cat" occurrence="3"><sValue occurrence="1">VP</sValue><sValue occurrence="2">NP</sValue></sAnnotationInfo><sAnnotationInfo sName="definiteness" occurrence="2"><sValue occurrence="2">DEF</sValue></sAnnotationInfo></sDocumentInfo>