<?xml version="1.0" ?><sDocumentInfo generatedOn="2015-10-31 21:20:29" sName="T_153__18a_gamma" id="salt:/b4.tatian/T_153__18a_gamma"><metaDataInfo><entry key="page">153</entry><entry key="X::abbreviation">X</entry><entry key="corpus-code">T</entry><entry key="line">18a</entry><entry key="writer">gamma</entry><entry key="X::sex">m</entry></metaDataInfo><structuralInfo><entry key="SNode">21</entry><entry key="STimeline">1</entry><entry key="STextualDS">1</entry><entry key="SToken">3</entry><entry key="SSpan">16</entry><entry key="SRelation">28</entry><entry key="SSpanningRelation">22</entry></structuralInfo><sAnnotationInfo sName="bibl" occurrence="1"><sValue occurrence="1">T 153, 18 (1) Gamma Mt 18, 13</sValue></sAnnotationInfo><sAnnotationInfo sName="cat" occurrence="2"><sValue occurrence="1">VP</sValue><sValue occurrence="1">NP</sValue></sAnnotationInfo><sAnnotationInfo sName="clause-status" occurrence="1"><sValue occurrence="1">SUBCOND</sValue></sAnnotationInfo><sAnnotationInfo sName="gf" occurrence="2"><sValue occurrence="1">VFIN</sValue><sValue occurrence="1">SUBJ</sValue></sAnnotationInfo><sAnnotationInfo sName="LAT" occurrence="2"><sValue occurrence="1">si</sValue><sValue occurrence="1">contigerit</sValue></sAnnotationInfo><sAnnotationInfo sName="syl_no" occurrence="3"><sValue occurrence="1">3</sValue><sValue occurrence="1">2</sValue><sValue occurrence="1">1</sValue></sAnnotationInfo><sAnnotationInfo sName="comment" occurrence="1"><sValue occurrence="1">VEnd im NS nach eingefügtem SP; expletives 'es'</sValue></sAnnotationInfo><sAnnotationInfo sName="pos" occurrence="3"><sValue occurrence="1">V</sValue><sValue occurrence="1">PRONPRS</sValue><sValue occurrence="1">CONJ</sValue></sAnnotationInfo></sDocumentInfo>