<?xml version="1.0" ?><sDocumentInfo generatedOn="2015-10-31 21:20:34" sName="T_155__30-31_gamma" id="salt:/b4.tatian/T_155__30-31_gamma"><metaDataInfo><entry key="page">155</entry><entry key="X::abbreviation">X</entry><entry key="corpus-code">T</entry><entry key="line">30-31</entry><entry key="writer">gamma</entry><entry key="X::sex">m</entry></metaDataInfo><structuralInfo><entry key="SNode">49</entry><entry key="STimeline">1</entry><entry key="STextualDS">1</entry><entry key="SToken">9</entry><entry key="SSpan">38</entry><entry key="SRelation">98</entry><entry key="SSpanningRelation">80</entry></structuralInfo><sAnnotationInfo sName="syl_no" occurrence="4"><sValue occurrence="1">3</sValue><sValue occurrence="1">2</sValue><sValue occurrence="1">1</sValue><sValue occurrence="1">8</sValue></sAnnotationInfo><sAnnotationInfo sName="LAT" occurrence="8"><sValue occurrence="1">in</sValue><sValue occurrence="1">peccaui</sValue><sValue occurrence="1">pater</sValue><sValue occurrence="1">&amp;</sValue><sValue occurrence="1">caelum</sValue><sValue occurrence="1">/</sValue><sValue occurrence="1">te</sValue><sValue occurrence="1">coram</sValue></sAnnotationInfo><sAnnotationInfo sName="givenness" occurrence="1"><sValue occurrence="1">GIV</sValue></sAnnotationInfo><sAnnotationInfo sName="bibl" occurrence="1"><sValue occurrence="1">T 155, 30 - 31 Gamma Lc 15, 21</sValue></sAnnotationInfo><sAnnotationInfo sName="position" occurrence="1"><sValue occurrence="1">GV</sValue></sAnnotationInfo><sAnnotationInfo sName="top-comm" occurrence="2"><sValue occurrence="1">TOP</sValue><sValue occurrence="1">COMM</sValue></sAnnotationInfo><sAnnotationInfo sName="comment" occurrence="1"><sValue occurrence="1">V2 im HS nach ergänztem SP</sValue></sAnnotationInfo><sAnnotationInfo sName="clause-status" occurrence="1"><sValue occurrence="1">MAINDECL</sValue></sAnnotationInfo><sAnnotationInfo sName="aboutness" occurrence="1"><sValue occurrence="1">AB</sValue></sAnnotationInfo><sAnnotationInfo sName="pos" occurrence="8"><sValue occurrence="1">V</sValue><sValue occurrence="2">PRONPRS</sValue><sValue occurrence="1">CONJ</sValue><sValue occurrence="2">P</sValue><sValue occurrence="2">N</sValue></sAnnotationInfo><sAnnotationInfo sName="gf" occurrence="4"><sValue occurrence="1">VFIN</sValue><sValue occurrence="1">ADVLOC</sValue><sValue occurrence="1">SUBJ</sValue><sValue occurrence="1">VOC</sValue></sAnnotationInfo><sAnnotationInfo sName="cat" occurrence="5"><sValue occurrence="2">PP</sValue><sValue occurrence="1">VP</sValue><sValue occurrence="2">NP</sValue></sAnnotationInfo><sAnnotationInfo sName="definiteness" occurrence="1"><sValue occurrence="1">DEF</sValue></sAnnotationInfo></sDocumentInfo>