<?xml version="1.0" ?><sDocumentInfo generatedOn="2015-10-31 21:20:27" sName="T_154__21-22_gamma" id="salt:/b4.tatian/T_154__21-22_gamma"><metaDataInfo><entry key="page">154</entry><entry key="X::abbreviation">X</entry><entry key="corpus-code">T</entry><entry key="line">21-22</entry><entry key="writer">gamma</entry><entry key="X::sex">m</entry></metaDataInfo><structuralInfo><entry key="SNode">44</entry><entry key="STimeline">1</entry><entry key="STextualDS">1</entry><entry key="SToken">9</entry><entry key="SSpan">33</entry><entry key="SRelation">92</entry><entry key="SSpanningRelation">74</entry></structuralInfo><sAnnotationInfo sName="syl_no" occurrence="4"><sValue occurrence="1">6</sValue><sValue occurrence="1">4</sValue><sValue occurrence="2">1</sValue></sAnnotationInfo><sAnnotationInfo sName="LAT" occurrence="7"><sValue occurrence="1">illis</sValue><sValue occurrence="1">adulescentior</sValue><sValue occurrence="1">ex</sValue><sValue occurrence="1">&amp;</sValue><sValue occurrence="1">patri</sValue><sValue occurrence="1">/</sValue><sValue occurrence="1">dixit</sValue></sAnnotationInfo><sAnnotationInfo sName="givenness" occurrence="1"><sValue occurrence="1">GIV</sValue></sAnnotationInfo><sAnnotationInfo sName="bibl" occurrence="1"><sValue occurrence="1">T 154, 21 - 22 Gamma Lc 15, 12</sValue></sAnnotationInfo><sAnnotationInfo sName="comment" occurrence="1"><sValue occurrence="1">thô; V1 im HS nach Umstellung</sValue></sAnnotationInfo><sAnnotationInfo sName="clause-status" occurrence="1"><sValue occurrence="1">MAINDECL</sValue></sAnnotationInfo><sAnnotationInfo sName="align" occurrence="2"><sValue occurrence="1">=L1</sValue><sValue occurrence="1">=L0</sValue></sAnnotationInfo><sAnnotationInfo sName="pos" occurrence="8"><sValue occurrence="1">V</sValue><sValue occurrence="1">P</sValue><sValue occurrence="2">N</sValue><sValue occurrence="3">PRONDEM</sValue><sValue occurrence="1">ADV</sValue></sAnnotationInfo><sAnnotationInfo sName="gf" occurrence="4"><sValue occurrence="1">IO</sValue><sValue occurrence="1">ADVTEMP</sValue><sValue occurrence="1">VFIN</sValue><sValue occurrence="1">SUBJ</sValue></sAnnotationInfo><sAnnotationInfo sName="cat" occurrence="3"><sValue occurrence="1">PP</sValue><sValue occurrence="1">VP</sValue><sValue occurrence="1">NP</sValue></sAnnotationInfo><sAnnotationInfo sName="definiteness" occurrence="1"><sValue occurrence="1">DEF</sValue></sAnnotationInfo></sDocumentInfo>