<?xml version="1.0" ?><sDocumentInfo generatedOn="2015-10-31 21:20:31" sName="T_164__16_gamma" id="salt:/b4.tatian/T_164__16_gamma"><metaDataInfo><entry key="page">164</entry><entry key="X::abbreviation">X</entry><entry key="corpus-code">T</entry><entry key="line">16</entry><entry key="writer">gamma</entry><entry key="X::sex">m</entry></metaDataInfo><structuralInfo><entry key="SNode">21</entry><entry key="STimeline">1</entry><entry key="STextualDS">1</entry><entry key="SToken">4</entry><entry key="SSpan">15</entry><entry key="SRelation">34</entry><entry key="SSpanningRelation">26</entry></structuralInfo><sAnnotationInfo sName="bibl" occurrence="1"><sValue occurrence="1">T 164, 16 (2) Gamma Lc 13, 14</sValue></sAnnotationInfo><sAnnotationInfo sName="cat" occurrence="1"><sValue occurrence="1">VP</sValue></sAnnotationInfo><sAnnotationInfo sName="clause-status" occurrence="1"><sValue occurrence="1">MAINDECL</sValue></sAnnotationInfo><sAnnotationInfo sName="gf" occurrence="2"><sValue occurrence="1">VFIN</sValue><sValue occurrence="1">PARTPF</sValue></sAnnotationInfo><sAnnotationInfo sName="LAT" occurrence="2"><sValue occurrence="1">&amp;</sValue><sValue occurrence="1">curamini</sValue></sAnnotationInfo><sAnnotationInfo sName="syl_no" occurrence="3"><sValue occurrence="1">3</sValue><sValue occurrence="2">2</sValue></sAnnotationInfo><sAnnotationInfo sName="comment" occurrence="1"><sValue occurrence="1">V2 im HS nach Passivauflösung; Anschluß an T 164, 16 (1)</sValue></sAnnotationInfo><sAnnotationInfo sName="pos" occurrence="3"><sValue occurrence="1">VAUX</sValue><sValue occurrence="1">CONJ</sValue><sValue occurrence="1">VN</sValue></sAnnotationInfo></sDocumentInfo>