<?xml version="1.0" ?><sDocumentInfo generatedOn="2015-10-31 21:20:26" sName="T_163__02_gamma" id="salt:/b4.tatian/T_163__02_gamma"><metaDataInfo><entry key="page">163</entry><entry key="X::abbreviation">X</entry><entry key="corpus-code">T</entry><entry key="line">02</entry><entry key="writer">gamma</entry><entry key="X::sex">m</entry></metaDataInfo><structuralInfo><entry key="SNode">22</entry><entry key="STimeline">1</entry><entry key="STextualDS">1</entry><entry key="SToken">3</entry><entry key="SSpan">17</entry><entry key="SRelation">29</entry><entry key="SSpanningRelation">23</entry></structuralInfo><sAnnotationInfo sName="syl_no" occurrence="2"><sValue occurrence="1">2</sValue><sValue occurrence="1">1</sValue></sAnnotationInfo><sAnnotationInfo sName="LAT" occurrence="2"><sValue occurrence="1">quod ...</sValue><sValue occurrence="1">putatis</sValue></sAnnotationInfo><sAnnotationInfo sName="givenness" occurrence="1"><sValue occurrence="1">GIV</sValue></sAnnotationInfo><sAnnotationInfo sName="bibl" occurrence="1"><sValue occurrence="1">T 163, 2 Gamma Lc 13, 4</sValue></sAnnotationInfo><sAnnotationInfo sName="comment" occurrence="1"><sValue occurrence="1">V1 in Entscheidungsfrage vor ergänztem SP</sValue></sAnnotationInfo><sAnnotationInfo sName="clause-status" occurrence="1"><sValue occurrence="1">MAININTERR</sValue></sAnnotationInfo><sAnnotationInfo sName="pos" occurrence="2"><sValue occurrence="1">V</sValue><sValue occurrence="1">PRONPRS</sValue></sAnnotationInfo><sAnnotationInfo sName="gf" occurrence="3"><sValue occurrence="1">DO</sValue><sValue occurrence="1">VFIN</sValue><sValue occurrence="1">SUBJ</sValue></sAnnotationInfo><sAnnotationInfo sName="cat" occurrence="3"><sValue occurrence="1">VP</sValue><sValue occurrence="1">CP</sValue><sValue occurrence="1">NP</sValue></sAnnotationInfo><sAnnotationInfo sName="definiteness" occurrence="1"><sValue occurrence="1">DEF</sValue></sAnnotationInfo></sDocumentInfo>