<?xml version="1.0" ?><sDocumentInfo generatedOn="2015-10-31 21:20:24" sName="T_205__09-10_alpha-bar" id="salt:/b4.tatian/T_205__09-10_alpha-bar"><metaDataInfo><entry key="page">205</entry><entry key="X::abbreviation">X</entry><entry key="corpus-code">T</entry><entry key="line">09-10</entry><entry key="writer">alpha-bar</entry><entry key="X::sex">m</entry></metaDataInfo><structuralInfo><entry key="SNode">39</entry><entry key="STimeline">1</entry><entry key="STextualDS">1</entry><entry key="SToken">6</entry><entry key="SSpan">31</entry><entry key="SRelation">69</entry><entry key="SSpanningRelation">57</entry></structuralInfo><sAnnotationInfo sName="foc-bg" occurrence="2"><sValue occurrence="2">NIF</sValue></sAnnotationInfo><sAnnotationInfo sName="context" occurrence="1"><sValue occurrence="1">präverbaler Fokus (V2) gemäß Original; zweiter Fokus nach dem Verb</sValue></sAnnotationInfo><sAnnotationInfo sName="syl_no" occurrence="4"><sValue occurrence="1">6</sValue><sValue occurrence="1">3</sValue><sValue occurrence="1">2</sValue><sValue occurrence="1">1</sValue></sAnnotationInfo><sAnnotationInfo sName="LAT" occurrence="5"><sValue occurrence="1">boum</sValue><sValue occurrence="1">emi</sValue><sValue occurrence="1">/</sValue><sValue occurrence="1">iuga</sValue><sValue occurrence="1">quinque</sValue></sAnnotationInfo><sAnnotationInfo sName="givenness" occurrence="2"><sValue occurrence="1">NEW</sValue><sValue occurrence="1">GIV</sValue></sAnnotationInfo><sAnnotationInfo sName="bibl" occurrence="1"><sValue occurrence="1">T 205, 9-10 Alpha´ Lc 14</sValue></sAnnotationInfo><sAnnotationInfo sName="comment" occurrence="1"><sValue occurrence="1">Subjektspronomen nach V2 bei besetztem Vorfeld eingefügt</sValue></sAnnotationInfo><sAnnotationInfo sName="clause-status" occurrence="1"><sValue occurrence="1">MAINDECL</sValue></sAnnotationInfo><sAnnotationInfo sName="pos" occurrence="5"><sValue occurrence="1">NUM</sValue><sValue occurrence="1">V</sValue><sValue occurrence="1">PRONPRS</sValue><sValue occurrence="2">N</sValue></sAnnotationInfo><sAnnotationInfo sName="gf" occurrence="4"><sValue occurrence="2">DO</sValue><sValue occurrence="1">VFIN</sValue><sValue occurrence="1">SUBJ</sValue></sAnnotationInfo><sAnnotationInfo sName="cat" occurrence="4"><sValue occurrence="1">VP</sValue><sValue occurrence="3">NP</sValue></sAnnotationInfo><sAnnotationInfo sName="definiteness" occurrence="1"><sValue occurrence="1">DEF</sValue></sAnnotationInfo></sDocumentInfo>