<?xml version="1.0" ?><sDocumentInfo generatedOn="2015-10-31 21:20:35" sName="T_201__24-25_alpha-bar" id="salt:/b4.tatian/T_201__24-25_alpha-bar"><metaDataInfo><entry key="page">201</entry><entry key="X::abbreviation">X</entry><entry key="corpus-code">T</entry><entry key="line">24-25</entry><entry key="writer">alpha-bar</entry><entry key="X::sex">m</entry></metaDataInfo><structuralInfo><entry key="SNode">19</entry><entry key="STimeline">1</entry><entry key="STextualDS">1</entry><entry key="SToken">3</entry><entry key="SSpan">14</entry><entry key="SRelation">25</entry><entry key="SSpanningRelation">19</entry></structuralInfo><sAnnotationInfo sName="bibl" occurrence="1"><sValue occurrence="1">T 201, 24-25 Alpha´ Mt 21</sValue></sAnnotationInfo><sAnnotationInfo sName="cat" occurrence="2"><sValue occurrence="1">VP</sValue><sValue occurrence="1">NP</sValue></sAnnotationInfo><sAnnotationInfo sName="clause-status" occurrence="1"><sValue occurrence="1">PARTCONSTR</sValue></sAnnotationInfo><sAnnotationInfo sName="LAT" occurrence="3"><sValue occurrence="1">docente</sValue><sValue occurrence="1">...</sValue><sValue occurrence="1">illo</sValue></sAnnotationInfo><sAnnotationInfo sName="syl_no" occurrence="2"><sValue occurrence="1">4</sValue><sValue occurrence="1">2</sValue></sAnnotationInfo><sAnnotationInfo sName="comment" occurrence="1"><sValue occurrence="1">Präsenspartizip rechtsperipher, voranstellung des pronominalen Objekts</sValue></sAnnotationInfo><sAnnotationInfo sName="pos" occurrence="2"><sValue occurrence="1">PRONPRS</sValue><sValue occurrence="1">VN</sValue></sAnnotationInfo><sAnnotationInfo sName="align" occurrence="2"><sValue occurrence="1">=L2</sValue><sValue occurrence="1">=L1</sValue></sAnnotationInfo></sDocumentInfo>