<?xml version="1.0" ?><sDocumentInfo generatedOn="2015-10-31 21:20:21" sName="T_205__06-07_alpha-bar" id="salt:/b4.tatian/T_205__06-07_alpha-bar"><metaDataInfo><entry key="page">205</entry><entry key="X::abbreviation">X</entry><entry key="corpus-code">T</entry><entry key="line">06-07</entry><entry key="writer">alpha-bar</entry><entry key="X::sex">m</entry></metaDataInfo><structuralInfo><entry key="SNode">48</entry><entry key="STimeline">1</entry><entry key="STextualDS">1</entry><entry key="SToken">11</entry><entry key="SSpan">35</entry><entry key="SRelation">112</entry><entry key="SSpanningRelation">90</entry></structuralInfo><sAnnotationInfo sName="foc-bg" occurrence="1"><sValue occurrence="1">NIF</sValue></sAnnotationInfo><sAnnotationInfo sName="context" occurrence="1"><sValue occurrence="1">präverbaler Fokus gemäß Original und durch Zeilenbruch bedingt</sValue></sAnnotationInfo><sAnnotationInfo sName="syl_no" occurrence="8"><sValue occurrence="2">4</sValue><sValue occurrence="4">2</sValue><sValue occurrence="2">1</sValue></sAnnotationInfo><sAnnotationInfo sName="LAT" occurrence="8"><sValue occurrence="1">illam</sValue><sValue occurrence="1">uidere</sValue><sValue occurrence="1">necesse</sValue><sValue occurrence="2">&amp;</sValue><sValue occurrence="1">exire</sValue><sValue occurrence="1">/</sValue><sValue occurrence="1">habeo</sValue></sAnnotationInfo><sAnnotationInfo sName="givenness" occurrence="1"><sValue occurrence="1">GIV</sValue></sAnnotationInfo><sAnnotationInfo sName="bibl" occurrence="1"><sValue occurrence="1">T 205, 6-7 Alpha´ Lc 14</sValue></sAnnotationInfo><sAnnotationInfo sName="comment" occurrence="1"><sValue occurrence="1">Subjektspronomen nach V2 bei besetztem Vorfeld eingefügt</sValue></sAnnotationInfo><sAnnotationInfo sName="clause-status" occurrence="1"><sValue occurrence="1">MAINDECL</sValue></sAnnotationInfo><sAnnotationInfo sName="pos" occurrence="4"><sValue occurrence="1">V</sValue><sValue occurrence="1">PRONPRS</sValue><sValue occurrence="1">CONJ</sValue><sValue occurrence="1">N</sValue></sAnnotationInfo><sAnnotationInfo sName="gf" occurrence="3"><sValue occurrence="1">DO</sValue><sValue occurrence="1">VFIN</sValue><sValue occurrence="1">SUBJ</sValue></sAnnotationInfo><sAnnotationInfo sName="cat" occurrence="4"><sValue occurrence="1">VP</sValue><sValue occurrence="1">CP</sValue><sValue occurrence="2">NP</sValue></sAnnotationInfo><sAnnotationInfo sName="definiteness" occurrence="1"><sValue occurrence="1">DEF</sValue></sAnnotationInfo></sDocumentInfo>