<?xml version="1.0" ?><sDocumentInfo generatedOn="2015-10-31 21:20:33" sName="T_207__23_alpha-bar" id="salt:/b4.tatian/T_207__23_alpha-bar"><metaDataInfo><entry key="page">207</entry><entry key="X::abbreviation">X</entry><entry key="corpus-code">T</entry><entry key="line">23</entry><entry key="writer">alpha-bar</entry><entry key="X::sex">m</entry></metaDataInfo><structuralInfo><entry key="SNode">22</entry><entry key="STimeline">1</entry><entry key="STextualDS">1</entry><entry key="SToken">4</entry><entry key="SSpan">16</entry><entry key="SRelation">32</entry><entry key="SSpanningRelation">24</entry></structuralInfo><sAnnotationInfo sName="bibl" occurrence="1"><sValue occurrence="1">T 207, 23 Alpha´ Mt 22</sValue></sAnnotationInfo><sAnnotationInfo sName="cat" occurrence="2"><sValue occurrence="1">VP</sValue><sValue occurrence="1">NP</sValue></sAnnotationInfo><sAnnotationInfo sName="clause-status" occurrence="1"><sValue occurrence="1">PARTCONSTR</sValue></sAnnotationInfo><sAnnotationInfo sName="gf" occurrence="3"><sValue occurrence="1">ADVTEMP</sValue><sValue occurrence="1">DO</sValue><sValue occurrence="1">PARTPR</sValue></sAnnotationInfo><sAnnotationInfo sName="LAT" occurrence="2"><sValue occurrence="1">audientes</sValue><sValue occurrence="1">&amp;</sValue></sAnnotationInfo><sAnnotationInfo sName="syl_no" occurrence="3"><sValue occurrence="1">4</sValue><sValue occurrence="2">1</sValue></sAnnotationInfo><sAnnotationInfo sName="comment" occurrence="1"><sValue occurrence="1">Partizip rechtsperipher</sValue></sAnnotationInfo><sAnnotationInfo sName="pos" occurrence="3"><sValue occurrence="1">VN</sValue><sValue occurrence="1">ADV</sValue><sValue occurrence="1">PRONDEM</sValue></sAnnotationInfo></sDocumentInfo>