<?xml version="1.0" ?><sDocumentInfo generatedOn="2015-10-31 21:20:31" sName="T_216__13_alpha-bar" id="salt:/b4.tatian/T_216__13_alpha-bar"><metaDataInfo><entry key="page">216</entry><entry key="X::abbreviation">X</entry><entry key="corpus-code">T</entry><entry key="line">13</entry><entry key="writer">alpha-bar</entry><entry key="X::sex">m</entry></metaDataInfo><structuralInfo><entry key="SNode">43</entry><entry key="STimeline">1</entry><entry key="STextualDS">1</entry><entry key="SToken">6</entry><entry key="SSpan">35</entry><entry key="SRelation">75</entry><entry key="SSpanningRelation">63</entry></structuralInfo><sAnnotationInfo sName="foc-bg" occurrence="2"><sValue occurrence="1">NIF</sValue><sValue occurrence="1">NIFCF</sValue></sAnnotationInfo><sAnnotationInfo sName="context" occurrence="1"><sValue occurrence="1">AR; kontrastivers Topik</sValue></sAnnotationInfo><sAnnotationInfo sName="syl_no" occurrence="3"><sValue occurrence="1">6</sValue><sValue occurrence="1">2</sValue><sValue occurrence="1">1</sValue></sAnnotationInfo><sAnnotationInfo sName="LAT" occurrence="5"><sValue occurrence="1">estis</sValue><sValue occurrence="1">uos</sValue><sValue occurrence="1">hoc</sValue><sValue occurrence="1">mundo</sValue><sValue occurrence="1">de</sValue></sAnnotationInfo><sAnnotationInfo sName="givenness" occurrence="1"><sValue occurrence="1">GIV</sValue></sAnnotationInfo><sAnnotationInfo sName="bibl" occurrence="1"><sValue occurrence="1">T 216, 13 Alpha' Io 8</sValue></sAnnotationInfo><sAnnotationInfo sName="position" occurrence="1"><sValue occurrence="1">GV</sValue></sAnnotationInfo><sAnnotationInfo sName="top-comm" occurrence="2"><sValue occurrence="1">TOP</sValue><sValue occurrence="1">COMM</sValue></sAnnotationInfo><sAnnotationInfo sName="comment" occurrence="1"><sValue occurrence="1">V2 gegen Vend im Original</sValue></sAnnotationInfo><sAnnotationInfo sName="clause-status" occurrence="1"><sValue occurrence="1">MAINDECL</sValue></sAnnotationInfo><sAnnotationInfo sName="align" occurrence="1"><sValue occurrence="1">=L5</sValue></sAnnotationInfo><sAnnotationInfo sName="aboutness" occurrence="1"><sValue occurrence="1">AB</sValue></sAnnotationInfo><sAnnotationInfo sName="pos" occurrence="5"><sValue occurrence="1">VCOP</sValue><sValue occurrence="1">PRONPRS</sValue><sValue occurrence="1">P</sValue><sValue occurrence="1">N</sValue><sValue occurrence="1">PRONDEM</sValue></sAnnotationInfo><sAnnotationInfo sName="gf" occurrence="3"><sValue occurrence="1">PRDNOM</sValue><sValue occurrence="1">VFIN</sValue><sValue occurrence="1">SUBJ</sValue></sAnnotationInfo><sAnnotationInfo sName="cat" occurrence="3"><sValue occurrence="1">PP</sValue><sValue occurrence="1">VP</sValue><sValue occurrence="1">NP</sValue></sAnnotationInfo><sAnnotationInfo sName="definiteness" occurrence="1"><sValue occurrence="1">DEF</sValue></sAnnotationInfo></sDocumentInfo>