<?xml version="1.0" ?><sDocumentInfo generatedOn="2015-10-31 21:20:28" sName="T_216__02_alpha-bar" id="salt:/b4.tatian/T_216__02_alpha-bar"><metaDataInfo><entry key="page">216</entry><entry key="X::abbreviation">X</entry><entry key="corpus-code">T</entry><entry key="line">02</entry><entry key="writer">alpha-bar</entry><entry key="X::sex">m</entry></metaDataInfo><structuralInfo><entry key="SNode">53</entry><entry key="STimeline">1</entry><entry key="STextualDS">1</entry><entry key="SToken">8</entry><entry key="SSpan">43</entry><entry key="SRelation">105</entry><entry key="SSpanningRelation">89</entry></structuralInfo><sAnnotationInfo sName="foc-bg" occurrence="1"><sValue occurrence="1">NIF</sValue></sAnnotationInfo><sAnnotationInfo sName="context" occurrence="1"><sValue occurrence="1">AR</sValue></sAnnotationInfo><sAnnotationInfo sName="syl_no" occurrence="6"><sValue occurrence="1">4</sValue><sValue occurrence="1">3</sValue><sValue occurrence="4">1</sValue></sAnnotationInfo><sAnnotationInfo sName="LAT" occurrence="6"><sValue occurrence="1">patrem</sValue><sValue occurrence="2">neque</sValue><sValue occurrence="1">scitis</sValue><sValue occurrence="1">mé</sValue><sValue occurrence="1">meum</sValue></sAnnotationInfo><sAnnotationInfo sName="givenness" occurrence="3"><sValue occurrence="3">GIV</sValue></sAnnotationInfo><sAnnotationInfo sName="bibl" occurrence="1"><sValue occurrence="1">T 216, 2 Alpha' Io 8</sValue></sAnnotationInfo><sAnnotationInfo sName="position" occurrence="1"><sValue occurrence="1">GV</sValue></sAnnotationInfo><sAnnotationInfo sName="top-comm" occurrence="2"><sValue occurrence="1">TOP</sValue><sValue occurrence="1">COMM</sValue></sAnnotationInfo><sAnnotationInfo sName="comment" occurrence="1"><sValue occurrence="1">eingefügtes Subjektspronomen; Kontrastfokus vor Vfin</sValue></sAnnotationInfo><sAnnotationInfo sName="clause-status" occurrence="1"><sValue occurrence="1">MAINDECL</sValue></sAnnotationInfo><sAnnotationInfo sName="aboutness" occurrence="1"><sValue occurrence="1">AB</sValue></sAnnotationInfo><sAnnotationInfo sName="pos" occurrence="8"><sValue occurrence="1">V</sValue><sValue occurrence="2">PRONPRS</sValue><sValue occurrence="2">CONJ</sValue><sValue occurrence="1">NEG</sValue><sValue occurrence="1">PRONPOS</sValue><sValue occurrence="1">N</sValue></sAnnotationInfo><sAnnotationInfo sName="gf" occurrence="4"><sValue occurrence="2">DO</sValue><sValue occurrence="1">VFIN</sValue><sValue occurrence="1">SUBJ</sValue></sAnnotationInfo><sAnnotationInfo sName="cat" occurrence="4"><sValue occurrence="1">VP</sValue><sValue occurrence="3">NP</sValue></sAnnotationInfo><sAnnotationInfo sName="definiteness" occurrence="3"><sValue occurrence="3">DEF</sValue></sAnnotationInfo></sDocumentInfo>