<?xml version="1.0" ?><sDocumentInfo generatedOn="2015-10-31 21:20:31" sName="T_214__18_alpha-bar" id="salt:/b4.tatian/T_214__18_alpha-bar"><metaDataInfo><entry key="page">214</entry><entry key="X::abbreviation">X</entry><entry key="corpus-code">T</entry><entry key="line">18</entry><entry key="writer">alpha-bar</entry><entry key="X::sex">m</entry></metaDataInfo><structuralInfo><entry key="SNode">28</entry><entry key="STimeline">1</entry><entry key="STextualDS">1</entry><entry key="SToken">3</entry><entry key="SSpan">23</entry><entry key="SRelation">37</entry><entry key="SSpanningRelation">31</entry></structuralInfo><sAnnotationInfo sName="foc-bg" occurrence="1"><sValue occurrence="1">NIF</sValue></sAnnotationInfo><sAnnotationInfo sName="context" occurrence="1"><sValue occurrence="1">AR (V2)</sValue></sAnnotationInfo><sAnnotationInfo sName="syl_no" occurrence="3"><sValue occurrence="1">2</sValue><sValue occurrence="2">1</sValue></sAnnotationInfo><sAnnotationInfo sName="LAT" occurrence="2"><sValue occurrence="1">unde</sValue><sValue occurrence="1">ueni</sValue></sAnnotationInfo><sAnnotationInfo sName="givenness" occurrence="1"><sValue occurrence="1">GIV</sValue></sAnnotationInfo><sAnnotationInfo sName="bibl" occurrence="1"><sValue occurrence="1">T 214, 18 Alpha' Io 8</sValue></sAnnotationInfo><sAnnotationInfo sName="top-comm" occurrence="2"><sValue occurrence="1">TOP</sValue><sValue occurrence="1">COMM</sValue></sAnnotationInfo><sAnnotationInfo sName="comment" occurrence="1"><sValue occurrence="1">eingefügtes Subjektspronomen im Vorfeld</sValue></sAnnotationInfo><sAnnotationInfo sName="clause-status" occurrence="1"><sValue occurrence="1">REL</sValue></sAnnotationInfo><sAnnotationInfo sName="aboutness" occurrence="1"><sValue occurrence="1">AB</sValue></sAnnotationInfo><sAnnotationInfo sName="pos" occurrence="3"><sValue occurrence="1">V</sValue><sValue occurrence="1">PRONPRS</sValue><sValue occurrence="1">PRONINTERR</sValue></sAnnotationInfo><sAnnotationInfo sName="gf" occurrence="3"><sValue occurrence="1">VFIN</sValue><sValue occurrence="1">SUBJ</sValue><sValue occurrence="1">ADVMOD</sValue></sAnnotationInfo><sAnnotationInfo sName="cat" occurrence="2"><sValue occurrence="1">VP</sValue><sValue occurrence="1">NP</sValue></sAnnotationInfo><sAnnotationInfo sName="definiteness" occurrence="1"><sValue occurrence="1">DEF</sValue></sAnnotationInfo></sDocumentInfo>