<?xml version="1.0" ?><sDocumentInfo generatedOn="2015-10-31 21:20:32" sName="T_214__25_alpha-bar" id="salt:/b4.tatian/T_214__25_alpha-bar"><metaDataInfo><entry key="page">214</entry><entry key="X::abbreviation">X</entry><entry key="corpus-code">T</entry><entry key="line">25</entry><entry key="writer">alpha-bar</entry><entry key="X::sex">m</entry></metaDataInfo><structuralInfo><entry key="SNode">43</entry><entry key="STimeline">1</entry><entry key="STextualDS">1</entry><entry key="SToken">6</entry><entry key="SSpan">35</entry><entry key="SRelation">76</entry><entry key="SSpanningRelation">64</entry></structuralInfo><sAnnotationInfo sName="foc-bg" occurrence="1"><sValue occurrence="1">NIF</sValue></sAnnotationInfo><sAnnotationInfo sName="syl_no" occurrence="2"><sValue occurrence="1">6</sValue><sValue occurrence="1">4</sValue></sAnnotationInfo><sAnnotationInfo sName="LAT" occurrence="6"><sValue occurrence="1">scriptum</sValue><sValue occurrence="1">In</sValue><sValue occurrence="1">lege</sValue><sValue occurrence="1">&amp;</sValue><sValue occurrence="1">est</sValue><sValue occurrence="1">uestra</sValue></sAnnotationInfo><sAnnotationInfo sName="givenness" occurrence="1"><sValue occurrence="1">ACC</sValue></sAnnotationInfo><sAnnotationInfo sName="bibl" occurrence="1"><sValue occurrence="1">T 214, 25 Alpha' Io 8</sValue></sAnnotationInfo><sAnnotationInfo sName="position" occurrence="1"><sValue occurrence="1">GV</sValue></sAnnotationInfo><sAnnotationInfo sName="top-comm" occurrence="2"><sValue occurrence="1">TOP</sValue><sValue occurrence="1">COMM</sValue></sAnnotationInfo><sAnnotationInfo sName="comment" occurrence="1"><sValue occurrence="1">V2 gegen Original, Kopulativkonstruktion</sValue></sAnnotationInfo><sAnnotationInfo sName="clause-status" occurrence="1"><sValue occurrence="1">MAINDECL</sValue></sAnnotationInfo><sAnnotationInfo sName="align" occurrence="4"><sValue occurrence="1">=L2</sValue><sValue occurrence="1">=L5</sValue><sValue occurrence="1">=L4</sValue><sValue occurrence="1">=L3</sValue></sAnnotationInfo><sAnnotationInfo sName="aboutness" occurrence="1"><sValue occurrence="1">AB</sValue></sAnnotationInfo><sAnnotationInfo sName="pos" occurrence="6"><sValue occurrence="1">VAUX</sValue><sValue occurrence="1">CONJ</sValue><sValue occurrence="1">VN</sValue><sValue occurrence="1">P</sValue><sValue occurrence="1">PRONPOS</sValue><sValue occurrence="1">N</sValue></sAnnotationInfo><sAnnotationInfo sName="gf" occurrence="3"><sValue occurrence="1">VFIN</sValue><sValue occurrence="1">ADVLOC</sValue><sValue occurrence="1">PARTPF</sValue></sAnnotationInfo><sAnnotationInfo sName="cat" occurrence="2"><sValue occurrence="1">PP</sValue><sValue occurrence="1">VP</sValue></sAnnotationInfo><sAnnotationInfo sName="definiteness" occurrence="1"><sValue occurrence="1">DEF</sValue></sAnnotationInfo></sDocumentInfo>