<?xml version="1.0" ?><sDocumentInfo generatedOn="2015-10-31 21:20:26" sName="T_211__24-25_alpha-bar" id="salt:/b4.tatian/T_211__24-25_alpha-bar"><metaDataInfo><entry key="page">211</entry><entry key="X::abbreviation">X</entry><entry key="corpus-code">T</entry><entry key="line">24-25</entry><entry key="writer">alpha-bar</entry><entry key="X::sex">m</entry></metaDataInfo><structuralInfo><entry key="SNode">49</entry><entry key="STimeline">1</entry><entry key="STextualDS">1</entry><entry key="SToken">10</entry><entry key="SSpan">37</entry><entry key="SRelation">103</entry><entry key="SSpanningRelation">83</entry></structuralInfo><sAnnotationInfo sName="context" occurrence="1"><sValue occurrence="1">AR (deiktischer Bezug)</sValue></sAnnotationInfo><sAnnotationInfo sName="syl_no" occurrence="5"><sValue occurrence="1">5</sValue><sValue occurrence="2">2</sValue><sValue occurrence="2">1</sValue></sAnnotationInfo><sAnnotationInfo sName="LAT" occurrence="6"><sValue occurrence="1">uobiscum</sValue><sValue occurrence="1">adhuc</sValue><sValue occurrence="1">sum</sValue><sValue occurrence="1">módicum</sValue><sValue occurrence="1">/</sValue><sValue occurrence="1">tempos</sValue></sAnnotationInfo><sAnnotationInfo sName="givenness" occurrence="2"><sValue occurrence="2">GIV</sValue></sAnnotationInfo><sAnnotationInfo sName="bibl" occurrence="1"><sValue occurrence="1">T 211, 24-25 Alpha´ Io 7</sValue></sAnnotationInfo><sAnnotationInfo sName="comment" occurrence="1"><sValue occurrence="1">V2 gegen Vend im HS; Vorfeldfokus, Subjektspronomen nach V2 bei besetztem Vorfeld eingefügt</sValue></sAnnotationInfo><sAnnotationInfo sName="clause-status" occurrence="1"><sValue occurrence="1">MAINDECL</sValue></sAnnotationInfo><sAnnotationInfo sName="align" occurrence="1"><sValue occurrence="1">=L9</sValue></sAnnotationInfo><sAnnotationInfo sName="pos" occurrence="8"><sValue occurrence="1">A</sValue><sValue occurrence="1">VCOP</sValue><sValue occurrence="2">PRONPRS</sValue><sValue occurrence="1">P</sValue><sValue occurrence="1">N</sValue><sValue occurrence="2">ADV</sValue></sAnnotationInfo><sAnnotationInfo sName="gf" occurrence="5"><sValue occurrence="2">ADVTEMP</sValue><sValue occurrence="1">VFIN</sValue><sValue occurrence="1">ADVLOC</sValue><sValue occurrence="1">SUBJ</sValue></sAnnotationInfo><sAnnotationInfo sName="cat" occurrence="4"><sValue occurrence="1">PP</sValue><sValue occurrence="1">VP</sValue><sValue occurrence="2">NP</sValue></sAnnotationInfo><sAnnotationInfo sName="definiteness" occurrence="2"><sValue occurrence="2">DEF</sValue></sAnnotationInfo></sDocumentInfo>