<?xml version="1.0" ?><sDocumentInfo generatedOn="2015-10-31 21:20:31" sName="T_216__06_alpha-bar" id="salt:/b4.tatian/T_216__06_alpha-bar"><metaDataInfo><entry key="page">216</entry><entry key="X::abbreviation">X</entry><entry key="corpus-code">T</entry><entry key="line">06</entry><entry key="writer">alpha-bar</entry><entry key="X::sex">m</entry></metaDataInfo><structuralInfo><entry key="SNode">38</entry><entry key="STimeline">1</entry><entry key="STextualDS">1</entry><entry key="SToken">6</entry><entry key="SSpan">30</entry><entry key="SRelation">73</entry><entry key="SSpanningRelation">61</entry></structuralInfo><sAnnotationInfo sName="foc-bg" occurrence="1"><sValue occurrence="1">NIF</sValue></sAnnotationInfo><sAnnotationInfo sName="context" occurrence="1"><sValue occurrence="1">V2 bei präverbalem Fokus</sValue></sAnnotationInfo><sAnnotationInfo sName="syl_no" occurrence="3"><sValue occurrence="1">6</sValue><sValue occurrence="1">3</sValue><sValue occurrence="1">1</sValue></sAnnotationInfo><sAnnotationInfo sName="LAT" occurrence="5"><sValue occurrence="1">in</sValue><sValue occurrence="1">peccato</sValue><sValue occurrence="1">&amp;</sValue><sValue occurrence="1">uestro</sValue><sValue occurrence="1">moriemini</sValue></sAnnotationInfo><sAnnotationInfo sName="givenness" occurrence="2"><sValue occurrence="1">ACC</sValue><sValue occurrence="1">GIV</sValue></sAnnotationInfo><sAnnotationInfo sName="bibl" occurrence="1"><sValue occurrence="1">T 216, 6 Alpha' Io 8</sValue></sAnnotationInfo><sAnnotationInfo sName="position" occurrence="1"><sValue occurrence="1">GV</sValue></sAnnotationInfo><sAnnotationInfo sName="comment" occurrence="1"><sValue occurrence="1">eingefügtes Subjektspronomen</sValue></sAnnotationInfo><sAnnotationInfo sName="clause-status" occurrence="1"><sValue occurrence="1">MAINDECL</sValue></sAnnotationInfo><sAnnotationInfo sName="pos" occurrence="6"><sValue occurrence="1">V</sValue><sValue occurrence="1">PRONPRS</sValue><sValue occurrence="1">CONJ</sValue><sValue occurrence="1">P</sValue><sValue occurrence="1">PRONPOS</sValue><sValue occurrence="1">N</sValue></sAnnotationInfo><sAnnotationInfo sName="gf" occurrence="3"><sValue occurrence="1">VFIN</sValue><sValue occurrence="1">ADVLOC</sValue><sValue occurrence="1">SUBJ</sValue></sAnnotationInfo><sAnnotationInfo sName="cat" occurrence="3"><sValue occurrence="1">PP</sValue><sValue occurrence="1">VP</sValue><sValue occurrence="1">NP</sValue></sAnnotationInfo><sAnnotationInfo sName="definiteness" occurrence="2"><sValue occurrence="2">DEF</sValue></sAnnotationInfo></sDocumentInfo>