<?xml version="1.0" ?><sDocumentInfo generatedOn="2015-10-31 21:20:34" sName="T_216__28a_epsilon" id="salt:/b4.tatian/T_216__28a_epsilon"><metaDataInfo><entry key="page">216</entry><entry key="X::abbreviation">X</entry><entry key="corpus-code">T</entry><entry key="line">28a</entry><entry key="writer">epsilon</entry><entry key="X::sex">m</entry></metaDataInfo><structuralInfo><entry key="SNode">29</entry><entry key="STimeline">1</entry><entry key="STextualDS">1</entry><entry key="SToken">4</entry><entry key="SSpan">23</entry><entry key="SRelation">40</entry><entry key="SSpanningRelation">32</entry></structuralInfo><sAnnotationInfo sName="foc-bg" occurrence="1"><sValue occurrence="1">CF</sValue></sAnnotationInfo><sAnnotationInfo sName="syl_no" occurrence="4"><sValue occurrence="4">1</sValue></sAnnotationInfo><sAnnotationInfo sName="LAT" occurrence="3"><sValue occurrence="1">sum</sValue><sValue occurrence="1">ego</sValue><sValue occurrence="1">quia</sValue></sAnnotationInfo><sAnnotationInfo sName="givenness" occurrence="1"><sValue occurrence="1">GIV</sValue></sAnnotationInfo><sAnnotationInfo sName="bibl" occurrence="1"><sValue occurrence="1">T 216, 28 Epsilon Io 8, 28</sValue></sAnnotationInfo><sAnnotationInfo sName="comment" occurrence="1"><sValue occurrence="1">unpersönliches iz eingefügt, Vend</sValue></sAnnotationInfo><sAnnotationInfo sName="clause-status" occurrence="1"><sValue occurrence="1">SUB</sValue></sAnnotationInfo><sAnnotationInfo sName="pos" occurrence="4"><sValue occurrence="1">VCOP</sValue><sValue occurrence="2">PRONPRS</sValue><sValue occurrence="1">CONJ</sValue></sAnnotationInfo><sAnnotationInfo sName="gf" occurrence="3"><sValue occurrence="1">PRDNOM</sValue><sValue occurrence="1">VFIN</sValue><sValue occurrence="1">SUBJ</sValue></sAnnotationInfo><sAnnotationInfo sName="cat" occurrence="3"><sValue occurrence="1">VP</sValue><sValue occurrence="2">NP</sValue></sAnnotationInfo><sAnnotationInfo sName="definiteness" occurrence="1"><sValue occurrence="1">DEF</sValue></sAnnotationInfo></sDocumentInfo>