<?xml version="1.0" ?><sDocumentInfo generatedOn="2015-10-31 21:20:33" sName="T_216__29_epsilon" id="salt:/b4.tatian/T_216__29_epsilon"><metaDataInfo><entry key="page">216</entry><entry key="X::abbreviation">X</entry><entry key="corpus-code">T</entry><entry key="line">29</entry><entry key="writer">epsilon</entry><entry key="X::sex">m</entry></metaDataInfo><structuralInfo><entry key="SNode">39</entry><entry key="STimeline">1</entry><entry key="STextualDS">1</entry><entry key="SToken">7</entry><entry key="SSpan">30</entry><entry key="SRelation">69</entry><entry key="SSpanningRelation">55</entry></structuralInfo><sAnnotationInfo sName="foc-bg" occurrence="2"><sValue occurrence="1">NIF</sValue><sValue occurrence="1">CF</sValue></sAnnotationInfo><sAnnotationInfo sName="syl_no" occurrence="3"><sValue occurrence="1">5</sValue><sValue occurrence="1">3</sValue><sValue occurrence="1">2</sValue></sAnnotationInfo><sAnnotationInfo sName="LAT" occurrence="7"><sValue occurrence="1">facio</sValue><sValue occurrence="1">a</sValue><sValue occurrence="1">ipso</sValue><sValue occurrence="1">&amp;</sValue><sValue occurrence="1">me</sValue><sValue occurrence="1">nihil</sValue><sValue occurrence="1">.</sValue></sAnnotationInfo><sAnnotationInfo sName="givenness" occurrence="1"><sValue occurrence="1">GIV</sValue></sAnnotationInfo><sAnnotationInfo sName="bibl" occurrence="1"><sValue occurrence="1">T 216, 29 Epsilon Io 8</sValue></sAnnotationInfo><sAnnotationInfo sName="comment" occurrence="1"><sValue occurrence="1">Umstellung neg und Vfin; Vend im NS</sValue></sAnnotationInfo><sAnnotationInfo sName="clause-status" occurrence="1"><sValue occurrence="1">SUB</sValue></sAnnotationInfo><sAnnotationInfo sName="align" occurrence="2"><sValue occurrence="1">=L6</sValue><sValue occurrence="1">=L5</sValue></sAnnotationInfo><sAnnotationInfo sName="pos" occurrence="5"><sValue occurrence="1">PRONRFL</sValue><sValue occurrence="1">V</sValue><sValue occurrence="1">CONJ</sValue><sValue occurrence="1">NEG</sValue><sValue occurrence="1">P</sValue></sAnnotationInfo><sAnnotationInfo sName="gf" occurrence="3"><sValue occurrence="1">DO</sValue><sValue occurrence="1">VFIN</sValue><sValue occurrence="1">ADVCAUS</sValue></sAnnotationInfo><sAnnotationInfo sName="cat" occurrence="3"><sValue occurrence="1">PP</sValue><sValue occurrence="1">VP</sValue><sValue occurrence="1">NP</sValue></sAnnotationInfo><sAnnotationInfo sName="definiteness" occurrence="1"><sValue occurrence="1">DEF</sValue></sAnnotationInfo></sDocumentInfo>