<?xml version="1.0" ?><sDocumentInfo generatedOn="2015-10-31 21:20:29" sName="T_220__08a_epsilon" id="salt:/b4.tatian/T_220__08a_epsilon"><metaDataInfo><entry key="page">220</entry><entry key="X::abbreviation">X</entry><entry key="corpus-code">T</entry><entry key="line">08a</entry><entry key="writer">epsilon</entry><entry key="X::sex">m</entry></metaDataInfo><structuralInfo><entry key="SNode">35</entry><entry key="STimeline">1</entry><entry key="STextualDS">1</entry><entry key="SToken">5</entry><entry key="SSpan">28</entry><entry key="SRelation">59</entry><entry key="SSpanningRelation">49</entry></structuralInfo><sAnnotationInfo sName="context" occurrence="1"><sValue occurrence="1">Sprecherwechsel</sValue></sAnnotationInfo><sAnnotationInfo sName="syl_no" occurrence="4"><sValue occurrence="1">3</sValue><sValue occurrence="3">1</sValue></sAnnotationInfo><sAnnotationInfo sName="LAT" occurrence="3"><sValue occurrence="1">Dixit</sValue><sValue occurrence="1">ihesus</sValue><sValue occurrence="1">eis</sValue></sAnnotationInfo><sAnnotationInfo sName="givenness" occurrence="2"><sValue occurrence="2">GIV</sValue></sAnnotationInfo><sAnnotationInfo sName="bibl" occurrence="1"><sValue occurrence="1">T 220, 8 (1) Epsilon Io 8, 58</sValue></sAnnotationInfo><sAnnotationInfo sName="comment" occurrence="1"><sValue occurrence="1">V2 + thô gegen V1 im Original</sValue></sAnnotationInfo><sAnnotationInfo sName="clause-status" occurrence="1"><sValue occurrence="1">MAINDECL</sValue></sAnnotationInfo><sAnnotationInfo sName="pos" occurrence="5"><sValue occurrence="1">V</sValue><sValue occurrence="1">PRONPRS</sValue><sValue occurrence="1">N</sValue><sValue occurrence="1">PRONDEM</sValue><sValue occurrence="1">ADV</sValue></sAnnotationInfo><sAnnotationInfo sName="gf" occurrence="4"><sValue occurrence="1">IO</sValue><sValue occurrence="1">ADVTEMP</sValue><sValue occurrence="1">VFIN</sValue><sValue occurrence="1">SUBJ</sValue></sAnnotationInfo><sAnnotationInfo sName="cat" occurrence="4"><sValue occurrence="1">VP</sValue><sValue occurrence="2">NP</sValue><sValue occurrence="1">ADVP</sValue></sAnnotationInfo><sAnnotationInfo sName="definiteness" occurrence="2"><sValue occurrence="2">DEF</sValue></sAnnotationInfo></sDocumentInfo>