<?xml version="1.0" standalone="no"?>


<!DOCTYPE sfb632_standard SYSTEM "sfb632_feat.dtd">
<sfb632_standard version="1.0">

<header sfb_id="tiger.ID_maz-16153_pos" type="pos"/>

<featList xmlns:xlink="http://www.w3.org/1999/xlink" type="pos" xml:base="urml.maz-16153.tok.xml">

<feat xlink:href="#tok_1" value="stts.type_pos.xml#PIS"/><!-- Alles -->
<feat xlink:href="#tok_2" value="stts.type_pos.xml#ADJD"/><!-- offen -->
<feat xlink:href="#tok_3" value="stts.type_pos.xml#APPR"/><!-- In -->
<feat xlink:href="#tok_4" value="stts.type_pos.xml#NE"/><!-- Berlin -->
<feat xlink:href="#tok_5" value="stts.type_pos.xml#VAFIN"/><!-- haben -->
<feat xlink:href="#tok_6" value="stts.type_pos.xml#ART"/><!-- die -->
<feat xlink:href="#tok_7" value="stts.type_pos.xml#ADJA"/><!-- rot_roten -->
<feat xlink:href="#tok_8" value="stts.type_pos.xml#NN"/><!-- Verhandlungspartner -->
<feat xlink:href="#tok_9" value="stts.type_pos.xml#ART"/><!-- eine -->
<feat xlink:href="#tok_10" value="stts.type_pos.xml#ADJA"/><!-- wichtige -->
<feat xlink:href="#tok_11" value="stts.type_pos.xml#NN"/><!-- Regel -->
<feat xlink:href="#tok_12" value="stts.type_pos.xml#APPR"/><!-- von -->
<feat xlink:href="#tok_13" value="stts.type_pos.xml#NN"/><!-- Koalitionsrunden -->
<feat xlink:href="#tok_14" value="stts.type_pos.xml#VVPP"/><!-- befolgt -->
<feat xlink:href="#tok_15" value="stts.type_pos.xml#DOLLAR_COMMA"/><!-- , -->
<feat xlink:href="#tok_16" value="stts.type_pos.xml#ADV"/><!-- nÃ¤mlich -->
<feat xlink:href="#tok_17" value="stts.type_pos.xml#ART"/><!-- die -->
<feat xlink:href="#tok_18" value="stts.type_pos.xml#DOLLAR_OPENPAREN"/><!-- " -->
<feat xlink:href="#tok_19" value="stts.type_pos.xml#ADJA"/><!-- heiÃen -->
<feat xlink:href="#tok_20" value="stts.type_pos.xml#NN"/><!-- Eisen -->
<feat xlink:href="#tok_21" value="stts.type_pos.xml#DOLLAR_OPENPAREN"/><!-- " -->
<feat xlink:href="#tok_22" value="stts.type_pos.xml#ADV"/><!-- mÃ¶glichst -->
<feat xlink:href="#tok_23" value="stts.type_pos.xml#ADV"/><!-- gleich -->
<feat xlink:href="#tok_24" value="stts.type_pos.xml#VVIZU"/><!-- anzupacken -->
<feat xlink:href="#tok_25" value="stts.type_pos.xml#DOLLAR_PERIOD"/><!-- . -->
<feat xlink:href="#tok_26" value="stts.type_pos.xml#NE"/><!-- Olympia -->
<feat xlink:href="#tok_27" value="stts.type_pos.xml#VAFIN"/><!-- war -->
<feat xlink:href="#tok_28" value="stts.type_pos.xml#ART"/><!-- ein -->
<feat xlink:href="#tok_29" value="stts.type_pos.xml#DOLLAR_OPENPAREN"/><!-- " -->
<feat xlink:href="#tok_30" value="stts.type_pos.xml#ADJA"/><!-- heiÃes -->
<feat xlink:href="#tok_31" value="stts.type_pos.xml#NN"/><!-- Eisen -->
<feat xlink:href="#tok_32" value="stts.type_pos.xml#DOLLAR_OPENPAREN"/><!-- " -->
<feat xlink:href="#tok_33" value="stts.type_pos.xml#DOLLAR_COMMA"/><!-- , -->
<feat xlink:href="#tok_34" value="stts.type_pos.xml#ART"/><!-- das -->
<feat xlink:href="#tok_35" value="stts.type_pos.xml#ADJA"/><!-- andere -->
<feat xlink:href="#tok_36" value="stts.type_pos.xml#ART"/><!-- der -->
<feat xlink:href="#tok_37" value="stts.type_pos.xml#NN"/><!-- Ausbau -->
<feat xlink:href="#tok_38" value="stts.type_pos.xml#NE"/><!-- SchÃ¶nefelds -->
<feat xlink:href="#tok_39" value="stts.type_pos.xml#DOLLAR_PERIOD"/><!-- . -->
<feat xlink:href="#tok_40" value="stts.type_pos.xml#ART"/><!-- Die -->
<feat xlink:href="#tok_41" value="stts.type_pos.xml#NN"/><!-- Absage -->
<feat xlink:href="#tok_42" value="stts.type_pos.xml#APPR"/><!-- an -->
<feat xlink:href="#tok_43" value="stts.type_pos.xml#ART"/><!-- eine -->
<feat xlink:href="#tok_44" value="stts.type_pos.xml#NN"/><!-- Olympiabewerbung -->
<feat xlink:href="#tok_45" value="stts.type_pos.xml#KON"/><!-- und -->
<feat xlink:href="#tok_46" value="stts.type_pos.xml#ART"/><!-- der -->
<feat xlink:href="#tok_47" value="stts.type_pos.xml#NN"/><!-- Verweis -->
<feat xlink:href="#tok_48" value="stts.type_pos.xml#APPR"/><!-- auf -->
<feat xlink:href="#tok_49" value="stts.type_pos.xml#ART"/><!-- die -->
<feat xlink:href="#tok_50" value="stts.type_pos.xml#ADJA"/><!-- desolate -->
<feat xlink:href="#tok_51" value="stts.type_pos.xml#NN"/><!-- Haushaltslage -->
<feat xlink:href="#tok_52" value="stts.type_pos.xml#VAFIN"/><!-- sind -->
<feat xlink:href="#tok_53" value="stts.type_pos.xml#ADJD"/><!-- einleuchtend -->
<feat xlink:href="#tok_54" value="stts.type_pos.xml#DOLLAR_PERIOD"/><!-- . -->
<feat xlink:href="#tok_55" value="stts.type_pos.xml#ADJD"/><!-- Weit -->
<feat xlink:href="#tok_56" value="stts.type_pos.xml#ADJD"/><!-- verwirrender -->
<feat xlink:href="#tok_57" value="stts.type_pos.xml#VAFIN"/><!-- ist -->
<feat xlink:href="#tok_58" value="stts.type_pos.xml#ART"/><!-- das -->
<feat xlink:href="#tok_59" value="stts.type_pos.xml#NN"/><!-- Flughafen_Votum -->
<feat xlink:href="#tok_60" value="stts.type_pos.xml#DOLLAR_PERIOD"/><!-- . -->
<feat xlink:href="#tok_61" value="stts.type_pos.xml#APPR"/><!-- Nach -->
<feat xlink:href="#tok_62" value="stts.type_pos.xml#ADV"/><!-- auÃen -->
<feat xlink:href="#tok_63" value="stts.type_pos.xml#VAFIN"/><!-- wird -->
<feat xlink:href="#tok_64" value="stts.type_pos.xml#ART"/><!-- der -->
<feat xlink:href="#tok_65" value="stts.type_pos.xml#NN"/><!-- Eindruck -->
<feat xlink:href="#tok_66" value="stts.type_pos.xml#VVPP"/><!-- vermittelt -->
<feat xlink:href="#tok_67" value="stts.type_pos.xml#DOLLAR_COMMA"/><!-- , -->
<feat xlink:href="#tok_68" value="stts.type_pos.xml#ART"/><!-- ein -->
<feat xlink:href="#tok_69" value="stts.type_pos.xml#NN"/><!-- Streitthema -->
<feat xlink:href="#tok_70" value="stts.type_pos.xml#VAFIN"/><!-- sei -->
<feat xlink:href="#tok_71" value="stts.type_pos.xml#APPRART"/><!-- vom -->
<feat xlink:href="#tok_72" value="stts.type_pos.xml#NN"/><!-- Tisch -->
<feat xlink:href="#tok_73" value="stts.type_pos.xml#DOLLAR_COMMA"/><!-- , -->
<feat xlink:href="#tok_74" value="stts.type_pos.xml#ART"/><!-- die -->
<feat xlink:href="#tok_75" value="stts.type_pos.xml#NE"/><!-- PDS -->
<feat xlink:href="#tok_76" value="stts.type_pos.xml#VAFIN"/><!-- habe -->
<feat xlink:href="#tok_77" value="stts.type_pos.xml#ADJD"/><!-- klein -->
<feat xlink:href="#tok_78" value="stts.type_pos.xml#VVPP"/><!-- beigegeben -->
<feat xlink:href="#tok_79" value="stts.type_pos.xml#DOLLAR_PERIOD"/><!-- . -->
<feat xlink:href="#tok_80" value="stts.type_pos.xml#KON"/><!-- Doch -->
<feat xlink:href="#tok_81" value="stts.type_pos.xml#APPRART"/><!-- beim -->
<feat xlink:href="#tok_82" value="stts.type_pos.xml#ADJA"/><!-- genauen -->
<feat xlink:href="#tok_83" value="stts.type_pos.xml#NN"/><!-- Lesen -->
<feat xlink:href="#tok_84" value="stts.type_pos.xml#ART"/><!-- des -->
<feat xlink:href="#tok_85" value="stts.type_pos.xml#NN"/><!-- Beschlusses -->
<feat xlink:href="#tok_86" value="stts.type_pos.xml#VAFIN"/><!-- wird -->
<feat xlink:href="#tok_87" value="stts.type_pos.xml#ADJD"/><!-- deutlich -->
<feat xlink:href="#tok_88" value="stts.type_pos.xml#DOLLAR_PERIOD"/><!-- : -->
<feat xlink:href="#tok_89" value="stts.type_pos.xml#ART"/><!-- Die -->
<feat xlink:href="#tok_90" value="stts.type_pos.xml#NN"/><!-- Verhandlungspartner -->
<feat xlink:href="#tok_91" value="stts.type_pos.xml#VAFIN"/><!-- haben -->
<feat xlink:href="#tok_92" value="stts.type_pos.xml#ART"/><!-- eine -->
<feat xlink:href="#tok_93" value="stts.type_pos.xml#ADJA"/><!-- geschickte -->
<feat xlink:href="#tok_94" value="stts.type_pos.xml#DOLLAR_COMMA"/><!-- , -->
<feat xlink:href="#tok_95" value="stts.type_pos.xml#KON"/><!-- weil -->
<feat xlink:href="#tok_96" value="stts.type_pos.xml#ADJD"/><!-- weit -->
<feat xlink:href="#tok_97" value="stts.type_pos.xml#ADJA"/><!-- interpretierbare -->
<feat xlink:href="#tok_98" value="stts.type_pos.xml#NN"/><!-- Formel -->
<feat xlink:href="#tok_99" value="stts.type_pos.xml#VVPP"/><!-- gefunden -->
<feat xlink:href="#tok_100" value="stts.type_pos.xml#DOLLAR_COMMA"/><!-- , -->
<feat xlink:href="#tok_101" value="stts.type_pos.xml#APPR"/><!-- mit -->
<feat xlink:href="#tok_102" value="stts.type_pos.xml#PRELS"/><!-- der -->
<feat xlink:href="#tok_103" value="stts.type_pos.xml#PPER"/><!-- sie -->
<feat xlink:href="#tok_104" value="stts.type_pos.xml#PRF"/><!-- sich -->
<feat xlink:href="#tok_105" value="stts.type_pos.xml#APPR"/><!-- gegen -->
<feat xlink:href="#tok_106" value="stts.type_pos.xml#PIAT"/><!-- alle -->
<feat xlink:href="#tok_107" value="stts.type_pos.xml#NN"/><!-- Risiken -->
<feat xlink:href="#tok_108" value="stts.type_pos.xml#VVFIN"/><!-- absichern -->
<feat xlink:href="#tok_109" value="stts.type_pos.xml#DOLLAR_PERIOD"/><!-- . -->
<feat xlink:href="#tok_110" value="stts.type_pos.xml#ADV"/><!-- Zwar -->
<feat xlink:href="#tok_111" value="stts.type_pos.xml#VAFIN"/><!-- wird -->
<feat xlink:href="#tok_112" value="stts.type_pos.xml#ART"/><!-- das -->
<feat xlink:href="#tok_113" value="stts.type_pos.xml#NN"/><!-- Planfeststellungsverfahren -->
<feat xlink:href="#tok_114" value="stts.type_pos.xml#VVPP"/><!-- fortgesetzt -->
<feat xlink:href="#tok_115" value="stts.type_pos.xml#DOLLAR_COMMA"/><!-- , -->
<feat xlink:href="#tok_116" value="stts.type_pos.xml#KOUS"/><!-- weil -->
<feat xlink:href="#tok_117" value="stts.type_pos.xml#ADV"/><!-- auch -->
<feat xlink:href="#tok_118" value="stts.type_pos.xml#ART"/><!-- die -->
<feat xlink:href="#tok_119" value="stts.type_pos.xml#NE"/><!-- PDS -->
<feat xlink:href="#tok_120" value="stts.type_pos.xml#VVINF"/><!-- erkennen -->
<feat xlink:href="#tok_121" value="stts.type_pos.xml#VMFIN"/><!-- musste -->
<feat xlink:href="#tok_122" value="stts.type_pos.xml#DOLLAR_COMMA"/><!-- , -->
<feat xlink:href="#tok_123" value="stts.type_pos.xml#KOUS"/><!-- dass -->
<feat xlink:href="#tok_124" value="stts.type_pos.xml#PPER"/><!-- es -->
<feat xlink:href="#tok_125" value="stts.type_pos.xml#PIAT"/><!-- kein -->
<feat xlink:href="#tok_126" value="stts.type_pos.xml#NN"/><!-- ZurÃ¼ck -->
<feat xlink:href="#tok_127" value="stts.type_pos.xml#VVFIN"/><!-- gibt -->
<feat xlink:href="#tok_128" value="stts.type_pos.xml#DOLLAR_COMMA"/><!-- , -->
<feat xlink:href="#tok_129" value="stts.type_pos.xml#KON"/><!-- doch -->
<feat xlink:href="#tok_130" value="stts.type_pos.xml#ART"/><!-- die -->
<feat xlink:href="#tok_131" value="stts.type_pos.xml#NN"/><!-- Bedenken -->
<feat xlink:href="#tok_132" value="stts.type_pos.xml#VVFIN"/><!-- bleiben -->
<feat xlink:href="#tok_133" value="stts.type_pos.xml#DOLLAR_PERIOD"/><!-- . -->
<feat xlink:href="#tok_134" value="stts.type_pos.xml#PWAV"/><!-- Wie -->
<feat xlink:href="#tok_135" value="stts.type_pos.xml#PPER"/><!-- es -->
<feat xlink:href="#tok_136" value="stts.type_pos.xml#VVFIN"/><!-- weitergeht -->
<feat xlink:href="#tok_137" value="stts.type_pos.xml#DOLLAR_COMMA"/><!-- , -->
<feat xlink:href="#tok_138" value="stts.type_pos.xml#KOUS"/><!-- wenn -->
<feat xlink:href="#tok_139" value="stts.type_pos.xml#ART"/><!-- die -->
<feat xlink:href="#tok_140" value="stts.type_pos.xml#NN"/><!-- Privatisierung -->
<feat xlink:href="#tok_141" value="stts.type_pos.xml#ART"/><!-- der -->
<feat xlink:href="#tok_142" value="stts.type_pos.xml#NN"/><!-- Flughafengesellschaft -->
<feat xlink:href="#tok_143" value="stts.type_pos.xml#PTKNEG"/><!-- nicht -->
<feat xlink:href="#tok_144" value="stts.type_pos.xml#ADV"/><!-- zustande -->
<feat xlink:href="#tok_145" value="stts.type_pos.xml#VVFIN"/><!-- kommt -->
<feat xlink:href="#tok_146" value="stts.type_pos.xml#DOLLAR_COMMA"/><!-- , -->
<feat xlink:href="#tok_147" value="stts.type_pos.xml#VVFIN"/><!-- steht -->
<feat xlink:href="#tok_148" value="stts.type_pos.xml#APPR"/><!-- in -->
<feat xlink:href="#tok_149" value="stts.type_pos.xml#ART"/><!-- den -->
<feat xlink:href="#tok_150" value="stts.type_pos.xml#NN"/><!-- Sternen -->
<feat xlink:href="#tok_151" value="stts.type_pos.xml#DOLLAR_PERIOD"/><!-- . -->
</featList>

</sfb632_standard>
