<?xml version="1.0" standalone="no"?>


<!DOCTYPE sfb632_standard SYSTEM "sfb632_feat.dtd">
<sfb632_standard version="1.0">

<header sfb_id="tiger.ID_maz-16153_lemma" type="lemma"/>

<featList xmlns:xlink="http://www.w3.org/1999/xlink" type="lemma" xml:base="urml.maz-16153.tok.xml">

<feat xlink:href="#tok_1" value="alle"/><!-- Alles -->
<feat xlink:href="#tok_2" value="offen"/><!-- offen -->
<feat xlink:href="#tok_3" value="in"/><!-- In -->
<feat xlink:href="#tok_4" value="Berlin"/><!-- Berlin -->
<feat xlink:href="#tok_5" value="haben"/><!-- haben -->
<feat xlink:href="#tok_6" value="der"/><!-- die -->
<feat xlink:href="#tok_7" value="rot-rot"/><!-- rot_roten -->
<feat xlink:href="#tok_8" value="Verhandlungspartner"/><!-- Verhandlungspartner -->
<feat xlink:href="#tok_9" value="ein"/><!-- eine -->
<feat xlink:href="#tok_10" value="wichtig"/><!-- wichtige -->
<feat xlink:href="#tok_11" value="Regel"/><!-- Regel -->
<feat xlink:href="#tok_12" value="von"/><!-- von -->
<feat xlink:href="#tok_13" value="Koalitionsrunde"/><!-- Koalitionsrunden -->
<feat xlink:href="#tok_14" value="befolgen"/><!-- befolgt -->
<feat xlink:href="#tok_15" value=","/><!-- , -->
<feat xlink:href="#tok_16" value="n&#xE4;mlich"/><!-- nÃ¤mlich -->
<feat xlink:href="#tok_17" value="der"/><!-- die -->
<feat xlink:href="#tok_18" value="&quot;"/><!-- " -->
<feat xlink:href="#tok_19" value="hei&#xDF;"/><!-- heiÃen -->
<feat xlink:href="#tok_20" value="Eisen"/><!-- Eisen -->
<feat xlink:href="#tok_21" value="&quot;"/><!-- " -->
<feat xlink:href="#tok_22" value="m&#xF6;glichst"/><!-- mÃ¶glichst -->
<feat xlink:href="#tok_23" value="gleich"/><!-- gleich -->
<feat xlink:href="#tok_24" value="anpacken"/><!-- anzupacken -->
<feat xlink:href="#tok_25" value="."/><!-- . -->
<feat xlink:href="#tok_26" value="Olympia"/><!-- Olympia -->
<feat xlink:href="#tok_27" value="sein"/><!-- war -->
<feat xlink:href="#tok_28" value="ein"/><!-- ein -->
<feat xlink:href="#tok_29" value="&quot;"/><!-- " -->
<feat xlink:href="#tok_30" value="hei&#xDF;"/><!-- heiÃes -->
<feat xlink:href="#tok_31" value="Eisen"/><!-- Eisen -->
<feat xlink:href="#tok_32" value="&quot;"/><!-- " -->
<feat xlink:href="#tok_33" value=","/><!-- , -->
<feat xlink:href="#tok_34" value="der"/><!-- das -->
<feat xlink:href="#tok_35" value="anderer"/><!-- andere -->
<feat xlink:href="#tok_36" value="der"/><!-- der -->
<feat xlink:href="#tok_37" value="Ausbau"/><!-- Ausbau -->
<feat xlink:href="#tok_38" value="Sch&#xF6;nefeld"/><!-- SchÃ¶nefelds -->
<feat xlink:href="#tok_39" value="."/><!-- . -->
<feat xlink:href="#tok_40" value="der"/><!-- Die -->
<feat xlink:href="#tok_41" value="Absage"/><!-- Absage -->
<feat xlink:href="#tok_42" value="an"/><!-- an -->
<feat xlink:href="#tok_43" value="ein"/><!-- eine -->
<feat xlink:href="#tok_44" value="Olympiabewerbung"/><!-- Olympiabewerbung -->
<feat xlink:href="#tok_45" value="und"/><!-- und -->
<feat xlink:href="#tok_46" value="der"/><!-- der -->
<feat xlink:href="#tok_47" value="Verweis"/><!-- Verweis -->
<feat xlink:href="#tok_48" value="auf"/><!-- auf -->
<feat xlink:href="#tok_49" value="der"/><!-- die -->
<feat xlink:href="#tok_50" value="desolat"/><!-- desolate -->
<feat xlink:href="#tok_51" value="Haushaltslage"/><!-- Haushaltslage -->
<feat xlink:href="#tok_52" value="sein"/><!-- sind -->
<feat xlink:href="#tok_53" value="einleuchtend"/><!-- einleuchtend -->
<feat xlink:href="#tok_54" value="."/><!-- . -->
<feat xlink:href="#tok_55" value="weit"/><!-- Weit -->
<feat xlink:href="#tok_56" value="verwirrend"/><!-- verwirrender -->
<feat xlink:href="#tok_57" value="sein"/><!-- ist -->
<feat xlink:href="#tok_58" value="der"/><!-- das -->
<feat xlink:href="#tok_59" value="Flughafen-Votum"/><!-- Flughafen_Votum -->
<feat xlink:href="#tok_60" value="."/><!-- . -->
<feat xlink:href="#tok_61" value="nach"/><!-- Nach -->
<feat xlink:href="#tok_62" value="au&#xDF;en"/><!-- auÃen -->
<feat xlink:href="#tok_63" value="werden"/><!-- wird -->
<feat xlink:href="#tok_64" value="der"/><!-- der -->
<feat xlink:href="#tok_65" value="Eindruck"/><!-- Eindruck -->
<feat xlink:href="#tok_66" value="vermitteln"/><!-- vermittelt -->
<feat xlink:href="#tok_67" value=","/><!-- , -->
<feat xlink:href="#tok_68" value="ein"/><!-- ein -->
<feat xlink:href="#tok_69" value="Streitthema"/><!-- Streitthema -->
<feat xlink:href="#tok_70" value="sein"/><!-- sei -->
<feat xlink:href="#tok_71" value="von"/><!-- vom -->
<feat xlink:href="#tok_72" value="Tisch"/><!-- Tisch -->
<feat xlink:href="#tok_73" value=","/><!-- , -->
<feat xlink:href="#tok_74" value="der"/><!-- die -->
<feat xlink:href="#tok_75" value="PDS"/><!-- PDS -->
<feat xlink:href="#tok_76" value="haben"/><!-- habe -->
<feat xlink:href="#tok_77" value="klein"/><!-- klein -->
<feat xlink:href="#tok_78" value="beigeben"/><!-- beigegeben -->
<feat xlink:href="#tok_79" value="."/><!-- . -->
<feat xlink:href="#tok_80" value="doch"/><!-- Doch -->
<feat xlink:href="#tok_81" value="bei"/><!-- beim -->
<feat xlink:href="#tok_82" value="genau"/><!-- genauen -->
<feat xlink:href="#tok_83" value="lesen"/><!-- Lesen -->
<feat xlink:href="#tok_84" value="der"/><!-- des -->
<feat xlink:href="#tok_85" value="Beschluss"/><!-- Beschlusses -->
<feat xlink:href="#tok_86" value="werden"/><!-- wird -->
<feat xlink:href="#tok_87" value="deutlich"/><!-- deutlich -->
<feat xlink:href="#tok_88" value=":"/><!-- : -->
<feat xlink:href="#tok_89" value="der"/><!-- Die -->
<feat xlink:href="#tok_90" value="Verhandlungspartner"/><!-- Verhandlungspartner -->
<feat xlink:href="#tok_91" value="haben"/><!-- haben -->
<feat xlink:href="#tok_92" value="ein"/><!-- eine -->
<feat xlink:href="#tok_93" value="geschickt"/><!-- geschickte -->
<feat xlink:href="#tok_94" value=","/><!-- , -->
<feat xlink:href="#tok_95" value="weil"/><!-- weil -->
<feat xlink:href="#tok_96" value="weit"/><!-- weit -->
<feat xlink:href="#tok_97" value="interpretierbar"/><!-- interpretierbare -->
<feat xlink:href="#tok_98" value="Formel"/><!-- Formel -->
<feat xlink:href="#tok_99" value="finden"/><!-- gefunden -->
<feat xlink:href="#tok_100" value=","/><!-- , -->
<feat xlink:href="#tok_101" value="mit"/><!-- mit -->
<feat xlink:href="#tok_102" value="der"/><!-- der -->
<feat xlink:href="#tok_103" value="sie"/><!-- sie -->
<feat xlink:href="#tok_104" value="sich"/><!-- sich -->
<feat xlink:href="#tok_105" value="gegen"/><!-- gegen -->
<feat xlink:href="#tok_106" value="aller"/><!-- alle -->
<feat xlink:href="#tok_107" value="Risiko"/><!-- Risiken -->
<feat xlink:href="#tok_108" value="absichern"/><!-- absichern -->
<feat xlink:href="#tok_109" value="."/><!-- . -->
<feat xlink:href="#tok_110" value="zwar"/><!-- Zwar -->
<feat xlink:href="#tok_111" value="werden"/><!-- wird -->
<feat xlink:href="#tok_112" value="der"/><!-- das -->
<feat xlink:href="#tok_113" value="Planfeststellungsverfahren"/><!-- Planfeststellungsverfahren -->
<feat xlink:href="#tok_114" value="fortsetzen"/><!-- fortgesetzt -->
<feat xlink:href="#tok_115" value=","/><!-- , -->
<feat xlink:href="#tok_116" value="weil"/><!-- weil -->
<feat xlink:href="#tok_117" value="auch"/><!-- auch -->
<feat xlink:href="#tok_118" value="der"/><!-- die -->
<feat xlink:href="#tok_119" value="PDS"/><!-- PDS -->
<feat xlink:href="#tok_120" value="erkennen"/><!-- erkennen -->
<feat xlink:href="#tok_121" value="m&#xFC;ssen"/><!-- musste -->
<feat xlink:href="#tok_122" value=","/><!-- , -->
<feat xlink:href="#tok_123" value="dass"/><!-- dass -->
<feat xlink:href="#tok_124" value="es"/><!-- es -->
<feat xlink:href="#tok_125" value="kein"/><!-- kein -->
<feat xlink:href="#tok_126" value="Zur&#xFC;ck"/><!-- ZurÃ¼ck -->
<feat xlink:href="#tok_127" value="geben"/><!-- gibt -->
<feat xlink:href="#tok_128" value=","/><!-- , -->
<feat xlink:href="#tok_129" value="doch"/><!-- doch -->
<feat xlink:href="#tok_130" value="der"/><!-- die -->
<feat xlink:href="#tok_131" value="Bedenken"/><!-- Bedenken -->
<feat xlink:href="#tok_132" value="bleiben"/><!-- bleiben -->
<feat xlink:href="#tok_133" value="."/><!-- . -->
<feat xlink:href="#tok_134" value="wie"/><!-- Wie -->
<feat xlink:href="#tok_135" value="es"/><!-- es -->
<feat xlink:href="#tok_136" value="weitergehen"/><!-- weitergeht -->
<feat xlink:href="#tok_137" value=","/><!-- , -->
<feat xlink:href="#tok_138" value="wenn"/><!-- wenn -->
<feat xlink:href="#tok_139" value="der"/><!-- die -->
<feat xlink:href="#tok_140" value="Privatisierung"/><!-- Privatisierung -->
<feat xlink:href="#tok_141" value="der"/><!-- der -->
<feat xlink:href="#tok_142" value="Flughafengesellschaft"/><!-- Flughafengesellschaft -->
<feat xlink:href="#tok_143" value="nicht"/><!-- nicht -->
<feat xlink:href="#tok_144" value="zustande"/><!-- zustande -->
<feat xlink:href="#tok_145" value="kommen"/><!-- kommt -->
<feat xlink:href="#tok_146" value=","/><!-- , -->
<feat xlink:href="#tok_147" value="stehen"/><!-- steht -->
<feat xlink:href="#tok_148" value="in"/><!-- in -->
<feat xlink:href="#tok_149" value="der"/><!-- den -->
<feat xlink:href="#tok_150" value="Stern"/><!-- Sternen -->
<feat xlink:href="#tok_151" value="."/><!-- . -->
</featList>

</sfb632_standard>
