<?xml version="1.0" standalone="no"?>


<!DOCTYPE sfb632_standard SYSTEM "sfb632_feat.dtd">
<sfb632_standard version="1.0">

<header sfb_id="tiger.ID_maz-16153_cat" type="cat"/>

<featList xmlns:xlink="http://www.w3.org/1999/xlink" type="cat" xml:base="tiger.ID_maz-16153.const.xml">

<feat xlink:href="#const_1" value="S"/>
<feat xlink:href="#const_2" value="PP"/>
<feat xlink:href="#const_3" value="NP"/>
<feat xlink:href="#const_4" value="PP"/>
<feat xlink:href="#const_5" value="NP"/>
<feat xlink:href="#const_6" value="AVP"/>
<feat xlink:href="#const_7" value="VP"/>
<feat xlink:href="#const_8" value="NP"/>
<feat xlink:href="#const_9" value="VP"/>
<feat xlink:href="#const_10" value="S"/>
<feat xlink:href="#const_11" value="NP"/>
<feat xlink:href="#const_12" value="NP"/>
<feat xlink:href="#const_13" value="NP"/>
<feat xlink:href="#const_14" value="S"/>
<feat xlink:href="#const_15" value="S"/>
<feat xlink:href="#const_16" value="CS"/>
<feat xlink:href="#const_17" value="PP"/>
<feat xlink:href="#const_18" value="PP"/>
<feat xlink:href="#const_19" value="NP"/>
<feat xlink:href="#const_20" value="NP"/>
<feat xlink:href="#const_21" value="CNP"/>
<feat xlink:href="#const_22" value="S"/>
<feat xlink:href="#const_23" value="AP"/>
<feat xlink:href="#const_24" value="NP"/>
<feat xlink:href="#const_25" value="S"/>
<feat xlink:href="#const_26" value="PP"/>
<feat xlink:href="#const_27" value="NP"/>
<feat xlink:href="#const_28" value="PP"/>
<feat xlink:href="#const_29" value="NP"/>
<feat xlink:href="#const_30" value="VP"/>
<feat xlink:href="#const_31" value="VP"/>
<feat xlink:href="#const_32" value="S"/>
<feat xlink:href="#const_33" value="S"/>
<feat xlink:href="#const_34" value="CS"/>
<feat xlink:href="#const_35" value="NP"/>
<feat xlink:href="#const_36" value="S"/>
<feat xlink:href="#const_37" value="NP"/>
<feat xlink:href="#const_38" value="PP"/>
<feat xlink:href="#const_39" value="S"/>
<feat xlink:href="#const_40" value="NP"/>
<feat xlink:href="#const_41" value="AP"/>
<feat xlink:href="#const_42" value="PP"/>
<feat xlink:href="#const_43" value="PP"/>
<feat xlink:href="#const_44" value="CAP"/>
<feat xlink:href="#const_45" value="S"/>
<feat xlink:href="#const_46" value="NP"/>
<feat xlink:href="#const_47" value="VP"/>
<feat xlink:href="#const_48" value="S"/>
<feat xlink:href="#const_49" value="NP"/>
<feat xlink:href="#const_50" value="NP"/>
<feat xlink:href="#const_51" value="NP"/>
<feat xlink:href="#const_52" value="NP"/>
<feat xlink:href="#const_53" value="S"/>
<feat xlink:href="#const_54" value="S"/>
<feat xlink:href="#const_55" value="VP"/>
<feat xlink:href="#const_56" value="S"/>
<feat xlink:href="#const_57" value="VP"/>
<feat xlink:href="#const_58" value="S"/>
<feat xlink:href="#const_59" value="CS"/>
<feat xlink:href="#const_60" value="NP"/>
<feat xlink:href="#const_61" value="PP"/>
<feat xlink:href="#const_62" value="NP"/>
<feat xlink:href="#const_63" value="S"/>
<feat xlink:href="#const_64" value="S"/>
<feat xlink:href="#const_65" value="S"/>
</featList>

</sfb632_standard>
