<?xml version="1.0" standalone="no"?>


<!DOCTYPE sfb632_standard SYSTEM "sfb632_feat.dtd">
<sfb632_standard version="1.0">

<header sfb_id="tiger.ID_maz-16153_morph" type="morph"/>

<featList xmlns:xlink="http://www.w3.org/1999/xlink" type="morph" xml:base="urml.maz-16153.tok.xml">

<feat xlink:href="#tok_1" value="Nom.Sg.Neut"/><!-- Alles -->
<feat xlink:href="#tok_2" value="Pos"/><!-- offen -->
<feat xlink:href="#tok_3" value="--"/><!-- In -->
<feat xlink:href="#tok_4" value="Dat.Sg.Neut"/><!-- Berlin -->
<feat xlink:href="#tok_5" value="3.Pl.Pres.Ind"/><!-- haben -->
<feat xlink:href="#tok_6" value="Nom.Pl.Masc"/><!-- die -->
<feat xlink:href="#tok_7" value="Pos.Nom.Pl.Masc"/><!-- rot_roten -->
<feat xlink:href="#tok_8" value="Nom.Pl.Masc"/><!-- Verhandlungspartner -->
<feat xlink:href="#tok_9" value="Acc.Sg.Fem"/><!-- eine -->
<feat xlink:href="#tok_10" value="Pos.Acc.Sg.Fem"/><!-- wichtige -->
<feat xlink:href="#tok_11" value="Acc.Sg.Fem"/><!-- Regel -->
<feat xlink:href="#tok_12" value="--"/><!-- von -->
<feat xlink:href="#tok_13" value="Dat.Pl.Fem"/><!-- Koalitionsrunden -->
<feat xlink:href="#tok_14" value="Psp"/><!-- befolgt -->
<feat xlink:href="#tok_15" value="--"/><!-- , -->
<feat xlink:href="#tok_16" value="--"/><!-- nÃ¤mlich -->
<feat xlink:href="#tok_17" value="Acc.Pl.Neut"/><!-- die -->
<feat xlink:href="#tok_18" value="--"/><!-- " -->
<feat xlink:href="#tok_19" value="Pos.Acc.Pl.Neut"/><!-- heiÃen -->
<feat xlink:href="#tok_20" value="Acc.Pl.Neut"/><!-- Eisen -->
<feat xlink:href="#tok_21" value="--"/><!-- " -->
<feat xlink:href="#tok_22" value="--"/><!-- mÃ¶glichst -->
<feat xlink:href="#tok_23" value="--"/><!-- gleich -->
<feat xlink:href="#tok_24" value="Infzu"/><!-- anzupacken -->
<feat xlink:href="#tok_25" value="--"/><!-- . -->
<feat xlink:href="#tok_26" value="Nom.Sg.Neut"/><!-- Olympia -->
<feat xlink:href="#tok_27" value="3.Sg.Past.Ind"/><!-- war -->
<feat xlink:href="#tok_28" value="Nom.Sg.Neut"/><!-- ein -->
<feat xlink:href="#tok_29" value="--"/><!-- " -->
<feat xlink:href="#tok_30" value="Pos.Nom.Sg.Neut"/><!-- heiÃes -->
<feat xlink:href="#tok_31" value="Nom.Sg.Neut"/><!-- Eisen -->
<feat xlink:href="#tok_32" value="--"/><!-- " -->
<feat xlink:href="#tok_33" value="--"/><!-- , -->
<feat xlink:href="#tok_34" value="Nom.Sg.Neut"/><!-- das -->
<feat xlink:href="#tok_35" value="Pos.Nom.Sg.Neut"/><!-- andere -->
<feat xlink:href="#tok_36" value="Nom.Sg.Masc"/><!-- der -->
<feat xlink:href="#tok_37" value="Nom.Sg.Masc"/><!-- Ausbau -->
<feat xlink:href="#tok_38" value="Gen.Sg.Neut"/><!-- SchÃ¶nefelds -->
<feat xlink:href="#tok_39" value="--"/><!-- . -->
<feat xlink:href="#tok_40" value="Nom.Sg.Fem"/><!-- Die -->
<feat xlink:href="#tok_41" value="Nom.Sg.Fem"/><!-- Absage -->
<feat xlink:href="#tok_42" value="--"/><!-- an -->
<feat xlink:href="#tok_43" value="Acc.Sg.Fem"/><!-- eine -->
<feat xlink:href="#tok_44" value="Acc.Sg.Fem"/><!-- Olympiabewerbung -->
<feat xlink:href="#tok_45" value="--"/><!-- und -->
<feat xlink:href="#tok_46" value="Nom.Sg.Masc"/><!-- der -->
<feat xlink:href="#tok_47" value="Nom.Sg.Masc"/><!-- Verweis -->
<feat xlink:href="#tok_48" value="--"/><!-- auf -->
<feat xlink:href="#tok_49" value="Acc.Sg.Fem"/><!-- die -->
<feat xlink:href="#tok_50" value="Pos.Acc.Sg.Fem"/><!-- desolate -->
<feat xlink:href="#tok_51" value="Acc.Sg.Fem"/><!-- Haushaltslage -->
<feat xlink:href="#tok_52" value="3.Pl.Pres.Ind"/><!-- sind -->
<feat xlink:href="#tok_53" value="Pos"/><!-- einleuchtend -->
<feat xlink:href="#tok_54" value="--"/><!-- . -->
<feat xlink:href="#tok_55" value="Pos"/><!-- Weit -->
<feat xlink:href="#tok_56" value="Comp"/><!-- verwirrender -->
<feat xlink:href="#tok_57" value="3.Sg.Pres.Ind"/><!-- ist -->
<feat xlink:href="#tok_58" value="Nom.Sg.Neut"/><!-- das -->
<feat xlink:href="#tok_59" value="Nom.Sg.Neut"/><!-- Flughafen_Votum -->
<feat xlink:href="#tok_60" value="--"/><!-- . -->
<feat xlink:href="#tok_61" value="--"/><!-- Nach -->
<feat xlink:href="#tok_62" value="--"/><!-- auÃen -->
<feat xlink:href="#tok_63" value="3.Sg.Pres.Ind"/><!-- wird -->
<feat xlink:href="#tok_64" value="Nom.Sg.Masc"/><!-- der -->
<feat xlink:href="#tok_65" value="Nom.Sg.Masc"/><!-- Eindruck -->
<feat xlink:href="#tok_66" value="Psp"/><!-- vermittelt -->
<feat xlink:href="#tok_67" value="--"/><!-- , -->
<feat xlink:href="#tok_68" value="Nom.Sg.Neut"/><!-- ein -->
<feat xlink:href="#tok_69" value="Nom.Sg.Neut"/><!-- Streitthema -->
<feat xlink:href="#tok_70" value="3.Sg.Pres.Subj"/><!-- sei -->
<feat xlink:href="#tok_71" value="Dat.Sg.Masc"/><!-- vom -->
<feat xlink:href="#tok_72" value="Dat.Sg.Masc"/><!-- Tisch -->
<feat xlink:href="#tok_73" value="--"/><!-- , -->
<feat xlink:href="#tok_74" value="Nom.Sg.Fem"/><!-- die -->
<feat xlink:href="#tok_75" value="Nom.Sg.Fem"/><!-- PDS -->
<feat xlink:href="#tok_76" value="3.Sg.Pres.Subj"/><!-- habe -->
<feat xlink:href="#tok_77" value="Pos"/><!-- klein -->
<feat xlink:href="#tok_78" value="Psp"/><!-- beigegeben -->
<feat xlink:href="#tok_79" value="--"/><!-- . -->
<feat xlink:href="#tok_80" value="--"/><!-- Doch -->
<feat xlink:href="#tok_81" value="Dat.Sg.Neut"/><!-- beim -->
<feat xlink:href="#tok_82" value="Pos.Dat.Sg.Neut"/><!-- genauen -->
<feat xlink:href="#tok_83" value="Dat.Sg.Neut"/><!-- Lesen -->
<feat xlink:href="#tok_84" value="Gen.Sg.Masc"/><!-- des -->
<feat xlink:href="#tok_85" value="Gen.Sg.Masc"/><!-- Beschlusses -->
<feat xlink:href="#tok_86" value="3.Sg.Pres.Ind"/><!-- wird -->
<feat xlink:href="#tok_87" value="Pos"/><!-- deutlich -->
<feat xlink:href="#tok_88" value="--"/><!-- : -->
<feat xlink:href="#tok_89" value="Nom.Pl.Masc"/><!-- Die -->
<feat xlink:href="#tok_90" value="Nom.Pl.Masc"/><!-- Verhandlungspartner -->
<feat xlink:href="#tok_91" value="3.Pl.Pres.Ind"/><!-- haben -->
<feat xlink:href="#tok_92" value="Acc.Sg.Fem"/><!-- eine -->
<feat xlink:href="#tok_93" value="Pos.Acc.Sg.Fem"/><!-- geschickte -->
<feat xlink:href="#tok_94" value="--"/><!-- , -->
<feat xlink:href="#tok_95" value="--"/><!-- weil -->
<feat xlink:href="#tok_96" value="Pos"/><!-- weit -->
<feat xlink:href="#tok_97" value="Pos.Acc.Sg.Fem"/><!-- interpretierbare -->
<feat xlink:href="#tok_98" value="Acc.Sg.Fem"/><!-- Formel -->
<feat xlink:href="#tok_99" value="Psp"/><!-- gefunden -->
<feat xlink:href="#tok_100" value="--"/><!-- , -->
<feat xlink:href="#tok_101" value="--"/><!-- mit -->
<feat xlink:href="#tok_102" value="Dat.Sg.Fem"/><!-- der -->
<feat xlink:href="#tok_103" value="3.Nom.Pl.Masc"/><!-- sie -->
<feat xlink:href="#tok_104" value="3.Acc.Pl"/><!-- sich -->
<feat xlink:href="#tok_105" value="--"/><!-- gegen -->
<feat xlink:href="#tok_106" value="Acc.Pl.Neut"/><!-- alle -->
<feat xlink:href="#tok_107" value="Acc.Pl.Neut"/><!-- Risiken -->
<feat xlink:href="#tok_108" value="3.Pl.Pres.Ind"/><!-- absichern -->
<feat xlink:href="#tok_109" value="--"/><!-- . -->
<feat xlink:href="#tok_110" value="--"/><!-- Zwar -->
<feat xlink:href="#tok_111" value="3.Sg.Pres.Ind"/><!-- wird -->
<feat xlink:href="#tok_112" value="Nom.Sg.Neut"/><!-- das -->
<feat xlink:href="#tok_113" value="Nom.Sg.Neut"/><!-- Planfeststellungsverfahren -->
<feat xlink:href="#tok_114" value="Psp"/><!-- fortgesetzt -->
<feat xlink:href="#tok_115" value="--"/><!-- , -->
<feat xlink:href="#tok_116" value="--"/><!-- weil -->
<feat xlink:href="#tok_117" value="--"/><!-- auch -->
<feat xlink:href="#tok_118" value="Nom.Sg.Fem"/><!-- die -->
<feat xlink:href="#tok_119" value="Nom.Sg.Fem"/><!-- PDS -->
<feat xlink:href="#tok_120" value="Inf"/><!-- erkennen -->
<feat xlink:href="#tok_121" value="3.Sg.Past.Ind"/><!-- musste -->
<feat xlink:href="#tok_122" value="--"/><!-- , -->
<feat xlink:href="#tok_123" value="--"/><!-- dass -->
<feat xlink:href="#tok_124" value="3.Nom.Sg.Neut"/><!-- es -->
<feat xlink:href="#tok_125" value="Acc.Sg.Neut"/><!-- kein -->
<feat xlink:href="#tok_126" value="Acc.Sg.Neut"/><!-- ZurÃ¼ck -->
<feat xlink:href="#tok_127" value="3.Sg.Pres.Ind"/><!-- gibt -->
<feat xlink:href="#tok_128" value="--"/><!-- , -->
<feat xlink:href="#tok_129" value="--"/><!-- doch -->
<feat xlink:href="#tok_130" value="Nom.Pl.Neut"/><!-- die -->
<feat xlink:href="#tok_131" value="Nom.Pl.Neut"/><!-- Bedenken -->
<feat xlink:href="#tok_132" value="3.Pl.Pres.Ind"/><!-- bleiben -->
<feat xlink:href="#tok_133" value="--"/><!-- . -->
<feat xlink:href="#tok_134" value="--"/><!-- Wie -->
<feat xlink:href="#tok_135" value="3.Nom.Sg.Neut"/><!-- es -->
<feat xlink:href="#tok_136" value="3.Sg.Pres.Ind"/><!-- weitergeht -->
<feat xlink:href="#tok_137" value="--"/><!-- , -->
<feat xlink:href="#tok_138" value="--"/><!-- wenn -->
<feat xlink:href="#tok_139" value="Nom.Sg.Fem"/><!-- die -->
<feat xlink:href="#tok_140" value="Nom.Sg.Fem"/><!-- Privatisierung -->
<feat xlink:href="#tok_141" value="Gen.Sg.Fem"/><!-- der -->
<feat xlink:href="#tok_142" value="Gen.Sg.Fem"/><!-- Flughafengesellschaft -->
<feat xlink:href="#tok_143" value="--"/><!-- nicht -->
<feat xlink:href="#tok_144" value="--"/><!-- zustande -->
<feat xlink:href="#tok_145" value="3.Sg.Pres.Ind"/><!-- kommt -->
<feat xlink:href="#tok_146" value="--"/><!-- , -->
<feat xlink:href="#tok_147" value="3.Sg.Pres.Ind"/><!-- steht -->
<feat xlink:href="#tok_148" value="--"/><!-- in -->
<feat xlink:href="#tok_149" value="Dat.Pl.Masc"/><!-- den -->
<feat xlink:href="#tok_150" value="Dat.Pl.Masc"/><!-- Sternen -->
<feat xlink:href="#tok_151" value="--"/><!-- . -->
</featList>

</sfb632_standard>
