<?xml version="1.0" standalone="no"?>
<!DOCTYPE sfb632_standard SYSTEM "sfb632_struct.dtd">


<sfb632_standard version="1.0">
<header sfb_id="tiger.ID_maz-16153_const" type="const"/>

<structList xmlns:xlink="http://www.w3.org/1999/xlink" type="const">

<struct id="const_1">
<rel id="rel_1" type="edge" xlink:href="urml.maz-16153.tok.xml#tok_1"/><!-- Alles -->
<rel id="rel_2" type="edge" xlink:href="urml.maz-16153.tok.xml#tok_2"/><!-- offen -->
</struct>

<struct id="const_2">
<rel id="rel_3" type="edge" xlink:href="urml.maz-16153.tok.xml#tok_3"/><!-- In -->
<rel id="rel_4" type="edge" xlink:href="urml.maz-16153.tok.xml#tok_4"/><!-- Berlin -->
</struct>

<struct id="const_3">
<rel id="rel_5" type="edge" xlink:href="urml.maz-16153.tok.xml#tok_6"/><!-- die -->
<rel id="rel_6" type="edge" xlink:href="urml.maz-16153.tok.xml#tok_7"/><!-- rot_roten -->
<rel id="rel_7" type="edge" xlink:href="urml.maz-16153.tok.xml#tok_8"/><!-- Verhandlungspartner -->
</struct>

<struct id="const_4">
<rel id="rel_8" type="edge" xlink:href="urml.maz-16153.tok.xml#tok_12"/><!-- von -->
<rel id="rel_9" type="edge" xlink:href="urml.maz-16153.tok.xml#tok_13"/><!-- Koalitionsrunden -->
</struct>

<struct id="const_5">
<rel id="rel_10" type="edge" xlink:href="urml.maz-16153.tok.xml#tok_17"/><!-- die -->
<rel id="rel_11" type="edge" xlink:href="urml.maz-16153.tok.xml#tok_19"/><!-- heiÃen -->
<rel id="rel_12" type="edge" xlink:href="urml.maz-16153.tok.xml#tok_20"/><!-- Eisen -->
</struct>

<struct id="const_6">
<rel id="rel_13" type="edge" xlink:href="urml.maz-16153.tok.xml#tok_22"/><!-- mÃ¶glichst -->
<rel id="rel_14" type="edge" xlink:href="urml.maz-16153.tok.xml#tok_23"/><!-- gleich -->
</struct>

<struct id="const_7">
<rel id="rel_15" type="edge" xlink:href="urml.maz-16153.tok.xml#tok_16"/><!-- nÃ¤mlich -->
<rel id="rel_16" type="edge" xlink:href="urml.maz-16153.tok.xml#tok_24"/><!-- anzupacken -->
<rel id="rel_17" type="edge" xlink:href="const_5"/>
<rel id="rel_18" type="edge" xlink:href="const_6"/>
</struct>

<struct id="const_8">
<rel id="rel_19" type="edge" xlink:href="urml.maz-16153.tok.xml#tok_9"/><!-- eine -->
<rel id="rel_20" type="edge" xlink:href="urml.maz-16153.tok.xml#tok_10"/><!-- wichtige -->
<rel id="rel_21" type="edge" xlink:href="urml.maz-16153.tok.xml#tok_11"/><!-- Regel -->
<rel id="rel_22" type="edge" xlink:href="const_4"/>
<rel id="rel_23" type="edge" xlink:href="const_7"/>
</struct>

<struct id="const_9">
<rel id="rel_24" type="edge" xlink:href="urml.maz-16153.tok.xml#tok_14"/><!-- befolgt -->
<rel id="rel_25" type="edge" xlink:href="const_2"/>
<rel id="rel_26" type="edge" xlink:href="const_8"/>
</struct>

<struct id="const_10">
<rel id="rel_27" type="edge" xlink:href="urml.maz-16153.tok.xml#tok_5"/><!-- haben -->
<rel id="rel_28" type="edge" xlink:href="const_3"/>
<rel id="rel_29" type="edge" xlink:href="const_9"/>
</struct>

<struct id="const_11">
<rel id="rel_30" type="edge" xlink:href="urml.maz-16153.tok.xml#tok_28"/><!-- ein -->
<rel id="rel_31" type="edge" xlink:href="urml.maz-16153.tok.xml#tok_30"/><!-- heiÃes -->
<rel id="rel_32" type="edge" xlink:href="urml.maz-16153.tok.xml#tok_31"/><!-- Eisen -->
</struct>

<struct id="const_12">
<rel id="rel_33" type="edge" xlink:href="urml.maz-16153.tok.xml#tok_34"/><!-- das -->
<rel id="rel_34" type="edge" xlink:href="urml.maz-16153.tok.xml#tok_35"/><!-- andere -->
</struct>

<struct id="const_13">
<rel id="rel_35" type="edge" xlink:href="urml.maz-16153.tok.xml#tok_36"/><!-- der -->
<rel id="rel_36" type="edge" xlink:href="urml.maz-16153.tok.xml#tok_37"/><!-- Ausbau -->
<rel id="rel_37" type="edge" xlink:href="urml.maz-16153.tok.xml#tok_38"/><!-- SchÃ¶nefelds -->
</struct>

<struct id="const_14">
<rel id="rel_38" type="edge" xlink:href="urml.maz-16153.tok.xml#tok_26"/><!-- Olympia -->
<rel id="rel_39" type="edge" xlink:href="urml.maz-16153.tok.xml#tok_27"/><!-- war -->
<rel id="rel_40" type="edge" xlink:href="const_11"/>
</struct>

<struct id="const_15">
<rel id="rel_41" type="edge" xlink:href="const_12"/>
<rel id="rel_42" type="edge" xlink:href="const_13"/>
</struct>

<struct id="const_16">
<rel id="rel_43" type="edge" xlink:href="const_14"/>
<rel id="rel_44" type="edge" xlink:href="const_15"/>
</struct>

<struct id="const_17">
<rel id="rel_45" type="edge" xlink:href="urml.maz-16153.tok.xml#tok_42"/><!-- an -->
<rel id="rel_46" type="edge" xlink:href="urml.maz-16153.tok.xml#tok_43"/><!-- eine -->
<rel id="rel_47" type="edge" xlink:href="urml.maz-16153.tok.xml#tok_44"/><!-- Olympiabewerbung -->
</struct>

<struct id="const_18">
<rel id="rel_48" type="edge" xlink:href="urml.maz-16153.tok.xml#tok_48"/><!-- auf -->
<rel id="rel_49" type="edge" xlink:href="urml.maz-16153.tok.xml#tok_49"/><!-- die -->
<rel id="rel_50" type="edge" xlink:href="urml.maz-16153.tok.xml#tok_50"/><!-- desolate -->
<rel id="rel_51" type="edge" xlink:href="urml.maz-16153.tok.xml#tok_51"/><!-- Haushaltslage -->
</struct>

<struct id="const_19">
<rel id="rel_52" type="edge" xlink:href="urml.maz-16153.tok.xml#tok_40"/><!-- Die -->
<rel id="rel_53" type="edge" xlink:href="urml.maz-16153.tok.xml#tok_41"/><!-- Absage -->
<rel id="rel_54" type="edge" xlink:href="const_17"/>
</struct>

<struct id="const_20">
<rel id="rel_55" type="edge" xlink:href="urml.maz-16153.tok.xml#tok_46"/><!-- der -->
<rel id="rel_56" type="edge" xlink:href="urml.maz-16153.tok.xml#tok_47"/><!-- Verweis -->
<rel id="rel_57" type="edge" xlink:href="const_18"/>
</struct>

<struct id="const_21">
<rel id="rel_58" type="edge" xlink:href="urml.maz-16153.tok.xml#tok_45"/><!-- und -->
<rel id="rel_59" type="edge" xlink:href="const_19"/>
<rel id="rel_60" type="edge" xlink:href="const_20"/>
</struct>

<struct id="const_22">
<rel id="rel_61" type="edge" xlink:href="urml.maz-16153.tok.xml#tok_52"/><!-- sind -->
<rel id="rel_62" type="edge" xlink:href="urml.maz-16153.tok.xml#tok_53"/><!-- einleuchtend -->
<rel id="rel_63" type="edge" xlink:href="const_21"/>
</struct>

<struct id="const_23">
<rel id="rel_64" type="edge" xlink:href="urml.maz-16153.tok.xml#tok_55"/><!-- Weit -->
<rel id="rel_65" type="edge" xlink:href="urml.maz-16153.tok.xml#tok_56"/><!-- verwirrender -->
</struct>

<struct id="const_24">
<rel id="rel_66" type="edge" xlink:href="urml.maz-16153.tok.xml#tok_58"/><!-- das -->
<rel id="rel_67" type="edge" xlink:href="urml.maz-16153.tok.xml#tok_59"/><!-- Flughafen_Votum -->
</struct>

<struct id="const_25">
<rel id="rel_68" type="edge" xlink:href="urml.maz-16153.tok.xml#tok_57"/><!-- ist -->
<rel id="rel_69" type="edge" xlink:href="const_23"/>
<rel id="rel_70" type="edge" xlink:href="const_24"/>
</struct>

<struct id="const_26">
<rel id="rel_71" type="edge" xlink:href="urml.maz-16153.tok.xml#tok_61"/><!-- Nach -->
<rel id="rel_72" type="edge" xlink:href="urml.maz-16153.tok.xml#tok_62"/><!-- auÃen -->
</struct>

<struct id="const_27">
<rel id="rel_73" type="edge" xlink:href="urml.maz-16153.tok.xml#tok_68"/><!-- ein -->
<rel id="rel_74" type="edge" xlink:href="urml.maz-16153.tok.xml#tok_69"/><!-- Streitthema -->
</struct>

<struct id="const_28">
<rel id="rel_75" type="edge" xlink:href="urml.maz-16153.tok.xml#tok_71"/><!-- vom -->
<rel id="rel_76" type="edge" xlink:href="urml.maz-16153.tok.xml#tok_72"/><!-- Tisch -->
</struct>

<struct id="const_29">
<rel id="rel_77" type="edge" xlink:href="urml.maz-16153.tok.xml#tok_74"/><!-- die -->
<rel id="rel_78" type="edge" xlink:href="urml.maz-16153.tok.xml#tok_75"/><!-- PDS -->
</struct>

<struct id="const_30">
<rel id="rel_79" type="edge" xlink:href="urml.maz-16153.tok.xml#tok_77"/><!-- klein -->
<rel id="rel_80" type="edge" xlink:href="urml.maz-16153.tok.xml#tok_78"/><!-- beigegeben -->
</struct>

<struct id="const_31">
<rel id="rel_81" type="edge" xlink:href="urml.maz-16153.tok.xml#tok_66"/><!-- vermittelt -->
<rel id="rel_82" type="edge" xlink:href="const_26"/>
</struct>

<struct id="const_32">
<rel id="rel_83" type="edge" xlink:href="urml.maz-16153.tok.xml#tok_70"/><!-- sei -->
<rel id="rel_84" type="edge" xlink:href="const_27"/>
<rel id="rel_85" type="edge" xlink:href="const_28"/>
</struct>

<struct id="const_33">
<rel id="rel_86" type="edge" xlink:href="urml.maz-16153.tok.xml#tok_76"/><!-- habe -->
<rel id="rel_87" type="edge" xlink:href="const_29"/>
<rel id="rel_88" type="edge" xlink:href="const_30"/>
</struct>

<struct id="const_34">
<rel id="rel_89" type="edge" xlink:href="const_32"/>
<rel id="rel_90" type="edge" xlink:href="const_33"/>
</struct>

<struct id="const_35">
<rel id="rel_91" type="edge" xlink:href="urml.maz-16153.tok.xml#tok_64"/><!-- der -->
<rel id="rel_92" type="edge" xlink:href="urml.maz-16153.tok.xml#tok_65"/><!-- Eindruck -->
<rel id="rel_93" type="edge" xlink:href="const_34"/>
</struct>

<struct id="const_36">
<rel id="rel_94" type="edge" xlink:href="urml.maz-16153.tok.xml#tok_63"/><!-- wird -->
<rel id="rel_95" type="edge" xlink:href="const_31"/>
<rel id="rel_96" type="edge" xlink:href="const_35"/>
</struct>

<struct id="const_37">
<rel id="rel_97" type="edge" xlink:href="urml.maz-16153.tok.xml#tok_84"/><!-- des -->
<rel id="rel_98" type="edge" xlink:href="urml.maz-16153.tok.xml#tok_85"/><!-- Beschlusses -->
</struct>

<struct id="const_38">
<rel id="rel_99" type="edge" xlink:href="urml.maz-16153.tok.xml#tok_81"/><!-- beim -->
<rel id="rel_100" type="edge" xlink:href="urml.maz-16153.tok.xml#tok_82"/><!-- genauen -->
<rel id="rel_101" type="edge" xlink:href="urml.maz-16153.tok.xml#tok_83"/><!-- Lesen -->
<rel id="rel_102" type="edge" xlink:href="const_37"/>
</struct>

<struct id="const_39">
<rel id="rel_103" type="edge" xlink:href="urml.maz-16153.tok.xml#tok_80"/><!-- Doch -->
<rel id="rel_104" type="edge" xlink:href="urml.maz-16153.tok.xml#tok_86"/><!-- wird -->
<rel id="rel_105" type="edge" xlink:href="urml.maz-16153.tok.xml#tok_87"/><!-- deutlich -->
<rel id="rel_106" type="edge" xlink:href="const_38"/>
</struct>

<struct id="const_40">
<rel id="rel_107" type="edge" xlink:href="urml.maz-16153.tok.xml#tok_89"/><!-- Die -->
<rel id="rel_108" type="edge" xlink:href="urml.maz-16153.tok.xml#tok_90"/><!-- Verhandlungspartner -->
</struct>

<struct id="const_41">
<rel id="rel_109" type="edge" xlink:href="urml.maz-16153.tok.xml#tok_96"/><!-- weit -->
<rel id="rel_110" type="edge" xlink:href="urml.maz-16153.tok.xml#tok_97"/><!-- interpretierbare -->
</struct>

<struct id="const_42">
<rel id="rel_111" type="edge" xlink:href="urml.maz-16153.tok.xml#tok_101"/><!-- mit -->
<rel id="rel_112" type="edge" xlink:href="urml.maz-16153.tok.xml#tok_102"/><!-- der -->
</struct>

<struct id="const_43">
<rel id="rel_113" type="edge" xlink:href="urml.maz-16153.tok.xml#tok_105"/><!-- gegen -->
<rel id="rel_114" type="edge" xlink:href="urml.maz-16153.tok.xml#tok_106"/><!-- alle -->
<rel id="rel_115" type="edge" xlink:href="urml.maz-16153.tok.xml#tok_107"/><!-- Risiken -->
</struct>

<struct id="const_44">
<rel id="rel_116" type="edge" xlink:href="urml.maz-16153.tok.xml#tok_93"/><!-- geschickte -->
<rel id="rel_117" type="edge" xlink:href="urml.maz-16153.tok.xml#tok_95"/><!-- weil -->
<rel id="rel_118" type="edge" xlink:href="const_41"/>
</struct>

<struct id="const_45">
<rel id="rel_119" type="edge" xlink:href="urml.maz-16153.tok.xml#tok_103"/><!-- sie -->
<rel id="rel_120" type="edge" xlink:href="urml.maz-16153.tok.xml#tok_104"/><!-- sich -->
<rel id="rel_121" type="edge" xlink:href="urml.maz-16153.tok.xml#tok_108"/><!-- absichern -->
<rel id="rel_122" type="edge" xlink:href="const_42"/>
<rel id="rel_123" type="edge" xlink:href="const_43"/>
</struct>

<struct id="const_46">
<rel id="rel_124" type="edge" xlink:href="urml.maz-16153.tok.xml#tok_92"/><!-- eine -->
<rel id="rel_125" type="edge" xlink:href="urml.maz-16153.tok.xml#tok_98"/><!-- Formel -->
<rel id="rel_126" type="edge" xlink:href="const_44"/>
<rel id="rel_127" type="edge" xlink:href="const_45"/>
</struct>

<struct id="const_47">
<rel id="rel_128" type="edge" xlink:href="urml.maz-16153.tok.xml#tok_99"/><!-- gefunden -->
<rel id="rel_129" type="edge" xlink:href="const_46"/>
</struct>

<struct id="const_48">
<rel id="rel_130" type="edge" xlink:href="urml.maz-16153.tok.xml#tok_91"/><!-- haben -->
<rel id="rel_131" type="edge" xlink:href="const_40"/>
<rel id="rel_132" type="edge" xlink:href="const_47"/>
</struct>

<struct id="const_49">
<rel id="rel_133" type="edge" xlink:href="urml.maz-16153.tok.xml#tok_112"/><!-- das -->
<rel id="rel_134" type="edge" xlink:href="urml.maz-16153.tok.xml#tok_113"/><!-- Planfeststellungsverfahren -->
</struct>

<struct id="const_50">
<rel id="rel_135" type="edge" xlink:href="urml.maz-16153.tok.xml#tok_117"/><!-- auch -->
<rel id="rel_136" type="edge" xlink:href="urml.maz-16153.tok.xml#tok_118"/><!-- die -->
<rel id="rel_137" type="edge" xlink:href="urml.maz-16153.tok.xml#tok_119"/><!-- PDS -->
</struct>

<struct id="const_51">
<rel id="rel_138" type="edge" xlink:href="urml.maz-16153.tok.xml#tok_125"/><!-- kein -->
<rel id="rel_139" type="edge" xlink:href="urml.maz-16153.tok.xml#tok_126"/><!-- ZurÃ¼ck -->
</struct>

<struct id="const_52">
<rel id="rel_140" type="edge" xlink:href="urml.maz-16153.tok.xml#tok_130"/><!-- die -->
<rel id="rel_141" type="edge" xlink:href="urml.maz-16153.tok.xml#tok_131"/><!-- Bedenken -->
</struct>

<struct id="const_53">
<rel id="rel_142" type="edge" xlink:href="urml.maz-16153.tok.xml#tok_123"/><!-- dass -->
<rel id="rel_143" type="edge" xlink:href="urml.maz-16153.tok.xml#tok_124"/><!-- es -->
<rel id="rel_144" type="edge" xlink:href="urml.maz-16153.tok.xml#tok_127"/><!-- gibt -->
<rel id="rel_145" type="edge" xlink:href="const_51"/>
</struct>

<struct id="const_54">
<rel id="rel_146" type="edge" xlink:href="urml.maz-16153.tok.xml#tok_132"/><!-- bleiben -->
<rel id="rel_147" type="edge" xlink:href="const_52"/>
</struct>

<struct id="const_55">
<rel id="rel_148" type="edge" xlink:href="urml.maz-16153.tok.xml#tok_120"/><!-- erkennen -->
<rel id="rel_149" type="edge" xlink:href="const_53"/>
</struct>

<struct id="const_56">
<rel id="rel_150" type="edge" xlink:href="urml.maz-16153.tok.xml#tok_116"/><!-- weil -->
<rel id="rel_151" type="edge" xlink:href="urml.maz-16153.tok.xml#tok_121"/><!-- musste -->
<rel id="rel_152" type="edge" xlink:href="const_50"/>
<rel id="rel_153" type="edge" xlink:href="const_55"/>
</struct>

<struct id="const_57">
<rel id="rel_154" type="edge" xlink:href="urml.maz-16153.tok.xml#tok_110"/><!-- Zwar -->
<rel id="rel_155" type="edge" xlink:href="urml.maz-16153.tok.xml#tok_114"/><!-- fortgesetzt -->
<rel id="rel_156" type="edge" xlink:href="const_56"/>
</struct>

<struct id="const_58">
<rel id="rel_157" type="edge" xlink:href="urml.maz-16153.tok.xml#tok_111"/><!-- wird -->
<rel id="rel_158" type="edge" xlink:href="const_49"/>
<rel id="rel_159" type="edge" xlink:href="const_57"/>
</struct>

<struct id="const_59">
<rel id="rel_160" type="edge" xlink:href="urml.maz-16153.tok.xml#tok_129"/><!-- doch -->
<rel id="rel_161" type="edge" xlink:href="const_54"/>
<rel id="rel_162" type="edge" xlink:href="const_58"/>
</struct>

<struct id="const_60">
<rel id="rel_163" type="edge" xlink:href="urml.maz-16153.tok.xml#tok_141"/><!-- der -->
<rel id="rel_164" type="edge" xlink:href="urml.maz-16153.tok.xml#tok_142"/><!-- Flughafengesellschaft -->
</struct>

<struct id="const_61">
<rel id="rel_165" type="edge" xlink:href="urml.maz-16153.tok.xml#tok_148"/><!-- in -->
<rel id="rel_166" type="edge" xlink:href="urml.maz-16153.tok.xml#tok_149"/><!-- den -->
<rel id="rel_167" type="edge" xlink:href="urml.maz-16153.tok.xml#tok_150"/><!-- Sternen -->
</struct>

<struct id="const_62">
<rel id="rel_168" type="edge" xlink:href="urml.maz-16153.tok.xml#tok_139"/><!-- die -->
<rel id="rel_169" type="edge" xlink:href="urml.maz-16153.tok.xml#tok_140"/><!-- Privatisierung -->
<rel id="rel_170" type="edge" xlink:href="const_60"/>
</struct>

<struct id="const_63">
<rel id="rel_171" type="edge" xlink:href="urml.maz-16153.tok.xml#tok_138"/><!-- wenn -->
<rel id="rel_172" type="edge" xlink:href="urml.maz-16153.tok.xml#tok_143"/><!-- nicht -->
<rel id="rel_173" type="edge" xlink:href="urml.maz-16153.tok.xml#tok_144"/><!-- zustande -->
<rel id="rel_174" type="edge" xlink:href="urml.maz-16153.tok.xml#tok_145"/><!-- kommt -->
<rel id="rel_175" type="edge" xlink:href="const_62"/>
</struct>

<struct id="const_64">
<rel id="rel_176" type="edge" xlink:href="urml.maz-16153.tok.xml#tok_134"/><!-- Wie -->
<rel id="rel_177" type="edge" xlink:href="urml.maz-16153.tok.xml#tok_135"/><!-- es -->
<rel id="rel_178" type="edge" xlink:href="urml.maz-16153.tok.xml#tok_136"/><!-- weitergeht -->
<rel id="rel_179" type="edge" xlink:href="const_63"/>
</struct>

<struct id="const_65">
<rel id="rel_180" type="edge" xlink:href="urml.maz-16153.tok.xml#tok_147"/><!-- steht -->
<rel id="rel_181" type="edge" xlink:href="const_61"/>
<rel id="rel_182" type="edge" xlink:href="const_64"/>
</struct>

</structList>
</sfb632_standard>
