<?xml version="1.0" standalone="no"?>


<!DOCTYPE sfb632_standard SYSTEM "sfb632_feat.dtd">
<sfb632_standard version="1.0">

<header sfb_id="tiger.ID_maz-16153_func" type="func"/>

<featList xmlns:xlink="http://www.w3.org/1999/xlink" type="func" xml:base="tiger.ID_maz-16153.const.xml">

<feat xlink:href="#rel_1" value="SB"/><!-- Alles -->
<feat xlink:href="#rel_2" value="PD"/><!-- offen -->
<feat xlink:href="#rel_3" value="AC"/><!-- In -->
<feat xlink:href="#rel_4" value="NK"/><!-- Berlin -->
<feat xlink:href="#rel_5" value="NK"/><!-- die -->
<feat xlink:href="#rel_6" value="NK"/><!-- rot_roten -->
<feat xlink:href="#rel_7" value="NK"/><!-- Verhandlungspartner -->
<feat xlink:href="#rel_8" value="AC"/><!-- von -->
<feat xlink:href="#rel_9" value="NK"/><!-- Koalitionsrunden -->
<feat xlink:href="#rel_10" value="NK"/><!-- die -->
<feat xlink:href="#rel_11" value="NK"/><!-- heiÃen -->
<feat xlink:href="#rel_12" value="NK"/><!-- Eisen -->
<feat xlink:href="#rel_13" value="MO"/><!-- mÃ¶glichst -->
<feat xlink:href="#rel_14" value="HD"/><!-- gleich -->
<feat xlink:href="#rel_15" value="MO"/><!-- nÃ¤mlich -->
<feat xlink:href="#rel_16" value="HD"/><!-- anzupacken -->
<feat xlink:href="#rel_17" value="OA"/>
<feat xlink:href="#rel_18" value="MO"/>
<feat xlink:href="#rel_19" value="NK"/><!-- eine -->
<feat xlink:href="#rel_20" value="NK"/><!-- wichtige -->
<feat xlink:href="#rel_21" value="NK"/><!-- Regel -->
<feat xlink:href="#rel_22" value="PG"/>
<feat xlink:href="#rel_23" value="MNR"/>
<feat xlink:href="#rel_24" value="HD"/><!-- befolgt -->
<feat xlink:href="#rel_25" value="MO"/>
<feat xlink:href="#rel_26" value="OA"/>
<feat xlink:href="#rel_27" value="HD"/><!-- haben -->
<feat xlink:href="#rel_28" value="SB"/>
<feat xlink:href="#rel_29" value="OC"/>
<feat xlink:href="#rel_30" value="NK"/><!-- ein -->
<feat xlink:href="#rel_31" value="NK"/><!-- heiÃes -->
<feat xlink:href="#rel_32" value="NK"/><!-- Eisen -->
<feat xlink:href="#rel_33" value="NK"/><!-- das -->
<feat xlink:href="#rel_34" value="NK"/><!-- andere -->
<feat xlink:href="#rel_35" value="NK"/><!-- der -->
<feat xlink:href="#rel_36" value="NK"/><!-- Ausbau -->
<feat xlink:href="#rel_37" value="AG"/><!-- SchÃ¶nefelds -->
<feat xlink:href="#rel_38" value="SB"/><!-- Olympia -->
<feat xlink:href="#rel_39" value="HD"/><!-- war -->
<feat xlink:href="#rel_40" value="PD"/>
<feat xlink:href="#rel_41" value="PD"/>
<feat xlink:href="#rel_42" value="SB"/>
<feat xlink:href="#rel_43" value="CJ"/>
<feat xlink:href="#rel_44" value="CJ"/>
<feat xlink:href="#rel_45" value="AC"/><!-- an -->
<feat xlink:href="#rel_46" value="NK"/><!-- eine -->
<feat xlink:href="#rel_47" value="NK"/><!-- Olympiabewerbung -->
<feat xlink:href="#rel_48" value="AC"/><!-- auf -->
<feat xlink:href="#rel_49" value="NK"/><!-- die -->
<feat xlink:href="#rel_50" value="NK"/><!-- desolate -->
<feat xlink:href="#rel_51" value="NK"/><!-- Haushaltslage -->
<feat xlink:href="#rel_52" value="NK"/><!-- Die -->
<feat xlink:href="#rel_53" value="NK"/><!-- Absage -->
<feat xlink:href="#rel_54" value="MNR"/>
<feat xlink:href="#rel_55" value="NK"/><!-- der -->
<feat xlink:href="#rel_56" value="NK"/><!-- Verweis -->
<feat xlink:href="#rel_57" value="OP"/>
<feat xlink:href="#rel_58" value="CD"/><!-- und -->
<feat xlink:href="#rel_59" value="CJ"/>
<feat xlink:href="#rel_60" value="CJ"/>
<feat xlink:href="#rel_61" value="HD"/><!-- sind -->
<feat xlink:href="#rel_62" value="PD"/><!-- einleuchtend -->
<feat xlink:href="#rel_63" value="SB"/>
<feat xlink:href="#rel_64" value="MO"/><!-- Weit -->
<feat xlink:href="#rel_65" value="HD"/><!-- verwirrender -->
<feat xlink:href="#rel_66" value="NK"/><!-- das -->
<feat xlink:href="#rel_67" value="NK"/><!-- Flughafen_Votum -->
<feat xlink:href="#rel_68" value="HD"/><!-- ist -->
<feat xlink:href="#rel_69" value="PD"/>
<feat xlink:href="#rel_70" value="SB"/>
<feat xlink:href="#rel_71" value="AC"/><!-- Nach -->
<feat xlink:href="#rel_72" value="NK"/><!-- auÃen -->
<feat xlink:href="#rel_73" value="NK"/><!-- ein -->
<feat xlink:href="#rel_74" value="NK"/><!-- Streitthema -->
<feat xlink:href="#rel_75" value="AC"/><!-- vom -->
<feat xlink:href="#rel_76" value="NK"/><!-- Tisch -->
<feat xlink:href="#rel_77" value="NK"/><!-- die -->
<feat xlink:href="#rel_78" value="NK"/><!-- PDS -->
<feat xlink:href="#rel_79" value="MO"/><!-- klein -->
<feat xlink:href="#rel_80" value="HD"/><!-- beigegeben -->
<feat xlink:href="#rel_81" value="HD"/><!-- vermittelt -->
<feat xlink:href="#rel_82" value="MO"/>
<feat xlink:href="#rel_83" value="HD"/><!-- sei -->
<feat xlink:href="#rel_84" value="SB"/>
<feat xlink:href="#rel_85" value="MO"/>
<feat xlink:href="#rel_86" value="HD"/><!-- habe -->
<feat xlink:href="#rel_87" value="SB"/>
<feat xlink:href="#rel_88" value="OC"/>
<feat xlink:href="#rel_89" value="CJ"/>
<feat xlink:href="#rel_90" value="CJ"/>
<feat xlink:href="#rel_91" value="NK"/><!-- der -->
<feat xlink:href="#rel_92" value="NK"/><!-- Eindruck -->
<feat xlink:href="#rel_93" value="MNR"/>
<feat xlink:href="#rel_94" value="HD"/><!-- wird -->
<feat xlink:href="#rel_95" value="OC"/>
<feat xlink:href="#rel_96" value="SB"/>
<feat xlink:href="#rel_97" value="NK"/><!-- des -->
<feat xlink:href="#rel_98" value="NK"/><!-- Beschlusses -->
<feat xlink:href="#rel_99" value="AC"/><!-- beim -->
<feat xlink:href="#rel_100" value="NK"/><!-- genauen -->
<feat xlink:href="#rel_101" value="NK"/><!-- Lesen -->
<feat xlink:href="#rel_102" value="AG"/>
<feat xlink:href="#rel_103" value="JU"/><!-- Doch -->
<feat xlink:href="#rel_104" value="HD"/><!-- wird -->
<feat xlink:href="#rel_105" value="PD"/><!-- deutlich -->
<feat xlink:href="#rel_106" value="MO"/>
<feat xlink:href="#rel_107" value="NK"/><!-- Die -->
<feat xlink:href="#rel_108" value="NK"/><!-- Verhandlungspartner -->
<feat xlink:href="#rel_109" value="MO"/><!-- weit -->
<feat xlink:href="#rel_110" value="HD"/><!-- interpretierbare -->
<feat xlink:href="#rel_111" value="AC"/><!-- mit -->
<feat xlink:href="#rel_112" value="NK"/><!-- der -->
<feat xlink:href="#rel_113" value="AC"/><!-- gegen -->
<feat xlink:href="#rel_114" value="NK"/><!-- alle -->
<feat xlink:href="#rel_115" value="NK"/><!-- Risiken -->
<feat xlink:href="#rel_116" value="CJ"/><!-- geschickte -->
<feat xlink:href="#rel_117" value="CD"/><!-- weil -->
<feat xlink:href="#rel_118" value="CJ"/>
<feat xlink:href="#rel_119" value="SB"/><!-- sie -->
<feat xlink:href="#rel_120" value="OA"/><!-- sich -->
<feat xlink:href="#rel_121" value="HD"/><!-- absichern -->
<feat xlink:href="#rel_122" value="MO"/>
<feat xlink:href="#rel_123" value="MO"/>
<feat xlink:href="#rel_124" value="NK"/><!-- eine -->
<feat xlink:href="#rel_125" value="NK"/><!-- Formel -->
<feat xlink:href="#rel_126" value="NK"/>
<feat xlink:href="#rel_127" value="RC"/>
<feat xlink:href="#rel_128" value="HD"/><!-- gefunden -->
<feat xlink:href="#rel_129" value="OA"/>
<feat xlink:href="#rel_130" value="HD"/><!-- haben -->
<feat xlink:href="#rel_131" value="SB"/>
<feat xlink:href="#rel_132" value="OC"/>
<feat xlink:href="#rel_133" value="NK"/><!-- das -->
<feat xlink:href="#rel_134" value="NK"/><!-- Planfeststellungsverfahren -->
<feat xlink:href="#rel_135" value="MO"/><!-- auch -->
<feat xlink:href="#rel_136" value="NK"/><!-- die -->
<feat xlink:href="#rel_137" value="NK"/><!-- PDS -->
<feat xlink:href="#rel_138" value="NK"/><!-- kein -->
<feat xlink:href="#rel_139" value="NK"/><!-- ZurÃ¼ck -->
<feat xlink:href="#rel_140" value="NK"/><!-- die -->
<feat xlink:href="#rel_141" value="NK"/><!-- Bedenken -->
<feat xlink:href="#rel_142" value="CP"/><!-- dass -->
<feat xlink:href="#rel_143" value="EP"/><!-- es -->
<feat xlink:href="#rel_144" value="HD"/><!-- gibt -->
<feat xlink:href="#rel_145" value="OA"/>
<feat xlink:href="#rel_146" value="HD"/><!-- bleiben -->
<feat xlink:href="#rel_147" value="SB"/>
<feat xlink:href="#rel_148" value="HD"/><!-- erkennen -->
<feat xlink:href="#rel_149" value="OC"/>
<feat xlink:href="#rel_150" value="CP"/><!-- weil -->
<feat xlink:href="#rel_151" value="HD"/><!-- musste -->
<feat xlink:href="#rel_152" value="SB"/>
<feat xlink:href="#rel_153" value="OC"/>
<feat xlink:href="#rel_154" value="MO"/><!-- Zwar -->
<feat xlink:href="#rel_155" value="HD"/><!-- fortgesetzt -->
<feat xlink:href="#rel_156" value="MO"/>
<feat xlink:href="#rel_157" value="HD"/><!-- wird -->
<feat xlink:href="#rel_158" value="SB"/>
<feat xlink:href="#rel_159" value="OC"/>
<feat xlink:href="#rel_160" value="CD"/><!-- doch -->
<feat xlink:href="#rel_161" value="CJ"/>
<feat xlink:href="#rel_162" value="CJ"/>
<feat xlink:href="#rel_163" value="NK"/><!-- der -->
<feat xlink:href="#rel_164" value="NK"/><!-- Flughafengesellschaft -->
<feat xlink:href="#rel_165" value="AC"/><!-- in -->
<feat xlink:href="#rel_166" value="NK"/><!-- den -->
<feat xlink:href="#rel_167" value="NK"/><!-- Sternen -->
<feat xlink:href="#rel_168" value="NK"/><!-- die -->
<feat xlink:href="#rel_169" value="NK"/><!-- Privatisierung -->
<feat xlink:href="#rel_170" value="AG"/>
<feat xlink:href="#rel_171" value="CP"/><!-- wenn -->
<feat xlink:href="#rel_172" value="NG"/><!-- nicht -->
<feat xlink:href="#rel_173" value="MO"/><!-- zustande -->
<feat xlink:href="#rel_174" value="HD"/><!-- kommt -->
<feat xlink:href="#rel_175" value="SB"/>
<feat xlink:href="#rel_176" value="MO"/><!-- Wie -->
<feat xlink:href="#rel_177" value="SB"/><!-- es -->
<feat xlink:href="#rel_178" value="HD"/><!-- weitergeht -->
<feat xlink:href="#rel_179" value="MO"/>
<feat xlink:href="#rel_180" value="HD"/><!-- steht -->
<feat xlink:href="#rel_181" value="MO"/>
<feat xlink:href="#rel_182" value="SB"/>
</featList>

</sfb632_standard>
