<?xml version="1.0" standalone="no"?>


<!DOCTYPE sfb632_standard SYSTEM "sfb632_feat.dtd">
<sfb632_standard version="1.0">

<header sfb_id="tiger.ID_maz-11766_func" type="func"/>

<featList xmlns:xlink="http://www.w3.org/1999/xlink" type="func" xml:base="tiger.ID_maz-11766.const.xml">

<feat xlink:href="#rel_1" value="PNC"/><!-- Hans_Joachim -->
<feat xlink:href="#rel_2" value="PNC"/><!-- Bosse -->
<feat xlink:href="#rel_3" value="NK"/><!-- den -->
<feat xlink:href="#rel_4" value="NK"/><!-- Stadtverordneten -->
<feat xlink:href="#rel_5" value="NK"/><!-- des -->
<feat xlink:href="#rel_6" value="NK"/><!-- Haushalts -->
<feat xlink:href="#rel_7" value="NK"/><!-- 2002 -->
<feat xlink:href="#rel_8" value="AC"/><!-- ins -->
<feat xlink:href="#rel_9" value="NK"/><!-- Gewissen -->
<feat xlink:href="#rel_10" value="NK"/><!-- der -->
<feat xlink:href="#rel_11" value="NK"/><!-- Noch_Finanzbeigeordnete -->
<feat xlink:href="#rel_12" value="NK"/>
<feat xlink:href="#rel_13" value="AC"/><!-- bei -->
<feat xlink:href="#rel_14" value="NK"/><!-- der -->
<feat xlink:href="#rel_15" value="NK"/><!-- Einbringung -->
<feat xlink:href="#rel_16" value="AG"/>
<feat xlink:href="#rel_17" value="MO"/><!-- Vergeblich -->
<feat xlink:href="#rel_18" value="HD"/><!-- geredet -->
<feat xlink:href="#rel_19" value="DA"/>
<feat xlink:href="#rel_20" value="MO"/>
<feat xlink:href="#rel_21" value="MO"/>
<feat xlink:href="#rel_22" value="HD"/><!-- hat -->
<feat xlink:href="#rel_23" value="SB"/>
<feat xlink:href="#rel_24" value="OC"/>
<feat xlink:href="#rel_25" value="NK"/><!-- der -->
<feat xlink:href="#rel_26" value="NK"/><!-- SPD -->
<feat xlink:href="#rel_27" value="NK"/><!-- ihrer -->
<feat xlink:href="#rel_28" value="NK"/><!-- Wochenendklausur -->
<feat xlink:href="#rel_29" value="NK"/><!-- groÃe -->
<feat xlink:href="#rel_30" value="NK"/><!-- Welle -->
<feat xlink:href="#rel_31" value="NK"/><!-- mÃ¶glicher -->
<feat xlink:href="#rel_32" value="NK"/><!-- Sparpositionen -->
<feat xlink:href="#rel_33" value="NK"/><!-- die -->
<feat xlink:href="#rel_34" value="NK"/><!-- Haushaltspolitiker -->
<feat xlink:href="#rel_35" value="AG"/>
<feat xlink:href="#rel_36" value="AC"/><!-- im -->
<feat xlink:href="#rel_37" value="NK"/><!-- Vorfeld -->
<feat xlink:href="#rel_38" value="AG"/>
<feat xlink:href="#rel_39" value="AC"/><!-- mit -->
<feat xlink:href="#rel_40" value="NK"/><!-- Horrorlisten -->
<feat xlink:href="#rel_41" value="AG"/>
<feat xlink:href="#rel_42" value="MO"/><!-- Zwar -->
<feat xlink:href="#rel_43" value="HD"/><!-- machten -->
<feat xlink:href="#rel_44" value="OA"/>
<feat xlink:href="#rel_45" value="SB"/>
<feat xlink:href="#rel_46" value="MO"/>
<feat xlink:href="#rel_47" value="MO"/>
<feat xlink:href="#rel_48" value="AC"/><!-- Am -->
<feat xlink:href="#rel_49" value="NK"/><!-- Ende -->
<feat xlink:href="#rel_50" value="MO"/><!-- aber -->
<feat xlink:href="#rel_51" value="AC"/><!-- beim -->
<feat xlink:href="#rel_52" value="NK"/><!-- Alten -->
<feat xlink:href="#rel_53" value="HD"/><!-- bleibt -->
<feat xlink:href="#rel_54" value="SB"/><!-- alles -->
<feat xlink:href="#rel_55" value="MO"/>
<feat xlink:href="#rel_56" value="MO"/>
<feat xlink:href="#rel_57" value="CP"/><!-- Dass -->
<feat xlink:href="#rel_58" value="SB"/><!-- Millionen -->
<feat xlink:href="#rel_59" value="HD"/><!-- fehlen -->
<feat xlink:href="#rel_60" value="PM"/><!-- zu -->
<feat xlink:href="#rel_61" value="HD"/><!-- verteilen -->
<feat xlink:href="#rel_62" value="OA"/><!-- sie -->
<feat xlink:href="#rel_63" value="HD"/>
<feat xlink:href="#rel_64" value="PH"/><!-- daran -->
<feat xlink:href="#rel_65" value="RE"/>
<feat xlink:href="#rel_66" value="HD"/><!-- hindert -->
<feat xlink:href="#rel_67" value="NG"/><!-- nicht -->
<feat xlink:href="#rel_68" value="SB"/>
<feat xlink:href="#rel_69" value="OP"/>
<feat xlink:href="#rel_70" value="AC"/><!-- auf -->
<feat xlink:href="#rel_71" value="NK"/><!-- den -->
<feat xlink:href="#rel_72" value="NK"/><!-- teuren -->
<feat xlink:href="#rel_73" value="NK"/><!-- Theaterneubau -->
<feat xlink:href="#rel_74" value="PM"/><!-- zu -->
<feat xlink:href="#rel_75" value="HD"/><!-- verzichten -->
<feat xlink:href="#rel_76" value="OP"/>
<feat xlink:href="#rel_77" value="HD"/>
<feat xlink:href="#rel_78" value="HD"/><!-- empfohlen -->
<feat xlink:href="#rel_79" value="OC"/>
<feat xlink:href="#rel_80" value="SB"/><!-- Bosse -->
<feat xlink:href="#rel_81" value="HD"/><!-- hatte -->
<feat xlink:href="#rel_82" value="OC"/>
<feat xlink:href="#rel_83" value="NK"/><!-- das -->
<feat xlink:href="#rel_84" value="NK"/><!-- Projekt -->
<feat xlink:href="#rel_85" value="PM"/><!-- zu -->
<feat xlink:href="#rel_86" value="HD"/><!-- lassen -->
<feat xlink:href="#rel_87" value="AC"/><!-- angesichts -->
<feat xlink:href="#rel_88" value="NK"/><!-- der -->
<feat xlink:href="#rel_89" value="NK"/><!-- dÃ¼nnen -->
<feat xlink:href="#rel_90" value="NK"/><!-- SPD_CDU_Mehrheit -->
<feat xlink:href="#rel_91" value="AC"/><!-- im -->
<feat xlink:href="#rel_92" value="NK"/><!-- Desaster -->
<feat xlink:href="#rel_93" value="OC"/><!-- sterben -->
<feat xlink:href="#rel_94" value="OA"/>
<feat xlink:href="#rel_95" value="HD"/>
<feat xlink:href="#rel_96" value="HD"/><!-- geendet -->
<feat xlink:href="#rel_97" value="MO"/>
<feat xlink:href="#rel_98" value="MO"/>
<feat xlink:href="#rel_99" value="NK"/><!-- der -->
<feat xlink:href="#rel_100" value="NK"/><!-- Versuch -->
<feat xlink:href="#rel_101" value="OC"/>
<feat xlink:href="#rel_102" value="JU"/><!-- Doch -->
<feat xlink:href="#rel_103" value="HD"/><!-- hÃ¤tte -->
<feat xlink:href="#rel_104" value="OC"/>
<feat xlink:href="#rel_105" value="SB"/>
<feat xlink:href="#rel_106" value="AC"/><!-- zu -->
<feat xlink:href="#rel_107" value="NK"/><!-- dem -->
<feat xlink:href="#rel_108" value="NK"/><!-- Vorhaben -->
<feat xlink:href="#rel_109" value="MO"/><!-- Also -->
<feat xlink:href="#rel_110" value="HD"/><!-- bekannte -->
<feat xlink:href="#rel_111" value="SB"/><!-- man -->
<feat xlink:href="#rel_112" value="OA"/><!-- sich -->
<feat xlink:href="#rel_113" value="MO"/><!-- lieber -->
<feat xlink:href="#rel_114" value="MO"/><!-- einmÃ¼tig -->
<feat xlink:href="#rel_115" value="OP"/>
<feat xlink:href="#rel_116" value="CM"/><!-- Wie -->
<feat xlink:href="#rel_117" value="AC"/><!-- bei -->
<feat xlink:href="#rel_118" value="NK"/><!-- der -->
<feat xlink:href="#rel_119" value="NK"/><!-- Kammerakademie -->
<feat xlink:href="#rel_120" value="NK"/><!-- die -->
<feat xlink:href="#rel_121" value="NK"/><!-- Verwaltung -->
<feat xlink:href="#rel_122" value="CJ"/><!-- hier -->
<feat xlink:href="#rel_123" value="CD"/><!-- und -->
<feat xlink:href="#rel_124" value="CJ"/><!-- da -->
<feat xlink:href="#rel_125" value="NK"/><!-- ein -->
<feat xlink:href="#rel_126" value="NK"/><!-- bisschen -->
<feat xlink:href="#rel_127" value="MO"/><!-- richtig -->
<feat xlink:href="#rel_128" value="HD"/><!-- weh -->
<feat xlink:href="#rel_129" value="HD"/><!-- umschichten -->
<feat xlink:href="#rel_130" value="MO"/>
<feat xlink:href="#rel_131" value="MO"/>
<feat xlink:href="#rel_132" value="HD"/><!-- tun -->
<feat xlink:href="#rel_133" value="MO"/>
<feat xlink:href="#rel_134" value="HD"/><!-- soll -->
<feat xlink:href="#rel_135" value="MO"/>
<feat xlink:href="#rel_136" value="SB"/>
<feat xlink:href="#rel_137" value="OC"/>
<feat xlink:href="#rel_138" value="MO"/><!-- nirgendwo -->
<feat xlink:href="#rel_139" value="HD"/><!-- darf -->
<feat xlink:href="#rel_140" value="SB"/><!-- es -->
<feat xlink:href="#rel_141" value="OC"/>
<feat xlink:href="#rel_142" value="CJ"/>
<feat xlink:href="#rel_143" value="CJ"/>
<feat xlink:href="#rel_144" value="NK"/><!-- Das -->
<feat xlink:href="#rel_145" value="NK"/><!-- FÃ¼llhorn -->
<feat xlink:href="#rel_146" value="MNR"/><!-- schlieÃlich -->
<feat xlink:href="#rel_147" value="CJ"/><!-- Kitas -->
<feat xlink:href="#rel_148" value="CD"/><!-- und -->
<feat xlink:href="#rel_149" value="CJ"/><!-- Schulen -->
<feat xlink:href="#rel_150" value="AC"/><!-- Ã¼ber -->
<feat xlink:href="#rel_151" value="NK"/>
<feat xlink:href="#rel_152" value="HD"/><!-- schÃ¼ttet -->
<feat xlink:href="#rel_153" value="SB"/><!-- man -->
<feat xlink:href="#rel_154" value="SVP"/><!-- aus -->
<feat xlink:href="#rel_155" value="OA"/>
<feat xlink:href="#rel_156" value="MO"/>
<feat xlink:href="#rel_157" value="AC"/><!-- mit -->
<feat xlink:href="#rel_158" value="NK"/><!-- der -->
<feat xlink:href="#rel_159" value="NK"/><!-- CDU -->
<feat xlink:href="#rel_160" value="AG"/><!-- deren -->
<feat xlink:href="#rel_161" value="NK"/><!-- Zustimmung -->
<feat xlink:href="#rel_162" value="AC"/><!-- in -->
<feat xlink:href="#rel_163" value="NK"/><!-- der -->
<feat xlink:href="#rel_164" value="NK"/><!-- Tasche -->
<feat xlink:href="#rel_165" value="AC"/><!-- Dank -->
<feat xlink:href="#rel_166" value="NK"/><!-- der -->
<feat xlink:href="#rel_167" value="NK"/><!-- Kooperationsvereinbarung -->
<feat xlink:href="#rel_168" value="MNR"/>
<feat xlink:href="#rel_169" value="HD"/><!-- hat -->
<feat xlink:href="#rel_170" value="SB"/><!-- man -->
<feat xlink:href="#rel_171" value="MO"/><!-- schon -->
<feat xlink:href="#rel_172" value="OA"/>
<feat xlink:href="#rel_173" value="MO"/>
<feat xlink:href="#rel_174" value="MO"/>
<feat xlink:href="#rel_175" value="NK"/><!-- Die -->
<feat xlink:href="#rel_176" value="NK"/><!-- PDS -->
<feat xlink:href="#rel_177" value="OA"/><!-- nichts -->
<feat xlink:href="#rel_178" value="MO"/><!-- dagegen -->
<feat xlink:href="#rel_179" value="HD"/><!-- haben -->
<feat xlink:href="#rel_180" value="HD"/><!-- wird -->
<feat xlink:href="#rel_181" value="SB"/>
<feat xlink:href="#rel_182" value="OC"/>
<feat xlink:href="#rel_183" value="MO"/><!-- sicher -->
<feat xlink:href="#rel_184" value="HD"/><!-- notwendigen -->
<feat xlink:href="#rel_185" value="PM"/><!-- zu -->
<feat xlink:href="#rel_186" value="HD"/><!-- kÃ¶nnen -->
<feat xlink:href="#rel_187" value="AC"/><!-- am -->
<feat xlink:href="#rel_188" value="NK"/><!-- Ende -->
<feat xlink:href="#rel_189" value="AC"/><!-- von -->
<feat xlink:href="#rel_190" value="NK"/><!-- Tafelsilber -->
<feat xlink:href="#rel_191" value="NK"/><!-- die -->
<feat xlink:href="#rel_192" value="NK"/><!-- Investitionen -->
<feat xlink:href="#rel_193" value="NK"/>
<feat xlink:href="#rel_194" value="MO"/><!-- nur -->
<feat xlink:href="#rel_195" value="NK"/><!-- der -->
<feat xlink:href="#rel_196" value="NK"/><!-- Verkauf -->
<feat xlink:href="#rel_197" value="PG"/>
<feat xlink:href="#rel_198" value="HD"/><!-- tÃ¤tigen -->
<feat xlink:href="#rel_199" value="OA"/>
<feat xlink:href="#rel_200" value="CP"/><!-- Um -->
<feat xlink:href="#rel_201" value="HD"/>
<feat xlink:href="#rel_202" value="OC"/>
<feat xlink:href="#rel_203" value="HD"/><!-- bleibt -->
<feat xlink:href="#rel_204" value="MO"/><!-- aber -->
<feat xlink:href="#rel_205" value="MO"/><!-- wieder -->
<feat xlink:href="#rel_206" value="MO"/>
<feat xlink:href="#rel_207" value="SB"/>
<feat xlink:href="#rel_208" value="MO"/>
<feat xlink:href="#rel_209" value="NK"/><!-- Dieses -->
<feat xlink:href="#rel_210" value="NK"/><!-- Problem -->
<feat xlink:href="#rel_211" value="NK"/><!-- das -->
<feat xlink:href="#rel_212" value="NK"/><!-- Haushaltsloch -->
<feat xlink:href="#rel_213" value="AC"/><!-- in -->
<feat xlink:href="#rel_214" value="NK"/><!-- die -->
<feat xlink:href="#rel_215" value="NK"/><!-- WÃ¼ste -->
<feat xlink:href="#rel_216" value="CD"/><!-- und -->
<feat xlink:href="#rel_217" value="CJ"/>
<feat xlink:href="#rel_218" value="CJ"/>
<feat xlink:href="#rel_219" value="OA"/><!-- Bosse -->
<feat xlink:href="#rel_220" value="HD"/><!-- geschickt -->
<feat xlink:href="#rel_221" value="MO"/>
<feat xlink:href="#rel_222" value="CP"/><!-- wenn -->
<feat xlink:href="#rel_223" value="SB"/><!-- man -->
<feat xlink:href="#rel_224" value="HD"/><!-- hat -->
<feat xlink:href="#rel_225" value="OC"/>
<feat xlink:href="#rel_226" value="NG"/><!-- nicht -->
<feat xlink:href="#rel_227" value="HD"/><!-- verschwinden -->
<feat xlink:href="#rel_228" value="MO"/>
<feat xlink:href="#rel_229" value="HD"/><!-- werden -->
<feat xlink:href="#rel_230" value="SB"/>
<feat xlink:href="#rel_231" value="OC"/>
</featList>

</sfb632_standard>
