<?xml version="1.0" standalone="no"?>


<!DOCTYPE sfb632_standard SYSTEM "sfb632_feat.dtd">
<sfb632_standard version="1.0">

<header sfb_id="tiger.ID_maz-11766_morph" type="morph"/>

<featList xmlns:xlink="http://www.w3.org/1999/xlink" type="morph" xml:base="urml.maz-11766.tok.xml">

<feat xlink:href="#tok_1" value="Nom.Sg.Neut"/><!-- FÃ¼llhorn -->
<feat xlink:href="#tok_2" value="Pos"/><!-- Vergeblich -->
<feat xlink:href="#tok_3" value="3.Sg.Pres.Ind"/><!-- hat -->
<feat xlink:href="#tok_4" value="Nom.Sg.Masc"/><!-- der -->
<feat xlink:href="#tok_5" value="Nom.Sg.Masc"/><!-- Noch_Finanzbeigeordnete -->
<feat xlink:href="#tok_6" value="Nom.Sg.Masc"/><!-- Hans_Joachim -->
<feat xlink:href="#tok_7" value="Nom.Sg.Masc"/><!-- Bosse -->
<feat xlink:href="#tok_8" value="Dat.Pl.*"/><!-- den -->
<feat xlink:href="#tok_9" value="Dat.Pl.*"/><!-- Stadtverordneten -->
<feat xlink:href="#tok_10" value="--"/><!-- bei -->
<feat xlink:href="#tok_11" value="Dat.Sg.Fem"/><!-- der -->
<feat xlink:href="#tok_12" value="Dat.Sg.Fem"/><!-- Einbringung -->
<feat xlink:href="#tok_13" value="Gen.Sg.Masc"/><!-- des -->
<feat xlink:href="#tok_14" value="Gen.Sg.Masc"/><!-- Haushalts -->
<feat xlink:href="#tok_15" value="--"/><!-- 2002 -->
<feat xlink:href="#tok_16" value="Acc.Sg.Neut"/><!-- ins -->
<feat xlink:href="#tok_17" value="Acc.Sg.Neut"/><!-- Gewissen -->
<feat xlink:href="#tok_18" value="Psp"/><!-- geredet -->
<feat xlink:href="#tok_19" value="--"/><!-- . -->
<feat xlink:href="#tok_20" value="--"/><!-- Zwar -->
<feat xlink:href="#tok_21" value="3.Pl.Past.Ind"/><!-- machten -->
<feat xlink:href="#tok_22" value="Nom.Pl.Masc"/><!-- die -->
<feat xlink:href="#tok_23" value="Nom.Pl.Masc"/><!-- Haushaltspolitiker -->
<feat xlink:href="#tok_24" value="Gen.Sg.Fem"/><!-- der -->
<feat xlink:href="#tok_25" value="Gen.Sg.Fem"/><!-- SPD -->
<feat xlink:href="#tok_26" value="Dat.Sg.Neut"/><!-- im -->
<feat xlink:href="#tok_27" value="Dat.Sg.Neut"/><!-- Vorfeld -->
<feat xlink:href="#tok_28" value="Gen.Sg.Fem"/><!-- ihrer -->
<feat xlink:href="#tok_29" value="Gen.Sg.Fem"/><!-- Wochenendklausur -->
<feat xlink:href="#tok_30" value="Pos.Acc.Sg.Fem"/><!-- groÃe -->
<feat xlink:href="#tok_31" value="Acc.Sg.Fem"/><!-- Welle -->
<feat xlink:href="#tok_32" value="--"/><!-- mit -->
<feat xlink:href="#tok_33" value="Dat.Pl.Fem"/><!-- Horrorlisten -->
<feat xlink:href="#tok_34" value="Pos.Gen.Pl.Fem"/><!-- mÃ¶glicher -->
<feat xlink:href="#tok_35" value="Gen.Pl.Fem"/><!-- Sparpositionen -->
<feat xlink:href="#tok_36" value="--"/><!-- . -->
<feat xlink:href="#tok_37" value="Dat.Sg.Neut"/><!-- Am -->
<feat xlink:href="#tok_38" value="Dat.Sg.Neut"/><!-- Ende -->
<feat xlink:href="#tok_39" value="--"/><!-- aber -->
<feat xlink:href="#tok_40" value="3.Sg.Pres.Ind"/><!-- bleibt -->
<feat xlink:href="#tok_41" value="Nom.Sg.Neut"/><!-- alles -->
<feat xlink:href="#tok_42" value="Dat.Sg.Neut"/><!-- beim -->
<feat xlink:href="#tok_43" value="Dat.Sg.Neut"/><!-- Alten -->
<feat xlink:href="#tok_44" value="--"/><!-- : -->
<feat xlink:href="#tok_45" value="--"/><!-- Dass -->
<feat xlink:href="#tok_46" value="Nom.Pl.Fem"/><!-- Millionen -->
<feat xlink:href="#tok_47" value="3.Pl.Pres.Ind"/><!-- fehlen -->
<feat xlink:href="#tok_48" value="--"/><!-- , -->
<feat xlink:href="#tok_49" value="3.Sg.Pres.Ind"/><!-- hindert -->
<feat xlink:href="#tok_50" value="--"/><!-- nicht -->
<feat xlink:href="#tok_51" value="--"/><!-- daran -->
<feat xlink:href="#tok_52" value="--"/><!-- , -->
<feat xlink:href="#tok_53" value="3.Acc.Pl.Fem"/><!-- sie -->
<feat xlink:href="#tok_54" value="--"/><!-- zu -->
<feat xlink:href="#tok_55" value="Inf"/><!-- verteilen -->
<feat xlink:href="#tok_56" value="--"/><!-- . -->
<feat xlink:href="#tok_57" value="Nom.Sg.*"/><!-- Bosse -->
<feat xlink:href="#tok_58" value="3.Sg.Past.Ind"/><!-- hatte -->
<feat xlink:href="#tok_59" value="Psp"/><!-- empfohlen -->
<feat xlink:href="#tok_60" value="--"/><!-- , -->
<feat xlink:href="#tok_61" value="--"/><!-- auf -->
<feat xlink:href="#tok_62" value="Acc.Sg.Masc"/><!-- den -->
<feat xlink:href="#tok_63" value="Pos.Acc.Sg.Masc"/><!-- teuren -->
<feat xlink:href="#tok_64" value="Acc.Sg.Masc"/><!-- Theaterneubau -->
<feat xlink:href="#tok_65" value="--"/><!-- zu -->
<feat xlink:href="#tok_66" value="Inf"/><!-- verzichten -->
<feat xlink:href="#tok_67" value="--"/><!-- . -->
<feat xlink:href="#tok_68" value="--"/><!-- Doch -->
<feat xlink:href="#tok_69" value="Nom.Sg.Masc"/><!-- der -->
<feat xlink:href="#tok_70" value="Nom.Sg.Masc"/><!-- Versuch -->
<feat xlink:href="#tok_71" value="--"/><!-- , -->
<feat xlink:href="#tok_72" value="Acc.Sg.Neut"/><!-- das -->
<feat xlink:href="#tok_73" value="Acc.Sg.Neut"/><!-- Projekt -->
<feat xlink:href="#tok_74" value="Inf"/><!-- sterben -->
<feat xlink:href="#tok_75" value="--"/><!-- zu -->
<feat xlink:href="#tok_76" value="Inf"/><!-- lassen -->
<feat xlink:href="#tok_77" value="--"/><!-- , -->
<feat xlink:href="#tok_78" value="3.Sg.Past.Subj"/><!-- hÃ¤tte -->
<feat xlink:href="#tok_79" value="--"/><!-- angesichts -->
<feat xlink:href="#tok_80" value="Gen.Sg.Fem"/><!-- der -->
<feat xlink:href="#tok_81" value="Pos.Gen.Sg.Fem"/><!-- dÃ¼nnen -->
<feat xlink:href="#tok_82" value="Gen.Sg.Fem"/><!-- SPD_CDU_Mehrheit -->
<feat xlink:href="#tok_83" value="Dat.Sg.Neut"/><!-- im -->
<feat xlink:href="#tok_84" value="Dat.Sg.Neut"/><!-- Desaster -->
<feat xlink:href="#tok_85" value="Psp"/><!-- geendet -->
<feat xlink:href="#tok_86" value="--"/><!-- . -->
<feat xlink:href="#tok_87" value="--"/><!-- Also -->
<feat xlink:href="#tok_88" value="3.Sg.Past.Ind"/><!-- bekannte -->
<feat xlink:href="#tok_89" value="Nom.Sg.*"/><!-- man -->
<feat xlink:href="#tok_90" value="3.Acc.Pl"/><!-- sich -->
<feat xlink:href="#tok_91" value="--"/><!-- lieber -->
<feat xlink:href="#tok_92" value="Pos"/><!-- einmÃ¼tig -->
<feat xlink:href="#tok_93" value="--"/><!-- zu -->
<feat xlink:href="#tok_94" value="Dat.Sg.Neut"/><!-- dem -->
<feat xlink:href="#tok_95" value="Dat.Sg.Neut"/><!-- Vorhaben -->
<feat xlink:href="#tok_96" value="--"/><!-- . -->
<feat xlink:href="#tok_97" value="--"/><!-- Wie -->
<feat xlink:href="#tok_98" value="--"/><!-- bei -->
<feat xlink:href="#tok_99" value="Dat.Sg.Fem"/><!-- der -->
<feat xlink:href="#tok_100" value="Dat.Sg.Fem"/><!-- Kammerakademie -->
<feat xlink:href="#tok_101" value="3.Sg.Pres.Ind"/><!-- soll -->
<feat xlink:href="#tok_102" value="Nom.Sg.Fem"/><!-- die -->
<feat xlink:href="#tok_103" value="Nom.Sg.Fem"/><!-- Verwaltung -->
<feat xlink:href="#tok_104" value="--"/><!-- hier -->
<feat xlink:href="#tok_105" value="--"/><!-- und -->
<feat xlink:href="#tok_106" value="--"/><!-- da -->
<feat xlink:href="#tok_107" value="*.*.*"/><!-- ein -->
<feat xlink:href="#tok_108" value="*.*.*"/><!-- bisschen -->
<feat xlink:href="#tok_109" value="Inf"/><!-- umschichten -->
<feat xlink:href="#tok_110" value="--"/><!-- , -->
<feat xlink:href="#tok_111" value="--"/><!-- nirgendwo -->
<feat xlink:href="#tok_112" value="3.Sg.Pres.Ind"/><!-- darf -->
<feat xlink:href="#tok_113" value="3.Nom.Sg.Neut"/><!-- es -->
<feat xlink:href="#tok_114" value="Pos"/><!-- richtig -->
<feat xlink:href="#tok_115" value="Pos"/><!-- weh -->
<feat xlink:href="#tok_116" value="Inf"/><!-- tun -->
<feat xlink:href="#tok_117" value="--"/><!-- . -->
<feat xlink:href="#tok_118" value="Acc.Sg.Neut"/><!-- Das -->
<feat xlink:href="#tok_119" value="Acc.Sg.Neut"/><!-- FÃ¼llhorn -->
<feat xlink:href="#tok_120" value="--"/><!-- schlieÃlich -->
<feat xlink:href="#tok_121" value="3.Sg.Pres.Ind"/><!-- schÃ¼ttet -->
<feat xlink:href="#tok_122" value="Nom.Sg.*"/><!-- man -->
<feat xlink:href="#tok_123" value="--"/><!-- Ã¼ber -->
<feat xlink:href="#tok_124" value="Dat.Pl.Fem"/><!-- Kitas -->
<feat xlink:href="#tok_125" value="--"/><!-- und -->
<feat xlink:href="#tok_126" value="Dat.Pl.Fem"/><!-- Schulen -->
<feat xlink:href="#tok_127" value="--"/><!-- aus -->
<feat xlink:href="#tok_128" value="--"/><!-- . -->
<feat xlink:href="#tok_129" value="--"/><!-- Dank -->
<feat xlink:href="#tok_130" value="*.Sg.Fem"/><!-- der -->
<feat xlink:href="#tok_131" value="*.Sg.Fem"/><!-- Kooperationsvereinbarung -->
<feat xlink:href="#tok_132" value="--"/><!-- mit -->
<feat xlink:href="#tok_133" value="Dat.Sg.Fem"/><!-- der -->
<feat xlink:href="#tok_134" value="Dat.Sg.Fem"/><!-- CDU -->
<feat xlink:href="#tok_135" value="3.Sg.Pres.Ind"/><!-- hat -->
<feat xlink:href="#tok_136" value="Nom.Sg.*"/><!-- man -->
<feat xlink:href="#tok_137" value="Gen.Sg.Fem"/><!-- deren -->
<feat xlink:href="#tok_138" value="Acc.Sg.Fem"/><!-- Zustimmung -->
<feat xlink:href="#tok_139" value="--"/><!-- schon -->
<feat xlink:href="#tok_140" value="--"/><!-- in -->
<feat xlink:href="#tok_141" value="Dat.Sg.Fem"/><!-- der -->
<feat xlink:href="#tok_142" value="Dat.Sg.Fem"/><!-- Tasche -->
<feat xlink:href="#tok_143" value="--"/><!-- . -->
<feat xlink:href="#tok_144" value="Nom.Sg.Fem"/><!-- Die -->
<feat xlink:href="#tok_145" value="Nom.Sg.Fem"/><!-- PDS -->
<feat xlink:href="#tok_146" value="3.Sg.Pres.Ind"/><!-- wird -->
<feat xlink:href="#tok_147" value="*.*.Neut"/><!-- nichts -->
<feat xlink:href="#tok_148" value="--"/><!-- dagegen -->
<feat xlink:href="#tok_149" value="Inf"/><!-- haben -->
<feat xlink:href="#tok_150" value="--"/><!-- . -->
<feat xlink:href="#tok_151" value="--"/><!-- Um -->
<feat xlink:href="#tok_152" value="Acc.Pl.Fem"/><!-- die -->
<feat xlink:href="#tok_153" value="Pos"/><!-- sicher -->
<feat xlink:href="#tok_154" value="Pos.Acc.Pl.Fem"/><!-- notwendigen -->
<feat xlink:href="#tok_155" value="Acc.Pl.Fem"/><!-- Investitionen -->
<feat xlink:href="#tok_156" value="Inf"/><!-- tÃ¤tigen -->
<feat xlink:href="#tok_157" value="--"/><!-- zu -->
<feat xlink:href="#tok_158" value="Inf"/><!-- kÃ¶nnen -->
<feat xlink:href="#tok_159" value="--"/><!-- , -->
<feat xlink:href="#tok_160" value="3.Sg.Pres.Ind"/><!-- bleibt -->
<feat xlink:href="#tok_161" value="--"/><!-- aber -->
<feat xlink:href="#tok_162" value="Dat.Sg.Neut"/><!-- am -->
<feat xlink:href="#tok_163" value="Dat.Sg.Neut"/><!-- Ende -->
<feat xlink:href="#tok_164" value="--"/><!-- wieder -->
<feat xlink:href="#tok_165" value="--"/><!-- nur -->
<feat xlink:href="#tok_166" value="Nom.Sg.Masc"/><!-- der -->
<feat xlink:href="#tok_167" value="Nom.Sg.Masc"/><!-- Verkauf -->
<feat xlink:href="#tok_168" value="--"/><!-- von -->
<feat xlink:href="#tok_169" value="Dat.Sg.Neut"/><!-- Tafelsilber -->
<feat xlink:href="#tok_170" value="--"/><!-- . -->
<feat xlink:href="#tok_171" value="Nom.Sg.Neut"/><!-- Dieses -->
<feat xlink:href="#tok_172" value="Nom.Sg.Neut"/><!-- Problem -->
<feat xlink:href="#tok_173" value="--"/><!-- und -->
<feat xlink:href="#tok_174" value="Nom.Sg.Neut"/><!-- das -->
<feat xlink:href="#tok_175" value="Nom.Sg.Neut"/><!-- Haushaltsloch -->
<feat xlink:href="#tok_176" value="3.Pl.Pres.Ind"/><!-- werden -->
<feat xlink:href="#tok_177" value="--"/><!-- nicht -->
<feat xlink:href="#tok_178" value="Inf"/><!-- verschwinden -->
<feat xlink:href="#tok_179" value="--"/><!-- , -->
<feat xlink:href="#tok_180" value="--"/><!-- wenn -->
<feat xlink:href="#tok_181" value="Nom.Sg.*"/><!-- man -->
<feat xlink:href="#tok_182" value="Acc.Sg.*"/><!-- Bosse -->
<feat xlink:href="#tok_183" value="--"/><!-- in -->
<feat xlink:href="#tok_184" value="Acc.Sg.Fem"/><!-- die -->
<feat xlink:href="#tok_185" value="Acc.Sg.Fem"/><!-- WÃ¼ste -->
<feat xlink:href="#tok_186" value="Psp"/><!-- geschickt -->
<feat xlink:href="#tok_187" value="3.Sg.Pres.Ind"/><!-- hat -->
<feat xlink:href="#tok_188" value="--"/><!-- . -->
</featList>

</sfb632_standard>
