<?xml version="1.0" standalone="no"?>
<!DOCTYPE sfb632_standard SYSTEM "sfb632_struct.dtd">


<sfb632_standard version="1.0">
<header sfb_id="tiger.ID_maz-11766_const" type="const"/>

<structList xmlns:xlink="http://www.w3.org/1999/xlink" type="const">

<struct id="const_1">
<rel id="rel_1" type="edge" xlink:href="urml.maz-11766.tok.xml#tok_6"/><!-- Hans_Joachim -->
<rel id="rel_2" type="edge" xlink:href="urml.maz-11766.tok.xml#tok_7"/><!-- Bosse -->
</struct>

<struct id="const_2">
<rel id="rel_3" type="edge" xlink:href="urml.maz-11766.tok.xml#tok_8"/><!-- den -->
<rel id="rel_4" type="edge" xlink:href="urml.maz-11766.tok.xml#tok_9"/><!-- Stadtverordneten -->
</struct>

<struct id="const_3">
<rel id="rel_5" type="edge" xlink:href="urml.maz-11766.tok.xml#tok_13"/><!-- des -->
<rel id="rel_6" type="edge" xlink:href="urml.maz-11766.tok.xml#tok_14"/><!-- Haushalts -->
<rel id="rel_7" type="edge" xlink:href="urml.maz-11766.tok.xml#tok_15"/><!-- 2002 -->
</struct>

<struct id="const_4">
<rel id="rel_8" type="edge" xlink:href="urml.maz-11766.tok.xml#tok_16"/><!-- ins -->
<rel id="rel_9" type="edge" xlink:href="urml.maz-11766.tok.xml#tok_17"/><!-- Gewissen -->
</struct>

<struct id="const_5">
<rel id="rel_10" type="edge" xlink:href="urml.maz-11766.tok.xml#tok_4"/><!-- der -->
<rel id="rel_11" type="edge" xlink:href="urml.maz-11766.tok.xml#tok_5"/><!-- Noch_Finanzbeigeordnete -->
<rel id="rel_12" type="edge" xlink:href="const_1"/>
</struct>

<struct id="const_6">
<rel id="rel_13" type="edge" xlink:href="urml.maz-11766.tok.xml#tok_10"/><!-- bei -->
<rel id="rel_14" type="edge" xlink:href="urml.maz-11766.tok.xml#tok_11"/><!-- der -->
<rel id="rel_15" type="edge" xlink:href="urml.maz-11766.tok.xml#tok_12"/><!-- Einbringung -->
<rel id="rel_16" type="edge" xlink:href="const_3"/>
</struct>

<struct id="const_7">
<rel id="rel_17" type="edge" xlink:href="urml.maz-11766.tok.xml#tok_2"/><!-- Vergeblich -->
<rel id="rel_18" type="edge" xlink:href="urml.maz-11766.tok.xml#tok_18"/><!-- geredet -->
<rel id="rel_19" type="edge" xlink:href="const_2"/>
<rel id="rel_20" type="edge" xlink:href="const_4"/>
<rel id="rel_21" type="edge" xlink:href="const_6"/>
</struct>

<struct id="const_8">
<rel id="rel_22" type="edge" xlink:href="urml.maz-11766.tok.xml#tok_3"/><!-- hat -->
<rel id="rel_23" type="edge" xlink:href="const_5"/>
<rel id="rel_24" type="edge" xlink:href="const_7"/>
</struct>

<struct id="const_9">
<rel id="rel_25" type="edge" xlink:href="urml.maz-11766.tok.xml#tok_24"/><!-- der -->
<rel id="rel_26" type="edge" xlink:href="urml.maz-11766.tok.xml#tok_25"/><!-- SPD -->
</struct>

<struct id="const_10">
<rel id="rel_27" type="edge" xlink:href="urml.maz-11766.tok.xml#tok_28"/><!-- ihrer -->
<rel id="rel_28" type="edge" xlink:href="urml.maz-11766.tok.xml#tok_29"/><!-- Wochenendklausur -->
</struct>

<struct id="const_11">
<rel id="rel_29" type="edge" xlink:href="urml.maz-11766.tok.xml#tok_30"/><!-- groÃe -->
<rel id="rel_30" type="edge" xlink:href="urml.maz-11766.tok.xml#tok_31"/><!-- Welle -->
</struct>

<struct id="const_12">
<rel id="rel_31" type="edge" xlink:href="urml.maz-11766.tok.xml#tok_34"/><!-- mÃ¶glicher -->
<rel id="rel_32" type="edge" xlink:href="urml.maz-11766.tok.xml#tok_35"/><!-- Sparpositionen -->
</struct>

<struct id="const_13">
<rel id="rel_33" type="edge" xlink:href="urml.maz-11766.tok.xml#tok_22"/><!-- die -->
<rel id="rel_34" type="edge" xlink:href="urml.maz-11766.tok.xml#tok_23"/><!-- Haushaltspolitiker -->
<rel id="rel_35" type="edge" xlink:href="const_9"/>
</struct>

<struct id="const_14">
<rel id="rel_36" type="edge" xlink:href="urml.maz-11766.tok.xml#tok_26"/><!-- im -->
<rel id="rel_37" type="edge" xlink:href="urml.maz-11766.tok.xml#tok_27"/><!-- Vorfeld -->
<rel id="rel_38" type="edge" xlink:href="const_10"/>
</struct>

<struct id="const_15">
<rel id="rel_39" type="edge" xlink:href="urml.maz-11766.tok.xml#tok_32"/><!-- mit -->
<rel id="rel_40" type="edge" xlink:href="urml.maz-11766.tok.xml#tok_33"/><!-- Horrorlisten -->
<rel id="rel_41" type="edge" xlink:href="const_12"/>
</struct>

<struct id="const_16">
<rel id="rel_42" type="edge" xlink:href="urml.maz-11766.tok.xml#tok_20"/><!-- Zwar -->
<rel id="rel_43" type="edge" xlink:href="urml.maz-11766.tok.xml#tok_21"/><!-- machten -->
<rel id="rel_44" type="edge" xlink:href="const_11"/>
<rel id="rel_45" type="edge" xlink:href="const_13"/>
<rel id="rel_46" type="edge" xlink:href="const_14"/>
<rel id="rel_47" type="edge" xlink:href="const_15"/>
</struct>

<struct id="const_17">
<rel id="rel_48" type="edge" xlink:href="urml.maz-11766.tok.xml#tok_37"/><!-- Am -->
<rel id="rel_49" type="edge" xlink:href="urml.maz-11766.tok.xml#tok_38"/><!-- Ende -->
<rel id="rel_50" type="edge" xlink:href="urml.maz-11766.tok.xml#tok_39"/><!-- aber -->
</struct>

<struct id="const_18">
<rel id="rel_51" type="edge" xlink:href="urml.maz-11766.tok.xml#tok_42"/><!-- beim -->
<rel id="rel_52" type="edge" xlink:href="urml.maz-11766.tok.xml#tok_43"/><!-- Alten -->
</struct>

<struct id="const_19">
<rel id="rel_53" type="edge" xlink:href="urml.maz-11766.tok.xml#tok_40"/><!-- bleibt -->
<rel id="rel_54" type="edge" xlink:href="urml.maz-11766.tok.xml#tok_41"/><!-- alles -->
<rel id="rel_55" type="edge" xlink:href="const_17"/>
<rel id="rel_56" type="edge" xlink:href="const_18"/>
</struct>

<struct id="const_20">
<rel id="rel_57" type="edge" xlink:href="urml.maz-11766.tok.xml#tok_45"/><!-- Dass -->
<rel id="rel_58" type="edge" xlink:href="urml.maz-11766.tok.xml#tok_46"/><!-- Millionen -->
<rel id="rel_59" type="edge" xlink:href="urml.maz-11766.tok.xml#tok_47"/><!-- fehlen -->
</struct>

<struct id="const_21">
<rel id="rel_60" type="edge" xlink:href="urml.maz-11766.tok.xml#tok_54"/><!-- zu -->
<rel id="rel_61" type="edge" xlink:href="urml.maz-11766.tok.xml#tok_55"/><!-- verteilen -->
</struct>

<struct id="const_22">
<rel id="rel_62" type="edge" xlink:href="urml.maz-11766.tok.xml#tok_53"/><!-- sie -->
<rel id="rel_63" type="edge" xlink:href="const_21"/>
</struct>

<struct id="const_23">
<rel id="rel_64" type="edge" xlink:href="urml.maz-11766.tok.xml#tok_51"/><!-- daran -->
<rel id="rel_65" type="edge" xlink:href="const_22"/>
</struct>

<struct id="const_24">
<rel id="rel_66" type="edge" xlink:href="urml.maz-11766.tok.xml#tok_49"/><!-- hindert -->
<rel id="rel_67" type="edge" xlink:href="urml.maz-11766.tok.xml#tok_50"/><!-- nicht -->
<rel id="rel_68" type="edge" xlink:href="const_20"/>
<rel id="rel_69" type="edge" xlink:href="const_23"/>
</struct>

<struct id="const_25">
<rel id="rel_70" type="edge" xlink:href="urml.maz-11766.tok.xml#tok_61"/><!-- auf -->
<rel id="rel_71" type="edge" xlink:href="urml.maz-11766.tok.xml#tok_62"/><!-- den -->
<rel id="rel_72" type="edge" xlink:href="urml.maz-11766.tok.xml#tok_63"/><!-- teuren -->
<rel id="rel_73" type="edge" xlink:href="urml.maz-11766.tok.xml#tok_64"/><!-- Theaterneubau -->
</struct>

<struct id="const_26">
<rel id="rel_74" type="edge" xlink:href="urml.maz-11766.tok.xml#tok_65"/><!-- zu -->
<rel id="rel_75" type="edge" xlink:href="urml.maz-11766.tok.xml#tok_66"/><!-- verzichten -->
</struct>

<struct id="const_27">
<rel id="rel_76" type="edge" xlink:href="const_25"/>
<rel id="rel_77" type="edge" xlink:href="const_26"/>
</struct>

<struct id="const_28">
<rel id="rel_78" type="edge" xlink:href="urml.maz-11766.tok.xml#tok_59"/><!-- empfohlen -->
<rel id="rel_79" type="edge" xlink:href="const_27"/>
</struct>

<struct id="const_29">
<rel id="rel_80" type="edge" xlink:href="urml.maz-11766.tok.xml#tok_57"/><!-- Bosse -->
<rel id="rel_81" type="edge" xlink:href="urml.maz-11766.tok.xml#tok_58"/><!-- hatte -->
<rel id="rel_82" type="edge" xlink:href="const_28"/>
</struct>

<struct id="const_30">
<rel id="rel_83" type="edge" xlink:href="urml.maz-11766.tok.xml#tok_72"/><!-- das -->
<rel id="rel_84" type="edge" xlink:href="urml.maz-11766.tok.xml#tok_73"/><!-- Projekt -->
</struct>

<struct id="const_31">
<rel id="rel_85" type="edge" xlink:href="urml.maz-11766.tok.xml#tok_75"/><!-- zu -->
<rel id="rel_86" type="edge" xlink:href="urml.maz-11766.tok.xml#tok_76"/><!-- lassen -->
</struct>

<struct id="const_32">
<rel id="rel_87" type="edge" xlink:href="urml.maz-11766.tok.xml#tok_79"/><!-- angesichts -->
<rel id="rel_88" type="edge" xlink:href="urml.maz-11766.tok.xml#tok_80"/><!-- der -->
<rel id="rel_89" type="edge" xlink:href="urml.maz-11766.tok.xml#tok_81"/><!-- dÃ¼nnen -->
<rel id="rel_90" type="edge" xlink:href="urml.maz-11766.tok.xml#tok_82"/><!-- SPD_CDU_Mehrheit -->
</struct>

<struct id="const_33">
<rel id="rel_91" type="edge" xlink:href="urml.maz-11766.tok.xml#tok_83"/><!-- im -->
<rel id="rel_92" type="edge" xlink:href="urml.maz-11766.tok.xml#tok_84"/><!-- Desaster -->
</struct>

<struct id="const_34">
<rel id="rel_93" type="edge" xlink:href="urml.maz-11766.tok.xml#tok_74"/><!-- sterben -->
<rel id="rel_94" type="edge" xlink:href="const_30"/>
<rel id="rel_95" type="edge" xlink:href="const_31"/>
</struct>

<struct id="const_35">
<rel id="rel_96" type="edge" xlink:href="urml.maz-11766.tok.xml#tok_85"/><!-- geendet -->
<rel id="rel_97" type="edge" xlink:href="const_32"/>
<rel id="rel_98" type="edge" xlink:href="const_33"/>
</struct>

<struct id="const_36">
<rel id="rel_99" type="edge" xlink:href="urml.maz-11766.tok.xml#tok_69"/><!-- der -->
<rel id="rel_100" type="edge" xlink:href="urml.maz-11766.tok.xml#tok_70"/><!-- Versuch -->
<rel id="rel_101" type="edge" xlink:href="const_34"/>
</struct>

<struct id="const_37">
<rel id="rel_102" type="edge" xlink:href="urml.maz-11766.tok.xml#tok_68"/><!-- Doch -->
<rel id="rel_103" type="edge" xlink:href="urml.maz-11766.tok.xml#tok_78"/><!-- hÃ¤tte -->
<rel id="rel_104" type="edge" xlink:href="const_35"/>
<rel id="rel_105" type="edge" xlink:href="const_36"/>
</struct>

<struct id="const_38">
<rel id="rel_106" type="edge" xlink:href="urml.maz-11766.tok.xml#tok_93"/><!-- zu -->
<rel id="rel_107" type="edge" xlink:href="urml.maz-11766.tok.xml#tok_94"/><!-- dem -->
<rel id="rel_108" type="edge" xlink:href="urml.maz-11766.tok.xml#tok_95"/><!-- Vorhaben -->
</struct>

<struct id="const_39">
<rel id="rel_109" type="edge" xlink:href="urml.maz-11766.tok.xml#tok_87"/><!-- Also -->
<rel id="rel_110" type="edge" xlink:href="urml.maz-11766.tok.xml#tok_88"/><!-- bekannte -->
<rel id="rel_111" type="edge" xlink:href="urml.maz-11766.tok.xml#tok_89"/><!-- man -->
<rel id="rel_112" type="edge" xlink:href="urml.maz-11766.tok.xml#tok_90"/><!-- sich -->
<rel id="rel_113" type="edge" xlink:href="urml.maz-11766.tok.xml#tok_91"/><!-- lieber -->
<rel id="rel_114" type="edge" xlink:href="urml.maz-11766.tok.xml#tok_92"/><!-- einmÃ¼tig -->
<rel id="rel_115" type="edge" xlink:href="const_38"/>
</struct>

<struct id="const_40">
<rel id="rel_116" type="edge" xlink:href="urml.maz-11766.tok.xml#tok_97"/><!-- Wie -->
<rel id="rel_117" type="edge" xlink:href="urml.maz-11766.tok.xml#tok_98"/><!-- bei -->
<rel id="rel_118" type="edge" xlink:href="urml.maz-11766.tok.xml#tok_99"/><!-- der -->
<rel id="rel_119" type="edge" xlink:href="urml.maz-11766.tok.xml#tok_100"/><!-- Kammerakademie -->
</struct>

<struct id="const_41">
<rel id="rel_120" type="edge" xlink:href="urml.maz-11766.tok.xml#tok_102"/><!-- die -->
<rel id="rel_121" type="edge" xlink:href="urml.maz-11766.tok.xml#tok_103"/><!-- Verwaltung -->
</struct>

<struct id="const_42">
<rel id="rel_122" type="edge" xlink:href="urml.maz-11766.tok.xml#tok_104"/><!-- hier -->
<rel id="rel_123" type="edge" xlink:href="urml.maz-11766.tok.xml#tok_105"/><!-- und -->
<rel id="rel_124" type="edge" xlink:href="urml.maz-11766.tok.xml#tok_106"/><!-- da -->
</struct>

<struct id="const_43">
<rel id="rel_125" type="edge" xlink:href="urml.maz-11766.tok.xml#tok_107"/><!-- ein -->
<rel id="rel_126" type="edge" xlink:href="urml.maz-11766.tok.xml#tok_108"/><!-- bisschen -->
</struct>

<struct id="const_44">
<rel id="rel_127" type="edge" xlink:href="urml.maz-11766.tok.xml#tok_114"/><!-- richtig -->
<rel id="rel_128" type="edge" xlink:href="urml.maz-11766.tok.xml#tok_115"/><!-- weh -->
</struct>

<struct id="const_45">
<rel id="rel_129" type="edge" xlink:href="urml.maz-11766.tok.xml#tok_109"/><!-- umschichten -->
<rel id="rel_130" type="edge" xlink:href="const_42"/>
<rel id="rel_131" type="edge" xlink:href="const_43"/>
</struct>

<struct id="const_46">
<rel id="rel_132" type="edge" xlink:href="urml.maz-11766.tok.xml#tok_116"/><!-- tun -->
<rel id="rel_133" type="edge" xlink:href="const_44"/>
</struct>

<struct id="const_47">
<rel id="rel_134" type="edge" xlink:href="urml.maz-11766.tok.xml#tok_101"/><!-- soll -->
<rel id="rel_135" type="edge" xlink:href="const_40"/>
<rel id="rel_136" type="edge" xlink:href="const_41"/>
<rel id="rel_137" type="edge" xlink:href="const_45"/>
</struct>

<struct id="const_48">
<rel id="rel_138" type="edge" xlink:href="urml.maz-11766.tok.xml#tok_111"/><!-- nirgendwo -->
<rel id="rel_139" type="edge" xlink:href="urml.maz-11766.tok.xml#tok_112"/><!-- darf -->
<rel id="rel_140" type="edge" xlink:href="urml.maz-11766.tok.xml#tok_113"/><!-- es -->
<rel id="rel_141" type="edge" xlink:href="const_46"/>
</struct>

<struct id="const_49">
<rel id="rel_142" type="edge" xlink:href="const_47"/>
<rel id="rel_143" type="edge" xlink:href="const_48"/>
</struct>

<struct id="const_50">
<rel id="rel_144" type="edge" xlink:href="urml.maz-11766.tok.xml#tok_118"/><!-- Das -->
<rel id="rel_145" type="edge" xlink:href="urml.maz-11766.tok.xml#tok_119"/><!-- FÃ¼llhorn -->
<rel id="rel_146" type="edge" xlink:href="urml.maz-11766.tok.xml#tok_120"/><!-- schlieÃlich -->
</struct>

<struct id="const_51">
<rel id="rel_147" type="edge" xlink:href="urml.maz-11766.tok.xml#tok_124"/><!-- Kitas -->
<rel id="rel_148" type="edge" xlink:href="urml.maz-11766.tok.xml#tok_125"/><!-- und -->
<rel id="rel_149" type="edge" xlink:href="urml.maz-11766.tok.xml#tok_126"/><!-- Schulen -->
</struct>

<struct id="const_52">
<rel id="rel_150" type="edge" xlink:href="urml.maz-11766.tok.xml#tok_123"/><!-- Ã¼ber -->
<rel id="rel_151" type="edge" xlink:href="const_51"/>
</struct>

<struct id="const_53">
<rel id="rel_152" type="edge" xlink:href="urml.maz-11766.tok.xml#tok_121"/><!-- schÃ¼ttet -->
<rel id="rel_153" type="edge" xlink:href="urml.maz-11766.tok.xml#tok_122"/><!-- man -->
<rel id="rel_154" type="edge" xlink:href="urml.maz-11766.tok.xml#tok_127"/><!-- aus -->
<rel id="rel_155" type="edge" xlink:href="const_50"/>
<rel id="rel_156" type="edge" xlink:href="const_52"/>
</struct>

<struct id="const_54">
<rel id="rel_157" type="edge" xlink:href="urml.maz-11766.tok.xml#tok_132"/><!-- mit -->
<rel id="rel_158" type="edge" xlink:href="urml.maz-11766.tok.xml#tok_133"/><!-- der -->
<rel id="rel_159" type="edge" xlink:href="urml.maz-11766.tok.xml#tok_134"/><!-- CDU -->
</struct>

<struct id="const_55">
<rel id="rel_160" type="edge" xlink:href="urml.maz-11766.tok.xml#tok_137"/><!-- deren -->
<rel id="rel_161" type="edge" xlink:href="urml.maz-11766.tok.xml#tok_138"/><!-- Zustimmung -->
</struct>

<struct id="const_56">
<rel id="rel_162" type="edge" xlink:href="urml.maz-11766.tok.xml#tok_140"/><!-- in -->
<rel id="rel_163" type="edge" xlink:href="urml.maz-11766.tok.xml#tok_141"/><!-- der -->
<rel id="rel_164" type="edge" xlink:href="urml.maz-11766.tok.xml#tok_142"/><!-- Tasche -->
</struct>

<struct id="const_57">
<rel id="rel_165" type="edge" xlink:href="urml.maz-11766.tok.xml#tok_129"/><!-- Dank -->
<rel id="rel_166" type="edge" xlink:href="urml.maz-11766.tok.xml#tok_130"/><!-- der -->
<rel id="rel_167" type="edge" xlink:href="urml.maz-11766.tok.xml#tok_131"/><!-- Kooperationsvereinbarung -->
<rel id="rel_168" type="edge" xlink:href="const_54"/>
</struct>

<struct id="const_58">
<rel id="rel_169" type="edge" xlink:href="urml.maz-11766.tok.xml#tok_135"/><!-- hat -->
<rel id="rel_170" type="edge" xlink:href="urml.maz-11766.tok.xml#tok_136"/><!-- man -->
<rel id="rel_171" type="edge" xlink:href="urml.maz-11766.tok.xml#tok_139"/><!-- schon -->
<rel id="rel_172" type="edge" xlink:href="const_55"/>
<rel id="rel_173" type="edge" xlink:href="const_56"/>
<rel id="rel_174" type="edge" xlink:href="const_57"/>
</struct>

<struct id="const_59">
<rel id="rel_175" type="edge" xlink:href="urml.maz-11766.tok.xml#tok_144"/><!-- Die -->
<rel id="rel_176" type="edge" xlink:href="urml.maz-11766.tok.xml#tok_145"/><!-- PDS -->
</struct>

<struct id="const_60">
<rel id="rel_177" type="edge" xlink:href="urml.maz-11766.tok.xml#tok_147"/><!-- nichts -->
<rel id="rel_178" type="edge" xlink:href="urml.maz-11766.tok.xml#tok_148"/><!-- dagegen -->
<rel id="rel_179" type="edge" xlink:href="urml.maz-11766.tok.xml#tok_149"/><!-- haben -->
</struct>

<struct id="const_61">
<rel id="rel_180" type="edge" xlink:href="urml.maz-11766.tok.xml#tok_146"/><!-- wird -->
<rel id="rel_181" type="edge" xlink:href="const_59"/>
<rel id="rel_182" type="edge" xlink:href="const_60"/>
</struct>

<struct id="const_62">
<rel id="rel_183" type="edge" xlink:href="urml.maz-11766.tok.xml#tok_153"/><!-- sicher -->
<rel id="rel_184" type="edge" xlink:href="urml.maz-11766.tok.xml#tok_154"/><!-- notwendigen -->
</struct>

<struct id="const_63">
<rel id="rel_185" type="edge" xlink:href="urml.maz-11766.tok.xml#tok_157"/><!-- zu -->
<rel id="rel_186" type="edge" xlink:href="urml.maz-11766.tok.xml#tok_158"/><!-- kÃ¶nnen -->
</struct>

<struct id="const_64">
<rel id="rel_187" type="edge" xlink:href="urml.maz-11766.tok.xml#tok_162"/><!-- am -->
<rel id="rel_188" type="edge" xlink:href="urml.maz-11766.tok.xml#tok_163"/><!-- Ende -->
</struct>

<struct id="const_65">
<rel id="rel_189" type="edge" xlink:href="urml.maz-11766.tok.xml#tok_168"/><!-- von -->
<rel id="rel_190" type="edge" xlink:href="urml.maz-11766.tok.xml#tok_169"/><!-- Tafelsilber -->
</struct>

<struct id="const_66">
<rel id="rel_191" type="edge" xlink:href="urml.maz-11766.tok.xml#tok_152"/><!-- die -->
<rel id="rel_192" type="edge" xlink:href="urml.maz-11766.tok.xml#tok_155"/><!-- Investitionen -->
<rel id="rel_193" type="edge" xlink:href="const_62"/>
</struct>

<struct id="const_67">
<rel id="rel_194" type="edge" xlink:href="urml.maz-11766.tok.xml#tok_165"/><!-- nur -->
<rel id="rel_195" type="edge" xlink:href="urml.maz-11766.tok.xml#tok_166"/><!-- der -->
<rel id="rel_196" type="edge" xlink:href="urml.maz-11766.tok.xml#tok_167"/><!-- Verkauf -->
<rel id="rel_197" type="edge" xlink:href="const_65"/>
</struct>

<struct id="const_68">
<rel id="rel_198" type="edge" xlink:href="urml.maz-11766.tok.xml#tok_156"/><!-- tÃ¤tigen -->
<rel id="rel_199" type="edge" xlink:href="const_66"/>
</struct>

<struct id="const_69">
<rel id="rel_200" type="edge" xlink:href="urml.maz-11766.tok.xml#tok_151"/><!-- Um -->
<rel id="rel_201" type="edge" xlink:href="const_63"/>
<rel id="rel_202" type="edge" xlink:href="const_68"/>
</struct>

<struct id="const_70">
<rel id="rel_203" type="edge" xlink:href="urml.maz-11766.tok.xml#tok_160"/><!-- bleibt -->
<rel id="rel_204" type="edge" xlink:href="urml.maz-11766.tok.xml#tok_161"/><!-- aber -->
<rel id="rel_205" type="edge" xlink:href="urml.maz-11766.tok.xml#tok_164"/><!-- wieder -->
<rel id="rel_206" type="edge" xlink:href="const_64"/>
<rel id="rel_207" type="edge" xlink:href="const_67"/>
<rel id="rel_208" type="edge" xlink:href="const_69"/>
</struct>

<struct id="const_71">
<rel id="rel_209" type="edge" xlink:href="urml.maz-11766.tok.xml#tok_171"/><!-- Dieses -->
<rel id="rel_210" type="edge" xlink:href="urml.maz-11766.tok.xml#tok_172"/><!-- Problem -->
</struct>

<struct id="const_72">
<rel id="rel_211" type="edge" xlink:href="urml.maz-11766.tok.xml#tok_174"/><!-- das -->
<rel id="rel_212" type="edge" xlink:href="urml.maz-11766.tok.xml#tok_175"/><!-- Haushaltsloch -->
</struct>

<struct id="const_73">
<rel id="rel_213" type="edge" xlink:href="urml.maz-11766.tok.xml#tok_183"/><!-- in -->
<rel id="rel_214" type="edge" xlink:href="urml.maz-11766.tok.xml#tok_184"/><!-- die -->
<rel id="rel_215" type="edge" xlink:href="urml.maz-11766.tok.xml#tok_185"/><!-- WÃ¼ste -->
</struct>

<struct id="const_74">
<rel id="rel_216" type="edge" xlink:href="urml.maz-11766.tok.xml#tok_173"/><!-- und -->
<rel id="rel_217" type="edge" xlink:href="const_71"/>
<rel id="rel_218" type="edge" xlink:href="const_72"/>
</struct>

<struct id="const_75">
<rel id="rel_219" type="edge" xlink:href="urml.maz-11766.tok.xml#tok_182"/><!-- Bosse -->
<rel id="rel_220" type="edge" xlink:href="urml.maz-11766.tok.xml#tok_186"/><!-- geschickt -->
<rel id="rel_221" type="edge" xlink:href="const_73"/>
</struct>

<struct id="const_76">
<rel id="rel_222" type="edge" xlink:href="urml.maz-11766.tok.xml#tok_180"/><!-- wenn -->
<rel id="rel_223" type="edge" xlink:href="urml.maz-11766.tok.xml#tok_181"/><!-- man -->
<rel id="rel_224" type="edge" xlink:href="urml.maz-11766.tok.xml#tok_187"/><!-- hat -->
<rel id="rel_225" type="edge" xlink:href="const_75"/>
</struct>

<struct id="const_77">
<rel id="rel_226" type="edge" xlink:href="urml.maz-11766.tok.xml#tok_177"/><!-- nicht -->
<rel id="rel_227" type="edge" xlink:href="urml.maz-11766.tok.xml#tok_178"/><!-- verschwinden -->
<rel id="rel_228" type="edge" xlink:href="const_76"/>
</struct>

<struct id="const_78">
<rel id="rel_229" type="edge" xlink:href="urml.maz-11766.tok.xml#tok_176"/><!-- werden -->
<rel id="rel_230" type="edge" xlink:href="const_74"/>
<rel id="rel_231" type="edge" xlink:href="const_77"/>
</struct>

</structList>
</sfb632_standard>
