<?xml version="1.0" standalone="no"?>


<!DOCTYPE sfb632_standard SYSTEM "sfb632_feat.dtd">
<sfb632_standard version="1.0">

<header sfb_id="tiger.ID_maz-11766_pos" type="pos"/>

<featList xmlns:xlink="http://www.w3.org/1999/xlink" type="pos" xml:base="urml.maz-11766.tok.xml">

<feat xlink:href="#tok_1" value="stts.type_pos.xml#NN"/><!-- FÃ¼llhorn -->
<feat xlink:href="#tok_2" value="stts.type_pos.xml#ADJD"/><!-- Vergeblich -->
<feat xlink:href="#tok_3" value="stts.type_pos.xml#VAFIN"/><!-- hat -->
<feat xlink:href="#tok_4" value="stts.type_pos.xml#ART"/><!-- der -->
<feat xlink:href="#tok_5" value="stts.type_pos.xml#NN"/><!-- Noch_Finanzbeigeordnete -->
<feat xlink:href="#tok_6" value="stts.type_pos.xml#NE"/><!-- Hans_Joachim -->
<feat xlink:href="#tok_7" value="stts.type_pos.xml#NE"/><!-- Bosse -->
<feat xlink:href="#tok_8" value="stts.type_pos.xml#ART"/><!-- den -->
<feat xlink:href="#tok_9" value="stts.type_pos.xml#NN"/><!-- Stadtverordneten -->
<feat xlink:href="#tok_10" value="stts.type_pos.xml#APPR"/><!-- bei -->
<feat xlink:href="#tok_11" value="stts.type_pos.xml#ART"/><!-- der -->
<feat xlink:href="#tok_12" value="stts.type_pos.xml#NN"/><!-- Einbringung -->
<feat xlink:href="#tok_13" value="stts.type_pos.xml#ART"/><!-- des -->
<feat xlink:href="#tok_14" value="stts.type_pos.xml#NN"/><!-- Haushalts -->
<feat xlink:href="#tok_15" value="stts.type_pos.xml#CARD"/><!-- 2002 -->
<feat xlink:href="#tok_16" value="stts.type_pos.xml#APPRART"/><!-- ins -->
<feat xlink:href="#tok_17" value="stts.type_pos.xml#NN"/><!-- Gewissen -->
<feat xlink:href="#tok_18" value="stts.type_pos.xml#VVPP"/><!-- geredet -->
<feat xlink:href="#tok_19" value="stts.type_pos.xml#DOLLAR_PERIOD"/><!-- . -->
<feat xlink:href="#tok_20" value="stts.type_pos.xml#ADV"/><!-- Zwar -->
<feat xlink:href="#tok_21" value="stts.type_pos.xml#VVFIN"/><!-- machten -->
<feat xlink:href="#tok_22" value="stts.type_pos.xml#ART"/><!-- die -->
<feat xlink:href="#tok_23" value="stts.type_pos.xml#NN"/><!-- Haushaltspolitiker -->
<feat xlink:href="#tok_24" value="stts.type_pos.xml#ART"/><!-- der -->
<feat xlink:href="#tok_25" value="stts.type_pos.xml#NE"/><!-- SPD -->
<feat xlink:href="#tok_26" value="stts.type_pos.xml#APPRART"/><!-- im -->
<feat xlink:href="#tok_27" value="stts.type_pos.xml#NN"/><!-- Vorfeld -->
<feat xlink:href="#tok_28" value="stts.type_pos.xml#PPOSAT"/><!-- ihrer -->
<feat xlink:href="#tok_29" value="stts.type_pos.xml#NN"/><!-- Wochenendklausur -->
<feat xlink:href="#tok_30" value="stts.type_pos.xml#ADJA"/><!-- groÃe -->
<feat xlink:href="#tok_31" value="stts.type_pos.xml#NN"/><!-- Welle -->
<feat xlink:href="#tok_32" value="stts.type_pos.xml#APPR"/><!-- mit -->
<feat xlink:href="#tok_33" value="stts.type_pos.xml#NN"/><!-- Horrorlisten -->
<feat xlink:href="#tok_34" value="stts.type_pos.xml#ADJA"/><!-- mÃ¶glicher -->
<feat xlink:href="#tok_35" value="stts.type_pos.xml#NN"/><!-- Sparpositionen -->
<feat xlink:href="#tok_36" value="stts.type_pos.xml#DOLLAR_PERIOD"/><!-- . -->
<feat xlink:href="#tok_37" value="stts.type_pos.xml#APPRART"/><!-- Am -->
<feat xlink:href="#tok_38" value="stts.type_pos.xml#NN"/><!-- Ende -->
<feat xlink:href="#tok_39" value="stts.type_pos.xml#ADV"/><!-- aber -->
<feat xlink:href="#tok_40" value="stts.type_pos.xml#VVFIN"/><!-- bleibt -->
<feat xlink:href="#tok_41" value="stts.type_pos.xml#PIS"/><!-- alles -->
<feat xlink:href="#tok_42" value="stts.type_pos.xml#APPRART"/><!-- beim -->
<feat xlink:href="#tok_43" value="stts.type_pos.xml#NN"/><!-- Alten -->
<feat xlink:href="#tok_44" value="stts.type_pos.xml#DOLLAR_PERIOD"/><!-- : -->
<feat xlink:href="#tok_45" value="stts.type_pos.xml#KOUS"/><!-- Dass -->
<feat xlink:href="#tok_46" value="stts.type_pos.xml#NN"/><!-- Millionen -->
<feat xlink:href="#tok_47" value="stts.type_pos.xml#VVFIN"/><!-- fehlen -->
<feat xlink:href="#tok_48" value="stts.type_pos.xml#DOLLAR_COMMA"/><!-- , -->
<feat xlink:href="#tok_49" value="stts.type_pos.xml#VVFIN"/><!-- hindert -->
<feat xlink:href="#tok_50" value="stts.type_pos.xml#PTKNEG"/><!-- nicht -->
<feat xlink:href="#tok_51" value="stts.type_pos.xml#PROAV"/><!-- daran -->
<feat xlink:href="#tok_52" value="stts.type_pos.xml#DOLLAR_COMMA"/><!-- , -->
<feat xlink:href="#tok_53" value="stts.type_pos.xml#PPER"/><!-- sie -->
<feat xlink:href="#tok_54" value="stts.type_pos.xml#PTKZU"/><!-- zu -->
<feat xlink:href="#tok_55" value="stts.type_pos.xml#VVINF"/><!-- verteilen -->
<feat xlink:href="#tok_56" value="stts.type_pos.xml#DOLLAR_PERIOD"/><!-- . -->
<feat xlink:href="#tok_57" value="stts.type_pos.xml#NE"/><!-- Bosse -->
<feat xlink:href="#tok_58" value="stts.type_pos.xml#VAFIN"/><!-- hatte -->
<feat xlink:href="#tok_59" value="stts.type_pos.xml#VVPP"/><!-- empfohlen -->
<feat xlink:href="#tok_60" value="stts.type_pos.xml#DOLLAR_COMMA"/><!-- , -->
<feat xlink:href="#tok_61" value="stts.type_pos.xml#APPR"/><!-- auf -->
<feat xlink:href="#tok_62" value="stts.type_pos.xml#ART"/><!-- den -->
<feat xlink:href="#tok_63" value="stts.type_pos.xml#ADJA"/><!-- teuren -->
<feat xlink:href="#tok_64" value="stts.type_pos.xml#NN"/><!-- Theaterneubau -->
<feat xlink:href="#tok_65" value="stts.type_pos.xml#PTKZU"/><!-- zu -->
<feat xlink:href="#tok_66" value="stts.type_pos.xml#VVINF"/><!-- verzichten -->
<feat xlink:href="#tok_67" value="stts.type_pos.xml#DOLLAR_PERIOD"/><!-- . -->
<feat xlink:href="#tok_68" value="stts.type_pos.xml#KON"/><!-- Doch -->
<feat xlink:href="#tok_69" value="stts.type_pos.xml#ART"/><!-- der -->
<feat xlink:href="#tok_70" value="stts.type_pos.xml#NN"/><!-- Versuch -->
<feat xlink:href="#tok_71" value="stts.type_pos.xml#DOLLAR_COMMA"/><!-- , -->
<feat xlink:href="#tok_72" value="stts.type_pos.xml#ART"/><!-- das -->
<feat xlink:href="#tok_73" value="stts.type_pos.xml#NN"/><!-- Projekt -->
<feat xlink:href="#tok_74" value="stts.type_pos.xml#VVINF"/><!-- sterben -->
<feat xlink:href="#tok_75" value="stts.type_pos.xml#PTKZU"/><!-- zu -->
<feat xlink:href="#tok_76" value="stts.type_pos.xml#VVINF"/><!-- lassen -->
<feat xlink:href="#tok_77" value="stts.type_pos.xml#DOLLAR_COMMA"/><!-- , -->
<feat xlink:href="#tok_78" value="stts.type_pos.xml#VAFIN"/><!-- hÃ¤tte -->
<feat xlink:href="#tok_79" value="stts.type_pos.xml#APPR"/><!-- angesichts -->
<feat xlink:href="#tok_80" value="stts.type_pos.xml#ART"/><!-- der -->
<feat xlink:href="#tok_81" value="stts.type_pos.xml#ADJA"/><!-- dÃ¼nnen -->
<feat xlink:href="#tok_82" value="stts.type_pos.xml#NN"/><!-- SPD_CDU_Mehrheit -->
<feat xlink:href="#tok_83" value="stts.type_pos.xml#APPRART"/><!-- im -->
<feat xlink:href="#tok_84" value="stts.type_pos.xml#NN"/><!-- Desaster -->
<feat xlink:href="#tok_85" value="stts.type_pos.xml#VVPP"/><!-- geendet -->
<feat xlink:href="#tok_86" value="stts.type_pos.xml#DOLLAR_PERIOD"/><!-- . -->
<feat xlink:href="#tok_87" value="stts.type_pos.xml#ADV"/><!-- Also -->
<feat xlink:href="#tok_88" value="stts.type_pos.xml#VVFIN"/><!-- bekannte -->
<feat xlink:href="#tok_89" value="stts.type_pos.xml#PIS"/><!-- man -->
<feat xlink:href="#tok_90" value="stts.type_pos.xml#PRF"/><!-- sich -->
<feat xlink:href="#tok_91" value="stts.type_pos.xml#ADV"/><!-- lieber -->
<feat xlink:href="#tok_92" value="stts.type_pos.xml#ADJD"/><!-- einmÃ¼tig -->
<feat xlink:href="#tok_93" value="stts.type_pos.xml#APPR"/><!-- zu -->
<feat xlink:href="#tok_94" value="stts.type_pos.xml#ART"/><!-- dem -->
<feat xlink:href="#tok_95" value="stts.type_pos.xml#NN"/><!-- Vorhaben -->
<feat xlink:href="#tok_96" value="stts.type_pos.xml#DOLLAR_PERIOD"/><!-- . -->
<feat xlink:href="#tok_97" value="stts.type_pos.xml#KOKOM"/><!-- Wie -->
<feat xlink:href="#tok_98" value="stts.type_pos.xml#APPR"/><!-- bei -->
<feat xlink:href="#tok_99" value="stts.type_pos.xml#ART"/><!-- der -->
<feat xlink:href="#tok_100" value="stts.type_pos.xml#NN"/><!-- Kammerakademie -->
<feat xlink:href="#tok_101" value="stts.type_pos.xml#VMFIN"/><!-- soll -->
<feat xlink:href="#tok_102" value="stts.type_pos.xml#ART"/><!-- die -->
<feat xlink:href="#tok_103" value="stts.type_pos.xml#NN"/><!-- Verwaltung -->
<feat xlink:href="#tok_104" value="stts.type_pos.xml#ADV"/><!-- hier -->
<feat xlink:href="#tok_105" value="stts.type_pos.xml#KON"/><!-- und -->
<feat xlink:href="#tok_106" value="stts.type_pos.xml#ADV"/><!-- da -->
<feat xlink:href="#tok_107" value="stts.type_pos.xml#ART"/><!-- ein -->
<feat xlink:href="#tok_108" value="stts.type_pos.xml#PIS"/><!-- bisschen -->
<feat xlink:href="#tok_109" value="stts.type_pos.xml#VVINF"/><!-- umschichten -->
<feat xlink:href="#tok_110" value="stts.type_pos.xml#DOLLAR_COMMA"/><!-- , -->
<feat xlink:href="#tok_111" value="stts.type_pos.xml#ADV"/><!-- nirgendwo -->
<feat xlink:href="#tok_112" value="stts.type_pos.xml#VMFIN"/><!-- darf -->
<feat xlink:href="#tok_113" value="stts.type_pos.xml#PPER"/><!-- es -->
<feat xlink:href="#tok_114" value="stts.type_pos.xml#ADJD"/><!-- richtig -->
<feat xlink:href="#tok_115" value="stts.type_pos.xml#ADJD"/><!-- weh -->
<feat xlink:href="#tok_116" value="stts.type_pos.xml#VVINF"/><!-- tun -->
<feat xlink:href="#tok_117" value="stts.type_pos.xml#DOLLAR_PERIOD"/><!-- . -->
<feat xlink:href="#tok_118" value="stts.type_pos.xml#ART"/><!-- Das -->
<feat xlink:href="#tok_119" value="stts.type_pos.xml#NN"/><!-- FÃ¼llhorn -->
<feat xlink:href="#tok_120" value="stts.type_pos.xml#ADV"/><!-- schlieÃlich -->
<feat xlink:href="#tok_121" value="stts.type_pos.xml#VVFIN"/><!-- schÃ¼ttet -->
<feat xlink:href="#tok_122" value="stts.type_pos.xml#PIS"/><!-- man -->
<feat xlink:href="#tok_123" value="stts.type_pos.xml#APPR"/><!-- Ã¼ber -->
<feat xlink:href="#tok_124" value="stts.type_pos.xml#NN"/><!-- Kitas -->
<feat xlink:href="#tok_125" value="stts.type_pos.xml#KON"/><!-- und -->
<feat xlink:href="#tok_126" value="stts.type_pos.xml#NN"/><!-- Schulen -->
<feat xlink:href="#tok_127" value="stts.type_pos.xml#PTKVZ"/><!-- aus -->
<feat xlink:href="#tok_128" value="stts.type_pos.xml#DOLLAR_PERIOD"/><!-- . -->
<feat xlink:href="#tok_129" value="stts.type_pos.xml#APPR"/><!-- Dank -->
<feat xlink:href="#tok_130" value="stts.type_pos.xml#ART"/><!-- der -->
<feat xlink:href="#tok_131" value="stts.type_pos.xml#NN"/><!-- Kooperationsvereinbarung -->
<feat xlink:href="#tok_132" value="stts.type_pos.xml#APPR"/><!-- mit -->
<feat xlink:href="#tok_133" value="stts.type_pos.xml#ART"/><!-- der -->
<feat xlink:href="#tok_134" value="stts.type_pos.xml#NE"/><!-- CDU -->
<feat xlink:href="#tok_135" value="stts.type_pos.xml#VAFIN"/><!-- hat -->
<feat xlink:href="#tok_136" value="stts.type_pos.xml#PIS"/><!-- man -->
<feat xlink:href="#tok_137" value="stts.type_pos.xml#PDS"/><!-- deren -->
<feat xlink:href="#tok_138" value="stts.type_pos.xml#NN"/><!-- Zustimmung -->
<feat xlink:href="#tok_139" value="stts.type_pos.xml#ADV"/><!-- schon -->
<feat xlink:href="#tok_140" value="stts.type_pos.xml#APPR"/><!-- in -->
<feat xlink:href="#tok_141" value="stts.type_pos.xml#ART"/><!-- der -->
<feat xlink:href="#tok_142" value="stts.type_pos.xml#NN"/><!-- Tasche -->
<feat xlink:href="#tok_143" value="stts.type_pos.xml#DOLLAR_PERIOD"/><!-- . -->
<feat xlink:href="#tok_144" value="stts.type_pos.xml#ART"/><!-- Die -->
<feat xlink:href="#tok_145" value="stts.type_pos.xml#NE"/><!-- PDS -->
<feat xlink:href="#tok_146" value="stts.type_pos.xml#VAFIN"/><!-- wird -->
<feat xlink:href="#tok_147" value="stts.type_pos.xml#PIS"/><!-- nichts -->
<feat xlink:href="#tok_148" value="stts.type_pos.xml#PROAV"/><!-- dagegen -->
<feat xlink:href="#tok_149" value="stts.type_pos.xml#VAINF"/><!-- haben -->
<feat xlink:href="#tok_150" value="stts.type_pos.xml#DOLLAR_PERIOD"/><!-- . -->
<feat xlink:href="#tok_151" value="stts.type_pos.xml#KOUI"/><!-- Um -->
<feat xlink:href="#tok_152" value="stts.type_pos.xml#ART"/><!-- die -->
<feat xlink:href="#tok_153" value="stts.type_pos.xml#ADJD"/><!-- sicher -->
<feat xlink:href="#tok_154" value="stts.type_pos.xml#ADJA"/><!-- notwendigen -->
<feat xlink:href="#tok_155" value="stts.type_pos.xml#NN"/><!-- Investitionen -->
<feat xlink:href="#tok_156" value="stts.type_pos.xml#VVINF"/><!-- tÃ¤tigen -->
<feat xlink:href="#tok_157" value="stts.type_pos.xml#PTKZU"/><!-- zu -->
<feat xlink:href="#tok_158" value="stts.type_pos.xml#VMINF"/><!-- kÃ¶nnen -->
<feat xlink:href="#tok_159" value="stts.type_pos.xml#DOLLAR_COMMA"/><!-- , -->
<feat xlink:href="#tok_160" value="stts.type_pos.xml#VVFIN"/><!-- bleibt -->
<feat xlink:href="#tok_161" value="stts.type_pos.xml#ADV"/><!-- aber -->
<feat xlink:href="#tok_162" value="stts.type_pos.xml#APPRART"/><!-- am -->
<feat xlink:href="#tok_163" value="stts.type_pos.xml#NN"/><!-- Ende -->
<feat xlink:href="#tok_164" value="stts.type_pos.xml#ADV"/><!-- wieder -->
<feat xlink:href="#tok_165" value="stts.type_pos.xml#ADV"/><!-- nur -->
<feat xlink:href="#tok_166" value="stts.type_pos.xml#ART"/><!-- der -->
<feat xlink:href="#tok_167" value="stts.type_pos.xml#NN"/><!-- Verkauf -->
<feat xlink:href="#tok_168" value="stts.type_pos.xml#APPR"/><!-- von -->
<feat xlink:href="#tok_169" value="stts.type_pos.xml#NN"/><!-- Tafelsilber -->
<feat xlink:href="#tok_170" value="stts.type_pos.xml#DOLLAR_PERIOD"/><!-- . -->
<feat xlink:href="#tok_171" value="stts.type_pos.xml#PDAT"/><!-- Dieses -->
<feat xlink:href="#tok_172" value="stts.type_pos.xml#NN"/><!-- Problem -->
<feat xlink:href="#tok_173" value="stts.type_pos.xml#KON"/><!-- und -->
<feat xlink:href="#tok_174" value="stts.type_pos.xml#ART"/><!-- das -->
<feat xlink:href="#tok_175" value="stts.type_pos.xml#NN"/><!-- Haushaltsloch -->
<feat xlink:href="#tok_176" value="stts.type_pos.xml#VAFIN"/><!-- werden -->
<feat xlink:href="#tok_177" value="stts.type_pos.xml#PTKNEG"/><!-- nicht -->
<feat xlink:href="#tok_178" value="stts.type_pos.xml#VVINF"/><!-- verschwinden -->
<feat xlink:href="#tok_179" value="stts.type_pos.xml#DOLLAR_COMMA"/><!-- , -->
<feat xlink:href="#tok_180" value="stts.type_pos.xml#KOUS"/><!-- wenn -->
<feat xlink:href="#tok_181" value="stts.type_pos.xml#PIS"/><!-- man -->
<feat xlink:href="#tok_182" value="stts.type_pos.xml#NE"/><!-- Bosse -->
<feat xlink:href="#tok_183" value="stts.type_pos.xml#APPR"/><!-- in -->
<feat xlink:href="#tok_184" value="stts.type_pos.xml#ART"/><!-- die -->
<feat xlink:href="#tok_185" value="stts.type_pos.xml#NN"/><!-- WÃ¼ste -->
<feat xlink:href="#tok_186" value="stts.type_pos.xml#VVPP"/><!-- geschickt -->
<feat xlink:href="#tok_187" value="stts.type_pos.xml#VAFIN"/><!-- hat -->
<feat xlink:href="#tok_188" value="stts.type_pos.xml#DOLLAR_PERIOD"/><!-- . -->
</featList>

</sfb632_standard>
