<?xml version="1.0" standalone="no"?>


<!DOCTYPE sfb632_standard SYSTEM "sfb632_feat.dtd">
<sfb632_standard version="1.0">

<header sfb_id="tiger.ID_maz-11766_lemma" type="lemma"/>

<featList xmlns:xlink="http://www.w3.org/1999/xlink" type="lemma" xml:base="urml.maz-11766.tok.xml">

<feat xlink:href="#tok_1" value="F&#xFC;llhorn"/><!-- FÃ¼llhorn -->
<feat xlink:href="#tok_2" value="vergeblich"/><!-- Vergeblich -->
<feat xlink:href="#tok_3" value="haben"/><!-- hat -->
<feat xlink:href="#tok_4" value="der"/><!-- der -->
<feat xlink:href="#tok_5" value="Noch-Finanzbeigeordnete"/><!-- Noch_Finanzbeigeordnete -->
<feat xlink:href="#tok_6" value="Hans-Joachim"/><!-- Hans_Joachim -->
<feat xlink:href="#tok_7" value="Bosse"/><!-- Bosse -->
<feat xlink:href="#tok_8" value="der"/><!-- den -->
<feat xlink:href="#tok_9" value="Stadtverordneter"/><!-- Stadtverordneten -->
<feat xlink:href="#tok_10" value="bei"/><!-- bei -->
<feat xlink:href="#tok_11" value="der"/><!-- der -->
<feat xlink:href="#tok_12" value="Einbringung"/><!-- Einbringung -->
<feat xlink:href="#tok_13" value="der"/><!-- des -->
<feat xlink:href="#tok_14" value="Haushalt"/><!-- Haushalts -->
<feat xlink:href="#tok_15" value="2002"/><!-- 2002 -->
<feat xlink:href="#tok_16" value="in"/><!-- ins -->
<feat xlink:href="#tok_17" value="Gewissen"/><!-- Gewissen -->
<feat xlink:href="#tok_18" value="reden"/><!-- geredet -->
<feat xlink:href="#tok_19" value="."/><!-- . -->
<feat xlink:href="#tok_20" value="zwar"/><!-- Zwar -->
<feat xlink:href="#tok_21" value="machen"/><!-- machten -->
<feat xlink:href="#tok_22" value="der"/><!-- die -->
<feat xlink:href="#tok_23" value="Haushaltspolitiker"/><!-- Haushaltspolitiker -->
<feat xlink:href="#tok_24" value="der"/><!-- der -->
<feat xlink:href="#tok_25" value="SPD"/><!-- SPD -->
<feat xlink:href="#tok_26" value="in"/><!-- im -->
<feat xlink:href="#tok_27" value="Vorfeld"/><!-- Vorfeld -->
<feat xlink:href="#tok_28" value="ihr"/><!-- ihrer -->
<feat xlink:href="#tok_29" value="Wochenendklausur"/><!-- Wochenendklausur -->
<feat xlink:href="#tok_30" value="gro&#xDF;"/><!-- groÃe -->
<feat xlink:href="#tok_31" value="Welle"/><!-- Welle -->
<feat xlink:href="#tok_32" value="mit"/><!-- mit -->
<feat xlink:href="#tok_33" value="Horrorliste"/><!-- Horrorlisten -->
<feat xlink:href="#tok_34" value="m&#xF6;glich"/><!-- mÃ¶glicher -->
<feat xlink:href="#tok_35" value="Sparposition"/><!-- Sparpositionen -->
<feat xlink:href="#tok_36" value="."/><!-- . -->
<feat xlink:href="#tok_37" value="an"/><!-- Am -->
<feat xlink:href="#tok_38" value="Ende"/><!-- Ende -->
<feat xlink:href="#tok_39" value="aber"/><!-- aber -->
<feat xlink:href="#tok_40" value="bleiben"/><!-- bleibt -->
<feat xlink:href="#tok_41" value="alle"/><!-- alles -->
<feat xlink:href="#tok_42" value="bei"/><!-- beim -->
<feat xlink:href="#tok_43" value="alte"/><!-- Alten -->
<feat xlink:href="#tok_44" value=":"/><!-- : -->
<feat xlink:href="#tok_45" value="dass"/><!-- Dass -->
<feat xlink:href="#tok_46" value="Million"/><!-- Millionen -->
<feat xlink:href="#tok_47" value="fehlen"/><!-- fehlen -->
<feat xlink:href="#tok_48" value=","/><!-- , -->
<feat xlink:href="#tok_49" value="hindern"/><!-- hindert -->
<feat xlink:href="#tok_50" value="nicht"/><!-- nicht -->
<feat xlink:href="#tok_51" value="daran"/><!-- daran -->
<feat xlink:href="#tok_52" value=","/><!-- , -->
<feat xlink:href="#tok_53" value="sie"/><!-- sie -->
<feat xlink:href="#tok_54" value="zu"/><!-- zu -->
<feat xlink:href="#tok_55" value="verteilen"/><!-- verteilen -->
<feat xlink:href="#tok_56" value="."/><!-- . -->
<feat xlink:href="#tok_57" value="Bosse"/><!-- Bosse -->
<feat xlink:href="#tok_58" value="haben"/><!-- hatte -->
<feat xlink:href="#tok_59" value="empfehlen"/><!-- empfohlen -->
<feat xlink:href="#tok_60" value=","/><!-- , -->
<feat xlink:href="#tok_61" value="auf"/><!-- auf -->
<feat xlink:href="#tok_62" value="der"/><!-- den -->
<feat xlink:href="#tok_63" value="teuer"/><!-- teuren -->
<feat xlink:href="#tok_64" value="Theaterneubau"/><!-- Theaterneubau -->
<feat xlink:href="#tok_65" value="zu"/><!-- zu -->
<feat xlink:href="#tok_66" value="verzichten"/><!-- verzichten -->
<feat xlink:href="#tok_67" value="."/><!-- . -->
<feat xlink:href="#tok_68" value="doch"/><!-- Doch -->
<feat xlink:href="#tok_69" value="der"/><!-- der -->
<feat xlink:href="#tok_70" value="Versuch"/><!-- Versuch -->
<feat xlink:href="#tok_71" value=","/><!-- , -->
<feat xlink:href="#tok_72" value="der"/><!-- das -->
<feat xlink:href="#tok_73" value="Projekt"/><!-- Projekt -->
<feat xlink:href="#tok_74" value="sterben"/><!-- sterben -->
<feat xlink:href="#tok_75" value="zu"/><!-- zu -->
<feat xlink:href="#tok_76" value="lassen"/><!-- lassen -->
<feat xlink:href="#tok_77" value=","/><!-- , -->
<feat xlink:href="#tok_78" value="haben"/><!-- hÃ¤tte -->
<feat xlink:href="#tok_79" value="angesichts"/><!-- angesichts -->
<feat xlink:href="#tok_80" value="der"/><!-- der -->
<feat xlink:href="#tok_81" value="d&#xFC;nn"/><!-- dÃ¼nnen -->
<feat xlink:href="#tok_82" value="SPD-CDU-Mehrheit"/><!-- SPD_CDU_Mehrheit -->
<feat xlink:href="#tok_83" value="in"/><!-- im -->
<feat xlink:href="#tok_84" value="Desaster"/><!-- Desaster -->
<feat xlink:href="#tok_85" value="enden"/><!-- geendet -->
<feat xlink:href="#tok_86" value="."/><!-- . -->
<feat xlink:href="#tok_87" value="also"/><!-- Also -->
<feat xlink:href="#tok_88" value="bekennen"/><!-- bekannte -->
<feat xlink:href="#tok_89" value="man"/><!-- man -->
<feat xlink:href="#tok_90" value="sich"/><!-- sich -->
<feat xlink:href="#tok_91" value="lieber"/><!-- lieber -->
<feat xlink:href="#tok_92" value="einm&#xFC;tig"/><!-- einmÃ¼tig -->
<feat xlink:href="#tok_93" value="zu"/><!-- zu -->
<feat xlink:href="#tok_94" value="der"/><!-- dem -->
<feat xlink:href="#tok_95" value="Vorhaben"/><!-- Vorhaben -->
<feat xlink:href="#tok_96" value="."/><!-- . -->
<feat xlink:href="#tok_97" value="wie"/><!-- Wie -->
<feat xlink:href="#tok_98" value="bei"/><!-- bei -->
<feat xlink:href="#tok_99" value="der"/><!-- der -->
<feat xlink:href="#tok_100" value="Kammerakademie"/><!-- Kammerakademie -->
<feat xlink:href="#tok_101" value="sollen"/><!-- soll -->
<feat xlink:href="#tok_102" value="der"/><!-- die -->
<feat xlink:href="#tok_103" value="Verwaltung"/><!-- Verwaltung -->
<feat xlink:href="#tok_104" value="hier"/><!-- hier -->
<feat xlink:href="#tok_105" value="und"/><!-- und -->
<feat xlink:href="#tok_106" value="da"/><!-- da -->
<feat xlink:href="#tok_107" value="ein"/><!-- ein -->
<feat xlink:href="#tok_108" value="bisschen"/><!-- bisschen -->
<feat xlink:href="#tok_109" value="umschichten"/><!-- umschichten -->
<feat xlink:href="#tok_110" value=","/><!-- , -->
<feat xlink:href="#tok_111" value="nirgendwo"/><!-- nirgendwo -->
<feat xlink:href="#tok_112" value="d&#xFC;rfen"/><!-- darf -->
<feat xlink:href="#tok_113" value="es"/><!-- es -->
<feat xlink:href="#tok_114" value="richtig"/><!-- richtig -->
<feat xlink:href="#tok_115" value="weh"/><!-- weh -->
<feat xlink:href="#tok_116" value="tun"/><!-- tun -->
<feat xlink:href="#tok_117" value="."/><!-- . -->
<feat xlink:href="#tok_118" value="der"/><!-- Das -->
<feat xlink:href="#tok_119" value="F&#xFC;llhorn"/><!-- FÃ¼llhorn -->
<feat xlink:href="#tok_120" value="schlie&#xDF;lich"/><!-- schlieÃlich -->
<feat xlink:href="#tok_121" value="sch&#xFC;tten"/><!-- schÃ¼ttet -->
<feat xlink:href="#tok_122" value="man"/><!-- man -->
<feat xlink:href="#tok_123" value="&#xFC;ber"/><!-- Ã¼ber -->
<feat xlink:href="#tok_124" value="Kita"/><!-- Kitas -->
<feat xlink:href="#tok_125" value="und"/><!-- und -->
<feat xlink:href="#tok_126" value="Schule"/><!-- Schulen -->
<feat xlink:href="#tok_127" value="aus"/><!-- aus -->
<feat xlink:href="#tok_128" value="."/><!-- . -->
<feat xlink:href="#tok_129" value="dank"/><!-- Dank -->
<feat xlink:href="#tok_130" value="der"/><!-- der -->
<feat xlink:href="#tok_131" value="Kooperationsvereinbarung"/><!-- Kooperationsvereinbarung -->
<feat xlink:href="#tok_132" value="mit"/><!-- mit -->
<feat xlink:href="#tok_133" value="der"/><!-- der -->
<feat xlink:href="#tok_134" value="CDU"/><!-- CDU -->
<feat xlink:href="#tok_135" value="haben"/><!-- hat -->
<feat xlink:href="#tok_136" value="man"/><!-- man -->
<feat xlink:href="#tok_137" value="der"/><!-- deren -->
<feat xlink:href="#tok_138" value="Zustimmung"/><!-- Zustimmung -->
<feat xlink:href="#tok_139" value="schon"/><!-- schon -->
<feat xlink:href="#tok_140" value="in"/><!-- in -->
<feat xlink:href="#tok_141" value="der"/><!-- der -->
<feat xlink:href="#tok_142" value="Tasche"/><!-- Tasche -->
<feat xlink:href="#tok_143" value="."/><!-- . -->
<feat xlink:href="#tok_144" value="der"/><!-- Die -->
<feat xlink:href="#tok_145" value="PDS"/><!-- PDS -->
<feat xlink:href="#tok_146" value="werden"/><!-- wird -->
<feat xlink:href="#tok_147" value="nichts"/><!-- nichts -->
<feat xlink:href="#tok_148" value="dagegen"/><!-- dagegen -->
<feat xlink:href="#tok_149" value="haben"/><!-- haben -->
<feat xlink:href="#tok_150" value="."/><!-- . -->
<feat xlink:href="#tok_151" value="um"/><!-- Um -->
<feat xlink:href="#tok_152" value="der"/><!-- die -->
<feat xlink:href="#tok_153" value="sicher"/><!-- sicher -->
<feat xlink:href="#tok_154" value="notwendig"/><!-- notwendigen -->
<feat xlink:href="#tok_155" value="Investition"/><!-- Investitionen -->
<feat xlink:href="#tok_156" value="t&#xE4;tigen"/><!-- tÃ¤tigen -->
<feat xlink:href="#tok_157" value="zu"/><!-- zu -->
<feat xlink:href="#tok_158" value="k&#xF6;nnen"/><!-- kÃ¶nnen -->
<feat xlink:href="#tok_159" value=","/><!-- , -->
<feat xlink:href="#tok_160" value="bleiben"/><!-- bleibt -->
<feat xlink:href="#tok_161" value="aber"/><!-- aber -->
<feat xlink:href="#tok_162" value="an"/><!-- am -->
<feat xlink:href="#tok_163" value="Ende"/><!-- Ende -->
<feat xlink:href="#tok_164" value="wieder"/><!-- wieder -->
<feat xlink:href="#tok_165" value="nur"/><!-- nur -->
<feat xlink:href="#tok_166" value="der"/><!-- der -->
<feat xlink:href="#tok_167" value="Verkauf"/><!-- Verkauf -->
<feat xlink:href="#tok_168" value="von"/><!-- von -->
<feat xlink:href="#tok_169" value="Tafelsilber"/><!-- Tafelsilber -->
<feat xlink:href="#tok_170" value="."/><!-- . -->
<feat xlink:href="#tok_171" value="dieser"/><!-- Dieses -->
<feat xlink:href="#tok_172" value="Problem"/><!-- Problem -->
<feat xlink:href="#tok_173" value="und"/><!-- und -->
<feat xlink:href="#tok_174" value="der"/><!-- das -->
<feat xlink:href="#tok_175" value="Haushaltsloch"/><!-- Haushaltsloch -->
<feat xlink:href="#tok_176" value="werden"/><!-- werden -->
<feat xlink:href="#tok_177" value="nicht"/><!-- nicht -->
<feat xlink:href="#tok_178" value="verschwinden"/><!-- verschwinden -->
<feat xlink:href="#tok_179" value=","/><!-- , -->
<feat xlink:href="#tok_180" value="wenn"/><!-- wenn -->
<feat xlink:href="#tok_181" value="man"/><!-- man -->
<feat xlink:href="#tok_182" value="Bosse"/><!-- Bosse -->
<feat xlink:href="#tok_183" value="in"/><!-- in -->
<feat xlink:href="#tok_184" value="der"/><!-- die -->
<feat xlink:href="#tok_185" value="W&#xFC;ste"/><!-- WÃ¼ste -->
<feat xlink:href="#tok_186" value="schicken"/><!-- geschickt -->
<feat xlink:href="#tok_187" value="haben"/><!-- hat -->
<feat xlink:href="#tok_188" value="."/><!-- . -->
</featList>

</sfb632_standard>
