<?xml version="1.0" encoding="iso-8859-1"?>
<!DOCTYPE benutzerrollen SYSTEM "benutzerrollen.dtd">

<benutzerrollen>

  <rolle name="standard-user" passwort="p0815">
    <darf>lesen</darf>
    <darf>exportieren</darf>
  </rolle>

  <rolle name="admin"  passwort="c1984">
    <erbtvon>standard-user</erbtvon>
    <darf>administrieren</darf>
  </rolle>


  <rolle name="admin01"  passwort="simsalabim">
    <erbtvon>admin</erbtvon>
  </rolle>


  <rolle name="user01"  passwort="u123">
    <erbtvon>standard-user</erbtvon>
  </rolle>




</benutzerrollen>

