<?xml version="1.0" standalone="no"?>
<!DOCTYPE sfb632_standard SYSTEM "sfb632_feat.dtd">



<sfb632_standard version="1.0">

<header sfb_id="mmax.maz-4282_sent" type="sent"/>

<featList xmlns:xlink="http://www.w3.org/1999/xlink" type="sentence" xml:base="urml.maz-4282.tok.xml">
<feat value="S" xlink:href="#xpointer(id('tok_1')/range-to(id('tok_6')))"/>
<feat value="S" xlink:href="#xpointer(id('tok_7')/range-to(id('tok_22')))"/>
<feat value="S" xlink:href="#xpointer(id('tok_23')/range-to(id('tok_48')))"/>
<feat value="S" xlink:href="#xpointer(id('tok_49')/range-to(id('tok_65')))"/>
<feat value="S" xlink:href="#xpointer(id('tok_66')/range-to(id('tok_83')))"/>
<feat value="S" xlink:href="#xpointer(id('tok_84')/range-to(id('tok_94')))"/>
<feat value="S" xlink:href="#xpointer(id('tok_95')/range-to(id('tok_111')))"/>
<feat value="S" xlink:href="#xpointer(id('tok_112')/range-to(id('tok_123')))"/>
<feat value="S" xlink:href="#xpointer(id('tok_124')/range-to(id('tok_152')))"/>
<feat value="S" xlink:href="#xpointer(id('tok_153')/range-to(id('tok_160')))"/>
<feat value="S" xlink:href="#xpointer(id('tok_161')/range-to(id('tok_182')))"/>
<feat value="S" xlink:href="#xpointer(id('tok_183')/range-to(id('tok_186')))"/>
</featList>

</sfb632_standard>

