<?xml version="1.0" standalone="no"?>
<!DOCTYPE sfb632_standard SYSTEM "sfb632_feat.dtd">


<sfb632_standard version="1.0">

<header sfb_id="mmax.maz-4282_complex_np" type="complex_np"/>

<featList xmlns:xlink="http://www.w3.org/1999/xlink" type="complex_np" xml:base="mmax.maz-4282.primmarkSeg.xml">
<feat xlink:href="#primmarkSeg_28" value="no"/>
<feat xlink:href="#primmarkSeg_32" value="yes"/>
<feat xlink:href="#primmarkSeg_23" value="no"/>
<feat xlink:href="#primmarkSeg_16" value="no"/>
<feat xlink:href="#primmarkSeg_56" value="no"/>
<feat xlink:href="#primmarkSeg_72" value="no"/>
<feat xlink:href="#primmarkSeg_7" value="yes"/>
<feat xlink:href="#primmarkSeg_46" value="no"/>
<feat xlink:href="#primmarkSeg_60" value="no"/>
<feat xlink:href="#primmarkSeg_1000159" value="no"/>
<feat xlink:href="#primmarkSeg_39" value="no"/>
<feat xlink:href="#primmarkSeg_1000154" value="no"/>
<feat xlink:href="#primmarkSeg_6" value="no"/>
<feat xlink:href="#primmarkSeg_45" value="no"/>
<feat xlink:href="#primmarkSeg_100086" value="no"/>
<feat xlink:href="#primmarkSeg_1000161" value="no"/>
<feat xlink:href="#primmarkSeg_12" value="no"/>
<feat xlink:href="#primmarkSeg_4" value="yes"/>
<feat xlink:href="#primmarkSeg_100090" value="no"/>
<feat xlink:href="#primmarkSeg_100045" value="no"/>
<feat xlink:href="#primmarkSeg_51" value="no"/>
<feat xlink:href="#primmarkSeg_1000155" value="no"/>
<feat xlink:href="#primmarkSeg_1000142" value="no"/>
<feat xlink:href="#primmarkSeg_74" value="no"/>
<feat xlink:href="#primmarkSeg_57" value="no"/>
<feat xlink:href="#primmarkSeg_1000158" value="no"/>
<feat xlink:href="#primmarkSeg_1000135" value="no"/>
<feat xlink:href="#primmarkSeg_30" value="no"/>
</featList>
</sfb632_standard>
