<?xml version="1.0" standalone="no"?>
<!DOCTYPE sfb632_standard SYSTEM "sfb632_feat.dtd">


<sfb632_standard version="1.0">

<header sfb_id="mmax.maz-4282_dir_speech" type="dir_speech"/>

<featList xmlns:xlink="http://www.w3.org/1999/xlink" type="dir_speech" xml:base="mmax.maz-4282.primmarkSeg.xml">
<feat xlink:href="#primmarkSeg_28" value="text_level"/>
<feat xlink:href="#primmarkSeg_32" value="text_level"/>
<feat xlink:href="#primmarkSeg_23" value="text_level"/>
<feat xlink:href="#primmarkSeg_16" value="text_level"/>
<feat xlink:href="#primmarkSeg_56" value="text_level"/>
<feat xlink:href="#primmarkSeg_72" value="text_level"/>
<feat xlink:href="#primmarkSeg_7" value="text_level"/>
<feat xlink:href="#primmarkSeg_46" value="text_level"/>
<feat xlink:href="#primmarkSeg_60" value="text_level"/>
<feat xlink:href="#primmarkSeg_1000159" value="text_level"/>
<feat xlink:href="#primmarkSeg_39" value="text_level"/>
<feat xlink:href="#primmarkSeg_1000154" value="text_level"/>
<feat xlink:href="#primmarkSeg_6" value="text_level"/>
<feat xlink:href="#primmarkSeg_45" value="text_level"/>
<feat xlink:href="#primmarkSeg_100086" value="text_level"/>
<feat xlink:href="#primmarkSeg_1000161" value="text_level"/>
<feat xlink:href="#primmarkSeg_12" value="text_level"/>
<feat xlink:href="#primmarkSeg_4" value="text_level"/>
<feat xlink:href="#primmarkSeg_100090" value="text_level"/>
<feat xlink:href="#primmarkSeg_100045" value="text_level"/>
<feat xlink:href="#primmarkSeg_51" value="text_level"/>
<feat xlink:href="#primmarkSeg_1000155" value="text_level"/>
<feat xlink:href="#primmarkSeg_1000142" value="text_level"/>
<feat xlink:href="#primmarkSeg_74" value="text_level"/>
<feat xlink:href="#primmarkSeg_57" value="text_level"/>
<feat xlink:href="#primmarkSeg_1000158" value="text_level"/>
<feat xlink:href="#primmarkSeg_1000135" value="text_level"/>
<feat xlink:href="#primmarkSeg_30" value="text_level"/>
</featList>
</sfb632_standard>
