<?xml version="1.0" standalone="no"?>
<!DOCTYPE sfb632_standard SYSTEM "sfb632_mark.dtd">


<sfb632_standard version="1.0">
<header sfb_id="mmax.maz-4282_primmarkSeg" type="primmarkSeg"/>

<markList xmlns:xlink="http://www.w3.org/1999/xlink" type="primmarkSeg" xml:base="urml.maz-4282.tok.xml">
<mark id="primmarkSeg_28" xlink:href="(#tok_66,#tok_67)"/>
<mark id="primmarkSeg_32" xlink:href="#xpointer(id('tok_66')/range-to(id('tok_70')))"/>
<mark id="primmarkSeg_23" xlink:href="#xpointer(id('tok_61')/range-to(id('tok_63')))"/>
<mark id="primmarkSeg_16" xlink:href="#xpointer(id('tok_40')/range-to(id('tok_44')))"/>
<mark id="primmarkSeg_56" xlink:href="(#tok_126,#tok_127)"/>
<mark id="primmarkSeg_72" xlink:href="#xpointer(id('tok_162')/range-to(id('tok_164')))"/>
<mark id="primmarkSeg_7" xlink:href="#xpointer(id('tok_16')/range-to(id('tok_21')))"/>
<mark id="primmarkSeg_46" xlink:href="#xpointer(id('tok_106')/range-to(id('tok_109')))"/>
<mark id="primmarkSeg_60" xlink:href="(#tok_148,#tok_149)"/>
<mark id="primmarkSeg_1000159" xlink:href="(#tok_40,#xpointer(id('tok_43')/range-to(id('tok_44'))))"/>
<mark id="primmarkSeg_39" xlink:href="(#tok_91,#tok_92)"/>
<mark id="primmarkSeg_1000154" xlink:href="#tok_154"/>
<mark id="primmarkSeg_6" xlink:href="(#tok_20,#tok_21)"/>
<mark id="primmarkSeg_45" xlink:href="(#tok_100,#tok_101)"/>
<mark id="primmarkSeg_100086" xlink:href="#tok_86"/>
<mark id="primmarkSeg_1000161" xlink:href="#tok_62"/>
<mark id="primmarkSeg_12" xlink:href="#xpointer(id('tok_26')/range-to(id('tok_28')))"/>
<mark id="primmarkSeg_4" xlink:href="#xpointer(id('tok_9')/range-to(id('tok_11')))"/>
<mark id="primmarkSeg_100090" xlink:href="#tok_90"/>
<mark id="primmarkSeg_100045" xlink:href="#tok_45"/>
<mark id="primmarkSeg_51" xlink:href="#xpointer(id('tok_115')/range-to(id('tok_118')))"/>
<mark id="primmarkSeg_1000155" xlink:href="#tok_10"/>
<mark id="primmarkSeg_1000142" xlink:href="#tok_142"/>
<mark id="primmarkSeg_74" xlink:href="#xpointer(id('tok_172')/range-to(id('tok_174')))"/>
<mark id="primmarkSeg_57" xlink:href="#xpointer(id('tok_128')/range-to(id('tok_131')))"/>
<mark id="primmarkSeg_1000158" xlink:href="(#xpointer(id('tok_40')/range-to(id('tok_41'))),#tok_44)"/>
<mark id="primmarkSeg_1000135" xlink:href="#tok_135"/>
<mark id="primmarkSeg_30" xlink:href="(#tok_72,#tok_73)"/>
</markList>
</sfb632_standard>
