<?xml version="1.0" standalone="no"?>
<!DOCTYPE sfb632_standard SYSTEM "sfb632_feat.dtd">


<sfb632_standard version="1.0">

<header sfb_id="mmax.maz-4282_anaphor_antecedent" type="anaphor_antecedent"/>

<featList xmlns:xlink="http://www.w3.org/1999/xlink" type="anaphor_antecedent" xml:base="mmax.maz-4282.primmarkSeg.xml">
<feat xlink:href="#primmarkSeg_28" value="default" target="#primmarkSeg_1000158"/>
<feat xlink:href="#primmarkSeg_32" value="default" target="empty"/>
<feat xlink:href="#primmarkSeg_23" value="default" target="empty"/>
<feat xlink:href="#primmarkSeg_16" value="default" target="empty"/>
<feat xlink:href="#primmarkSeg_56" value="default" target="empty"/>
<feat xlink:href="#primmarkSeg_72" value="default" target="empty"/>
<feat xlink:href="#primmarkSeg_7" value="default" target="empty"/>
<feat xlink:href="#primmarkSeg_46" value="default" target="empty"/>
<feat xlink:href="#primmarkSeg_60" value="default" target="empty"/>
<feat xlink:href="#primmarkSeg_1000159" value="default" target="empty"/>
<feat xlink:href="#primmarkSeg_39" value="default" target="#primmarkSeg_1000156"/>
<feat xlink:href="#primmarkSeg_1000154" value="default" target="empty"/>
<feat xlink:href="#primmarkSeg_6" value="default" target="empty"/>
<feat xlink:href="#primmarkSeg_45" value="default" target="empty"/>
<feat xlink:href="#primmarkSeg_100086" value="default" target="#primmarkSeg_32"/>
<feat xlink:href="#primmarkSeg_1000161" value="default" target="#primmarkSeg_1000155"/>
<feat xlink:href="#primmarkSeg_12" value="default" target="empty"/>
<feat xlink:href="#primmarkSeg_4" value="default" target="empty"/>
<feat xlink:href="#primmarkSeg_100090" value="default" target="#primmarkSeg_100086"/>
<feat xlink:href="#primmarkSeg_100045" value="default" target="#primmarkSeg_1000157"/>
<feat xlink:href="#primmarkSeg_51" value="default" target="#primmarkSeg_6"/>
<feat xlink:href="#primmarkSeg_1000155" value="default" target="empty"/>
<feat xlink:href="#primmarkSeg_1000142" value="default" target="#primmarkSeg_1000135"/>
<feat xlink:href="#primmarkSeg_74" value="default" target="empty"/>
<feat xlink:href="#primmarkSeg_57" value="default" target="#primmarkSeg_1000162"/>
<feat xlink:href="#primmarkSeg_1000158" value="default" target="empty"/>
<feat xlink:href="#primmarkSeg_1000135" value="default" target="#primmarkSeg_56"/>
<feat xlink:href="#primmarkSeg_30" value="default" target="empty"/>
</featList>
</sfb632_standard>
