<?xml version="1.0" encoding="UTF-8" standalone="no"?>
<!DOCTYPE sfb632_standard SYSTEM "sfb632_struct.dtd">
<sfb632_standard version="1.0">


<header sfb_id="mmax.maz-4282.annoSet" type="annoSet"/>

<structList xmlns:xlink="http://www.w3.org/1999/xlink" type="annoSet">

<struct id="anno_1">
  <rel id="rel_1" xlink:href="mmax.maz-4282.groupsSeg.xml"/>
</struct>

<struct id="anno_2">
  <rel id="rel_2" xlink:href="mmax.maz-4282.primmarkSeg.xml"/>
  <rel id="rel_3" xlink:href="mmax.maz-4282.primmarkSeg_ambiguity.xml"/>
  <rel id="rel_4" xlink:href="mmax.maz-4282.primmarkSeg_anaphor_antecedent.xml"/>
  <rel id="rel_5" xlink:href="mmax.maz-4282.primmarkSeg_anaphor_type.xml"/>
  <rel id="rel_6" xlink:href="mmax.maz-4282.primmarkSeg_complex_np.xml"/>
  <rel id="rel_7" xlink:href="mmax.maz-4282.primmarkSeg_dir_speech.xml"/>
  <rel id="rel_8" xlink:href="mmax.maz-4282.primmarkSeg_grammatical_role.xml"/>
  <rel id="rel_9" xlink:href="mmax.maz-4282.primmarkSeg_np_form.xml"/>
  <rel id="rel_10" xlink:href="mmax.maz-4282.primmarkSeg_phrase_type.xml"/>
  <rel id="rel_11" xlink:href="mmax.maz-4282.primmarkSeg_referentiality.xml"/>
  <rel id="rel_12" xlink:href="mmax.maz-4282.primmarkSeg_type.xml"/>
</struct>

<!-- <struct id="anno_3">
  <rel id="rel_13" xlink:href="mmax.maz-4282.secmarkSeg.xml"/>
  <rel id="rel_14" xlink:href="mmax.maz-4282.secmarkSeg_ambiguity.xml"/>
  <rel id="rel_15" xlink:href="mmax.maz-4282.secmarkSeg_complex_np.xml"/>
  <rel id="rel_16" xlink:href="mmax.maz-4282.secmarkSeg_dir_speech.xml"/>
  <rel id="rel_17" xlink:href="mmax.maz-4282.secmarkSeg_grammatical_role.xml"/>
  <rel id="rel_18" xlink:href="mmax.maz-4282.secmarkSeg_np_form.xml"/>
  <rel id="rel_19" xlink:href="mmax.maz-4282.secmarkSeg_phrase_type.xml"/>
  <rel id="rel_20" xlink:href="mmax.maz-4282.secmarkSeg_referentiality.xml"/>
</struct> --> 

<struct id="anno_4">
  <rel id="rel_21" xlink:href="urml.maz-4282.text.xml"/>
</struct>

<struct id="anno_5">
  <rel id="rel_22" xlink:href="urml.maz-4282.tok.xml"/>
  <rel id="rel_23" xlink:href="mmax.maz-4282.tok_sent.xml"/>
</struct>


</structList>
</sfb632_standard>
