<?xml version="1.0" encoding="UTF-8"?>
<!-- (c) http://www.rrz.uni-hamburg.de/exmaralda -->
<basic-transcription>
  <head>
    <meta-information>
      <project-name/>
      <transcription-name/>
      <referenced-file url=""/>
      <ud-meta-information>
        <ud-information attribute-name="corpus-code">T</ud-information>
        <ud-information attribute-name="page">029</ud-information>
        <ud-information attribute-name="line">01</ud-information>
        <ud-information attribute-name="writer">alpha</ud-information>
      </ud-meta-information>
      <comment/>
      <transcription-convention/>
    </meta-information>
    <speakertable>
      <speaker id="SPK0">
        <abbreviation>X</abbreviation>
        <sex value="m"/>
        <languages-used/>
        <l1/>
        <l2/>
        <ud-speaker-information>
</ud-speaker-information>
        <comment/>
      </speaker>
    </speakertable>
  </head>
  <basic-body>
    <common-timeline>
      <tli id="T0"/>
      <tli id="T5"/>
      <tli id="T1"/>
      <tli id="T2"/>
      <tli id="T3"/>
      <tli id="T4"/>
      <tli id="T6"/>
      <tli id="T7"/>
    </common-timeline>
    <tier id="TIE0" category="LAT" type="a" display-name="LAT">
      <event start="T0" end="T5">&amp;</event>
      <event start="T5" end="T1">hic</event>
      <event start="T1" end="T2">mensis</event>
      <event start="T2" end="T3">est</event>
      <event start="T3" end="T4">sextus</event>
      <event start="T4" end="T6">illi</event>
    </tier>
    <tier id="TIE1" category="words" type="t" display-name="ahd">
      <event start="T0" end="T5">Inti</event>
      <event start="T5" end="T1">thiz</event>
      <event start="T1" end="T2">ist</event>
      <event start="T2" end="T3">ther</event>
      <event start="T3" end="T4">sehsto</event>
      <event start="T4" end="T6">manod</event>
      <event start="T6" end="T7">theru</event>
    </tier>
    <tier id="TIE2" category="align" type="a" display-name="align">
      <event start="T1" end="T2">=L3</event>
      <event start="T2" end="T3">=L4</event>
      <event start="T4" end="T6">=L2</event>
      <event start="T6" end="T7">=L5</event>
    </tier>
    <tier id="TIE3" category="pos" type="a" display-name="pos">
      <event start="T0" end="T5">CONJ</event>
      <event start="T5" end="T1">PRONDEM</event>
      <event start="T1" end="T2">VCOP</event>
      <event start="T2" end="T3">PRONDEM</event>
      <event start="T3" end="T4">A</event>
      <event start="T4" end="T6">N</event>
      <event start="T6" end="T7">PRONPRS</event>
    </tier>
    <tier id="TIE4" category="cat" type="a" display-name="cat">
      <event start="T5" end="T1">NP</event>
      <event start="T1" end="T2">VP</event>
      <event start="T2" end="T6">NP</event>
      <event start="T6" end="T7">NP</event>
    </tier>
    <tier id="TIE10" category="clause-status" type="a" display-name="clause-status">
      <event start="T0" end="T7">MAINDECL</event>
    </tier>
    <tier id="TIE5" category="gf" type="a" display-name="gf">
      <event start="T5" end="T1">SUBJ</event>
      <event start="T1" end="T2">VFIN</event>
      <event start="T2" end="T6">PRDNOM</event>
      <event start="T6" end="T7">IO</event>
    </tier>
    <tier id="TIE6" category="syl_no" type="a" display-name="syl_no">
      <event start="T0" end="T5">2</event>
      <event start="T5" end="T1">1</event>
      <event start="T1" end="T2">1</event>
      <event start="T2" end="T6">5</event>
      <event start="T6" end="T7">2</event>
    </tier>
    <tier id="TIE7" category="givenness" type="a" display-name="givenness">
      <event start="T2" end="T6">NEW</event>
      <event start="T6" end="T7">GIV</event>
    </tier>
    <tier id="TIE8" category="top-comm" type="a" display-name="top-comm"/>
    <tier id="TIE13" category="aboutness" type="a" display-name="aboutness"/>
    <tier id="TIE14" category="position" type="a" display-name="position"/>
    <tier id="TIE15" category="topic-marker" type="a" display-name="topic-marker"/>
    <tier id="TIE16" category="definiteness" type="a" display-name="definiteness">
      <event start="T2" end="T6">DEF</event>
      <event start="T6" end="T7">DEF</event>
    </tier>
    <tier id="TIE9" category="foc-bg" type="a" display-name="foc-bg">
      <event start="T1" end="T7">NIF</event>
    </tier>
    <tier id="TIE17" category="foc-marker" type="a" display-name="foc-marker"/>
    <tier id="TIE18" category="context" type="a" display-name="context"/>
    <tier id="TIE11" category="comment" type="a" display-name="comment">
      <event start="T0" end="T7">Kopulativkonstruktion mit V2, informationsträchtige Konstituente wird nach rechts im Satz verschoben</event>
    </tier>
    <tier id="TIE12" category="bibl" type="d" display-name="bibl">
      <event start="T0" end="T7">T 29, 1 Alpha Lc 1</event>
    </tier>
  </basic-body>
</basic-transcription>
