<?xml version="1.0" encoding="UTF-8"?>
<!-- (c) http://www.rrz.uni-hamburg.de/exmaralda -->
<basic-transcription>
  <head>
    <meta-information>
      <project-name/>
      <transcription-name/>
      <referenced-file url=""/>
      <ud-meta-information>
        <ud-information attribute-name="corpus-code">T</ud-information>
        <ud-information attribute-name="page">027</ud-information>
        <ud-information attribute-name="line">25</ud-information>
        <ud-information attribute-name="writer">alpha</ud-information>
      </ud-meta-information>
      <comment/>
      <transcription-convention/>
    </meta-information>
    <speakertable>
      <speaker id="SPK0">
        <abbreviation>X</abbreviation>
        <sex value="m"/>
        <languages-used/>
        <l1/>
        <l2/>
        <ud-speaker-information>
</ud-speaker-information>
        <comment/>
      </speaker>
    </speakertable>
  </head>
  <basic-body>
    <common-timeline>
      <tli id="T1"/>
      <tli id="T2"/>
      <tli id="T3"/>
      <tli id="T4"/>
      <tli id="T5"/>
      <tli id="T6"/>
      <tli id="T8"/>
    </common-timeline>
    <tier id="TIE0" category="LAT" type="a" display-name="LAT">
      <event start="T1" end="T2">quod</event>
      <event start="T3" end="T4">uisionem</event>
      <event start="T4" end="T5">uidiss&amp;</event>
      <event start="T5" end="T6">In</event>
      <event start="T6" end="T8">templo</event>
    </tier>
    <tier id="TIE1" category="words" type="t" display-name="ahd">
      <event start="T1" end="T2">thaz</event>
      <event start="T2" end="T3">her</event>
      <event start="T3" end="T4">gisiht</event>
      <event start="T4" end="T5">gisah</event>
      <event start="T5" end="T6">In</event>
      <event start="T6" end="T8">templo</event>
    </tier>
    <tier id="TIE2" category="align" type="a" display-name="align"/>
    <tier id="TIE3" category="pos" type="a" display-name="pos">
      <event start="T1" end="T2">CONJ</event>
      <event start="T2" end="T3">PRONPRS</event>
      <event start="T3" end="T4">N</event>
      <event start="T4" end="T5">V</event>
      <event start="T5" end="T6">P</event>
      <event start="T6" end="T8">N</event>
    </tier>
    <tier id="TIE4" category="cat" type="a" display-name="cat">
      <event start="T2" end="T3">NP</event>
      <event start="T3" end="T4">NP</event>
      <event start="T4" end="T5">VP</event>
      <event start="T5" end="T8">PP</event>
    </tier>
    <tier id="TIE10" category="clause-status" type="a" display-name="clause-status">
      <event start="T1" end="T8">SUB</event>
    </tier>
    <tier id="TIE5" category="gf" type="a" display-name="gf">
      <event start="T2" end="T3">SUBJ</event>
      <event start="T3" end="T4">DO</event>
      <event start="T4" end="T5">VFIN</event>
      <event start="T5" end="T8">ADVLOC</event>
    </tier>
    <tier id="TIE6" category="syl_no" type="a" display-name="syl_no">
      <event start="T1" end="T2">1</event>
      <event start="T2" end="T3">1</event>
      <event start="T3" end="T4">2</event>
      <event start="T4" end="T5">2</event>
      <event start="T5" end="T8">3</event>
    </tier>
    <tier id="TIE7" category="givenness" type="a" display-name="givenness">
      <event start="T2" end="T3">GIV</event>
      <event start="T3" end="T4">NEW</event>
      <event start="T6" end="T8">GIV</event>
    </tier>
    <tier id="TIE8" category="top-comm" type="a" display-name="top-comm"/>
    <tier id="TIE13" category="aboutness" type="a" display-name="aboutness">
      <event start="T2" end="T3"/>
    </tier>
    <tier id="TIE14" category="position" type="a" display-name="position"/>
    <tier id="TIE15" category="topic-marker" type="a" display-name="topic-marker"/>
    <tier id="TIE16" category="definiteness" type="a" display-name="definiteness">
      <event start="T2" end="T3">DEF</event>
      <event start="T3" end="T4">INDEF</event>
      <event start="T6" end="T8">DEF</event>
    </tier>
    <tier id="TIE9" category="foc-bg" type="a" display-name="foc-bg">
      <event start="T3" end="T5">NIF</event>
    </tier>
    <tier id="TIE17" category="foc-marker" type="a" display-name="foc-marker"/>
    <tier id="TIE18" category="context" type="a" display-name="context">
      <event start="T1" end="T8">AR</event>
    </tier>
    <tier id="TIE11" category="comment" type="a" display-name="comment">
      <event start="T1" end="T8">Einfügung des Subjektspronomens; Analogie O I 4, 79-80: joh ouh tho áhtonti, ... thaz er thar wúntar gisah.</event>
    </tier>
    <tier id="TIE12" category="bibl" type="d" display-name="bibl">
      <event start="T1" end="T8">T 27, 25  Alpha Lc 1</event>
    </tier>
  </basic-body>
</basic-transcription>
