<?xml version="1.0" encoding="UTF-8"?>
<!-- (c) http://www.rrz.uni-hamburg.de/exmaralda -->
<basic-transcription>
  <head>
    <meta-information>
      <project-name/>
      <transcription-name/>
      <referenced-file url=""/>
      <ud-meta-information>
        <ud-information attribute-name="corpus-code">T</ud-information>
        <ud-information attribute-name="page">026</ud-information>
        <ud-information attribute-name="line">27</ud-information>
        <ud-information attribute-name="writer">alpha</ud-information>
      </ud-meta-information>
      <comment/>
      <transcription-convention/>
    </meta-information>
    <speakertable>
      <speaker id="SPK0">
        <abbreviation>X</abbreviation>
        <sex value="m"/>
        <languages-used/>
        <l1/>
        <l2/>
        <ud-speaker-information>
</ud-speaker-information>
        <comment/>
      </speaker>
    </speakertable>
  </head>
  <basic-body>
    <common-timeline>
      <tli id="T0"/>
      <tli id="T7"/>
      <tli id="T1"/>
      <tli id="T2"/>
      <tli id="T6"/>
      <tli id="T3"/>
      <tli id="T4"/>
    </common-timeline>
    <tier id="TIE0" category="LAT" type="a" display-name="LAT">
      <event start="T0" end="T7">&amp;</event>
      <event start="T7" end="T1">uocabis</event>
      <event start="T2" end="T6">nomen</event>
      <event start="T6" end="T3">eius</event>
      <event start="T3" end="T4">Iohannem</event>
    </tier>
    <tier id="TIE1" category="words" type="t" display-name="ahd">
      <event start="T0" end="T7">Inti</event>
      <event start="T7" end="T1">nemnis</event>
      <event start="T1" end="T2">thû</event>
      <event start="T2" end="T6">sinan</event>
      <event start="T6" end="T3">namon</event>
      <event start="T3" end="T4">Iohannem</event>
    </tier>
    <tier id="TIE2" category="align" type="a" display-name="align"/>
    <tier id="TIE3" category="pos" type="a" display-name="pos">
      <event start="T0" end="T7">CONJ</event>
      <event start="T7" end="T1">V</event>
      <event start="T1" end="T2">PRONPRS</event>
      <event start="T2" end="T6">PRONPOS</event>
      <event start="T6" end="T3">N</event>
      <event start="T3" end="T4">N</event>
    </tier>
    <tier id="TIE4" category="cat" type="a" display-name="cat">
      <event start="T7" end="T1">VP</event>
      <event start="T1" end="T2">NP</event>
      <event start="T2" end="T3">NP</event>
      <event start="T3" end="T4">NP</event>
    </tier>
    <tier id="TIE10" category="clause-status" type="a" display-name="clause-status">
      <event start="T7" end="T4">MAINDECL</event>
    </tier>
    <tier id="TIE5" category="gf" type="a" display-name="gf">
      <event start="T7" end="T1">VFIN</event>
      <event start="T1" end="T2">SUBJ</event>
      <event start="T2" end="T3">DO</event>
      <event start="T3" end="T4">PRDNOM</event>
    </tier>
    <tier id="TIE6" category="syl_no" type="a" display-name="syl_no">
      <event start="T7" end="T1">2</event>
      <event start="T1" end="T2">1</event>
      <event start="T2" end="T3">4</event>
      <event start="T3" end="T4">4</event>
    </tier>
    <tier id="TIE7" category="givenness" type="a" display-name="givenness">
      <event start="T1" end="T2">GIV</event>
      <event start="T2" end="T3">ACC</event>
    </tier>
    <tier id="TIE8" category="top-comm" type="a" display-name="top-comm"/>
    <tier id="TIE13" category="aboutness" type="a" display-name="aboutness"/>
    <tier id="TIE14" category="position" type="a" display-name="position"/>
    <tier id="TIE15" category="topic-marker" type="a" display-name="topic-marker"/>
    <tier id="TIE16" category="definiteness" type="a" display-name="definiteness">
      <event start="T1" end="T2">DEF</event>
      <event start="T2" end="T3">DEF</event>
      <event start="T3" end="T4">DEF</event>
    </tier>
    <tier id="TIE9" category="foc-bg" type="a" display-name="foc-bg">
      <event start="T7" end="T4">NIF</event>
    </tier>
    <tier id="TIE17" category="foc-marker" type="a" display-name="foc-marker"/>
    <tier id="TIE18" category="context" type="a" display-name="context"/>
    <tier id="TIE11" category="comment" type="a" display-name="comment">
      <event start="T0" end="T4">eingefügtes Subjektspronomen nach Vfin, V1 des Originals wird behalten; Merkmale von all-nif</event>
    </tier>
    <tier id="TIE12" category="bibl" type="d" display-name="bibl">
      <event start="T0" end="T4">T 26, 27 Alpha Lc 1</event>
    </tier>
  </basic-body>
</basic-transcription>
