<?xml version="1.0" encoding="UTF-8"?>
<!-- (c) http://www.rrz.uni-hamburg.de/exmaralda -->
<basic-transcription>
  <head>
    <meta-information>
      <project-name/>
      <transcription-name/>
      <referenced-file url=""/>
      <ud-meta-information>
        <ud-information attribute-name="corpus-code">T</ud-information>
        <ud-information attribute-name="page">026</ud-information>
        <ud-information attribute-name="line">30</ud-information>
        <ud-information attribute-name="writer">alpha</ud-information>
      </ud-meta-information>
      <comment/>
      <transcription-convention/>
    </meta-information>
    <speakertable>
      <speaker id="SPK0">
        <abbreviation>X</abbreviation>
        <sex value="m"/>
        <languages-used/>
        <l1/>
        <l2/>
        <ud-speaker-information>
</ud-speaker-information>
        <comment/>
      </speaker>
    </speakertable>
  </head>
  <basic-body>
    <common-timeline>
      <tli id="T0"/>
      <tli id="T7"/>
      <tli id="T1"/>
      <tli id="T6"/>
      <tli id="T2"/>
      <tli id="T3"/>
      <tli id="T4"/>
    </common-timeline>
    <tier id="TIE0" category="LAT" type="a" display-name="LAT">
      <event start="T7" end="T1">erit</event>
      <event start="T1" end="T6">enim</event>
      <event start="T6" end="T2">magnus</event>
      <event start="T2" end="T3">coram</event>
      <event start="T3" end="T4">domino</event>
    </tier>
    <tier id="TIE1" category="words" type="t" display-name="ahd">
      <event start="T0" end="T7">her</event>
      <event start="T7" end="T1">ist</event>
      <event start="T1" end="T6">uuârlihho</event>
      <event start="T6" end="T2">mihhil</event>
      <event start="T2" end="T3">fora</event>
      <event start="T3" end="T4">truhtine</event>
    </tier>
    <tier id="TIE2" category="align" type="a" display-name="align"/>
    <tier id="TIE3" category="pos" type="a" display-name="pos">
      <event start="T0" end="T7">PRONPRS</event>
      <event start="T7" end="T1">VCOP</event>
      <event start="T1" end="T6">ADV</event>
      <event start="T6" end="T2">A</event>
      <event start="T2" end="T3">P</event>
      <event start="T3" end="T4">N</event>
    </tier>
    <tier id="TIE4" category="cat" type="a" display-name="cat">
      <event start="T7" end="T1">VP</event>
      <event start="T1" end="T2">NP</event>
      <event start="T2" end="T4">PP</event>
    </tier>
    <tier id="TIE10" category="clause-status" type="a" display-name="clause-status">
      <event start="T0" end="T4">MAINDECL</event>
    </tier>
    <tier id="TIE5" category="gf" type="a" display-name="gf">
      <event start="T0" end="T7">SUBJ</event>
      <event start="T7" end="T1">VFIN</event>
      <event start="T1" end="T6">ADVSENT</event>
      <event start="T6" end="T4">PRDNOM</event>
    </tier>
    <tier id="TIE6" category="syl_no" type="a" display-name="syl_no">
      <event start="T0" end="T7">1</event>
      <event start="T7" end="T1">1</event>
      <event start="T1" end="T6">3</event>
      <event start="T6" end="T4">7</event>
    </tier>
    <tier id="TIE7" category="givenness" type="a" display-name="givenness">
      <event start="T0" end="T7">GIV</event>
      <event start="T3" end="T4">ACC</event>
    </tier>
    <tier id="TIE8" category="top-comm" type="a" display-name="top-comm">
      <event start="T0" end="T7">TOP</event>
      <event start="T7" end="T4">COMM</event>
    </tier>
    <tier id="TIE13" category="aboutness" type="a" display-name="aboutness">
      <event start="T0" end="T7">AB</event>
    </tier>
    <tier id="TIE14" category="position" type="a" display-name="position">
      <event start="T0" end="T7">GV</event>
      <event start="T3" end="T4"/>
    </tier>
    <tier id="TIE15" category="topic-marker" type="a" display-name="topic-marker"/>
    <tier id="TIE16" category="definiteness" type="a" display-name="definiteness">
      <event start="T0" end="T7">DEF</event>
      <event start="T3" end="T4">DEF</event>
    </tier>
    <tier id="TIE9" category="foc-bg" type="a" display-name="foc-bg">
      <event start="T7" end="T4">NIF</event>
    </tier>
    <tier id="TIE17" category="foc-marker" type="a" display-name="foc-marker"/>
    <tier id="TIE18" category="context" type="a" display-name="context">
      <event start="T0" end="T4">AR</event>
    </tier>
    <tier id="TIE11" category="comment" type="a" display-name="comment">
      <event start="T0" end="T4">V2 gegen V1 im Original durch Einfügung des Subjektspronomens Kopulativkonstruktion mit V2; Analogie T 26, 3. 26, 28</event>
    </tier>
    <tier id="TIE12" category="bibl" type="d" display-name="bibl">
      <event start="T0" end="T4">T 26, 30 Alpha Lc 1 O I 4 33 Gúati so ist er hóher joh góte filu líuber</event>
    </tier>
  </basic-body>
</basic-transcription>
