<?xml version="1.0" encoding="UTF-8"?>
<!-- (c) http://www.rrz.uni-hamburg.de/exmaralda -->
<basic-transcription>
  <head>
    <meta-information>
      <project-name/>
      <transcription-name/>
      <referenced-file url=""/>
      <ud-meta-information>
        <ud-information attribute-name="corpus-code">T</ud-information>
        <ud-information attribute-name="page">028</ud-information>
        <ud-information attribute-name="line">12-13</ud-information>
        <ud-information attribute-name="writer">alpha</ud-information>
      </ud-meta-information>
      <comment/>
      <transcription-convention/>
    </meta-information>
    <speakertable>
      <speaker id="SPK0">
        <abbreviation>X</abbreviation>
        <sex value="m"/>
        <languages-used/>
        <l1/>
        <l2/>
        <ud-speaker-information>
</ud-speaker-information>
        <comment/>
      </speaker>
    </speakertable>
  </head>
  <basic-body>
    <common-timeline>
      <tli id="T0"/>
      <tli id="T5"/>
      <tli id="T1"/>
      <tli id="T2"/>
      <tli id="T3"/>
      <tli id="T4"/>
      <tli id="T6"/>
      <tli id="T7"/>
    </common-timeline>
    <tier id="TIE0" category="LAT" type="a" display-name="LAT">
      <event start="T0" end="T5">quae cum uidisset</event>
      <event start="T5" end="T1">turbata</event>
      <event start="T1" end="T2">est</event>
      <event start="T2" end="T3">/</event>
      <event start="T3" end="T4">In</event>
      <event start="T4" end="T6">sermone</event>
      <event start="T6" end="T7">eius</event>
    </tier>
    <tier id="TIE1" category="words" type="t" display-name="ahd">
      <event start="T0" end="T5">tho sie thiu gisah</event>
      <event start="T5" end="T1">uuas</event>
      <event start="T1" end="T2">getruobit</event>
      <event start="T2" end="T3">/</event>
      <event start="T3" end="T4">In</event>
      <event start="T4" end="T6">sinemo</event>
      <event start="T6" end="T7">uuorte</event>
    </tier>
    <tier id="TIE2" category="align" type="a" display-name="align">
      <event start="T5" end="T1">=L2</event>
      <event start="T1" end="T2">=L1</event>
      <event start="T4" end="T6">=L6</event>
      <event start="T6" end="T7">=L5</event>
    </tier>
    <tier id="TIE3" category="pos" type="a" display-name="pos">
      <event start="T5" end="T1">VCOP</event>
      <event start="T1" end="T2">VN</event>
      <event start="T3" end="T4">P</event>
      <event start="T4" end="T6">PRONPOS</event>
      <event start="T6" end="T7">N</event>
    </tier>
    <tier id="TIE4" category="cat" type="a" display-name="cat">
      <event start="T0" end="T5">CP</event>
      <event start="T5" end="T2">VP</event>
      <event start="T6" end="T7">PP</event>
    </tier>
    <tier id="TIE10" category="clause-status" type="a" display-name="clause-status">
      <event start="T0" end="T7">MAINDECL</event>
    </tier>
    <tier id="TIE5" category="gf" type="a" display-name="gf">
      <event start="T0" end="T5">ADVTEMP</event>
      <event start="T5" end="T1">VFIN</event>
      <event start="T1" end="T2">PARTPF</event>
      <event start="T3" end="T7">ADVINSTR</event>
    </tier>
    <tier id="TIE6" category="syl_no" type="a" display-name="syl_no">
      <event start="T0" end="T5">4</event>
      <event start="T5" end="T1">1</event>
      <event start="T1" end="T2">3</event>
      <event start="T3" end="T7">6</event>
    </tier>
    <tier id="TIE7" category="givenness" type="a" display-name="givenness">
      <event start="T3" end="T7"/>
    </tier>
    <tier id="TIE8" category="top-comm" type="a" display-name="top-comm"/>
    <tier id="TIE14" category="aboutness" type="a" display-name="aboutness">
      <event start="T0" end="T5"/>
    </tier>
    <tier id="TIE15" category="position" type="a" display-name="position">
      <event start="T0" end="T5">GV</event>
      <event start="T3" end="T7"/>
    </tier>
    <tier id="TIE16" category="topic-marker" type="a" display-name="topic-marker"/>
    <tier id="TIE17" category="definiteness" type="a" display-name="definiteness">
      <event start="T3" end="T7"/>
    </tier>
    <tier id="TIE9" category="foc-bg" type="a" display-name="foc-bg">
      <event start="T5" end="T2">NIF</event>
    </tier>
    <tier id="TIE18" category="foc-marker" type="a" display-name="foc-marker"/>
    <tier id="TIE19" category="context" type="a" display-name="context"/>
    <tier id="TIE11" category="comment" type="a" display-name="comment">
      <event start="T0" end="T7">Umstellung von Finitum und Partizip, V2 nach vorangehendem Temporalsatz</event>
    </tier>
    <tier id="TIE12" category="bibl" type="d" display-name="bibl">
      <event start="T0" end="T7">T 28, 12-13 Alpha Lc 1</event>
    </tier>
  </basic-body>
</basic-transcription>
