<?xml version="1.0" encoding="UTF-8"?>
<!-- (c) http://www.rrz.uni-hamburg.de/exmaralda -->
<basic-transcription>
  <head>
    <meta-information>
      <project-name/>
      <transcription-name/>
      <referenced-file url=""/>
      <ud-meta-information>
        <ud-information attribute-name="corpus-code">T</ud-information>
        <ud-information attribute-name="page">034</ud-information>
        <ud-information attribute-name="line">13-14</ud-information>
        <ud-information attribute-name="writer">alpha</ud-information>
      </ud-meta-information>
      <comment/>
      <transcription-convention/>
    </meta-information>
    <speakertable>
      <speaker id="SPK0">
        <abbreviation>X</abbreviation>
        <sex value="m"/>
        <languages-used/>
        <l1/>
        <l2/>
        <ud-speaker-information>
</ud-speaker-information>
        <comment/>
      </speaker>
    </speakertable>
  </head>
  <basic-body>
    <common-timeline>
      <tli id="T0"/>
      <tli id="T7"/>
      <tli id="T8"/>
      <tli id="T1"/>
      <tli id="T9"/>
      <tli id="T3"/>
      <tli id="T4"/>
      <tli id="T5"/>
    </common-timeline>
    <tier id="TIE0" category="LAT" type="a" display-name="LAT">
      <event start="T0" end="T7">Ioseph autem / uir eius</event>
      <event start="T7" end="T8">...</event>
      <event start="T8" end="T1">uoluit</event>
      <event start="T1" end="T9">/</event>
      <event start="T9" end="T3">occulte</event>
      <event start="T3" end="T4">dimittere</event>
      <event start="T4" end="T5">eam</event>
    </tier>
    <tier id="TIE1" category="words" type="t" display-name="ahd">
      <event start="T0" end="T7">Ioseph thô / Ira gomman</event>
      <event start="T7" end="T8">...</event>
      <event start="T8" end="T1">uuolta</event>
      <event start="T1" end="T9">/</event>
      <event start="T9" end="T3">tougolo</event>
      <event start="T3" end="T4">sia</event>
      <event start="T4" end="T5">forlazzan</event>
    </tier>
    <tier id="TIE2" category="align" type="a" display-name="align">
      <event start="T3" end="T4">=L6</event>
      <event start="T4" end="T5">=L5</event>
    </tier>
    <tier id="TIE3" category="pos" type="a" display-name="pos">
      <event start="T8" end="T1">VMOD</event>
      <event start="T9" end="T3">ADV</event>
      <event start="T3" end="T4">PRONPRS</event>
      <event start="T4" end="T5">V</event>
    </tier>
    <tier id="TIE4" category="cat" type="a" display-name="cat">
      <event start="T0" end="T7">NP</event>
      <event start="T7" end="T8">CP</event>
      <event start="T8" end="T1">VP</event>
      <event start="T9" end="T3">ADVP</event>
      <event start="T3" end="T4">NP</event>
      <event start="T4" end="T5">VP</event>
    </tier>
    <tier id="TIE10" category="clause-status" type="a" display-name="clause-status">
      <event start="T0" end="T5">MAINDECL</event>
    </tier>
    <tier id="TIE5" category="gf" type="a" display-name="gf">
      <event start="T0" end="T7">SUBJ</event>
      <event start="T7" end="T8">ADVCAUS</event>
      <event start="T8" end="T1">VFIN</event>
      <event start="T9" end="T3">ADVMOD</event>
      <event start="T3" end="T4">DO</event>
      <event start="T4" end="T5">INF</event>
    </tier>
    <tier id="TIE6" category="syl_no" type="a" display-name="syl_no">
      <event start="T0" end="T7">6</event>
      <event start="T7" end="T8">11</event>
      <event start="T8" end="T1">2</event>
      <event start="T9" end="T3">3</event>
      <event start="T3" end="T4">2</event>
      <event start="T4" end="T5">3</event>
    </tier>
    <tier id="TIE7" category="givenness" type="a" display-name="givenness">
      <event start="T0" end="T7">GIV</event>
      <event start="T3" end="T4">GIV</event>
    </tier>
    <tier id="TIE8" category="top-comm" type="a" display-name="top-comm">
      <event start="T0" end="T7">TOP</event>
      <event start="T7" end="T5">COMM</event>
    </tier>
    <tier id="TIE13" category="aboutness" type="a" display-name="aboutness">
      <event start="T0" end="T7">AB</event>
      <event start="T3" end="T4"/>
    </tier>
    <tier id="TIE14" category="position" type="a" display-name="position">
      <event start="T0" end="T7">GV</event>
    </tier>
    <tier id="TIE15" category="topic-marker" type="a" display-name="topic-marker">
      <event start="T0" end="T7">thô</event>
    </tier>
    <tier id="TIE16" category="definiteness" type="a" display-name="definiteness">
      <event start="T0" end="T7">DEF</event>
      <event start="T3" end="T4">DEF</event>
    </tier>
    <tier id="TIE9" category="foc-bg" type="a" display-name="foc-bg"/>
    <tier id="TIE17" category="foc-marker" type="a" display-name="foc-marker"/>
    <tier id="TIE18" category="context" type="a" display-name="context">
      <event start="T0" end="T7">TW (thô)</event>
    </tier>
    <tier id="TIE11" category="comment" type="a" display-name="comment">
      <event start="T0" end="T5">Umstellung von Objektpronomen und Infinitiv, Infinitiv rechtsperipher</event>
    </tier>
    <tier id="TIE12" category="bibl" type="d" display-name="bibl">
      <event start="T0" end="T7">T 34, 13-14 Alpha Mt 1</event>
    </tier>
  </basic-body>
</basic-transcription>
