<?xml version="1.0" encoding="UTF-8"?>
<!-- (c) http://www.rrz.uni-hamburg.de/exmaralda -->
<basic-transcription>
  <head>
    <meta-information>
      <project-name/>
      <transcription-name/>
      <referenced-file url=""/>
      <ud-meta-information>
        <ud-information attribute-name="corpus-code">T</ud-information>
        <ud-information attribute-name="page">039</ud-information>
        <ud-information attribute-name="line">23</ud-information>
        <ud-information attribute-name="writer">alpha</ud-information>
      </ud-meta-information>
      <comment/>
      <transcription-convention/>
    </meta-information>
    <speakertable>
      <speaker id="SPK0">
        <abbreviation>X</abbreviation>
        <sex value="m"/>
        <languages-used/>
        <l1/>
        <l2/>
        <ud-speaker-information>
</ud-speaker-information>
        <comment/>
      </speaker>
    </speakertable>
  </head>
  <basic-body>
    <common-timeline>
      <tli id="T0"/>
      <tli id="T1"/>
      <tli id="T2"/>
      <tli id="T3"/>
      <tli id="T4"/>
    </common-timeline>
    <tier id="TIE0" category="LAT" type="a" display-name="LAT">
      <event start="T0" end="T1">At</event>
      <event start="T1" end="T2">illi</event>
      <event start="T2" end="T3">dixerunt</event>
      <event start="T3" end="T4">ei</event>
    </tier>
    <tier id="TIE1" category="words" type="t" display-name="ahd">
      <event start="T0" end="T1">sie</event>
      <event start="T1" end="T2">thô</event>
      <event start="T2" end="T3">quadun</event>
      <event start="T3" end="T4">Imo</event>
    </tier>
    <tier id="TIE2" category="align" type="a" display-name="align">
      <event start="T0" end="T1">=L1</event>
      <event start="T1" end="T2">=L0</event>
    </tier>
    <tier id="TIE3" category="pos" type="a" display-name="pos">
      <event start="T0" end="T1">PRONPRS</event>
      <event start="T1" end="T2">ADV</event>
      <event start="T2" end="T3">V</event>
      <event start="T3" end="T4">PRONPRS</event>
    </tier>
    <tier id="TIE4" category="cat" type="a" display-name="cat">
      <event start="T0" end="T1">NP</event>
      <event start="T1" end="T2">ADVP</event>
      <event start="T2" end="T3">VP</event>
      <event start="T3" end="T4">NP</event>
    </tier>
    <tier id="TIE10" category="clause-status" type="a" display-name="clause-status">
      <event start="T0" end="T4">MAINDECL</event>
    </tier>
    <tier id="TIE5" category="gf" type="a" display-name="gf">
      <event start="T0" end="T1">SUBJ</event>
      <event start="T1" end="T2">ADVTEMP</event>
      <event start="T2" end="T3">VFIN</event>
      <event start="T3" end="T4">IO</event>
    </tier>
    <tier id="TIE6" category="syl_no" type="a" display-name="syl_no">
      <event start="T0" end="T1">1</event>
      <event start="T1" end="T2">1</event>
      <event start="T2" end="T3">2</event>
      <event start="T3" end="T4">2</event>
    </tier>
    <tier id="TIE7" category="givenness" type="a" display-name="givenness">
      <event start="T0" end="T1">GIV</event>
      <event start="T3" end="T4">GIV</event>
    </tier>
    <tier id="TIE8" category="top-comm" type="a" display-name="top-comm">
      <event start="T0" end="T1">TOP</event>
      <event start="T1" end="T4">COMM</event>
    </tier>
    <tier id="TIE13" category="aboutness" type="a" display-name="aboutness">
      <event start="T0" end="T1">AB</event>
    </tier>
    <tier id="TIE14" category="position" type="a" display-name="position">
      <event start="T0" end="T1">GV</event>
      <event start="T3" end="T4"/>
    </tier>
    <tier id="TIE15" category="topic-marker" type="a" display-name="topic-marker">
      <event start="T1" end="T2">thô</event>
    </tier>
    <tier id="TIE16" category="definiteness" type="a" display-name="definiteness">
      <event start="T0" end="T1">DEF</event>
      <event start="T3" end="T4">DEF</event>
    </tier>
    <tier id="TIE9" category="foc-bg" type="a" display-name="foc-bg"/>
    <tier id="TIE17" category="foc-marker" type="a" display-name="foc-marker"/>
    <tier id="TIE18" category="context" type="a" display-name="context">
      <event start="T0" end="T4">Sprecherwechsel im Dialog</event>
    </tier>
    <tier id="TIE11" category="comment" type="a" display-name="comment"/>
    <tier id="TIE12" category="bibl" type="d" display-name="bibl">
      <event start="T0" end="T4">T 39, 23 Alpha Mt 2</event>
    </tier>
  </basic-body>
</basic-transcription>
