<?xml version="1.0" encoding="UTF-8"?>
<!-- (c) http://www.rrz.uni-hamburg.de/exmaralda -->
<basic-transcription>
  <head>
    <meta-information>
      <project-name/>
      <transcription-name/>
      <referenced-file url=""/>
      <ud-meta-information>
        <ud-information attribute-name="corpus-code">T</ud-information>
        <ud-information attribute-name="page">035</ud-information>
        <ud-information attribute-name="line">09</ud-information>
        <ud-information attribute-name="writer">alpha</ud-information>
      </ud-meta-information>
      <comment/>
      <transcription-convention/>
    </meta-information>
    <speakertable>
      <speaker id="SPK0">
        <abbreviation>X</abbreviation>
        <sex value="m"/>
        <languages-used/>
        <l1/>
        <l2/>
        <ud-speaker-information>
</ud-speaker-information>
        <comment/>
      </speaker>
    </speakertable>
  </head>
  <basic-body>
    <common-timeline>
      <tli id="T0"/>
      <tli id="T3"/>
      <tli id="T1"/>
      <tli id="T2"/>
      <tli id="T7"/>
      <tli id="T4"/>
      <tli id="T5"/>
    </common-timeline>
    <tier id="TIE0" category="LAT" type="a" display-name="LAT">
      <event start="T0" end="T3">ut</event>
      <event start="T1" end="T2">describer&amp;ur</event>
      <event start="T2" end="T7">uniuersus</event>
      <event start="T4" end="T5">orbis</event>
    </tier>
    <tier id="TIE1" category="words" type="t" display-name="ahd">
      <event start="T0" end="T3">thaz</event>
      <event start="T3" end="T1">gibrieuit</event>
      <event start="T1" end="T2">uuvrdi</event>
      <event start="T2" end="T7">al</event>
      <event start="T7" end="T4">these</event>
      <event start="T4" end="T5">umbiuuerft</event>
    </tier>
    <tier id="TIE2" category="align" type="a" display-name="align"/>
    <tier id="TIE3" category="pos" type="a" display-name="pos">
      <event start="T0" end="T3">CONJ</event>
      <event start="T3" end="T1">VN</event>
      <event start="T1" end="T2">VAUX</event>
      <event start="T2" end="T7">PRONINDEF</event>
      <event start="T7" end="T4">PRONDEM</event>
      <event start="T4" end="T5">N</event>
    </tier>
    <tier id="TIE4" category="cat" type="a" display-name="cat">
      <event start="T3" end="T2">VP</event>
      <event start="T2" end="T5">NP</event>
    </tier>
    <tier id="TIE10" category="clause-status" type="a" display-name="clause-status">
      <event start="T0" end="T5">SUBFINAL</event>
    </tier>
    <tier id="TIE5" category="gf" type="a" display-name="gf">
      <event start="T3" end="T1">PARTPF</event>
      <event start="T1" end="T2">VFIN</event>
      <event start="T2" end="T5">SUBJ</event>
    </tier>
    <tier id="TIE6" category="syl_no" type="a" display-name="syl_no">
      <event start="T3" end="T1">3</event>
      <event start="T1" end="T2">2</event>
      <event start="T2" end="T5">6</event>
    </tier>
    <tier id="TIE7" category="givenness" type="a" display-name="givenness">
      <event start="T2" end="T5">ACC</event>
    </tier>
    <tier id="TIE8" category="top-comm" type="a" display-name="top-comm"/>
    <tier id="TIE13" category="aboutness" type="a" display-name="aboutness"/>
    <tier id="TIE14" category="position" type="a" display-name="position"/>
    <tier id="TIE15" category="topic-marker" type="a" display-name="topic-marker"/>
    <tier id="TIE16" category="definiteness" type="a" display-name="definiteness">
      <event start="T7" end="T5">DEF</event>
    </tier>
    <tier id="TIE9" category="foc-bg" type="a" display-name="foc-bg">
      <event start="T0" end="T5">NIF</event>
    </tier>
    <tier id="TIE17" category="foc-marker" type="a" display-name="foc-marker"/>
    <tier id="TIE18" category="context" type="a" display-name="context"/>
    <tier id="TIE11" category="comment" type="a" display-name="comment">
      <event start="T0" end="T5">all-new, Passivauflösung im abhängigen Satz Part vor Vfin,</event>
    </tier>
    <tier id="TIE12" category="bibl" type="d" display-name="bibl">
      <event start="T0" end="T5">T 35, 9 Alpha Mt 1</event>
    </tier>
  </basic-body>
</basic-transcription>
