<?xml version="1.0" encoding="UTF-8"?>
<!-- (c) http://www.rrz.uni-hamburg.de/exmaralda -->
<basic-transcription>
  <head>
    <meta-information>
      <project-name/>
      <transcription-name/>
      <referenced-file url=""/>
      <ud-meta-information>
        <ud-information attribute-name="corpus-code">T</ud-information>
        <ud-information attribute-name="page">034</ud-information>
        <ud-information attribute-name="line">20</ud-information>
        <ud-information attribute-name="writer">alpha</ud-information>
      </ud-meta-information>
      <comment/>
      <transcription-convention/>
    </meta-information>
    <speakertable>
      <speaker id="SPK0">
        <abbreviation>X</abbreviation>
        <sex value="m"/>
        <languages-used/>
        <l1/>
        <l2/>
        <ud-speaker-information>
</ud-speaker-information>
        <comment/>
      </speaker>
    </speakertable>
  </head>
  <basic-body>
    <common-timeline>
      <tli id="T0"/>
      <tli id="T1"/>
      <tli id="T2"/>
      <tli id="T6"/>
      <tli id="T11"/>
      <tli id="T12"/>
      <tli id="T8"/>
      <tli id="T13"/>
      <tli id="T9"/>
      <tli id="T10"/>
      <tli id="T7"/>
    </common-timeline>
    <tier id="TIE0" category="LAT" type="a" display-name="LAT">
      <event start="T0" end="T1">quod</event>
      <event start="T1" end="T2">enim</event>
      <event start="T2" end="T6">In ea natum est</event>
      <event start="T12" end="T8">de</event>
      <event start="T13" end="T9">spiritu</event>
      <event start="T9" end="T10">sancto</event>
      <event start="T10" end="T7">est</event>
    </tier>
    <tier id="TIE1" category="words" type="t" display-name="ahd">
      <event start="T0" end="T1">uuanta</event>
      <event start="T1" end="T2"/>
      <event start="T2" end="T6">thaz In iru giboran ist</event>
      <event start="T6" end="T11">thaz</event>
      <event start="T11" end="T12">ist</event>
      <event start="T12" end="T8">fon</event>
      <event start="T8" end="T13">themo</event>
      <event start="T13" end="T9">heilagen</event>
      <event start="T9" end="T10">geiste</event>
      <event start="T10" end="T7"/>
    </tier>
    <tier id="TIE2" category="align" type="a" display-name="align">
      <event start="T0" end="T1">=L1</event>
      <event start="T11" end="T12">=L12</event>
    </tier>
    <tier id="TIE3" category="pos" type="a" display-name="pos">
      <event start="T0" end="T1">CONJ</event>
      <event start="T6" end="T11">PRONDEM</event>
      <event start="T11" end="T12">VCOP</event>
      <event start="T12" end="T8">P</event>
      <event start="T8" end="T13">PRONDEM</event>
      <event start="T13" end="T9">A</event>
      <event start="T9" end="T10">N</event>
    </tier>
    <tier id="TIE4" category="cat" type="a" display-name="cat">
      <event start="T6" end="T11">NP</event>
      <event start="T11" end="T12">VP</event>
      <event start="T12" end="T10">PP</event>
    </tier>
    <tier id="TIE10" category="clause-status" type="a" display-name="clause-status">
      <event start="T0" end="T10">CAUSAL</event>
    </tier>
    <tier id="TIE5" category="gf" type="a" display-name="gf">
      <event start="T6" end="T11">SUBJ</event>
      <event start="T11" end="T12">VFIN</event>
      <event start="T12" end="T10">PRDNOM</event>
    </tier>
    <tier id="TIE6" category="syl_no" type="a" display-name="syl_no">
      <event start="T0" end="T1">2</event>
      <event start="T6" end="T11">1</event>
      <event start="T11" end="T12">1</event>
      <event start="T12" end="T10">8</event>
    </tier>
    <tier id="TIE7" category="givenness" type="a" display-name="givenness">
      <event start="T8" end="T10">ACC</event>
    </tier>
    <tier id="TIE8" category="top-comm" type="a" display-name="top-comm"/>
    <tier id="TIE13" category="aboutness" type="a" display-name="aboutness"/>
    <tier id="TIE14" category="position" type="a" display-name="position">
      <event start="T2" end="T6">LD</event>
      <event start="T6" end="T11">GV</event>
    </tier>
    <tier id="TIE15" category="topic-marker" type="a" display-name="topic-marker"/>
    <tier id="TIE16" category="definiteness" type="a" display-name="definiteness">
      <event start="T8" end="T10">DEF</event>
    </tier>
    <tier id="TIE9" category="foc-bg" type="a" display-name="foc-bg">
      <event start="T11" end="T10">NIF</event>
    </tier>
    <tier id="TIE17" category="foc-marker" type="a" display-name="foc-marker"/>
    <tier id="TIE18" category="context" type="a" display-name="context"/>
    <tier id="TIE11" category="comment" type="a" display-name="comment"/>
    <tier id="TIE12" category="bibl" type="d" display-name="bibl">
      <event start="T0" end="T7">T 34, 20 Alpha Mt 1</event>
    </tier>
  </basic-body>
</basic-transcription>
