<?xml version="1.0" encoding="UTF-8"?>
<!-- (c) http://www.rrz.uni-hamburg.de/exmaralda -->
<basic-transcription>
  <head>
    <meta-information>
      <project-name/>
      <transcription-name/>
      <referenced-file url=""/>
      <ud-meta-information>
        <ud-information attribute-name="corpus-code">T</ud-information>
        <ud-information attribute-name="page">037</ud-information>
        <ud-information attribute-name="line">08</ud-information>
        <ud-information attribute-name="writer">alpha</ud-information>
      </ud-meta-information>
      <comment/>
      <transcription-convention/>
    </meta-information>
    <speakertable>
      <speaker id="SPK0">
        <abbreviation>X</abbreviation>
        <sex value="m"/>
        <languages-used/>
        <l1/>
        <l2/>
        <ud-speaker-information>
</ud-speaker-information>
        <comment/>
      </speaker>
    </speakertable>
  </head>
  <basic-body>
    <common-timeline>
      <tli id="T0"/>
      <tli id="T8"/>
      <tli id="T1"/>
      <tli id="T2"/>
      <tli id="T3"/>
      <tli id="T4"/>
      <tli id="T5"/>
      <tli id="T6"/>
      <tli id="T7"/>
    </common-timeline>
    <tier id="TIE0" category="LAT" type="a" display-name="LAT">
      <event start="T0" end="T8">Et postquam consumati sunt/ dies octo ...</event>
      <event start="T8" end="T1">uocatum</event>
      <event start="T2" end="T3">est</event>
      <event start="T3" end="T4">nomen</event>
      <event start="T4" end="T5">eius</event>
      <event start="T5" end="T6">ihesus</event>
      <event start="T6" end="T7"/>
    </tier>
    <tier id="TIE1" category="words" type="t" display-name="ahd">
      <event start="T0" end="T8">After thiu thô argangagna uuarun/ ahto taga ...</event>
      <event start="T8" end="T1">uuard</event>
      <event start="T1" end="T2">Imo</event>
      <event start="T2" end="T3">ginennit</event>
      <event start="T3" end="T4">namo</event>
      <event start="T4" end="T5"/>
      <event start="T5" end="T6">heilant</event>
      <event start="T6" end="T7"/>
    </tier>
    <tier id="TIE2" category="align" type="a" display-name="align">
      <event start="T8" end="T1">=L3</event>
      <event start="T1" end="T2">=L5</event>
      <event start="T2" end="T3">=L1</event>
    </tier>
    <tier id="TIE3" category="pos" type="a" display-name="pos">
      <event start="T8" end="T1">VAUX</event>
      <event start="T1" end="T2">PRONPRS</event>
      <event start="T2" end="T3">VN</event>
      <event start="T3" end="T4">N</event>
      <event start="T5" end="T6">N</event>
    </tier>
    <tier id="TIE4" category="cat" type="a" display-name="cat">
      <event start="T0" end="T8">CP</event>
      <event start="T8" end="T1">VP</event>
      <event start="T1" end="T2">NP</event>
      <event start="T2" end="T3">VP</event>
      <event start="T3" end="T4">NP</event>
      <event start="T5" end="T6">NP</event>
    </tier>
    <tier id="TIE10" category="clause-status" type="a" display-name="clause-status">
      <event start="T0" end="T6">MAINDECL</event>
    </tier>
    <tier id="TIE5" category="gf" type="a" display-name="gf">
      <event start="T0" end="T8">ADVTEMP</event>
      <event start="T8" end="T1">VFIN</event>
      <event start="T1" end="T2">IO</event>
      <event start="T2" end="T3">PARTPF</event>
      <event start="T3" end="T4">SUBJ</event>
      <event start="T5" end="T6">PRDNOM</event>
    </tier>
    <tier id="TIE6" category="syl_no" type="a" display-name="syl_no">
      <event start="T0" end="T8">21</event>
      <event start="T8" end="T1">1</event>
      <event start="T1" end="T2">2</event>
      <event start="T2" end="T3">3</event>
      <event start="T3" end="T4">2</event>
      <event start="T5" end="T6">2</event>
    </tier>
    <tier id="TIE7" category="givenness" type="a" display-name="givenness">
      <event start="T1" end="T2">GIV</event>
      <event start="T3" end="T4">GIV</event>
    </tier>
    <tier id="TIE8" category="top-comm" type="a" display-name="top-comm"/>
    <tier id="TIE13" category="aboutness" type="a" display-name="aboutness">
      <event start="T0" end="T8">FRAME</event>
      <event start="T1" end="T2">AB</event>
      <event start="T3" end="T4"/>
    </tier>
    <tier id="TIE14" category="position" type="a" display-name="position">
      <event start="T0" end="T8"/>
    </tier>
    <tier id="TIE15" category="topic-marker" type="a" display-name="topic-marker"/>
    <tier id="TIE16" category="definiteness" type="a" display-name="definiteness">
      <event start="T1" end="T2">DEF</event>
      <event start="T3" end="T4">DEF</event>
    </tier>
    <tier id="TIE9" category="foc-bg" type="a" display-name="foc-bg">
      <event start="T8" end="T6">NIF</event>
    </tier>
    <tier id="TIE17" category="foc-marker" type="a" display-name="foc-marker"/>
    <tier id="TIE18" category="context" type="a" display-name="context"/>
    <tier id="TIE11" category="comment" type="a" display-name="comment">
      <event start="T0" end="T6">V2 nach vorangestelltem Temporalsatz</event>
    </tier>
    <tier id="TIE12" category="bibl" type="d" display-name="bibl">
      <event start="T0" end="T6">T 37, 8 Alpha Lc 2</event>
    </tier>
  </basic-body>
</basic-transcription>
