<?xml version="1.0" encoding="UTF-8"?>
<!-- (c) http://www.rrz.uni-hamburg.de/exmaralda -->
<basic-transcription>
  <head>
    <meta-information>
      <project-name/>
      <transcription-name/>
      <referenced-file url=""/>
      <ud-meta-information>
        <ud-information attribute-name="corpus-code">T</ud-information>
        <ud-information attribute-name="page">031</ud-information>
        <ud-information attribute-name="line">02</ud-information>
        <ud-information attribute-name="writer">alpha</ud-information>
      </ud-meta-information>
      <comment/>
      <transcription-convention/>
    </meta-information>
    <speakertable>
      <speaker id="SPK0">
        <abbreviation>X</abbreviation>
        <sex value="m"/>
        <languages-used/>
        <l1/>
        <l2/>
        <ud-speaker-information>
</ud-speaker-information>
        <comment/>
      </speaker>
    </speakertable>
  </head>
  <basic-body>
    <common-timeline>
      <tli id="T0"/>
      <tli id="T1"/>
      <tli id="T9"/>
      <tli id="T8"/>
      <tli id="T2"/>
      <tli id="T3"/>
      <tli id="T4"/>
      <tli id="T5"/>
      <tli id="T6"/>
      <tli id="T7"/>
    </common-timeline>
    <tier id="TIE0" category="LAT" type="a" display-name="LAT">
      <event start="T0" end="T1">&amp;</event>
      <event start="T1" end="T9">factus</event>
      <event start="T9" end="T8">est</event>
      <event start="T2" end="T3">timor</event>
      <event start="T3" end="T4">super</event>
      <event start="T4" end="T5">omnes</event>
      <event start="T5" end="T6">uicinos</event>
      <event start="T6" end="T7">eorum</event>
    </tier>
    <tier id="TIE1" category="words" type="t" display-name="ahd">
      <event start="T0" end="T1"/>
      <event start="T1" end="T9"/>
      <event start="T9" end="T8">uuard</event>
      <event start="T8" end="T2">thô</event>
      <event start="T2" end="T3">forhta</event>
      <event start="T3" end="T4">ubar</event>
      <event start="T4" end="T5">alle</event>
      <event start="T5" end="T6">Iro</event>
      <event start="T6" end="T7">nahiston</event>
    </tier>
    <tier id="TIE2" category="align" type="a" display-name="align">
      <event start="T8" end="T2">=L0</event>
      <event start="T5" end="T6"/>
      <event start="T6" end="T7"/>
    </tier>
    <tier id="TIE3" category="pos" type="a" display-name="pos">
      <event start="T9" end="T8">V</event>
      <event start="T8" end="T2">ADV</event>
      <event start="T2" end="T3">N</event>
      <event start="T3" end="T4">P</event>
      <event start="T4" end="T5">PRONINDEF</event>
      <event start="T5" end="T6">PRONPOS</event>
      <event start="T6" end="T7">N</event>
    </tier>
    <tier id="TIE4" category="cat" type="a" display-name="cat">
      <event start="T9" end="T8">VP</event>
      <event start="T2" end="T3">NP</event>
      <event start="T3" end="T7">PP</event>
    </tier>
    <tier id="TIE10" category="clause-status" type="a" display-name="clause-status">
      <event start="T0" end="T9"/>
      <event start="T9" end="T7">MAINDECL</event>
    </tier>
    <tier id="TIE5" category="gf" type="a" display-name="gf">
      <event start="T9" end="T8">VFIN</event>
      <event start="T8" end="T2">ADVTEMP</event>
      <event start="T2" end="T3">SUBJ</event>
      <event start="T3" end="T7">PO</event>
    </tier>
    <tier id="TIE6" category="syl_no" type="a" display-name="syl_no">
      <event start="T9" end="T8">1</event>
      <event start="T8" end="T2">1</event>
      <event start="T2" end="T3">2</event>
      <event start="T3" end="T7">9</event>
    </tier>
    <tier id="TIE7" category="givenness" type="a" display-name="givenness">
      <event start="T4" end="T7">GIV</event>
    </tier>
    <tier id="TIE8" category="top-comm" type="a" display-name="top-comm"/>
    <tier id="TIE13" category="aboutness" type="a" display-name="aboutness">
      <event start="T5" end="T7"/>
    </tier>
    <tier id="TIE14" category="position" type="a" display-name="position">
      <event start="T5" end="T7"/>
    </tier>
    <tier id="TIE15" category="topic-marker" type="a" display-name="topic-marker"/>
    <tier id="TIE16" category="definiteness" type="a" display-name="definiteness">
      <event start="T4" end="T7">DEF</event>
    </tier>
    <tier id="TIE9" category="foc-bg" type="a" display-name="foc-bg">
      <event start="T1" end="T9"/>
      <event start="T9" end="T7">NIF</event>
    </tier>
    <tier id="TIE17" category="foc-marker" type="a" display-name="foc-marker"/>
    <tier id="TIE18" category="context" type="a" display-name="context">
      <event start="T0" end="T7">Eintritt eines neuen Zustands</event>
    </tier>
    <tier id="TIE11" category="comment" type="a" display-name="comment">
      <event start="T0" end="T7">V1 gegen das Original</event>
    </tier>
    <tier id="TIE12" category="bibl" type="d" display-name="bibl">
      <event start="T0" end="T7">T 31, 2 Alpha Lc1</event>
    </tier>
  </basic-body>
</basic-transcription>
