<?xml version="1.0" encoding="UTF-8"?>
<!-- (c) http://www.rrz.uni-hamburg.de/exmaralda -->
<basic-transcription>
  <head>
    <meta-information>
      <project-name/>
      <transcription-name/>
      <referenced-file url=""/>
      <ud-meta-information>
        <ud-information attribute-name="corpus-code">T</ud-information>
        <ud-information attribute-name="page">036</ud-information>
        <ud-information attribute-name="line">28-29</ud-information>
        <ud-information attribute-name="writer">alpha</ud-information>
      </ud-meta-information>
      <comment/>
      <transcription-convention/>
    </meta-information>
    <speakertable>
      <speaker id="SPK0">
        <abbreviation>X</abbreviation>
        <sex value="m"/>
        <languages-used/>
        <l1/>
        <l2/>
        <ud-speaker-information>
</ud-speaker-information>
        <comment/>
      </speaker>
    </speakertable>
  </head>
  <basic-body>
    <common-timeline>
      <tli id="T0"/>
      <tli id="T1"/>
      <tli id="T2"/>
      <tli id="T9"/>
      <tli id="T3"/>
      <tli id="T4"/>
      <tli id="T5"/>
      <tli id="T10"/>
      <tli id="T6"/>
      <tli id="T7"/>
      <tli id="T8"/>
    </common-timeline>
    <tier id="TIE0" category="LAT" type="a" display-name="LAT">
      <event start="T0" end="T1">&amp;</event>
      <event start="T1" end="T2">omnes</event>
      <event start="T2" end="T9">qui</event>
      <event start="T3" end="T4">/</event>
      <event start="T4" end="T5">audierunt</event>
      <event start="T5" end="T10">mirati</event>
      <event start="T6" end="T7">sunt</event>
      <event start="T7" end="T8"/>
    </tier>
    <tier id="TIE1" category="words" type="t" display-name="ahd">
      <event start="T0" end="T1">Inti</event>
      <event start="T1" end="T2">alle</event>
      <event start="T2" end="T9">thi</event>
      <event start="T9" end="T3">thaz</event>
      <event start="T3" end="T4">/</event>
      <event start="T4" end="T5">gihortun</event>
      <event start="T5" end="T10">uuarun</event>
      <event start="T10" end="T6">thaz</event>
      <event start="T6" end="T7">uuvontoronte</event>
      <event start="T7" end="T8"/>
    </tier>
    <tier id="TIE2" category="align" type="a" display-name="align">
      <event start="T5" end="T10">=L8</event>
      <event start="T6" end="T7">=L6</event>
    </tier>
    <tier id="TIE3" category="pos" type="a" display-name="pos">
      <event start="T0" end="T1">CONJ</event>
      <event start="T1" end="T2">PRONINDEF</event>
      <event start="T2" end="T9">PRONREL</event>
      <event start="T9" end="T3">PRONDEM</event>
      <event start="T4" end="T5">V</event>
      <event start="T5" end="T10">VCOP</event>
      <event start="T10" end="T6">PRONDEM</event>
      <event start="T6" end="T7">VN</event>
    </tier>
    <tier id="TIE4" category="cat" type="a" display-name="cat">
      <event start="T1" end="T2">NP</event>
      <event start="T2" end="T9">NP</event>
      <event start="T9" end="T3">NP</event>
      <event start="T4" end="T5">VP</event>
      <event start="T5" end="T10">VP</event>
      <event start="T10" end="T6">NP</event>
      <event start="T6" end="T7">NP</event>
    </tier>
    <tier id="TIE10" category="clause-status" type="a" display-name="clause-status">
      <event start="T0" end="T1"/>
      <event start="T1" end="T7">MAINDECL</event>
    </tier>
    <tier id="TIE5" category="gf" type="a" display-name="gf">
      <event start="T1" end="T5">SUBJ</event>
      <event start="T5" end="T10">VFIN</event>
      <event start="T10" end="T6">DO</event>
      <event start="T6" end="T7">PARTPF</event>
    </tier>
    <tier id="TIE6" category="syl_no" type="a" display-name="syl_no">
      <event start="T0" end="T1"/>
      <event start="T1" end="T2">2</event>
      <event start="T5" end="T10">2</event>
      <event start="T10" end="T6">1</event>
      <event start="T6" end="T7">4</event>
    </tier>
    <tier id="TIE7" category="givenness" type="a" display-name="givenness">
      <event start="T1" end="T2">ACC</event>
    </tier>
    <tier id="TIE8" category="top-comm" type="a" display-name="top-comm">
      <event start="T1" end="T2">TOP</event>
      <event start="T5" end="T7">COMM</event>
    </tier>
    <tier id="TIE13" category="aboutness" type="a" display-name="aboutness">
      <event start="T1" end="T2"/>
    </tier>
    <tier id="TIE14" category="position" type="a" display-name="position">
      <event start="T1" end="T2">LD</event>
    </tier>
    <tier id="TIE15" category="topic-marker" type="a" display-name="topic-marker"/>
    <tier id="TIE16" category="definiteness" type="a" display-name="definiteness">
      <event start="T1" end="T2">DEF</event>
    </tier>
    <tier id="TIE9" category="foc-bg" type="a" display-name="foc-bg">
      <event start="T5" end="T7">NIF</event>
    </tier>
    <tier id="TIE17" category="foc-marker" type="a" display-name="foc-marker"/>
    <tier id="TIE18" category="context" type="a" display-name="context"/>
    <tier id="TIE11" category="comment" type="a" display-name="comment">
      <event start="T0" end="T7">alle ist kontextuellerschließbar; Einfügung des DO und Umstellung von Part (FOC) und Vfin; Kopulativkonstruktion mit V2</event>
    </tier>
    <tier id="TIE12" category="bibl" type="d" display-name="bibl">
      <event start="T0" end="T7">T 36, 28-29 Alpha Lc 2</event>
    </tier>
  </basic-body>
</basic-transcription>
