<?xml version="1.0" encoding="UTF-8"?>
<!-- (c) http://www.rrz.uni-hamburg.de/exmaralda -->
<basic-transcription>
  <head>
    <meta-information>
      <project-name/>
      <transcription-name/>
      <referenced-file url=""/>
      <ud-meta-information>
        <ud-information attribute-name="corpus-code">T</ud-information>
        <ud-information attribute-name="page">038</ud-information>
        <ud-information attribute-name="line">05-06</ud-information>
        <ud-information attribute-name="writer">alpha</ud-information>
      </ud-meta-information>
      <comment/>
      <transcription-convention/>
    </meta-information>
    <speakertable>
      <speaker id="SPK0">
        <abbreviation>X</abbreviation>
        <sex value="m"/>
        <languages-used/>
        <l1/>
        <l2/>
        <ud-speaker-information>
</ud-speaker-information>
        <comment/>
      </speaker>
    </speakertable>
  </head>
  <basic-body>
    <common-timeline>
      <tli id="T0"/>
      <tli id="T1"/>
      <tli id="T8"/>
      <tli id="T9"/>
      <tli id="T2"/>
      <tli id="T3"/>
      <tli id="T4"/>
      <tli id="T5"/>
      <tli id="T6"/>
      <tli id="T7"/>
      <tli id="T10"/>
      <tli id="T11"/>
      <tli id="T12"/>
      <tli id="T13"/>
      <tli id="T14"/>
    </common-timeline>
    <tier id="TIE0" category="LAT" type="a" display-name="LAT">
      <event start="T0" end="T1">nunc</event>
      <event start="T1" end="T8">dimmitis</event>
      <event start="T2" end="T3">seruum</event>
      <event start="T3" end="T4">tuum</event>
      <event start="T4" end="T5">domine</event>
      <event start="T5" end="T6">.'</event>
      <event start="T6" end="T7">/</event>
      <event start="T7" end="T10">secundum</event>
      <event start="T10" end="T11">uerbum</event>
      <event start="T11" end="T12">tuum</event>
      <event start="T12" end="T13">In</event>
      <event start="T13" end="T14">pace</event>
    </tier>
    <tier id="TIE1" category="words" type="t" display-name="ahd">
      <event start="T0" end="T1">nu</event>
      <event start="T1" end="T8">forlaz</event>
      <event start="T8" end="T9">thu</event>
      <event start="T9" end="T2">truhtin</event>
      <event start="T2" end="T3">thinan</event>
      <event start="T3" end="T4">scalc</event>
      <event start="T4" end="T5"/>
      <event start="T5" end="T6">.'</event>
      <event start="T6" end="T7"/>
      <event start="T7" end="T10">after</event>
      <event start="T10" end="T11">thinen</event>
      <event start="T11" end="T12">uuortun</event>
      <event start="T12" end="T13">In</event>
      <event start="T13" end="T14">sibba</event>
    </tier>
    <tier id="TIE2" category="align" type="a" display-name="align">
      <event start="T8" end="T9"/>
      <event start="T9" end="T2">=L6</event>
      <event start="T2" end="T3">=L5</event>
      <event start="T3" end="T4">=L4</event>
      <event start="T10" end="T11"/>
      <event start="T11" end="T12"/>
    </tier>
    <tier id="TIE3" category="pos" type="a" display-name="pos">
      <event start="T0" end="T1">ADV</event>
      <event start="T1" end="T8">V</event>
      <event start="T8" end="T9">PRONPRS</event>
      <event start="T9" end="T2">N</event>
      <event start="T2" end="T3">PRONPOS</event>
      <event start="T3" end="T4">N</event>
      <event start="T7" end="T10">P</event>
      <event start="T10" end="T11">PRONPOS</event>
      <event start="T11" end="T12">N</event>
      <event start="T12" end="T13">P</event>
      <event start="T13" end="T14">N</event>
    </tier>
    <tier id="TIE4" category="cat" type="a" display-name="cat">
      <event start="T1" end="T8">VP</event>
      <event start="T8" end="T2">NP</event>
      <event start="T2" end="T4">NP</event>
      <event start="T7" end="T12">PP</event>
      <event start="T12" end="T14">PP</event>
    </tier>
    <tier id="TIE10" category="clause-status" type="a" display-name="clause-status">
      <event start="T0" end="T14">MAINIMPER</event>
    </tier>
    <tier id="TIE5" category="gf" type="a" display-name="gf">
      <event start="T1" end="T8">VFIN</event>
      <event start="T8" end="T2">SUBJ</event>
      <event start="T2" end="T4">DO</event>
      <event start="T7" end="T12">ADVMOD</event>
      <event start="T12" end="T14">ADVLOC</event>
    </tier>
    <tier id="TIE6" category="syl_no" type="a" display-name="syl_no">
      <event start="T0" end="T1">1</event>
      <event start="T1" end="T8">2</event>
      <event start="T8" end="T2">3</event>
      <event start="T2" end="T4">3</event>
      <event start="T7" end="T12">6</event>
      <event start="T12" end="T14">3</event>
    </tier>
    <tier id="TIE7" category="givenness" type="a" display-name="givenness"/>
    <tier id="TIE8" category="top-comm" type="a" display-name="top-comm"/>
    <tier id="TIE13" category="aboutness" type="a" display-name="aboutness"/>
    <tier id="TIE14" category="position" type="a" display-name="position"/>
    <tier id="TIE15" category="topic-marker" type="a" display-name="topic-marker"/>
    <tier id="TIE16" category="definiteness" type="a" display-name="definiteness"/>
    <tier id="TIE9" category="foc-bg" type="a" display-name="foc-bg"/>
    <tier id="TIE17" category="foc-marker" type="a" display-name="foc-marker"/>
    <tier id="TIE18" category="context" type="a" display-name="context"/>
    <tier id="TIE11" category="comment" type="a" display-name="comment">
      <event start="T0" end="T14">Imperativsatz, Subjektspronomen eingefügt, die Anrede wird vor das DO verlagert</event>
    </tier>
    <tier id="TIE12" category="bibl" type="d" display-name="bibl">
      <event start="T0" end="T14">T 38, 5-6 Alpha Lc 2</event>
    </tier>
  </basic-body>
</basic-transcription>
