<?xml version="1.0" encoding="UTF-8"?>
<!-- (c) http://www.rrz.uni-hamburg.de/exmaralda -->
<basic-transcription>
  <head>
    <meta-information>
      <project-name/>
      <transcription-name/>
      <referenced-file url=""/>
      <ud-meta-information>
        <ud-information attribute-name="corpus-code">T</ud-information>
        <ud-information attribute-name="page">030</ud-information>
        <ud-information attribute-name="line">32</ud-information>
        <ud-information attribute-name="writer">alpha</ud-information>
      </ud-meta-information>
      <comment/>
      <transcription-convention/>
    </meta-information>
    <speakertable>
      <speaker id="SPK0">
        <abbreviation>X</abbreviation>
        <sex value="m"/>
        <languages-used/>
        <l1/>
        <l2/>
        <ud-speaker-information>
</ud-speaker-information>
        <comment/>
      </speaker>
    </speakertable>
  </head>
  <basic-body>
    <common-timeline>
      <tli id="T0"/>
      <tli id="T1"/>
      <tli id="T2"/>
      <tli id="T3"/>
      <tli id="T4"/>
      <tli id="T5"/>
      <tli id="T6"/>
    </common-timeline>
    <tier id="TIE0" category="LAT" type="a" display-name="LAT">
      <event start="T0" end="T1">apertum</event>
      <event start="T1" end="T2">est</event>
      <event start="T2" end="T3">autem</event>
      <event start="T3" end="T4">ilico</event>
      <event start="T4" end="T5">ós</event>
      <event start="T5" end="T6">eius</event>
    </tier>
    <tier id="TIE1" category="words" type="t" display-name="ahd">
      <event start="T0" end="T1">gioffonota</event>
      <event start="T1" end="T2">sih</event>
      <event start="T2" end="T3">thô</event>
      <event start="T3" end="T4">sliumo</event>
      <event start="T4" end="T5">sîn</event>
      <event start="T5" end="T6">mund</event>
    </tier>
    <tier id="TIE2" category="align" type="a" display-name="align"/>
    <tier id="TIE3" category="pos" type="a" display-name="pos">
      <event start="T0" end="T1">V</event>
      <event start="T1" end="T2">PRONRFL</event>
      <event start="T2" end="T3">ADV</event>
      <event start="T3" end="T4">ADV</event>
      <event start="T4" end="T5">PRONPOS</event>
      <event start="T5" end="T6">N</event>
    </tier>
    <tier id="TIE4" category="cat" type="a" display-name="cat">
      <event start="T0" end="T2">VP</event>
      <event start="T2" end="T3">ADVP</event>
      <event start="T3" end="T4">ADVP</event>
      <event start="T4" end="T6">NP</event>
    </tier>
    <tier id="TIE10" category="clause-status" type="a" display-name="clause-status">
      <event start="T0" end="T6">MAINDECL</event>
    </tier>
    <tier id="TIE5" category="gf" type="a" display-name="gf">
      <event start="T0" end="T2">VFIN</event>
      <event start="T2" end="T3">ADVTEMP</event>
      <event start="T3" end="T4">ADVMOD</event>
      <event start="T4" end="T6">SUBJ</event>
    </tier>
    <tier id="TIE6" category="syl_no" type="a" display-name="syl_no">
      <event start="T0" end="T1">5</event>
      <event start="T1" end="T2">1</event>
      <event start="T2" end="T3">1</event>
      <event start="T3" end="T4">2</event>
      <event start="T4" end="T6">2</event>
    </tier>
    <tier id="TIE7" category="givenness" type="a" display-name="givenness">
      <event start="T4" end="T6">ACC</event>
    </tier>
    <tier id="TIE8" category="top-comm" type="a" display-name="top-comm"/>
    <tier id="TIE13" category="aboutness" type="a" display-name="aboutness">
      <event start="T4" end="T6"/>
    </tier>
    <tier id="TIE14" category="position" type="a" display-name="position"/>
    <tier id="TIE15" category="topic-marker" type="a" display-name="topic-marker"/>
    <tier id="TIE16" category="definiteness" type="a" display-name="definiteness">
      <event start="T4" end="T6">DEF</event>
    </tier>
    <tier id="TIE9" category="foc-bg" type="a" display-name="foc-bg">
      <event start="T0" end="T6">NIF</event>
    </tier>
    <tier id="TIE17" category="foc-marker" type="a" display-name="foc-marker"/>
    <tier id="TIE18" category="context" type="a" display-name="context">
      <event start="T0" end="T6">Eintritt eines neuen Zustands</event>
    </tier>
    <tier id="TIE11" category="comment" type="a" display-name="comment">
      <event start="T0" end="T6">V1 gegen das Original</event>
    </tier>
    <tier id="TIE12" category="bibl" type="d" display-name="bibl">
      <event start="T0" end="T6">T 30, 32 Alpha, Lc 1</event>
    </tier>
  </basic-body>
</basic-transcription>
