<?xml version="1.0" encoding="UTF-8"?>
<!-- (c) http://www.rrz.uni-hamburg.de/exmaralda -->
<basic-transcription>
  <head>
    <meta-information>
      <project-name/>
      <transcription-name/>
      <referenced-file url=""/>
      <ud-meta-information>
        <ud-information attribute-name="corpus-code">T</ud-information>
        <ud-information attribute-name="page">038</ud-information>
        <ud-information attribute-name="line">16-18</ud-information>
        <ud-information attribute-name="writer">alpha</ud-information>
      </ud-meta-information>
      <comment/>
      <transcription-convention/>
    </meta-information>
    <speakertable>
      <speaker id="SPK0">
        <abbreviation>X</abbreviation>
        <sex value="m"/>
        <languages-used/>
        <l1/>
        <l2/>
        <ud-speaker-information>
</ud-speaker-information>
        <comment/>
      </speaker>
    </speakertable>
  </head>
  <basic-body>
    <common-timeline>
      <tli id="T0"/>
      <tli id="T19"/>
      <tli id="T1"/>
      <tli id="T2"/>
      <tli id="T3"/>
      <tli id="T4"/>
      <tli id="T5"/>
      <tli id="T6"/>
      <tli id="T7"/>
      <tli id="T8"/>
      <tli id="T20"/>
      <tli id="T9"/>
      <tli id="T10"/>
      <tli id="T11"/>
      <tli id="T12"/>
      <tli id="T13"/>
      <tli id="T14"/>
      <tli id="T15"/>
      <tli id="T16"/>
      <tli id="T17"/>
      <tli id="T18"/>
    </common-timeline>
    <tier id="TIE0" category="LAT" type="a" display-name="LAT">
      <event start="T0" end="T19">ecce</event>
      <event start="T1" end="T2">positus</event>
      <event start="T2" end="T3">est</event>
      <event start="T3" end="T4">hic</event>
      <event start="T4" end="T5">In</event>
      <event start="T5" end="T6">ruinam</event>
      <event start="T6" end="T7">.'</event>
      <event start="T7" end="T8">/</event>
      <event start="T8" end="T20">&amp;</event>
      <event start="T9" end="T10">resurrectionem</event>
      <event start="T10" end="T11">multorum</event>
      <event start="T11" end="T12">In</event>
      <event start="T12" end="T13">israhel</event>
      <event start="T13" end="T14">.'</event>
      <event start="T14" end="T15">/</event>
      <event start="T15" end="T16">&amp;</event>
      <event start="T16" end="T17">in</event>
      <event start="T17" end="T18">signum</event>
    </tier>
    <tier id="TIE1" category="words" type="t" display-name="ahd">
      <event start="T0" end="T19">seno</event>
      <event start="T19" end="T1">nu</event>
      <event start="T1" end="T2">these</event>
      <event start="T2" end="T3">ist</event>
      <event start="T3" end="T4">gisezit</event>
      <event start="T4" end="T5">In</event>
      <event start="T5" end="T6">fal</event>
      <event start="T6" end="T7">.'</event>
      <event start="T7" end="T8">/</event>
      <event start="T8" end="T20">Inti</event>
      <event start="T20" end="T9">In</event>
      <event start="T9" end="T10">urresti</event>
      <event start="T10" end="T11">managero</event>
      <event start="T11" end="T12">In</event>
      <event start="T12" end="T13">israhel</event>
      <event start="T13" end="T14">.'</event>
      <event start="T14" end="T15">/</event>
      <event start="T15" end="T16">Inti</event>
      <event start="T16" end="T17">In</event>
      <event start="T17" end="T18">zeichan</event>
    </tier>
    <tier id="TIE2" category="align" type="a" display-name="align">
      <event start="T19" end="T1">=L0</event>
      <event start="T1" end="T2">=L4</event>
      <event start="T3" end="T4">=L2</event>
    </tier>
    <tier id="TIE3" category="pos" type="a" display-name="pos">
      <event start="T0" end="T1">ADV</event>
      <event start="T1" end="T2">PRONDEM</event>
      <event start="T2" end="T3">VAUX</event>
      <event start="T3" end="T4">VN</event>
      <event start="T4" end="T5">P</event>
      <event start="T5" end="T6">N</event>
      <event start="T8" end="T20">CONJ</event>
      <event start="T20" end="T9">P</event>
      <event start="T9" end="T10">N</event>
      <event start="T10" end="T11">N</event>
      <event start="T11" end="T12">P</event>
      <event start="T12" end="T13">N</event>
      <event start="T15" end="T16">CONJ</event>
      <event start="T16" end="T17">P</event>
      <event start="T17" end="T18">N</event>
    </tier>
    <tier id="TIE4" category="cat" type="a" display-name="cat">
      <event start="T1" end="T2">NP</event>
      <event start="T2" end="T4">VP</event>
      <event start="T4" end="T18">PP</event>
    </tier>
    <tier id="TIE10" category="clause-status" type="a" display-name="clause-status">
      <event start="T0" end="T18">MAINDECL</event>
    </tier>
    <tier id="TIE5" category="gf" type="a" display-name="gf">
      <event start="T1" end="T2">SUBJ</event>
      <event start="T2" end="T3">VFIN</event>
      <event start="T3" end="T4">PARTPF</event>
      <event start="T4" end="T18">PO</event>
    </tier>
    <tier id="TIE6" category="syl_no" type="a" display-name="syl_no">
      <event start="T0" end="T1">3</event>
      <event start="T1" end="T2">2</event>
      <event start="T2" end="T3">1</event>
      <event start="T3" end="T4">3</event>
      <event start="T4" end="T18">21</event>
    </tier>
    <tier id="TIE7" category="givenness" type="a" display-name="givenness">
      <event start="T1" end="T2">GIV</event>
    </tier>
    <tier id="TIE8" category="top-comm" type="a" display-name="top-comm">
      <event start="T1" end="T2">TOP</event>
      <event start="T2" end="T18">COMM</event>
    </tier>
    <tier id="TIE13" category="aboutness" type="a" display-name="aboutness">
      <event start="T1" end="T2">AB</event>
    </tier>
    <tier id="TIE14" category="position" type="a" display-name="position">
      <event start="T1" end="T2">GV</event>
    </tier>
    <tier id="TIE15" category="topic-marker" type="a" display-name="topic-marker"/>
    <tier id="TIE16" category="definiteness" type="a" display-name="definiteness">
      <event start="T1" end="T2">DEF</event>
    </tier>
    <tier id="TIE9" category="foc-bg" type="a" display-name="foc-bg">
      <event start="T2" end="T18">NIF</event>
    </tier>
    <tier id="TIE17" category="foc-marker" type="a" display-name="foc-marker"/>
    <tier id="TIE18" category="context" type="a" display-name="context"/>
    <tier id="TIE11" category="comment" type="a" display-name="comment">
      <event start="T0" end="T18">V2 gegen das Original; Kopulativkonstruktion</event>
    </tier>
    <tier id="TIE12" category="bibl" type="d" display-name="bibl">
      <event start="T0" end="T18">T 38, 16-18 Alpha Lc 2</event>
    </tier>
  </basic-body>
</basic-transcription>
