<?xml version="1.0" encoding="UTF-8"?>
<!-- (c) http://www.rrz.uni-hamburg.de/exmaralda -->
<basic-transcription>
  <head>
    <meta-information>
      <project-name/>
      <transcription-name/>
      <referenced-file url=""/>
      <ud-meta-information>
        <ud-information attribute-name="corpus-code">T</ud-information>
        <ud-information attribute-name="page">031</ud-information>
        <ud-information attribute-name="line">28-29</ud-information>
        <ud-information attribute-name="writer">alpha</ud-information>
      </ud-meta-information>
      <comment/>
      <transcription-convention/>
    </meta-information>
    <speakertable>
      <speaker id="SPK0">
        <abbreviation>X</abbreviation>
        <sex value="m"/>
        <languages-used/>
        <l1/>
        <l2/>
        <ud-speaker-information>
</ud-speaker-information>
        <comment/>
      </speaker>
    </speakertable>
  </head>
  <basic-body>
    <common-timeline>
      <tli id="T0"/>
      <tli id="T2"/>
      <tli id="T1"/>
      <tli id="T3"/>
      <tli id="T4"/>
      <tli id="T8"/>
      <tli id="T5"/>
      <tli id="T6"/>
      <tli id="T7"/>
      <tli id="T9"/>
      <tli id="T10"/>
    </common-timeline>
    <tier id="TIE0" category="LAT" type="a" display-name="LAT">
      <event start="T0" end="T2">&amp;</event>
      <event start="T2" end="T1">tú</event>
      <event start="T1" end="T3">puer</event>
      <event start="T3" end="T4">proph&amp;a</event>
      <event start="T8" end="T5">altissimi</event>
      <event start="T5" end="T6">/</event>
      <event start="T6" end="T7">uocaueris</event>
    </tier>
    <tier id="TIE1" category="words" type="t" display-name="ahd">
      <event start="T0" end="T2"/>
      <event start="T2" end="T1">thû</event>
      <event start="T1" end="T3">kneht</event>
      <event start="T3" end="T4">uuizago</event>
      <event start="T4" end="T8">thes</event>
      <event start="T8" end="T5">hohisten</event>
      <event start="T5" end="T6">/</event>
      <event start="T6" end="T7">bis</event>
      <event start="T7" end="T9">thû</event>
      <event start="T9" end="T10">ginemnit</event>
    </tier>
    <tier id="TIE2" category="align" type="a" display-name="align">
      <event start="T9" end="T10">=L7</event>
    </tier>
    <tier id="TIE3" category="pos" type="a" display-name="pos">
      <event start="T2" end="T1">PRONPRS</event>
      <event start="T1" end="T3">N</event>
      <event start="T3" end="T4">N</event>
      <event start="T4" end="T8">PRONDEM</event>
      <event start="T8" end="T5">N</event>
      <event start="T6" end="T7">VAUX</event>
      <event start="T7" end="T9">PRONPRS</event>
      <event start="T9" end="T10">VN</event>
    </tier>
    <tier id="TIE4" category="cat" type="a" display-name="cat">
      <event start="T2" end="T3">NP</event>
      <event start="T3" end="T5">NP</event>
      <event start="T6" end="T7">VP</event>
      <event start="T7" end="T9">NP</event>
      <event start="T9" end="T10">VP</event>
    </tier>
    <tier id="TIE10" category="clause-status" type="a" display-name="clause-status">
      <event start="T0" end="T2"/>
      <event start="T2" end="T10">MAINDECL</event>
    </tier>
    <tier id="TIE5" category="gf" type="a" display-name="gf">
      <event start="T2" end="T3">VOC</event>
      <event start="T3" end="T5">PRDNOM</event>
      <event start="T6" end="T7">VFIN</event>
      <event start="T7" end="T9">SUBJ</event>
      <event start="T9" end="T10">PARTPF</event>
    </tier>
    <tier id="TIE6" category="syl_no" type="a" display-name="syl_no">
      <event start="T2" end="T3">2</event>
      <event start="T3" end="T5">7</event>
      <event start="T6" end="T7">1</event>
      <event start="T7" end="T9">1</event>
      <event start="T9" end="T10">3</event>
    </tier>
    <tier id="TIE7" category="givenness" type="a" display-name="givenness">
      <event start="T7" end="T9">GIV</event>
    </tier>
    <tier id="TIE8" category="top-comm" type="a" display-name="top-comm"/>
    <tier id="TIE13" category="aboutness" type="a" display-name="aboutness">
      <event start="T7" end="T9"/>
    </tier>
    <tier id="TIE14" category="position" type="a" display-name="position">
      <event start="T7" end="T9"/>
    </tier>
    <tier id="TIE15" category="topic-marker" type="a" display-name="topic-marker"/>
    <tier id="TIE16" category="definiteness" type="a" display-name="definiteness">
      <event start="T7" end="T9">DEF</event>
    </tier>
    <tier id="TIE9" category="foc-bg" type="a" display-name="foc-bg">
      <event start="T3" end="T5">NIF</event>
    </tier>
    <tier id="TIE17" category="foc-marker" type="a" display-name="foc-marker"/>
    <tier id="TIE18" category="context" type="a" display-name="context"/>
    <tier id="TIE11" category="comment" type="a" display-name="comment">
      <event start="T0" end="T10">eingefügtes Subjektspronomen; Passivauflösung, neue Info im Predikatsnomen vorangestellt</event>
    </tier>
    <tier id="TIE12" category="bibl" type="d" display-name="bibl">
      <event start="T0" end="T10">T 31, 28-29 Alpha Lc 1</event>
    </tier>
  </basic-body>
</basic-transcription>
