<?xml version="1.0" encoding="UTF-8"?>
<!-- (c) http://www.rrz.uni-hamburg.de/exmaralda -->
<basic-transcription>
  <head>
    <meta-information>
      <project-name/>
      <transcription-name/>
      <referenced-file url=""/>
      <ud-meta-information>
        <ud-information attribute-name="corpus-code">T</ud-information>
        <ud-information attribute-name="page">046</ud-information>
        <ud-information attribute-name="line">02-04</ud-information>
        <ud-information attribute-name="writer">alpha</ud-information>
      </ud-meta-information>
      <comment/>
      <transcription-convention/>
    </meta-information>
    <speakertable>
      <speaker id="SPK0">
        <abbreviation>X</abbreviation>
        <sex value="m"/>
        <languages-used/>
        <l1/>
        <l2/>
        <ud-speaker-information>
</ud-speaker-information>
        <comment/>
      </speaker>
    </speakertable>
  </head>
  <basic-body>
    <common-timeline>
      <tli id="T0"/>
      <tli id="T14"/>
      <tli id="T1"/>
      <tli id="T2"/>
      <tli id="T3"/>
      <tli id="T15"/>
      <tli id="T4"/>
      <tli id="T5"/>
      <tli id="T6"/>
      <tli id="T7"/>
      <tli id="T8"/>
      <tli id="T9"/>
      <tli id="T10"/>
      <tli id="T11"/>
      <tli id="T12"/>
      <tli id="T13"/>
    </common-timeline>
    <tier id="TIE0" category="LAT" type="a" display-name="LAT">
      <event start="T1" end="T2">Uidens</event>
      <event start="T2" end="T3">autem</event>
      <event start="T3" end="T15">multos</event>
      <event start="T4" end="T5">phariseorum</event>
      <event start="T5" end="T6">/</event>
      <event start="T6" end="T7">&amp;</event>
      <event start="T7" end="T8">sadduceorum</event>
      <event start="T8" end="T9">uinientes</event>
      <event start="T9" end="T10">/</event>
      <event start="T10" end="T11">ad</event>
      <event start="T11" end="T12">baptismum</event>
      <event start="T12" end="T13">suum</event>
    </tier>
    <tier id="TIE1" category="words" type="t" display-name="ahd">
      <event start="T0" end="T14">thô</event>
      <event start="T14" end="T1">her</event>
      <event start="T1" end="T2">gisah</event>
      <event start="T2" end="T3"/>
      <event start="T3" end="T15">manage</event>
      <event start="T15" end="T4">thero</event>
      <event start="T4" end="T5">pharisaeorum</event>
      <event start="T5" end="T6">/</event>
      <event start="T6" end="T7">Inti</event>
      <event start="T7" end="T8">sadducaeorum</event>
      <event start="T8" end="T9">quemente</event>
      <event start="T9" end="T10">/</event>
      <event start="T10" end="T11">zi</event>
      <event start="T11" end="T12">sínero</event>
      <event start="T12" end="T13">toufi</event>
    </tier>
    <tier id="TIE2" category="align" type="a" display-name="align">
      <event start="T0" end="T14">=L3</event>
    </tier>
    <tier id="TIE3" category="pos" type="a" display-name="pos">
      <event start="T0" end="T14">CONJ</event>
      <event start="T14" end="T1">PRONPRS</event>
      <event start="T1" end="T2">V</event>
      <event start="T3" end="T15">PRONINDEF</event>
      <event start="T15" end="T4">PRONDEM</event>
      <event start="T4" end="T5">N</event>
      <event start="T6" end="T7">CONJ</event>
      <event start="T7" end="T8">N</event>
      <event start="T8" end="T9">VN</event>
      <event start="T10" end="T11">P</event>
      <event start="T11" end="T12">PRONPOS</event>
      <event start="T12" end="T13">N</event>
    </tier>
    <tier id="TIE4" category="cat" type="a" display-name="cat">
      <event start="T14" end="T1">NP</event>
      <event start="T1" end="T2">VP</event>
      <event start="T3" end="T8">NP</event>
      <event start="T10" end="T13">PP</event>
    </tier>
    <tier id="TIE10" category="clause-status" type="a" display-name="clause-status">
      <event start="T0" end="T13">SUBTEMP</event>
    </tier>
    <tier id="TIE5" category="gf" type="a" display-name="gf">
      <event start="T14" end="T1">SUBJ</event>
      <event start="T1" end="T2">VFIN</event>
      <event start="T3" end="T13">DO</event>
    </tier>
    <tier id="TIE6" category="syl_no" type="a" display-name="syl_no">
      <event start="T0" end="T14">1</event>
      <event start="T14" end="T1">1</event>
      <event start="T1" end="T2">2</event>
      <event start="T3" end="T8">17</event>
      <event start="T8" end="T9">3</event>
      <event start="T10" end="T13">6</event>
    </tier>
    <tier id="TIE7" category="givenness" type="a" display-name="givenness">
      <event start="T14" end="T1">GIV</event>
      <event start="T3" end="T13">NEW</event>
    </tier>
    <tier id="TIE8" category="top-comm" type="a" display-name="top-comm"/>
    <tier id="TIE13" category="aboutness" type="a" display-name="aboutness"/>
    <tier id="TIE14" category="position" type="a" display-name="position"/>
    <tier id="TIE15" category="topic-marker" type="a" display-name="topic-marker"/>
    <tier id="TIE16" category="definiteness" type="a" display-name="definiteness">
      <event start="T14" end="T1">DEF</event>
      <event start="T4" end="T5">DEF</event>
      <event start="T7" end="T8">DEF</event>
      <event start="T12" end="T13">DEF</event>
    </tier>
    <tier id="TIE9" category="foc-bg" type="a" display-name="foc-bg">
      <event start="T3" end="T13">NIF</event>
    </tier>
    <tier id="TIE17" category="foc-marker" type="a" display-name="foc-marker"/>
    <tier id="TIE18" category="context" type="a" display-name="context"/>
    <tier id="TIE11" category="comment" type="a" display-name="comment">
      <event start="T0" end="T13">Partizipialkonstruktion in finiten Temporalsatz überführt, schwere NP und PP postfinit</event>
    </tier>
    <tier id="TIE12" category="bibl" type="d" display-name="bibl">
      <event start="T0" end="T13">T 46, 2-4 Alpha Mt 3+ Lc 3</event>
    </tier>
  </basic-body>
</basic-transcription>
