<?xml version="1.0" encoding="UTF-8"?>
<!-- (c) http://www.rrz.uni-hamburg.de/exmaralda -->
<basic-transcription>
  <head>
    <meta-information>
      <project-name/>
      <transcription-name/>
      <referenced-file url=""/>
      <ud-meta-information>
        <ud-information attribute-name="corpus-code">T</ud-information>
        <ud-information attribute-name="page">045</ud-information>
        <ud-information attribute-name="line">15</ud-information>
        <ud-information attribute-name="writer">alpha</ud-information>
      </ud-meta-information>
      <comment/>
      <transcription-convention/>
    </meta-information>
    <speakertable>
      <speaker id="SPK0">
        <abbreviation>X</abbreviation>
        <sex value="m"/>
        <languages-used/>
        <l1/>
        <l2/>
        <ud-speaker-information>
</ud-speaker-information>
        <comment/>
      </speaker>
    </speakertable>
  </head>
  <basic-body>
    <common-timeline>
      <tli id="T0"/>
      <tli id="T6"/>
      <tli id="T1"/>
      <tli id="T2"/>
      <tli id="T3"/>
      <tli id="T4"/>
      <tli id="T5"/>
    </common-timeline>
    <tier id="TIE0" category="LAT" type="a" display-name="LAT">
      <event start="T0" end="T6">quia</event>
      <event start="T1" end="T2">prior</event>
      <event start="T2" end="T3">mé</event>
      <event start="T3" end="T4">erat</event>
      <event start="T4" end="T5"/>
    </tier>
    <tier id="TIE1" category="words" type="t" display-name="ahd">
      <event start="T0" end="T6">uuanta</event>
      <event start="T6" end="T1">her</event>
      <event start="T1" end="T2">êr</event>
      <event start="T2" end="T3">mir</event>
      <event start="T3" end="T4">uuas</event>
      <event start="T4" end="T5"/>
    </tier>
    <tier id="TIE2" category="align" type="a" display-name="align"/>
    <tier id="TIE3" category="pos" type="a" display-name="pos">
      <event start="T0" end="T6">CONJ</event>
      <event start="T6" end="T1">PRONPRS</event>
      <event start="T1" end="T2">P</event>
      <event start="T2" end="T3">PRONDEM</event>
      <event start="T3" end="T4">VCOP</event>
    </tier>
    <tier id="TIE4" category="cat" type="a" display-name="cat">
      <event start="T6" end="T1">NP</event>
      <event start="T1" end="T3">PP</event>
      <event start="T3" end="T4">VP</event>
    </tier>
    <tier id="TIE10" category="clause-status" type="a" display-name="clause-status">
      <event start="T0" end="T4">CAUSAL</event>
    </tier>
    <tier id="TIE5" category="gf" type="a" display-name="gf">
      <event start="T6" end="T1">SUBJ</event>
      <event start="T1" end="T3">PRDNOM</event>
      <event start="T3" end="T4">VFIN</event>
    </tier>
    <tier id="TIE6" category="syl_no" type="a" display-name="syl_no">
      <event start="T0" end="T6">2</event>
      <event start="T6" end="T1">1</event>
      <event start="T1" end="T3">2</event>
      <event start="T3" end="T4">1</event>
    </tier>
    <tier id="TIE7" category="givenness" type="a" display-name="givenness">
      <event start="T6" end="T1">GIV</event>
      <event start="T2" end="T3">GIV</event>
    </tier>
    <tier id="TIE8" category="top-comm" type="a" display-name="top-comm"/>
    <tier id="TIE13" category="aboutness" type="a" display-name="aboutness">
      <event start="T6" end="T1"/>
      <event start="T2" end="T3"/>
    </tier>
    <tier id="TIE14" category="position" type="a" display-name="position">
      <event start="T6" end="T1"/>
      <event start="T2" end="T3"/>
    </tier>
    <tier id="TIE15" category="topic-marker" type="a" display-name="topic-marker"/>
    <tier id="TIE16" category="definiteness" type="a" display-name="definiteness">
      <event start="T6" end="T1">DEF</event>
      <event start="T2" end="T3">DEF</event>
    </tier>
    <tier id="TIE9" category="foc-bg" type="a" display-name="foc-bg"/>
    <tier id="TIE17" category="foc-marker" type="a" display-name="foc-marker"/>
    <tier id="TIE18" category="context" type="a" display-name="context"/>
    <tier id="TIE11" category="comment" type="a" display-name="comment">
      <event start="T0" end="T4">Subjektspronomen eingefügt; Vend im Kausalsatz bei Kopulativkonstruktion behalten</event>
    </tier>
    <tier id="TIE12" category="bibl" type="d" display-name="bibl">
      <event start="T0" end="T4">T 45, 15 Alpha Io 1</event>
    </tier>
  </basic-body>
</basic-transcription>
