<?xml version="1.0" encoding="UTF-8"?>
<!-- (c) http://www.rrz.uni-hamburg.de/exmaralda -->
<basic-transcription>
  <head>
    <meta-information>
      <project-name/>
      <transcription-name/>
      <referenced-file url=""/>
      <ud-meta-information>
        <ud-information attribute-name="corpus-code">T</ud-information>
        <ud-information attribute-name="page">049</ud-information>
        <ud-information attribute-name="line">21-22</ud-information>
        <ud-information attribute-name="writer">alpha</ud-information>
      </ud-meta-information>
      <comment/>
      <transcription-convention/>
    </meta-information>
    <speakertable>
      <speaker id="SPK0">
        <abbreviation>X</abbreviation>
        <sex value="m"/>
        <languages-used/>
        <l1/>
        <l2/>
        <ud-speaker-information>
</ud-speaker-information>
        <comment/>
      </speaker>
    </speakertable>
  </head>
  <basic-body>
    <common-timeline>
      <tli id="T0"/>
      <tli id="T1"/>
      <tli id="T10"/>
      <tli id="T2"/>
      <tli id="T3"/>
      <tli id="T4"/>
      <tli id="T5"/>
      <tli id="T6"/>
      <tli id="T7"/>
      <tli id="T8"/>
      <tli id="T9"/>
      <tli id="T11"/>
    </common-timeline>
    <tier id="TIE0" category="LAT" type="a" display-name="LAT">
      <event start="T0" end="T1">Tunc</event>
      <event start="T1" end="T2">ihesus</event>
      <event start="T2" end="T3">ductus</event>
      <event start="T3" end="T4">est</event>
      <event start="T4" end="T5">/</event>
      <event start="T5" end="T6">In</event>
      <event start="T6" end="T7">deserto</event>
      <event start="T7" end="T8">a</event>
      <event start="T8" end="T9"/>
      <event start="T9" end="T11">spiritu</event>
    </tier>
    <tier id="TIE1" category="words" type="t" display-name="ahd">
      <event start="T0" end="T1">thô</event>
      <event start="T1" end="T10">ther</event>
      <event start="T10" end="T2">heilant</event>
      <event start="T2" end="T3">uuas</event>
      <event start="T3" end="T4">gileitit</event>
      <event start="T4" end="T5">/</event>
      <event start="T5" end="T6">In</event>
      <event start="T6" end="T7">uuvostinna</event>
      <event start="T7" end="T8">fon</event>
      <event start="T8" end="T9">demo</event>
      <event start="T9" end="T11">geiste</event>
    </tier>
    <tier id="TIE2" category="align" type="a" display-name="align">
      <event start="T2" end="T3">=L4</event>
      <event start="T3" end="T4">=L3</event>
      <event start="T9" end="T11"/>
    </tier>
    <tier id="TIE3" category="pos" type="a" display-name="pos">
      <event start="T0" end="T1">ADV</event>
      <event start="T1" end="T10">PRONDEM</event>
      <event start="T10" end="T2">N</event>
      <event start="T2" end="T3">VAUX</event>
      <event start="T3" end="T4">VN</event>
      <event start="T5" end="T6">P</event>
      <event start="T6" end="T7">N</event>
      <event start="T7" end="T8">P</event>
      <event start="T8" end="T9">PRONDEM</event>
      <event start="T9" end="T11">N</event>
    </tier>
    <tier id="TIE4" category="cat" type="a" display-name="cat">
      <event start="T1" end="T2">NP</event>
      <event start="T2" end="T4">VP</event>
      <event start="T5" end="T7">PP</event>
      <event start="T7" end="T11">PP</event>
    </tier>
    <tier id="TIE10" category="clause-status" type="a" display-name="clause-status">
      <event start="T0" end="T11">MAINDECL</event>
    </tier>
    <tier id="TIE5" category="gf" type="a" display-name="gf">
      <event start="T1" end="T2">SUBJ</event>
      <event start="T2" end="T3">VFIN</event>
      <event start="T3" end="T4">PARTPF</event>
      <event start="T5" end="T7">DIR</event>
      <event start="T7" end="T11">PO</event>
    </tier>
    <tier id="TIE6" category="syl_no" type="a" display-name="syl_no">
      <event start="T0" end="T1">1</event>
      <event start="T1" end="T2">3</event>
      <event start="T2" end="T3">1</event>
      <event start="T3" end="T4">3</event>
      <event start="T5" end="T7">4</event>
      <event start="T7" end="T11">5</event>
    </tier>
    <tier id="TIE7" category="givenness" type="a" display-name="givenness">
      <event start="T1" end="T2">GIV</event>
    </tier>
    <tier id="TIE8" category="top-comm" type="a" display-name="top-comm"/>
    <tier id="TIE13" category="aboutness" type="a" display-name="aboutness">
      <event start="T1" end="T2">AB</event>
    </tier>
    <tier id="TIE14" category="position" type="a" display-name="position">
      <event start="T1" end="T2">GV</event>
    </tier>
    <tier id="TIE15" category="topic-marker" type="a" display-name="topic-marker"/>
    <tier id="TIE16" category="definiteness" type="a" display-name="definiteness">
      <event start="T1" end="T2">DEF</event>
    </tier>
    <tier id="TIE9" category="foc-bg" type="a" display-name="foc-bg">
      <event start="T2" end="T11">NIF</event>
    </tier>
    <tier id="TIE17" category="foc-marker" type="a" display-name="foc-marker"/>
    <tier id="TIE18" category="context" type="a" display-name="context">
      <event start="T0" end="T11">Situationswechsel (Beginn eines neuen Erzählabschnittes)</event>
    </tier>
    <tier id="TIE11" category="comment" type="a" display-name="comment">
      <event start="T0" end="T11">V3 im HS, Umstellung Vfin und Part</event>
    </tier>
    <tier id="TIE12" category="bibl" type="d" display-name="bibl">
      <event start="T0" end="T11">T 49, 21-22 Alpha Mt 4</event>
    </tier>
  </basic-body>
</basic-transcription>
