<?xml version="1.0" encoding="UTF-8"?>
<!-- (c) http://www.rrz.uni-hamburg.de/exmaralda -->
<basic-transcription>
  <head>
    <meta-information>
      <project-name/>
      <transcription-name/>
      <referenced-file url=""/>
      <ud-meta-information>
        <ud-information attribute-name="corpus-code">T</ud-information>
        <ud-information attribute-name="page">047</ud-information>
        <ud-information attribute-name="line">23</ud-information>
        <ud-information attribute-name="writer">alpha</ud-information>
      </ud-meta-information>
      <comment/>
      <transcription-convention/>
    </meta-information>
    <speakertable>
      <speaker id="SPK0">
        <abbreviation>X</abbreviation>
        <sex value="m"/>
        <languages-used/>
        <l1/>
        <l2/>
        <ud-speaker-information>
</ud-speaker-information>
        <comment/>
      </speaker>
    </speakertable>
  </head>
  <basic-body>
    <common-timeline>
      <tli id="T5"/>
      <tli id="T0"/>
      <tli id="T1"/>
      <tli id="T2"/>
      <tli id="T3"/>
      <tli id="T4"/>
    </common-timeline>
    <tier id="TIE0" category="LAT" type="a" display-name="LAT">
      <event start="T0" end="T1">erant</event>
      <event start="T1" end="T2">ex</event>
      <event start="T3" end="T4">pharisaeis</event>
    </tier>
    <tier id="TIE1" category="words" type="t" display-name="ahd">
      <event start="T5" end="T0">thie</event>
      <event start="T0" end="T1">uuarun</event>
      <event start="T1" end="T2">fon</event>
      <event start="T2" end="T3">then</event>
      <event start="T3" end="T4">pharisaeis</event>
    </tier>
    <tier id="TIE2" category="align" type="a" display-name="align"/>
    <tier id="TIE3" category="pos" type="a" display-name="pos">
      <event start="T5" end="T0">PRONDEM</event>
      <event start="T0" end="T1">VCOP</event>
      <event start="T1" end="T2">P</event>
      <event start="T2" end="T3">PRONDEM</event>
      <event start="T3" end="T4">N</event>
    </tier>
    <tier id="TIE4" category="cat" type="a" display-name="cat">
      <event start="T5" end="T0">NP</event>
      <event start="T0" end="T1">VP</event>
      <event start="T1" end="T4">PP</event>
    </tier>
    <tier id="TIE10" category="clause-status" type="a" display-name="clause-status">
      <event start="T5" end="T4">MAINDECL</event>
    </tier>
    <tier id="TIE5" category="gf" type="a" display-name="gf">
      <event start="T5" end="T0">SUBJ</event>
      <event start="T0" end="T1">VFIN</event>
      <event start="T1" end="T4">PO</event>
    </tier>
    <tier id="TIE6" category="syl_no" type="a" display-name="syl_no">
      <event start="T5" end="T0">1</event>
      <event start="T0" end="T1">2</event>
      <event start="T1" end="T4">6</event>
    </tier>
    <tier id="TIE7" category="givenness" type="a" display-name="givenness">
      <event start="T5" end="T0">GIV</event>
    </tier>
    <tier id="TIE8" category="top-comm" type="a" display-name="top-comm">
      <event start="T5" end="T0">TOP</event>
      <event start="T0" end="T4">COMM</event>
    </tier>
    <tier id="TIE13" category="aboutness" type="a" display-name="aboutness">
      <event start="T5" end="T0">AB</event>
    </tier>
    <tier id="TIE14" category="position" type="a" display-name="position">
      <event start="T5" end="T0">GV</event>
    </tier>
    <tier id="TIE15" category="topic-marker" type="a" display-name="topic-marker"/>
    <tier id="TIE16" category="definiteness" type="a" display-name="definiteness">
      <event start="T5" end="T0">DEF</event>
      <event start="T2" end="T4">DEF</event>
    </tier>
    <tier id="TIE9" category="foc-bg" type="a" display-name="foc-bg">
      <event start="T0" end="T4">NIF</event>
    </tier>
    <tier id="TIE17" category="foc-marker" type="a" display-name="foc-marker"/>
    <tier id="TIE18" category="context" type="a" display-name="context">
      <event start="T5" end="T4">AR</event>
    </tier>
    <tier id="TIE11" category="comment" type="a" display-name="comment">
      <event start="T5" end="T4">Topik nach vorangehendem RS</event>
    </tier>
    <tier id="TIE12" category="bibl" type="d" display-name="bibl">
      <event start="T5" end="T4">T 47, 23 Alpha Io 1</event>
    </tier>
  </basic-body>
</basic-transcription>
