<?xml version="1.0" encoding="UTF-8"?>
<!-- (c) http://www.rrz.uni-hamburg.de/exmaralda -->
<basic-transcription>
  <head>
    <meta-information>
      <project-name/>
      <transcription-name/>
      <referenced-file url=""/>
      <ud-meta-information>
        <ud-information attribute-name="corpus-code">T</ud-information>
        <ud-information attribute-name="page">043</ud-information>
        <ud-information attribute-name="line">24</ud-information>
        <ud-information attribute-name="writer">alpha</ud-information>
      </ud-meta-information>
      <comment/>
      <transcription-convention/>
    </meta-information>
    <speakertable>
      <speaker id="SPK0">
        <abbreviation>X</abbreviation>
        <sex value="m"/>
        <languages-used/>
        <l1/>
        <l2/>
        <ud-speaker-information>
</ud-speaker-information>
        <comment/>
      </speaker>
    </speakertable>
  </head>
  <basic-body>
    <common-timeline>
      <tli id="T0"/>
      <tli id="T1"/>
      <tli id="T2"/>
      <tli id="T3"/>
      <tli id="T4"/>
      <tli id="T5"/>
      <tli id="T6"/>
      <tli id="T7"/>
    </common-timeline>
    <tier id="TIE0" category="LAT" type="a" display-name="LAT">
      <event start="T4" end="T5">abilinae</event>
    </tier>
    <tier id="TIE1" category="words" type="t" display-name="ahd">
      <event start="T0" end="T1">In</event>
      <event start="T1" end="T2">thero</event>
      <event start="T2" end="T3">st&amp;ti</event>
      <event start="T3" end="T4">thiu</event>
      <event start="T4" end="T5">abilina</event>
      <event start="T5" end="T6">uuas</event>
      <event start="T6" end="T7">heizzan</event>
    </tier>
    <tier id="TIE2" category="align" type="a" display-name="align"/>
    <tier id="TIE3" category="pos" type="a" display-name="pos">
      <event start="T0" end="T1">P</event>
      <event start="T1" end="T2">PRONDEM</event>
      <event start="T2" end="T3">N</event>
      <event start="T3" end="T4">PRONREL</event>
      <event start="T4" end="T5">N</event>
      <event start="T5" end="T6">VCOP</event>
      <event start="T6" end="T7">VN</event>
    </tier>
    <tier id="TIE4" category="cat" type="a" display-name="cat">
      <event start="T0" end="T3">PP</event>
      <event start="T3" end="T4">NP</event>
      <event start="T4" end="T5">NP</event>
      <event start="T5" end="T7">VP</event>
    </tier>
    <tier id="TIE10" category="clause-status" type="a" display-name="clause-status">
      <event start="T3" end="T7">REL</event>
    </tier>
    <tier id="TIE5" category="gf" type="a" display-name="gf">
      <event start="T3" end="T4">SUBJ</event>
      <event start="T4" end="T5">PRDNOM</event>
      <event start="T5" end="T6">VFIN</event>
      <event start="T6" end="T7">PARTPF</event>
    </tier>
    <tier id="TIE6" category="syl_no" type="a" display-name="syl_no">
      <event start="T0" end="T3">5</event>
      <event start="T3" end="T4">1</event>
      <event start="T4" end="T5">4</event>
      <event start="T5" end="T6">1</event>
      <event start="T6" end="T7">2</event>
    </tier>
    <tier id="TIE7" category="givenness" type="a" display-name="givenness">
      <event start="T3" end="T4"/>
    </tier>
    <tier id="TIE8" category="top-comm" type="a" display-name="top-comm"/>
    <tier id="TIE13" category="aboutness" type="a" display-name="aboutness"/>
    <tier id="TIE14" category="position" type="a" display-name="position"/>
    <tier id="TIE15" category="topic-marker" type="a" display-name="topic-marker"/>
    <tier id="TIE16" category="definiteness" type="a" display-name="definiteness"/>
    <tier id="TIE9" category="foc-bg" type="a" display-name="foc-bg">
      <event start="T4" end="T7">NIF</event>
    </tier>
    <tier id="TIE17" category="foc-marker" type="a" display-name="foc-marker"/>
    <tier id="TIE18" category="context" type="a" display-name="context"/>
    <tier id="TIE11" category="comment" type="a" display-name="comment">
      <event start="T0" end="T7">selbständig konstruierter RS mit Kopulativkonstruktion</event>
    </tier>
    <tier id="TIE12" category="bibl" type="d" display-name="bibl">
      <event start="T0" end="T7">T 43, 24 Alpha Lc 3+Mt 3</event>
    </tier>
  </basic-body>
</basic-transcription>
