<?xml version="1.0" encoding="UTF-8"?>
<!-- (c) http://www.rrz.uni-hamburg.de/exmaralda -->
<basic-transcription>
  <head>
    <meta-information>
      <project-name/>
      <transcription-name/>
      <referenced-file url=""/>
      <ud-meta-information>
        <ud-information attribute-name="corpus-code">T</ud-information>
        <ud-information attribute-name="page">049</ud-information>
        <ud-information attribute-name="line">25-26</ud-information>
        <ud-information attribute-name="writer">alpha</ud-information>
      </ud-meta-information>
      <comment/>
      <transcription-convention/>
    </meta-information>
    <speakertable>
      <speaker id="SPK0">
        <abbreviation>X</abbreviation>
        <sex value="m"/>
        <languages-used/>
        <l1/>
        <l2/>
        <ud-speaker-information>
</ud-speaker-information>
        <comment/>
      </speaker>
    </speakertable>
  </head>
  <basic-body>
    <common-timeline>
      <tli id="T0"/>
      <tli id="T1"/>
      <tli id="T10"/>
      <tli id="T11"/>
      <tli id="T12"/>
      <tli id="T2"/>
      <tli id="T3"/>
      <tli id="T4"/>
      <tli id="T5"/>
      <tli id="T6"/>
      <tli id="T7"/>
      <tli id="T8"/>
      <tli id="T9"/>
    </common-timeline>
    <tier id="TIE0" category="LAT" type="a" display-name="LAT">
      <event start="T0" end="T1">Et</event>
      <event start="T1" end="T11">cum</event>
      <event start="T2" end="T3">ieiunass&amp;</event>
      <event start="T3" end="T4">/</event>
      <event start="T4" end="T5">quadraginta</event>
      <event start="T5" end="T6">diebus</event>
      <event start="T6" end="T7">&amp;</event>
      <event start="T7" end="T8">xl</event>
      <event start="T8" end="T9">noctibus</event>
    </tier>
    <tier id="TIE1" category="words" type="t" display-name="ahd">
      <event start="T0" end="T1">Inti</event>
      <event start="T1" end="T10">mit</event>
      <event start="T10" end="T11">thiu</event>
      <event start="T11" end="T12">her</event>
      <event start="T12" end="T2">thô</event>
      <event start="T2" end="T3">fast&amp;a</event>
      <event start="T3" end="T4">/</event>
      <event start="T4" end="T5">fiorzug</event>
      <event start="T5" end="T6">tago</event>
      <event start="T6" end="T7">Inti</event>
      <event start="T7" end="T8">fiorzug</event>
      <event start="T8" end="T9">nahto</event>
    </tier>
    <tier id="TIE2" category="align" type="a" display-name="align"/>
    <tier id="TIE3" category="pos" type="a" display-name="pos">
      <event start="T0" end="T1">CONJ</event>
      <event start="T1" end="T11">CONJ</event>
      <event start="T11" end="T12">PRONPRS</event>
      <event start="T12" end="T2">ADV</event>
      <event start="T2" end="T3">V</event>
      <event start="T4" end="T5">NUM</event>
      <event start="T5" end="T6">N</event>
      <event start="T6" end="T7">CONJ</event>
      <event start="T7" end="T8">NUM</event>
      <event start="T8" end="T9">N</event>
    </tier>
    <tier id="TIE4" category="cat" type="a" display-name="cat">
      <event start="T11" end="T12">NP</event>
      <event start="T2" end="T3">VP</event>
      <event start="T4" end="T9">NP</event>
    </tier>
    <tier id="TIE10" category="clause-status" type="a" display-name="clause-status">
      <event start="T0" end="T9">SUBTEMP</event>
    </tier>
    <tier id="TIE5" category="gf" type="a" display-name="gf">
      <event start="T11" end="T12">SUBJ</event>
      <event start="T12" end="T2">ADVTEMP</event>
      <event start="T2" end="T3">VFIN</event>
      <event start="T4" end="T9">ADVTEMP</event>
    </tier>
    <tier id="TIE6" category="syl_no" type="a" display-name="syl_no">
      <event start="T0" end="T1">1</event>
      <event start="T1" end="T11">2</event>
      <event start="T11" end="T12">1</event>
      <event start="T12" end="T2">1</event>
      <event start="T2" end="T3">3</event>
      <event start="T4" end="T9">10</event>
    </tier>
    <tier id="TIE7" category="givenness" type="a" display-name="givenness">
      <event start="T11" end="T12">GIV</event>
    </tier>
    <tier id="TIE8" category="top-comm" type="a" display-name="top-comm"/>
    <tier id="TIE13" category="aboutness" type="a" display-name="aboutness">
      <event start="T11" end="T12"/>
    </tier>
    <tier id="TIE14" category="position" type="a" display-name="position">
      <event start="T11" end="T12"/>
    </tier>
    <tier id="TIE15" category="topic-marker" type="a" display-name="topic-marker"/>
    <tier id="TIE16" category="definiteness" type="a" display-name="definiteness">
      <event start="T11" end="T12">DEF</event>
    </tier>
    <tier id="TIE9" category="foc-bg" type="a" display-name="foc-bg"/>
    <tier id="TIE17" category="foc-marker" type="a" display-name="foc-marker"/>
    <tier id="TIE18" category="context" type="a" display-name="context">
      <event start="T0" end="T9">AR</event>
    </tier>
    <tier id="TIE11" category="comment" type="a" display-name="comment">
      <event start="T0" end="T9">Subjektspronomen eingefügt ; satzinternes tho</event>
    </tier>
    <tier id="TIE12" category="bibl" type="d" display-name="bibl">
      <event start="T0" end="T9">T 49, 25-26 Alpha Mt 4</event>
    </tier>
  </basic-body>
</basic-transcription>
