<?xml version="1.0" encoding="UTF-8"?>
<!-- (c) http://www.rrz.uni-hamburg.de/exmaralda -->
<basic-transcription>
  <head>
    <meta-information>
      <project-name/>
      <transcription-name/>
      <referenced-file url=""/>
      <ud-meta-information>
        <ud-information attribute-name="corpus-code">T</ud-information>
        <ud-information attribute-name="page">046</ud-information>
        <ud-information attribute-name="line">27-28</ud-information>
        <ud-information attribute-name="writer">alpha</ud-information>
      </ud-meta-information>
      <comment/>
      <transcription-convention/>
    </meta-information>
    <speakertable>
      <speaker id="SPK0">
        <abbreviation>X</abbreviation>
        <sex value="m"/>
        <languages-used/>
        <l1/>
        <l2/>
        <ud-speaker-information>
</ud-speaker-information>
        <comment/>
      </speaker>
    </speakertable>
  </head>
  <basic-body>
    <common-timeline>
      <tli id="T0"/>
      <tli id="T3"/>
      <tli id="T1"/>
      <tli id="T2"/>
      <tli id="T4"/>
      <tli id="T5"/>
      <tli id="T6"/>
      <tli id="T7"/>
      <tli id="T8"/>
      <tli id="T9"/>
      <tli id="T11"/>
    </common-timeline>
    <tier id="TIE0" category="LAT" type="a" display-name="LAT">
      <event start="T0" end="T3">nihil</event>
      <event start="T3" end="T1">amplius</event>
      <event start="T1" end="T2">/</event>
      <event start="T2" end="T4">quam</event>
      <event start="T5" end="T6">constitutus </event>
      <event start="T6" end="T7">est</event>
      <event start="T7" end="T8">uobis</event>
      <event start="T8" end="T9">faciatis</event>
    </tier>
    <tier id="TIE1" category="words" type="t" display-name="ahd">
      <event start="T0" end="T3">niouuiht</event>
      <event start="T3" end="T1">mer</event>
      <event start="T1" end="T2">/</event>
      <event start="T2" end="T4">thanne</event>
      <event start="T4" end="T5">íu</event>
      <event start="T5" end="T6">gisezzit</event>
      <event start="T6" end="T7">sí</event>
      <event start="T7" end="T8"/>
      <event start="T8" end="T9">tuot</event>
      <event start="T9" end="T11">Ir</event>
    </tier>
    <tier id="TIE2" category="align" type="a" display-name="align">
      <event start="T4" end="T5">=L7</event>
    </tier>
    <tier id="TIE3" category="pos" type="a" display-name="pos">
      <event start="T0" end="T3">PRONINDEF</event>
      <event start="T3" end="T1">ADV</event>
      <event start="T2" end="T4">P</event>
      <event start="T4" end="T5">PRONPRS</event>
      <event start="T5" end="T6">VN</event>
      <event start="T6" end="T7">V</event>
      <event start="T8" end="T9">V</event>
      <event start="T9" end="T11">PRONPRS</event>
    </tier>
    <tier id="TIE4" category="cat" type="a" display-name="cat">
      <event start="T4" end="T7">VP</event>
      <event start="T8" end="T9">VP</event>
      <event start="T9" end="T11">NP</event>
    </tier>
    <tier id="TIE10" category="clause-status" type="a" display-name="clause-status">
      <event start="T0" end="T11">MAINREQUEST</event>
    </tier>
    <tier id="TIE5" category="gf" type="a" display-name="gf">
      <event start="T0" end="T7">DO</event>
      <event start="T8" end="T9">VFIN</event>
      <event start="T9" end="T11">SUBJ</event>
    </tier>
    <tier id="TIE6" category="syl_no" type="a" display-name="syl_no">
      <event start="T0" end="T7">11</event>
      <event start="T8" end="T9">2</event>
      <event start="T9" end="T11">1</event>
    </tier>
    <tier id="TIE7" category="givenness" type="a" display-name="givenness">
      <event start="T9" end="T11">GIV</event>
    </tier>
    <tier id="TIE8" category="top-comm" type="a" display-name="top-comm"/>
    <tier id="TIE13" category="aboutness" type="a" display-name="aboutness"/>
    <tier id="TIE14" category="position" type="a" display-name="position"/>
    <tier id="TIE15" category="topic-marker" type="a" display-name="topic-marker"/>
    <tier id="TIE16" category="definiteness" type="a" display-name="definiteness">
      <event start="T9" end="T11">DEF</event>
    </tier>
    <tier id="TIE9" category="foc-bg" type="a" display-name="foc-bg">
      <event start="T0" end="T7">NIF</event>
    </tier>
    <tier id="TIE17" category="foc-marker" type="a" display-name="foc-marker"/>
    <tier id="TIE18" category="context" type="a" display-name="context">
      <event start="T0" end="T9">prefiniter Fokus</event>
    </tier>
    <tier id="TIE11" category="comment" type="a" display-name="comment">
      <event start="T0" end="T9">Su eingefügt; Preverbal steht die Information, die im vorangehenden Satz angefordert wurde; V2</event>
    </tier>
    <tier id="TIE12" category="bibl" type="d" display-name="bibl">
      <event start="T0" end="T9">T 46, 27-28 Alpha Lc 3</event>
    </tier>
  </basic-body>
</basic-transcription>
