<?xml version="1.0" encoding="UTF-8"?>
<!-- (c) http://www.rrz.uni-hamburg.de/exmaralda -->
<basic-transcription>
  <head>
    <meta-information>
      <project-name/>
      <transcription-name/>
      <referenced-file url=""/>
      <ud-meta-information>
        <ud-information attribute-name="corpus-code">T</ud-information>
        <ud-information attribute-name="page">049</ud-information>
        <ud-information attribute-name="line">09-11</ud-information>
        <ud-information attribute-name="writer">alpha</ud-information>
      </ud-meta-information>
      <comment/>
      <transcription-convention/>
    </meta-information>
    <speakertable>
      <speaker id="SPK0">
        <abbreviation>X</abbreviation>
        <sex value="m"/>
        <languages-used/>
        <l1/>
        <l2/>
        <ud-speaker-information>
</ud-speaker-information>
        <comment/>
      </speaker>
    </speakertable>
  </head>
  <basic-body>
    <common-timeline>
      <tli id="T11"/>
      <tli id="T1"/>
      <tli id="T2"/>
      <tli id="T3"/>
      <tli id="T4"/>
      <tli id="T12"/>
      <tli id="T5"/>
      <tli id="T6"/>
      <tli id="T7"/>
      <tli id="T8"/>
      <tli id="T9"/>
      <tli id="T10"/>
    </common-timeline>
    <tier id="TIE0" category="LAT" type="a" display-name="LAT">
      <event start="T1" end="T2">uidi</event>
      <event start="T2" end="T3">spiritum</event>
      <event start="T3" end="T4">/</event>
      <event start="T4" end="T5">descendentem</event>
      <event start="T5" end="T6">quasi</event>
      <event start="T6" end="T7">columbam</event>
      <event start="T7" end="T8">/</event>
      <event start="T8" end="T9">de</event>
      <event start="T9" end="T10">caelo</event>
    </tier>
    <tier id="TIE1" category="words" type="t" display-name="ahd">
      <event start="T11" end="T1">ih</event>
      <event start="T1" end="T2">gisah</event>
      <event start="T2" end="T3">geist</event>
      <event start="T3" end="T4">/</event>
      <event start="T4" end="T12">nidar</event>
      <event start="T12" end="T5">stigantan</event>
      <event start="T5" end="T6">samaso</event>
      <event start="T6" end="T7">tubun</event>
      <event start="T7" end="T8">/</event>
      <event start="T8" end="T9">fon</event>
      <event start="T9" end="T10">himile</event>
    </tier>
    <tier id="TIE2" category="align" type="a" display-name="align">
      <event start="T4" end="T12"/>
    </tier>
    <tier id="TIE3" category="pos" type="a" display-name="pos">
      <event start="T11" end="T1">PRONPRS</event>
      <event start="T1" end="T2">V</event>
      <event start="T2" end="T3">N</event>
      <event start="T4" end="T12">ADV</event>
      <event start="T12" end="T5">VN</event>
      <event start="T5" end="T6">CONJ</event>
      <event start="T6" end="T7">N</event>
      <event start="T8" end="T9">P</event>
      <event start="T9" end="T10">N</event>
    </tier>
    <tier id="TIE4" category="cat" type="a" display-name="cat">
      <event start="T11" end="T1">NP</event>
      <event start="T1" end="T2">VP</event>
      <event start="T2" end="T3">NP</event>
      <event start="T4" end="T5">VP</event>
      <event start="T6" end="T7">NP</event>
      <event start="T8" end="T10">PP</event>
    </tier>
    <tier id="TIE10" category="clause-status" type="a" display-name="clause-status">
      <event start="T11" end="T10">MAINDECL</event>
    </tier>
    <tier id="TIE5" category="gf" type="a" display-name="gf">
      <event start="T11" end="T1">SUBJ</event>
      <event start="T1" end="T2">VFIN</event>
      <event start="T2" end="T3">DO</event>
      <event start="T4" end="T5">ADVMOD</event>
      <event start="T5" end="T7">ADVMOD</event>
      <event start="T8" end="T10">PO</event>
    </tier>
    <tier id="TIE6" category="syl_no" type="a" display-name="syl_no">
      <event start="T11" end="T1">1</event>
      <event start="T1" end="T2">2</event>
      <event start="T2" end="T3">1</event>
      <event start="T4" end="T5">5</event>
      <event start="T5" end="T7">5</event>
      <event start="T8" end="T10">4</event>
    </tier>
    <tier id="TIE7" category="givenness" type="a" display-name="givenness">
      <event start="T11" end="T1">GIV</event>
      <event start="T2" end="T3">NEW</event>
    </tier>
    <tier id="TIE8" category="top-comm" type="a" display-name="top-comm">
      <event start="T11" end="T1">TOP</event>
      <event start="T1" end="T10">COMM</event>
    </tier>
    <tier id="TIE13" category="aboutness" type="a" display-name="aboutness">
      <event start="T11" end="T1"/>
      <event start="T2" end="T3"/>
    </tier>
    <tier id="TIE14" category="position" type="a" display-name="position">
      <event start="T11" end="T1">GV</event>
      <event start="T2" end="T3"/>
    </tier>
    <tier id="TIE15" category="topic-marker" type="a" display-name="topic-marker"/>
    <tier id="TIE16" category="definiteness" type="a" display-name="definiteness">
      <event start="T11" end="T1">DEF</event>
      <event start="T2" end="T3">INDEF</event>
    </tier>
    <tier id="TIE9" category="foc-bg" type="a" display-name="foc-bg">
      <event start="T1" end="T10">NIF</event>
    </tier>
    <tier id="TIE17" category="foc-marker" type="a" display-name="foc-marker"/>
    <tier id="TIE18" category="context" type="a" display-name="context">
      <event start="T11" end="T10">AR</event>
    </tier>
    <tier id="TIE11" category="comment" type="a" display-name="comment">
      <event start="T11" end="T10">Subjektspronomen eingefügt</event>
    </tier>
    <tier id="TIE12" category="bibl" type="d" display-name="bibl">
      <event start="T11" end="T10">T 49, 9-11 Alpha Io 1</event>
    </tier>
  </basic-body>
</basic-transcription>
