<?xml version="1.0" encoding="UTF-8"?>
<!-- (c) http://www.rrz.uni-hamburg.de/exmaralda -->
<basic-transcription>
  <head>
    <meta-information>
      <project-name/>
      <transcription-name/>
      <referenced-file url=""/>
      <ud-meta-information>
        <ud-information attribute-name="corpus-code">T</ud-information>
        <ud-information attribute-name="page">049</ud-information>
        <ud-information attribute-name="line">13-14</ud-information>
        <ud-information attribute-name="writer">alpha</ud-information>
      </ud-meta-information>
      <comment/>
      <transcription-convention/>
    </meta-information>
    <speakertable>
      <speaker id="SPK0">
        <abbreviation>X</abbreviation>
        <sex value="m"/>
        <languages-used/>
        <l1/>
        <l2/>
        <ud-speaker-information>
</ud-speaker-information>
        <comment/>
      </speaker>
    </speakertable>
  </head>
  <basic-body>
    <common-timeline>
      <tli id="T10"/>
      <tli id="T2"/>
      <tli id="T3"/>
      <tli id="T4"/>
      <tli id="T5"/>
      <tli id="T6"/>
      <tli id="T7"/>
      <tli id="T8"/>
    </common-timeline>
    <tier id="TIE0" category="LAT" type="a" display-name="LAT">
      <event start="T10" end="T2">qui</event>
      <event start="T2" end="T3">misit</event>
      <event start="T3" end="T4">mé</event>
      <event start="T4" end="T5">baptizare</event>
      <event start="T5" end="T6">/</event>
      <event start="T6" end="T7">In</event>
      <event start="T7" end="T8">aqua</event>
    </tier>
    <tier id="TIE1" category="words" type="t" display-name="ahd">
      <event start="T10" end="T2">ther thie</event>
      <event start="T2" end="T3">mih</event>
      <event start="T3" end="T4">santa</event>
      <event start="T4" end="T5">zitoufenne</event>
      <event start="T5" end="T6">/</event>
      <event start="T6" end="T7">In</event>
      <event start="T7" end="T8">uuazzare</event>
    </tier>
    <tier id="TIE2" category="align" type="a" display-name="align">
      <event start="T2" end="T3">=L2</event>
      <event start="T3" end="T4">=L1</event>
    </tier>
    <tier id="TIE3" category="pos" type="a" display-name="pos">
      <event start="T10" end="T2">PRONREL</event>
      <event start="T2" end="T3">PRONPRS</event>
      <event start="T3" end="T4">V</event>
      <event start="T4" end="T5">V</event>
      <event start="T6" end="T7">P</event>
      <event start="T7" end="T8">N</event>
    </tier>
    <tier id="TIE4" category="cat" type="a" display-name="cat">
      <event start="T10" end="T2">NP</event>
      <event start="T2" end="T3">NP</event>
      <event start="T3" end="T4">VP</event>
      <event start="T4" end="T5">VP</event>
      <event start="T6" end="T8">PP</event>
    </tier>
    <tier id="TIE10" category="clause-status" type="a" display-name="clause-status">
      <event start="T10" end="T8">REL</event>
    </tier>
    <tier id="TIE5" category="gf" type="a" display-name="gf">
      <event start="T10" end="T2">SUBJ</event>
      <event start="T2" end="T3">DO</event>
      <event start="T3" end="T4">VFIN</event>
      <event start="T4" end="T5">INF</event>
      <event start="T6" end="T8">ADVLOC</event>
    </tier>
    <tier id="TIE6" category="syl_no" type="a" display-name="syl_no">
      <event start="T10" end="T2">2</event>
      <event start="T2" end="T3">1</event>
      <event start="T3" end="T4">2</event>
      <event start="T4" end="T5">4</event>
      <event start="T6" end="T8">4</event>
    </tier>
    <tier id="TIE7" category="givenness" type="a" display-name="givenness">
      <event start="T2" end="T3">GIV</event>
    </tier>
    <tier id="TIE8" category="top-comm" type="a" display-name="top-comm"/>
    <tier id="TIE13" category="aboutness" type="a" display-name="aboutness"/>
    <tier id="TIE14" category="position" type="a" display-name="position">
      <event start="T2" end="T3"/>
    </tier>
    <tier id="TIE15" category="topic-marker" type="a" display-name="topic-marker"/>
    <tier id="TIE16" category="definiteness" type="a" display-name="definiteness">
      <event start="T2" end="T3">DEF</event>
    </tier>
    <tier id="TIE9" category="foc-bg" type="a" display-name="foc-bg"/>
    <tier id="TIE17" category="foc-marker" type="a" display-name="foc-marker"/>
    <tier id="TIE18" category="context" type="a" display-name="context"/>
    <tier id="TIE11" category="comment" type="a" display-name="comment"/>
    <tier id="TIE12" category="bibl" type="d" display-name="bibl">
      <event start="T10" end="T8">T 49, 13-14 Alpha</event>
    </tier>
  </basic-body>
</basic-transcription>
