<?xml version="1.0" encoding="UTF-8"?>
<!-- (c) http://www.rrz.uni-hamburg.de/exmaralda -->
<basic-transcription>
  <head>
    <meta-information>
      <project-name/>
      <transcription-name/>
      <referenced-file url=""/>
      <ud-meta-information>
        <ud-information attribute-name="corpus-code">T</ud-information>
        <ud-information attribute-name="page">057</ud-information>
        <ud-information attribute-name="line">27</ud-information>
        <ud-information attribute-name="writer">beta</ud-information>
      </ud-meta-information>
      <comment/>
      <transcription-convention/>
    </meta-information>
    <speakertable>
      <speaker id="SPK0">
        <abbreviation>X</abbreviation>
        <sex value="m"/>
        <languages-used/>
        <l1/>
        <l2/>
        <ud-speaker-information>
</ud-speaker-information>
        <comment/>
      </speaker>
    </speakertable>
  </head>
  <basic-body>
    <common-timeline>
      <tli id="T0"/>
      <tli id="T9"/>
      <tli id="T1"/>
      <tli id="T2"/>
      <tli id="T3"/>
      <tli id="T4"/>
      <tli id="T5"/>
      <tli id="T6"/>
      <tli id="T7"/>
      <tli id="T8"/>
    </common-timeline>
    <tier id="TIE0" category="LAT" type="a" display-name="LAT">
      <event start="T0" end="T9">Non</event>
      <event start="T1" end="T2">enim</event>
      <event start="T3" end="T4">ad</event>
      <event start="T4" end="T5">mensuram</event>
      <event start="T5" end="T6">dat</event>
      <event start="T6" end="T7">deus</event>
      <event start="T7" end="T8">spiritum</event>
    </tier>
    <tier id="TIE1" category="words" type="t" display-name="ahd">
      <event start="T0" end="T9">ni+</event>
      <event start="T9" end="T1">gibit</event>
      <event start="T1" end="T2"/>
      <event start="T2" end="T3">Imo</event>
      <event start="T3" end="T4">zi</event>
      <event start="T4" end="T5">mezze</event>
      <event start="T5" end="T6"/>
      <event start="T6" end="T7">got</event>
      <event start="T7" end="T8">geist</event>
    </tier>
    <tier id="TIE2" category="align" type="a" display-name="align">
      <event start="T9" end="T1">=L6</event>
    </tier>
    <tier id="TIE3" category="pos" type="a" display-name="pos">
      <event start="T0" end="T9">NEG</event>
      <event start="T9" end="T1">V</event>
      <event start="T2" end="T3">PRONPRS</event>
      <event start="T3" end="T5">ADV</event>
      <event start="T6" end="T7">N</event>
      <event start="T7" end="T8">N</event>
    </tier>
    <tier id="TIE4" category="cat" type="a" display-name="cat">
      <event start="T0" end="T1">VP</event>
      <event start="T2" end="T3">NP</event>
      <event start="T6" end="T7">NP</event>
      <event start="T7" end="T8">NP</event>
    </tier>
    <tier id="TIE10" category="clause-status" type="a" display-name="clause-status">
      <event start="T0" end="T8">MAINDECL</event>
    </tier>
    <tier id="TIE5" category="gf" type="a" display-name="gf">
      <event start="T9" end="T1">VFIN</event>
      <event start="T2" end="T3">IO</event>
      <event start="T3" end="T5">ADVMOD</event>
      <event start="T6" end="T7">SUBJ</event>
      <event start="T7" end="T8">DO</event>
    </tier>
    <tier id="TIE6" category="syl_no" type="a" display-name="syl_no">
      <event start="T0" end="T1">3</event>
      <event start="T2" end="T3">2</event>
      <event start="T3" end="T5">3</event>
      <event start="T6" end="T7">1</event>
      <event start="T7" end="T8">1</event>
    </tier>
    <tier id="TIE7" category="givenness" type="a" display-name="givenness">
      <event start="T2" end="T3">GIV</event>
    </tier>
    <tier id="TIE8" category="top-comm" type="a" display-name="top-comm"/>
    <tier id="TIE13" category="aboutness" type="a" display-name="aboutness"/>
    <tier id="TIE14" category="position" type="a" display-name="position"/>
    <tier id="TIE15" category="topic-marker" type="a" display-name="topic-marker"/>
    <tier id="TIE16" category="definiteness" type="a" display-name="definiteness">
      <event start="T2" end="T3">DEF</event>
    </tier>
    <tier id="TIE9" category="foc-bg" type="a" display-name="foc-bg">
      <event start="T0" end="T1">NIF</event>
      <event start="T3" end="T8">NIF</event>
    </tier>
    <tier id="TIE17" category="foc-marker" type="a" display-name="foc-marker"/>
    <tier id="TIE18" category="context" type="a" display-name="context">
      <event start="T0" end="T8">AR</event>
    </tier>
    <tier id="TIE11" category="comment" type="a" display-name="comment">
      <event start="T0" end="T8">V1 gegen Original; discontinuous nifus</event>
    </tier>
    <tier id="TIE12" category="bibl" type="d" display-name="bibl">
      <event start="T0" end="T8">T 57, 27 Beta Io 3</event>
    </tier>
  </basic-body>
</basic-transcription>
