<?xml version="1.0" encoding="UTF-8"?>
<!-- (c) http://www.rrz.uni-hamburg.de/exmaralda -->
<basic-transcription>
  <head>
    <meta-information>
      <project-name/>
      <transcription-name/>
      <referenced-file url=""/>
      <ud-meta-information>
        <ud-information attribute-name="corpus-code">T</ud-information>
        <ud-information attribute-name="page">055</ud-information>
        <ud-information attribute-name="line">20</ud-information>
        <ud-information attribute-name="writer">beta</ud-information>
      </ud-meta-information>
      <comment/>
      <transcription-convention/>
    </meta-information>
    <speakertable>
      <speaker id="SPK0">
        <abbreviation>X</abbreviation>
        <sex value="m"/>
        <languages-used/>
        <l1/>
        <l2/>
        <ud-speaker-information>
</ud-speaker-information>
        <comment/>
      </speaker>
    </speakertable>
  </head>
  <basic-body>
    <common-timeline>
      <tli id="T0"/>
      <tli id="T1"/>
      <tli id="T2"/>
      <tli id="T3"/>
      <tli id="T4"/>
      <tli id="T5"/>
      <tli id="T6"/>
      <tli id="T7"/>
      <tli id="T8"/>
    </common-timeline>
    <tier id="TIE0" category="LAT" type="a" display-name="LAT">
      <event start="T0" end="T1">in</event>
      <event start="T1" end="T2">uerbo</event>
      <event start="T2" end="T3">autem</event>
      <event start="T3" end="T4">tuo</event>
      <event start="T4" end="T5">laxabo</event>
      <event start="T7" end="T8">r&amp;e</event>
    </tier>
    <tier id="TIE1" category="words" type="t" display-name="ahd">
      <event start="T0" end="T1">in</event>
      <event start="T1" end="T2">thinemo</event>
      <event start="T2" end="T3"/>
      <event start="T3" end="T4">uuorte</event>
      <event start="T4" end="T5">ínlazu</event>
      <event start="T5" end="T6">ih</event>
      <event start="T6" end="T7">thaz</event>
      <event start="T7" end="T8">nezzi</event>
    </tier>
    <tier id="TIE2" category="align" type="a" display-name="align">
      <event start="T1" end="T2">=L3</event>
      <event start="T3" end="T4">=L1</event>
    </tier>
    <tier id="TIE3" category="pos" type="a" display-name="pos">
      <event start="T0" end="T1">P</event>
      <event start="T1" end="T2">PRONPOS</event>
      <event start="T3" end="T4">N</event>
      <event start="T4" end="T5">V</event>
      <event start="T5" end="T6">PRONPRS</event>
      <event start="T6" end="T7">PRONDEM</event>
      <event start="T7" end="T8">N</event>
    </tier>
    <tier id="TIE4" category="cat" type="a" display-name="cat">
      <event start="T0" end="T4">PP</event>
      <event start="T4" end="T5">VP</event>
      <event start="T5" end="T6">NP</event>
      <event start="T6" end="T8">NP</event>
    </tier>
    <tier id="TIE10" category="clause-status" type="a" display-name="clause-status">
      <event start="T0" end="T8">MAINDECL</event>
    </tier>
    <tier id="TIE5" category="gf" type="a" display-name="gf">
      <event start="T0" end="T4">PO</event>
      <event start="T4" end="T5">VFIN</event>
      <event start="T5" end="T6">SUBJ</event>
      <event start="T6" end="T8">DO</event>
    </tier>
    <tier id="TIE6" category="syl_no" type="a" display-name="syl_no">
      <event start="T0" end="T4">6</event>
      <event start="T4" end="T5">3</event>
      <event start="T5" end="T6">1</event>
      <event start="T6" end="T8">3</event>
    </tier>
    <tier id="TIE7" category="givenness" type="a" display-name="givenness">
      <event start="T0" end="T4">ACC</event>
      <event start="T5" end="T6">GIV</event>
      <event start="T6" end="T8">GIV</event>
    </tier>
    <tier id="TIE8" category="top-comm" type="a" display-name="top-comm"/>
    <tier id="TIE13" category="aboutness" type="a" display-name="aboutness"/>
    <tier id="TIE14" category="position" type="a" display-name="position">
      <event start="T0" end="T4">GV</event>
    </tier>
    <tier id="TIE15" category="topic-marker" type="a" display-name="topic-marker"/>
    <tier id="TIE16" category="definiteness" type="a" display-name="definiteness">
      <event start="T5" end="T6">DEF</event>
      <event start="T6" end="T8">DEF</event>
    </tier>
    <tier id="TIE9" category="foc-bg" type="a" display-name="foc-bg">
      <event start="T0" end="T4">NIF</event>
    </tier>
    <tier id="TIE17" category="foc-marker" type="a" display-name="foc-marker"/>
    <tier id="TIE18" category="context" type="a" display-name="context"/>
    <tier id="TIE11" category="comment" type="a" display-name="comment">
      <event start="T0" end="T8">Vorfeldfokus bei V2 (adversative Bindung-autem); Su postfinit eingefügt</event>
    </tier>
    <tier id="TIE12" category="bibl" type="d" display-name="bibl">
      <event start="T0" end="T8">T 55, 20 Beta Lc 5</event>
    </tier>
  </basic-body>
</basic-transcription>
