<?xml version="1.0" encoding="UTF-8"?>
<!-- (c) http://www.rrz.uni-hamburg.de/exmaralda -->
<basic-transcription>
  <head>
    <meta-information>
      <project-name/>
      <transcription-name/>
      <referenced-file url=""/>
      <ud-meta-information>
        <ud-information attribute-name="corpus-code">T</ud-information>
        <ud-information attribute-name="page">051</ud-information>
        <ud-information attribute-name="line">07</ud-information>
        <ud-information attribute-name="writer">alpha</ud-information>
      </ud-meta-information>
      <comment/>
      <transcription-convention/>
    </meta-information>
    <speakertable>
      <speaker id="SPK0">
        <abbreviation>X</abbreviation>
        <sex value="m"/>
        <languages-used/>
        <l1/>
        <l2/>
        <ud-speaker-information>
</ud-speaker-information>
        <comment/>
      </speaker>
    </speakertable>
  </head>
  <basic-body>
    <common-timeline>
      <tli id="T4"/>
      <tli id="T0"/>
      <tli id="T5"/>
      <tli id="T1"/>
      <tli id="T2"/>
      <tli id="T3"/>
      <tli id="T6"/>
    </common-timeline>
    <tier id="TIE0" category="LAT" type="a" display-name="LAT">
      <event start="T0" end="T1">conuersus</event>
      <event start="T1" end="T2">autem</event>
      <event start="T3" end="T6">ihesus</event>
    </tier>
    <tier id="TIE1" category="words" type="t" display-name="ahd">
      <event start="T4" end="T0">thô</event>
      <event start="T0" end="T5">giuuanta</event>
      <event start="T5" end="T1">sih</event>
      <event start="T1" end="T2"/>
      <event start="T2" end="T3">ther</event>
      <event start="T3" end="T6">heilant</event>
    </tier>
    <tier id="TIE2" category="align" type="a" display-name="align">
      <event start="T4" end="T0">=L3</event>
      <event start="T5" end="T1"/>
      <event start="T3" end="T6"/>
    </tier>
    <tier id="TIE3" category="pos" type="a" display-name="pos">
      <event start="T4" end="T0">ADV</event>
      <event start="T0" end="T5">V</event>
      <event start="T5" end="T1">PRONREL</event>
      <event start="T2" end="T3">PRONDEM</event>
      <event start="T3" end="T6">N</event>
    </tier>
    <tier id="TIE4" category="cat" type="a" display-name="cat">
      <event start="T0" end="T5">VP</event>
      <event start="T5" end="T1">NP</event>
      <event start="T2" end="T6">NP</event>
    </tier>
    <tier id="TIE10" category="clause-status" type="a" display-name="clause-status">
      <event start="T4" end="T6">MAINDECL</event>
    </tier>
    <tier id="TIE5" category="gf" type="a" display-name="gf">
      <event start="T4" end="T0">ADVTEMP</event>
      <event start="T0" end="T5">VFIN</event>
      <event start="T5" end="T1">DO</event>
      <event start="T2" end="T6">SUBJ</event>
    </tier>
    <tier id="TIE6" category="syl_no" type="a" display-name="syl_no">
      <event start="T4" end="T0">1</event>
      <event start="T0" end="T5">3</event>
      <event start="T5" end="T1">1</event>
      <event start="T2" end="T6">3</event>
    </tier>
    <tier id="TIE7" category="givenness" type="a" display-name="givenness">
      <event start="T2" end="T6">GIV</event>
    </tier>
    <tier id="TIE8" category="top-comm" type="a" display-name="top-comm"/>
    <tier id="TIE13" category="aboutness" type="a" display-name="aboutness">
      <event start="T2" end="T6"/>
    </tier>
    <tier id="TIE14" category="position" type="a" display-name="position">
      <event start="T2" end="T6"/>
    </tier>
    <tier id="TIE15" category="topic-marker" type="a" display-name="topic-marker"/>
    <tier id="TIE16" category="definiteness" type="a" display-name="definiteness">
      <event start="T2" end="T6">DEF</event>
    </tier>
    <tier id="TIE9" category="foc-bg" type="a" display-name="foc-bg"/>
    <tier id="TIE17" category="foc-marker" type="a" display-name="foc-marker"/>
    <tier id="TIE18" category="context" type="a" display-name="context">
      <event start="T4" end="T6">Situationswechsel (Verb der Bewegung)</event>
    </tier>
    <tier id="TIE11" category="comment" type="a" display-name="comment">
      <event start="T4" end="T6">tho+V2; Copula gegen das Original eingefügt</event>
    </tier>
    <tier id="TIE12" category="bibl" type="d" display-name="bibl">
      <event start="T4" end="T6">T 51, 7 Alpha Io 1</event>
    </tier>
  </basic-body>
</basic-transcription>
