<?xml version="1.0" encoding="UTF-8"?>
<!-- (c) http://www.rrz.uni-hamburg.de/exmaralda -->
<basic-transcription>
  <head>
    <meta-information>
      <project-name/>
      <transcription-name/>
      <referenced-file url=""/>
      <ud-meta-information>
        <ud-information attribute-name="corpus-code">T</ud-information>
        <ud-information attribute-name="page">050</ud-information>
        <ud-information attribute-name="line">10-11</ud-information>
        <ud-information attribute-name="writer">alpha</ud-information>
      </ud-meta-information>
      <comment/>
      <transcription-convention/>
    </meta-information>
    <speakertable>
      <speaker id="SPK0">
        <abbreviation>X</abbreviation>
        <sex value="m"/>
        <languages-used/>
        <l1/>
        <l2/>
        <ud-speaker-information>
</ud-speaker-information>
        <comment/>
      </speaker>
    </speakertable>
  </head>
  <basic-body>
    <common-timeline>
      <tli id="T0"/>
      <tli id="T7"/>
      <tli id="T1"/>
      <tli id="T2"/>
      <tli id="T8"/>
      <tli id="T3"/>
      <tli id="T4"/>
      <tli id="T5"/>
      <tli id="T6"/>
    </common-timeline>
    <tier id="TIE0" category="LAT" type="a" display-name="LAT">
      <event start="T0" end="T7">&amp;</event>
      <event start="T1" end="T2">in</event>
      <event start="T8" end="T3">manibus</event>
      <event start="T3" end="T4">/</event>
      <event start="T4" end="T5">tollent</event>
      <event start="T5" end="T6">té</event>
    </tier>
    <tier id="TIE1" category="words" type="t" display-name="ahd">
      <event start="T0" end="T7">thaz</event>
      <event start="T7" end="T1">sie</event>
      <event start="T1" end="T2">mit</event>
      <event start="T2" end="T8">Iro</event>
      <event start="T8" end="T3">hanton</event>
      <event start="T3" end="T4">/</event>
      <event start="T4" end="T5">thih</event>
      <event start="T5" end="T6">nemen</event>
    </tier>
    <tier id="TIE2" category="align" type="a" display-name="align">
      <event start="T4" end="T5">=L7</event>
      <event start="T5" end="T6">=L6</event>
    </tier>
    <tier id="TIE3" category="pos" type="a" display-name="pos">
      <event start="T0" end="T7">CONJ</event>
      <event start="T7" end="T1">PRONPRS</event>
      <event start="T1" end="T2">P</event>
      <event start="T2" end="T8">PRONPOS</event>
      <event start="T8" end="T3">N</event>
      <event start="T4" end="T5">PRONPRS</event>
      <event start="T5" end="T6">V</event>
    </tier>
    <tier id="TIE4" category="cat" type="a" display-name="cat">
      <event start="T7" end="T1">NP</event>
      <event start="T1" end="T3">PP</event>
      <event start="T4" end="T5">NP</event>
      <event start="T5" end="T6">VP</event>
    </tier>
    <tier id="TIE10" category="clause-status" type="a" display-name="clause-status">
      <event start="T0" end="T6">SUB</event>
    </tier>
    <tier id="TIE5" category="gf" type="a" display-name="gf">
      <event start="T7" end="T1">SUBJ</event>
      <event start="T1" end="T3">ADVMOD</event>
      <event start="T4" end="T5">DO</event>
      <event start="T5" end="T6">VFIN</event>
    </tier>
    <tier id="TIE6" category="syl_no" type="a" display-name="syl_no">
      <event start="T0" end="T7">1</event>
      <event start="T7" end="T1">1</event>
      <event start="T1" end="T3">5</event>
      <event start="T4" end="T5">1</event>
      <event start="T5" end="T6">2</event>
    </tier>
    <tier id="TIE7" category="givenness" type="a" display-name="givenness">
      <event start="T7" end="T1">GIV</event>
      <event start="T4" end="T5">GIV</event>
    </tier>
    <tier id="TIE8" category="top-comm" type="a" display-name="top-comm"/>
    <tier id="TIE13" category="aboutness" type="a" display-name="aboutness"/>
    <tier id="TIE14" category="position" type="a" display-name="position"/>
    <tier id="TIE15" category="topic-marker" type="a" display-name="topic-marker"/>
    <tier id="TIE16" category="definiteness" type="a" display-name="definiteness">
      <event start="T7" end="T1">DEF</event>
      <event start="T4" end="T5">DEF</event>
    </tier>
    <tier id="TIE9" category="foc-bg" type="a" display-name="foc-bg"/>
    <tier id="TIE17" category="foc-marker" type="a" display-name="foc-marker"/>
    <tier id="TIE18" category="context" type="a" display-name="context">
      <event start="T0" end="T6">AR</event>
    </tier>
    <tier id="TIE11" category="comment" type="a" display-name="comment">
      <event start="T0" end="T6">Subjektspronomen eingefügt und Vend im NS</event>
    </tier>
    <tier id="TIE12" category="bibl" type="d" display-name="bibl">
      <event start="T0" end="T6">T 50, 10-11 Alpha Mt 4</event>
    </tier>
  </basic-body>
</basic-transcription>
