<?xml version="1.0" encoding="UTF-8"?>
<!-- (c) http://www.rrz.uni-hamburg.de/exmaralda -->
<basic-transcription>
  <head>
    <meta-information>
      <project-name/>
      <transcription-name/>
      <referenced-file url=""/>
      <ud-meta-information>
        <ud-information attribute-name="corpus-code">T</ud-information>
        <ud-information attribute-name="page">065</ud-information>
        <ud-information attribute-name="line">09-10</ud-information>
        <ud-information attribute-name="writer">beta</ud-information>
      </ud-meta-information>
      <comment/>
      <transcription-convention/>
    </meta-information>
    <speakertable>
      <speaker id="SPK0">
        <abbreviation>X</abbreviation>
        <sex value="m"/>
        <languages-used/>
        <l1/>
        <l2/>
        <ud-speaker-information>
</ud-speaker-information>
        <comment/>
      </speaker>
    </speakertable>
  </head>
  <basic-body>
    <common-timeline>
      <tli id="T0"/>
      <tli id="T5"/>
      <tli id="T6"/>
      <tli id="T7"/>
      <tli id="T8"/>
      <tli id="T9"/>
      <tli id="T10"/>
      <tli id="T11"/>
      <tli id="T12"/>
      <tli id="T13"/>
    </common-timeline>
    <tier id="TIE0" category="LAT" type="a" display-name="LAT">
      <event start="T0" end="T5">Et quicumque té angariauerit</event>
      <event start="T10" end="T11">/</event>
      <event start="T11" end="T12">mille</event>
      <event start="T12" end="T13">passus</event>
    </tier>
    <tier id="TIE1" category="words" type="t" display-name="ahd">
      <event start="T0" end="T5">Inti so uuer so thih thuinge</event>
      <event start="T5" end="T6">thaz</event>
      <event start="T6" end="T7">thu</event>
      <event start="T7" end="T8">mit</event>
      <event start="T8" end="T9">imo</event>
      <event start="T9" end="T10">gést</event>
      <event start="T10" end="T11">/</event>
      <event start="T11" end="T12">thúsunt</event>
      <event start="T12" end="T13">scrito</event>
    </tier>
    <tier id="TIE2" category="align" type="a" display-name="align"/>
    <tier id="TIE3" category="pos" type="a" display-name="pos">
      <event start="T5" end="T6">CONJ</event>
      <event start="T6" end="T7">PRONPRS</event>
      <event start="T7" end="T8">P</event>
      <event start="T8" end="T9">PRONPRS</event>
      <event start="T9" end="T10">V</event>
      <event start="T11" end="T12">NUM</event>
      <event start="T12" end="T13">N</event>
    </tier>
    <tier id="TIE4" category="cat" type="a" display-name="cat">
      <event start="T6" end="T7">NP</event>
      <event start="T7" end="T9">PP</event>
      <event start="T9" end="T10">VP</event>
      <event start="T11" end="T13">NP</event>
    </tier>
    <tier id="TIE10" category="clause-status" type="a" display-name="clause-status">
      <event start="T5" end="T13">SUB</event>
    </tier>
    <tier id="TIE5" category="gf" type="a" display-name="gf">
      <event start="T6" end="T7">SUBJ</event>
      <event start="T7" end="T9">PO</event>
      <event start="T9" end="T10">VFIN</event>
      <event start="T11" end="T13">ADVMOD</event>
    </tier>
    <tier id="TIE6" category="syl_no" type="a" display-name="syl_no">
      <event start="T5" end="T6">1</event>
      <event start="T6" end="T7">1</event>
      <event start="T7" end="T9">3</event>
      <event start="T9" end="T10">1</event>
      <event start="T11" end="T13">4</event>
    </tier>
    <tier id="TIE7" category="givenness" type="a" display-name="givenness">
      <event start="T6" end="T7">GIV</event>
      <event start="T8" end="T9">GIV</event>
    </tier>
    <tier id="TIE8" category="top-comm" type="a" display-name="top-comm"/>
    <tier id="TIE13" category="aboutness" type="a" display-name="aboutness"/>
    <tier id="TIE14" category="position" type="a" display-name="position"/>
    <tier id="TIE15" category="topic-marker" type="a" display-name="topic-marker"/>
    <tier id="TIE16" category="definiteness" type="a" display-name="definiteness">
      <event start="T6" end="T7">DEF</event>
      <event start="T8" end="T9">DEF</event>
    </tier>
    <tier id="TIE9" category="foc-bg" type="a" display-name="foc-bg"/>
    <tier id="TIE17" category="foc-marker" type="a" display-name="foc-marker"/>
    <tier id="TIE18" category="context" type="a" display-name="context"/>
    <tier id="TIE11" category="comment" type="a" display-name="comment">
      <event start="T0" end="T13">eingefügter Inhaltssatz, Tendenz Vend</event>
    </tier>
    <tier id="TIE12" category="bibl" type="d" display-name="bibl">
      <event start="T0" end="T13">T 65, 9-10 Beta Mt 5</event>
    </tier>
  </basic-body>
</basic-transcription>
