<?xml version="1.0" encoding="UTF-8"?>
<!-- (c) http://www.rrz.uni-hamburg.de/exmaralda -->
<basic-transcription>
  <head>
    <meta-information>
      <project-name/>
      <transcription-name/>
      <referenced-file url=""/>
      <ud-meta-information>
        <ud-information attribute-name="corpus-code">T</ud-information>
        <ud-information attribute-name="page">062</ud-information>
        <ud-information attribute-name="line">32-063__01</ud-information>
        <ud-information attribute-name="writer">beta</ud-information>
      </ud-meta-information>
      <comment/>
      <transcription-convention/>
    </meta-information>
    <speakertable>
      <speaker id="SPK0">
        <abbreviation>X</abbreviation>
        <sex value="m"/>
        <languages-used/>
        <l1/>
        <l2/>
        <ud-speaker-information>
</ud-speaker-information>
        <comment/>
      </speaker>
    </speakertable>
  </head>
  <basic-body>
    <common-timeline>
      <tli id="T0"/>
      <tli id="T1"/>
      <tli id="T2"/>
      <tli id="T3"/>
      <tli id="T4"/>
      <tli id="T5"/>
      <tli id="T6"/>
      <tli id="T7"/>
      <tli id="T8"/>
      <tli id="T9"/>
    </common-timeline>
    <tier id="TIE0" category="LAT" type="a" display-name="LAT">
      <event start="T0" end="T1">Si</event>
      <event start="T1" end="T2">ergo</event>
      <event start="T3" end="T4">offeres</event>
      <event start="T4" end="T5">munus</event>
      <event start="T5" end="T6">tuum</event>
      <event start="T6" end="T7">/</event>
      <event start="T7" end="T8">ad</event>
      <event start="T8" end="T9">altare</event>
    </tier>
    <tier id="TIE1" category="words" type="t" display-name="ahd">
      <event start="T0" end="T1">oba</event>
      <event start="T1" end="T2"/>
      <event start="T2" end="T3">thu</event>
      <event start="T3" end="T4">bringis</event>
      <event start="T4" end="T5">thina</event>
      <event start="T5" end="T6">geba</event>
      <event start="T6" end="T7">/</event>
      <event start="T7" end="T8">zi</event>
      <event start="T8" end="T9">altare</event>
    </tier>
    <tier id="TIE2" category="align" type="a" display-name="align"/>
    <tier id="TIE3" category="pos" type="a" display-name="pos">
      <event start="T0" end="T1">CONJ</event>
      <event start="T2" end="T3">PRONPRS</event>
      <event start="T3" end="T4">V</event>
      <event start="T4" end="T5">PRONPOS</event>
      <event start="T5" end="T6">N</event>
      <event start="T7" end="T8">P</event>
      <event start="T8" end="T9">N</event>
    </tier>
    <tier id="TIE4" category="cat" type="a" display-name="cat">
      <event start="T2" end="T3">NP</event>
      <event start="T3" end="T4">VP</event>
      <event start="T4" end="T6">NP</event>
      <event start="T7" end="T9">PP</event>
    </tier>
    <tier id="TIE10" category="clause-status" type="a" display-name="clause-status">
      <event start="T0" end="T9">SUBCOND</event>
    </tier>
    <tier id="TIE5" category="gf" type="a" display-name="gf">
      <event start="T2" end="T3">SUBJ</event>
      <event start="T3" end="T4">VFIN</event>
      <event start="T4" end="T6">DO</event>
      <event start="T7" end="T9">PO</event>
    </tier>
    <tier id="TIE6" category="syl_no" type="a" display-name="syl_no">
      <event start="T0" end="T1">2</event>
      <event start="T2" end="T3">1</event>
      <event start="T3" end="T4">2</event>
      <event start="T4" end="T6">4</event>
      <event start="T7" end="T9">4</event>
    </tier>
    <tier id="TIE7" category="givenness" type="a" display-name="givenness">
      <event start="T2" end="T3">GIV</event>
      <event start="T4" end="T6">ACC</event>
    </tier>
    <tier id="TIE8" category="top-comm" type="a" display-name="top-comm"/>
    <tier id="TIE13" category="aboutness" type="a" display-name="aboutness"/>
    <tier id="TIE14" category="position" type="a" display-name="position"/>
    <tier id="TIE15" category="topic-marker" type="a" display-name="topic-marker"/>
    <tier id="TIE16" category="definiteness" type="a" display-name="definiteness">
      <event start="T2" end="T3">DEF</event>
      <event start="T4" end="T6">DEF</event>
    </tier>
    <tier id="TIE9" category="foc-bg" type="a" display-name="foc-bg">
      <event start="T0" end="T9">NIF</event>
    </tier>
    <tier id="TIE17" category="foc-marker" type="a" display-name="foc-marker"/>
    <tier id="TIE18" category="context" type="a" display-name="context">
      <event start="T0" end="T9">Beginn eines neuen Textabschnitts</event>
    </tier>
    <tier id="TIE11" category="comment" type="a" display-name="comment">
      <event start="T0" end="T9">eingefügtes Subjektspronomen im NS</event>
    </tier>
    <tier id="TIE12" category="bibl" type="d" display-name="bibl">
      <event start="T0" end="T9">T 62, 32-63, 1 Beta Mt 5</event>
    </tier>
  </basic-body>
</basic-transcription>
