<?xml version="1.0" encoding="UTF-8"?>
<!-- (c) http://www.rrz.uni-hamburg.de/exmaralda -->
<basic-transcription>
  <head>
    <meta-information>
      <project-name/>
      <transcription-name/>
      <referenced-file url=""/>
      <ud-meta-information>
        <ud-information attribute-name="corpus-code">T</ud-information>
        <ud-information attribute-name="page">071</ud-information>
        <ud-information attribute-name="line">27-28</ud-information>
        <ud-information attribute-name="writer">beta</ud-information>
      </ud-meta-information>
      <comment/>
      <transcription-convention/>
    </meta-information>
    <speakertable>
      <speaker id="SPK0">
        <abbreviation>X</abbreviation>
        <sex value="m"/>
        <languages-used/>
        <l1/>
        <l2/>
        <ud-speaker-information>
</ud-speaker-information>
        <comment/>
      </speaker>
    </speakertable>
  </head>
  <basic-body>
    <common-timeline>
      <tli id="T0"/>
      <tli id="T1"/>
      <tli id="T2"/>
      <tli id="T3"/>
      <tli id="T4"/>
      <tli id="T5"/>
      <tli id="T6"/>
      <tli id="T8"/>
      <tli id="T9"/>
      <tli id="T10"/>
      <tli id="T11"/>
      <tli id="T12"/>
    </common-timeline>
    <tier id="TIE0" category="LAT" type="a" display-name="LAT">
      <event start="T0" end="T1">&amp;</event>
      <event start="T1" end="T2">In</event>
      <event start="T2" end="T3">qua</event>
      <event start="T3" end="T4">mensura</event>
      <event start="T6" end="T8">mensifueritis</event>
      <event start="T8" end="T9">/</event>
      <event start="T9" end="T10">m&amp;ietur</event>
      <event start="T10" end="T11">uobis</event>
    </tier>
    <tier id="TIE1" category="words" type="t" display-name="ahd">
      <event start="T0" end="T1"/>
      <event start="T1" end="T2">In</event>
      <event start="T2" end="T3">themo</event>
      <event start="T3" end="T4">mezze</event>
      <event start="T4" end="T5">thie</event>
      <event start="T5" end="T6">ír</event>
      <event start="T6" end="T8">mezz&amp;</event>
      <event start="T8" end="T9">/</event>
      <event start="T9" end="T10">ist</event>
      <event start="T10" end="T11">íu</event>
      <event start="T11" end="T12">gimezzan</event>
    </tier>
    <tier id="TIE2" category="align" type="a" display-name="align"/>
    <tier id="TIE3" category="pos" type="a" display-name="pos">
      <event start="T1" end="T2">P</event>
      <event start="T2" end="T3">PRONDEM</event>
      <event start="T3" end="T4">N</event>
      <event start="T4" end="T5">PRONDEM</event>
      <event start="T5" end="T6">PRONPRS</event>
      <event start="T6" end="T8">V</event>
      <event start="T9" end="T10">VAUX</event>
      <event start="T10" end="T11">PRONPRS</event>
      <event start="T11" end="T12">VN</event>
    </tier>
    <tier id="TIE4" category="cat" type="a" display-name="cat">
      <event start="T1" end="T4">PP</event>
      <event start="T4" end="T5">NP</event>
      <event start="T5" end="T6">NP</event>
      <event start="T6" end="T8">VP</event>
      <event start="T9" end="T10">VP</event>
      <event start="T10" end="T11">NP</event>
      <event start="T11" end="T12">VP</event>
    </tier>
    <tier id="TIE10" category="clause-status" type="a" display-name="clause-status">
      <event start="T1" end="T12">MAINDECL</event>
    </tier>
    <tier id="TIE5" category="gf" type="a" display-name="gf">
      <event start="T1" end="T8">ADVMOD</event>
      <event start="T9" end="T10">VFIN</event>
      <event start="T10" end="T11">IO</event>
      <event start="T11" end="T12">PARTPF</event>
    </tier>
    <tier id="TIE6" category="syl_no" type="a" display-name="syl_no">
      <event start="T1" end="T4">5</event>
      <event start="T4" end="T5">1</event>
      <event start="T5" end="T6">1</event>
      <event start="T6" end="T8">2</event>
      <event start="T9" end="T10">1</event>
      <event start="T10" end="T11">1</event>
      <event start="T11" end="T12">3</event>
    </tier>
    <tier id="TIE7" category="givenness" type="a" display-name="givenness">
      <event start="T2" end="T4">NEW</event>
      <event start="T4" end="T5">GIV</event>
      <event start="T5" end="T6">GIV</event>
      <event start="T10" end="T11">GIV</event>
    </tier>
    <tier id="TIE8" category="top-comm" type="a" display-name="top-comm"/>
    <tier id="TIE13" category="aboutness" type="a" display-name="aboutness"/>
    <tier id="TIE14" category="position" type="a" display-name="position">
      <event start="T2" end="T4">GV</event>
    </tier>
    <tier id="TIE15" category="topic-marker" type="a" display-name="topic-marker"/>
    <tier id="TIE16" category="definiteness" type="a" display-name="definiteness">
      <event start="T2" end="T4">DEF</event>
      <event start="T4" end="T5">DEF</event>
      <event start="T5" end="T6">DEF</event>
      <event start="T10" end="T11">DEF</event>
    </tier>
    <tier id="TIE9" category="foc-bg" type="a" display-name="foc-bg">
      <event start="T1" end="T4">NIF</event>
      <event start="T9" end="T12">NIF</event>
    </tier>
    <tier id="TIE17" category="foc-marker" type="a" display-name="foc-marker">
      <event start="T5" end="T6"/>
      <event start="T10" end="T11"/>
    </tier>
    <tier id="TIE18" category="context" type="a" display-name="context"/>
    <tier id="TIE11" category="comment" type="a" display-name="comment">
      <event start="T0" end="T12">V2 nach Passivauflösung im HS; eingeschobener Relativsatz mit Vend</event>
    </tier>
    <tier id="TIE12" category="bibl" type="d" display-name="bibl">
      <event start="T0" end="T12">T 71, 27-28 Beta Mt 7</event>
    </tier>
  </basic-body>
</basic-transcription>
