<?xml version="1.0" encoding="UTF-8"?>
<!-- (c) http://www.rrz.uni-hamburg.de/exmaralda -->
<basic-transcription>
  <head>
    <meta-information>
      <project-name/>
      <transcription-name/>
      <referenced-file url=""/>
      <ud-meta-information>
        <ud-information attribute-name="corpus-code">T</ud-information>
        <ud-information attribute-name="page">075</ud-information>
        <ud-information attribute-name="line">10a</ud-information>
        <ud-information attribute-name="writer">beta</ud-information>
      </ud-meta-information>
      <comment/>
      <transcription-convention/>
    </meta-information>
    <speakertable>
      <speaker id="SPK0">
        <abbreviation>X</abbreviation>
        <sex value="m"/>
        <languages-used/>
        <l1/>
        <l2/>
        <ud-speaker-information>
</ud-speaker-information>
        <comment/>
      </speaker>
    </speakertable>
  </head>
  <basic-body>
    <common-timeline>
      <tli id="T0"/>
      <tli id="T1"/>
      <tli id="T2"/>
      <tli id="T3"/>
      <tli id="T4"/>
      <tli id="T5"/>
      <tli id="T6"/>
      <tli id="T7"/>
      <tli id="T8"/>
    </common-timeline>
    <tier id="TIE0" category="LAT" type="a" display-name="LAT">
      <event start="T2" end="T3">fundata</event>
      <event start="T3" end="T4">enim</event>
      <event start="T4" end="T5">erat</event>
      <event start="T5" end="T6">/</event>
      <event start="T6" end="T7">supra</event>
      <event start="T7" end="T8">p&amp;ram</event>
    </tier>
    <tier id="TIE1" category="words" type="t" display-name="ahd">
      <event start="T0" end="T1">uuanta</event>
      <event start="T1" end="T2">iz</event>
      <event start="T2" end="T3">gifestinot</event>
      <event start="T3" end="T4"/>
      <event start="T4" end="T5">uúas</event>
      <event start="T5" end="T6">/</event>
      <event start="T6" end="T7">ubar</event>
      <event start="T7" end="T8">stein</event>
    </tier>
    <tier id="TIE2" category="align" type="a" display-name="align">
      <event start="T0" end="T1">=L3</event>
    </tier>
    <tier id="TIE3" category="pos" type="a" display-name="pos">
      <event start="T0" end="T1">CONJ</event>
      <event start="T1" end="T2">PRONPRS</event>
      <event start="T2" end="T3">VN</event>
      <event start="T4" end="T5">VAUX</event>
      <event start="T6" end="T7">P</event>
      <event start="T7" end="T8">N</event>
    </tier>
    <tier id="TIE4" category="cat" type="a" display-name="cat">
      <event start="T1" end="T2">NP</event>
      <event start="T2" end="T5">VP</event>
      <event start="T6" end="T8">PP</event>
    </tier>
    <tier id="TIE10" category="clause-status" type="a" display-name="clause-status">
      <event start="T0" end="T8">CAUSAL</event>
    </tier>
    <tier id="TIE5" category="gf" type="a" display-name="gf">
      <event start="T1" end="T2">SUBJ</event>
      <event start="T2" end="T3">PARTPF</event>
      <event start="T4" end="T5">VFIN</event>
      <event start="T6" end="T8">PO</event>
    </tier>
    <tier id="TIE6" category="syl_no" type="a" display-name="syl_no">
      <event start="T0" end="T1">2</event>
      <event start="T1" end="T2">1</event>
      <event start="T2" end="T5">5</event>
      <event start="T6" end="T8">3</event>
    </tier>
    <tier id="TIE7" category="givenness" type="a" display-name="givenness">
      <event start="T1" end="T2">GIV</event>
      <event start="T7" end="T8">GIV</event>
    </tier>
    <tier id="TIE8" category="top-comm" type="a" display-name="top-comm"/>
    <tier id="TIE13" category="aboutness" type="a" display-name="aboutness"/>
    <tier id="TIE14" category="position" type="a" display-name="position"/>
    <tier id="TIE15" category="topic-marker" type="a" display-name="topic-marker"/>
    <tier id="TIE16" category="definiteness" type="a" display-name="definiteness">
      <event start="T1" end="T2">DEF</event>
      <event start="T7" end="T8">DEF</event>
    </tier>
    <tier id="TIE9" category="foc-bg" type="a" display-name="foc-bg"/>
    <tier id="TIE17" category="foc-marker" type="a" display-name="foc-marker"/>
    <tier id="TIE18" category="context" type="a" display-name="context">
      <event start="T0" end="T8">AR (im Kausalsatz; kein V2)</event>
    </tier>
    <tier id="TIE11" category="comment" type="a" display-name="comment">
      <event start="T0" end="T8">eingefügtes Subjektspronomen, alles bekannte Information</event>
    </tier>
    <tier id="TIE12" category="bibl" type="d" display-name="bibl">
      <event start="T0" end="T8">T 75, 10 Beta Mt 7</event>
    </tier>
  </basic-body>
</basic-transcription>
