<?xml version="1.0" encoding="UTF-8"?>
<!-- (c) http://www.rrz.uni-hamburg.de/exmaralda -->
<basic-transcription>
  <head>
    <meta-information>
      <project-name/>
      <transcription-name/>
      <referenced-file url=""/>
      <ud-meta-information>
        <ud-information attribute-name="corpus-code">T</ud-information>
        <ud-information attribute-name="page">079</ud-information>
        <ud-information attribute-name="line">21</ud-information>
        <ud-information attribute-name="writer">beta</ud-information>
      </ud-meta-information>
      <comment/>
      <transcription-convention/>
    </meta-information>
    <speakertable>
      <speaker id="SPK0">
        <abbreviation>X</abbreviation>
        <sex value="m"/>
        <languages-used/>
        <l1/>
        <l2/>
        <ud-speaker-information>
</ud-speaker-information>
        <comment/>
      </speaker>
    </speakertable>
  </head>
  <basic-body>
    <common-timeline>
      <tli id="T0"/>
      <tli id="T1"/>
      <tli id="T2"/>
      <tli id="T3"/>
      <tli id="T4"/>
    </common-timeline>
    <tier id="TIE0" category="LAT" type="a" display-name="LAT">
      <event start="T0" end="T1">Qui</event>
      <event start="T1" end="T2">autem</event>
      <event start="T2" end="T3">negauerit</event>
      <event start="T3" end="T4">mé</event>
    </tier>
    <tier id="TIE1" category="words" type="t" display-name="ahd">
      <event start="T0" end="T1">ther</event>
      <event start="T1" end="T2"/>
      <event start="T2" end="T3">min</event>
      <event start="T3" end="T4">fúrlougnit</event>
    </tier>
    <tier id="TIE2" category="align" type="a" display-name="align">
      <event start="T2" end="T3">=L3</event>
      <event start="T3" end="T4">=L2</event>
    </tier>
    <tier id="TIE3" category="pos" type="a" display-name="pos">
      <event start="T0" end="T1">PRONREL</event>
      <event start="T2" end="T3">PRONPOS</event>
      <event start="T3" end="T4">V</event>
    </tier>
    <tier id="TIE4" category="cat" type="a" display-name="cat">
      <event start="T0" end="T1">NP</event>
      <event start="T2" end="T4">NP</event>
    </tier>
    <tier id="TIE10" category="clause-status" type="a" display-name="clause-status">
      <event start="T0" end="T4">REL</event>
    </tier>
    <tier id="TIE5" category="gf" type="a" display-name="gf">
      <event start="T0" end="T1">SUBJ</event>
      <event start="T2" end="T3">DO</event>
      <event start="T3" end="T4">VFIN</event>
    </tier>
    <tier id="TIE6" category="syl_no" type="a" display-name="syl_no">
      <event start="T0" end="T1">1</event>
      <event start="T2" end="T3">1</event>
      <event start="T3" end="T4">3</event>
    </tier>
    <tier id="TIE7" category="givenness" type="a" display-name="givenness">
      <event start="T0" end="T1"/>
      <event start="T2" end="T3">GIV</event>
    </tier>
    <tier id="TIE8" category="top-comm" type="a" display-name="top-comm"/>
    <tier id="TIE13" category="aboutness" type="a" display-name="aboutness">
      <event start="T0" end="T1"/>
      <event start="T2" end="T3"/>
    </tier>
    <tier id="TIE14" category="position" type="a" display-name="position">
      <event start="T0" end="T1"/>
      <event start="T2" end="T3"/>
    </tier>
    <tier id="TIE15" category="topic-marker" type="a" display-name="topic-marker"/>
    <tier id="TIE16" category="definiteness" type="a" display-name="definiteness">
      <event start="T0" end="T1"/>
      <event start="T2" end="T3">DEF</event>
    </tier>
    <tier id="TIE9" category="foc-bg" type="a" display-name="foc-bg"/>
    <tier id="TIE17" category="foc-marker" type="a" display-name="foc-marker"/>
    <tier id="TIE18" category="context" type="a" display-name="context"/>
    <tier id="TIE11" category="comment" type="a" display-name="comment">
      <event start="T0" end="T4">Voranstellung des pronominalen Objekts vor Vfin im NS; Kontrast bei ther zum Vorsatz</event>
    </tier>
    <tier id="TIE12" category="bibl" type="d" display-name="bibl">
      <event start="T0" end="T4">T 79, 21 Beta Mt 10</event>
    </tier>
  </basic-body>
</basic-transcription>
