<?xml version="1.0" encoding="UTF-8"?>
<!-- (c) http://www.rrz.uni-hamburg.de/exmaralda -->
<basic-transcription>
  <head>
    <meta-information>
      <project-name/>
      <transcription-name/>
      <referenced-file url=""/>
      <ud-meta-information>
        <ud-information attribute-name="corpus-code">T</ud-information>
        <ud-information attribute-name="page">078</ud-information>
        <ud-information attribute-name="line">01</ud-information>
        <ud-information attribute-name="writer">beta</ud-information>
      </ud-meta-information>
      <comment/>
      <transcription-convention/>
    </meta-information>
    <speakertable>
      <speaker id="SPK0">
        <abbreviation>X</abbreviation>
        <sex value="m"/>
        <languages-used/>
        <l1/>
        <l2/>
        <ud-speaker-information>
</ud-speaker-information>
        <comment/>
      </speaker>
    </speakertable>
  </head>
  <basic-body>
    <common-timeline>
      <tli id="T7"/>
      <tli id="T8"/>
      <tli id="T9"/>
      <tli id="T10"/>
      <tli id="T11"/>
    </common-timeline>
    <tier id="TIE0" category="LAT" type="a" display-name="LAT">
      <event start="T7" end="T8">aut</event>
      <event start="T8" end="T9">quid</event>
      <event start="T10" end="T11">dicatis</event>
    </tier>
    <tier id="TIE1" category="words" type="t" display-name="ahd">
      <event start="T7" end="T8">odo</event>
      <event start="T8" end="T9">uuaz</event>
      <event start="T9" end="T10">ír</event>
      <event start="T10" end="T11">qued&amp;</event>
    </tier>
    <tier id="TIE2" category="align" type="a" display-name="align"/>
    <tier id="TIE3" category="pos" type="a" display-name="pos">
      <event start="T7" end="T8">CONJ</event>
      <event start="T8" end="T9">PRONINTERR</event>
      <event start="T9" end="T10">PRONPRS</event>
      <event start="T10" end="T11">V</event>
    </tier>
    <tier id="TIE4" category="cat" type="a" display-name="cat">
      <event start="T8" end="T9">NP</event>
      <event start="T9" end="T10">NP</event>
      <event start="T10" end="T11">VP</event>
    </tier>
    <tier id="TIE10" category="clause-status" type="a" display-name="clause-status">
      <event start="T8" end="T11">REL</event>
    </tier>
    <tier id="TIE5" category="gf" type="a" display-name="gf">
      <event start="T8" end="T9">DO</event>
      <event start="T9" end="T10">SUBJ</event>
      <event start="T10" end="T11">VFIN</event>
    </tier>
    <tier id="TIE6" category="syl_no" type="a" display-name="syl_no">
      <event start="T7" end="T8">2</event>
      <event start="T8" end="T9">1</event>
      <event start="T9" end="T10">1</event>
      <event start="T10" end="T11">2</event>
    </tier>
    <tier id="TIE7" category="givenness" type="a" display-name="givenness">
      <event start="T9" end="T10">GIV</event>
    </tier>
    <tier id="TIE8" category="top-comm" type="a" display-name="top-comm"/>
    <tier id="TIE13" category="aboutness" type="a" display-name="aboutness"/>
    <tier id="TIE14" category="position" type="a" display-name="position"/>
    <tier id="TIE15" category="topic-marker" type="a" display-name="topic-marker"/>
    <tier id="TIE16" category="definiteness" type="a" display-name="definiteness">
      <event start="T9" end="T10">DEF</event>
    </tier>
    <tier id="TIE9" category="foc-bg" type="a" display-name="foc-bg"/>
    <tier id="TIE17" category="foc-marker" type="a" display-name="foc-marker">
      <event start="T8" end="T9">WH</event>
    </tier>
    <tier id="TIE18" category="context" type="a" display-name="context">
      <event start="T7" end="T11">TW (sie-ihr)</event>
    </tier>
    <tier id="TIE11" category="comment" type="a" display-name="comment">
      <event start="T7" end="T11">eingefügte Subjektspronomen; indirekter Fragesatz mit Vend</event>
    </tier>
    <tier id="TIE12" category="bibl" type="d" display-name="bibl">
      <event start="T7" end="T11">T 78, 1 Beta Mt 10</event>
    </tier>
  </basic-body>
</basic-transcription>
