<?xml version="1.0" encoding="UTF-8"?>
<!-- (c) http://www.rrz.uni-hamburg.de/exmaralda -->
<basic-transcription>
  <head>
    <meta-information>
      <project-name/>
      <transcription-name/>
      <referenced-file url=""/>
      <ud-meta-information>
        <ud-information attribute-name="corpus-code">T</ud-information>
        <ud-information attribute-name="page">070</ud-information>
        <ud-information attribute-name="line">30</ud-information>
        <ud-information attribute-name="writer">beta</ud-information>
      </ud-meta-information>
      <comment/>
      <transcription-convention/>
    </meta-information>
    <speakertable>
      <speaker id="SPK0">
        <abbreviation>X</abbreviation>
        <sex value="m"/>
        <languages-used/>
        <l1/>
        <l2/>
        <ud-speaker-information>
</ud-speaker-information>
        <comment/>
      </speaker>
    </speakertable>
  </head>
  <basic-body>
    <common-timeline>
      <tli id="T0"/>
      <tli id="T1"/>
      <tli id="T2"/>
      <tli id="T3"/>
      <tli id="T4"/>
      <tli id="T5"/>
      <tli id="T6"/>
      <tli id="T7"/>
      <tli id="T8"/>
      <tli id="T16"/>
      <tli id="T9"/>
      <tli id="T10"/>
      <tli id="T11"/>
      <tli id="T12"/>
      <tli id="T13"/>
      <tli id="T14"/>
      <tli id="T15"/>
    </common-timeline>
    <tier id="TIE0" category="LAT" type="a" display-name="LAT">
      <event start="T0" end="T1">quoniam</event>
      <event start="T1" end="T2">nec</event>
      <event start="T2" end="T3">salomon</event>
      <event start="T3" end="T4">in</event>
      <event start="T4" end="T5">omni</event>
      <event start="T5" end="T6">gloria</event>
      <event start="T6" end="T7">sua</event>
      <event start="T7" end="T8">/</event>
      <event start="T16" end="T9">coopertus</event>
      <event start="T10" end="T11">est</event>
      <event start="T11" end="T12">sicut</event>
      <event start="T12" end="T13">unum</event>
      <event start="T13" end="T14">ex</event>
      <event start="T14" end="T15">istis</event>
    </tier>
    <tier id="TIE1" category="words" type="t" display-name="ahd">
      <event start="T0" end="T1">thaz</event>
      <event start="T1" end="T2"/>
      <event start="T2" end="T3">salomon</event>
      <event start="T3" end="T4">in</event>
      <event start="T4" end="T5">allero</event>
      <event start="T5" end="T6">sinero</event>
      <event start="T6" end="T7">diuridu</event>
      <event start="T7" end="T8">/</event>
      <event start="T8" end="T16">ni+</event>
      <event start="T16" end="T9">uuas</event>
      <event start="T9" end="T10">só</event>
      <event start="T10" end="T11">bithekkit</event>
      <event start="T11" end="T12">só</event>
      <event start="T12" end="T13">ein</event>
      <event start="T13" end="T14">fon</event>
      <event start="T14" end="T15">thesen</event>
    </tier>
    <tier id="TIE2" category="align" type="a" display-name="align">
      <event start="T8" end="T16">=L1</event>
      <event start="T16" end="T9">=L11</event>
      <event start="T10" end="T11">=L9</event>
    </tier>
    <tier id="TIE3" category="pos" type="a" display-name="pos">
      <event start="T0" end="T1">CONJ</event>
      <event start="T2" end="T3">N</event>
      <event start="T3" end="T4">P</event>
      <event start="T4" end="T5">ADV</event>
      <event start="T5" end="T6">PRONPOS</event>
      <event start="T6" end="T7">N</event>
      <event start="T8" end="T9">VAUX</event>
      <event start="T9" end="T10">ADV</event>
      <event start="T10" end="T11">VN</event>
      <event start="T11" end="T12">P</event>
      <event start="T12" end="T13">PRONINDEF</event>
      <event start="T13" end="T14">P</event>
      <event start="T14" end="T15">PRONDEM</event>
    </tier>
    <tier id="TIE4" category="cat" type="a" display-name="cat">
      <event start="T2" end="T3">NP</event>
      <event start="T3" end="T7">PP</event>
      <event start="T8" end="T9">VP</event>
      <event start="T10" end="T11">VP</event>
      <event start="T12" end="T15">NP</event>
    </tier>
    <tier id="TIE10" category="clause-status" type="a" display-name="clause-status">
      <event start="T0" end="T15">SUB</event>
    </tier>
    <tier id="TIE5" category="gf" type="a" display-name="gf">
      <event start="T2" end="T3">SUBJ</event>
      <event start="T3" end="T7">ADVMOD</event>
      <event start="T8" end="T9">VFIN</event>
      <event start="T10" end="T11">PARTPF</event>
      <event start="T12" end="T15">ADVMOD</event>
    </tier>
    <tier id="TIE6" category="syl_no" type="a" display-name="syl_no">
      <event start="T0" end="T1">1</event>
      <event start="T2" end="T3">3</event>
      <event start="T3" end="T7">10</event>
      <event start="T8" end="T9">2</event>
      <event start="T9" end="T10">1</event>
      <event start="T10" end="T11">3</event>
      <event start="T11" end="T12">1</event>
      <event start="T12" end="T15">4</event>
    </tier>
    <tier id="TIE7" category="givenness" type="a" display-name="givenness">
      <event start="T2" end="T3">ACC</event>
      <event start="T14" end="T15">GIV</event>
    </tier>
    <tier id="TIE8" category="top-comm" type="a" display-name="top-comm">
      <event start="T2" end="T3">TOP</event>
      <event start="T3" end="T15">COMM</event>
    </tier>
    <tier id="TIE13" category="aboutness" type="a" display-name="aboutness">
      <event start="T2" end="T3">AB</event>
    </tier>
    <tier id="TIE14" category="position" type="a" display-name="position"/>
    <tier id="TIE15" category="topic-marker" type="a" display-name="topic-marker"/>
    <tier id="TIE16" category="definiteness" type="a" display-name="definiteness">
      <event start="T2" end="T3">DEF</event>
      <event start="T3" end="T7">DEF</event>
      <event start="T14" end="T15">DEF</event>
    </tier>
    <tier id="TIE9" category="foc-bg" type="a" display-name="foc-bg">
      <event start="T2" end="T3">CF_01</event>
      <event start="T3" end="T7">CF_02</event>
      <event start="T7" end="T15">NIF</event>
    </tier>
    <tier id="TIE17" category="foc-marker" type="a" display-name="foc-marker"/>
    <tier id="TIE18" category="context" type="a" display-name="context"/>
    <tier id="TIE11" category="comment" type="a" display-name="comment">
      <event start="T0" end="T15">Voranstellung des Vfin; Kontrastfokus (selbst Salomon, und zwar bei all seinem Ruhm);  Part als PrädN in einer Kopuilativkonstruktion</event>
    </tier>
    <tier id="TIE12" category="bibl" type="d" display-name="bibl">
      <event start="T0" end="T15">T 70, 30 Beta Mt 6</event>
    </tier>
  </basic-body>
</basic-transcription>
