<?xml version="1.0" encoding="UTF-8"?>
<!-- (c) http://www.rrz.uni-hamburg.de/exmaralda -->
<basic-transcription>
  <head>
    <meta-information>
      <project-name/>
      <transcription-name/>
      <referenced-file url=""/>
      <ud-meta-information>
        <ud-information attribute-name="corpus-code">T</ud-information>
        <ud-information attribute-name="page">077</ud-information>
        <ud-information attribute-name="line">26-27</ud-information>
        <ud-information attribute-name="writer">beta</ud-information>
      </ud-meta-information>
      <comment/>
      <transcription-convention/>
    </meta-information>
    <speakertable>
      <speaker id="SPK0">
        <abbreviation>X</abbreviation>
        <sex value="m"/>
        <languages-used/>
        <l1/>
        <l2/>
        <ud-speaker-information>
</ud-speaker-information>
        <comment/>
      </speaker>
    </speakertable>
  </head>
  <basic-body>
    <common-timeline>
      <tli id="T0"/>
      <tli id="T1"/>
      <tli id="T2"/>
      <tli id="T3"/>
      <tli id="T4"/>
      <tli id="T5"/>
      <tli id="T6"/>
      <tli id="T7"/>
      <tli id="T8"/>
      <tli id="T9"/>
      <tli id="T10"/>
      <tli id="T11"/>
      <tli id="T12"/>
    </common-timeline>
    <tier id="TIE0" category="LAT" type="a" display-name="LAT">
      <event start="T0" end="T1">&amp;</event>
      <event start="T1" end="T2">ad</event>
      <event start="T2" end="T3">presides</event>
      <event start="T3" end="T4">&amp;</event>
      <event start="T4" end="T5">ad</event>
      <event start="T5" end="T6">reges</event>
      <event start="T6" end="T7">/</event>
      <event start="T7" end="T8">ducimini</event>
      <event start="T10" end="T11">propter</event>
      <event start="T11" end="T12">mé</event>
    </tier>
    <tier id="TIE1" category="words" type="t" display-name="ahd">
      <event start="T0" end="T1">Inti</event>
      <event start="T1" end="T2">zi</event>
      <event start="T2" end="T3">grauon</event>
      <event start="T3" end="T4">inti</event>
      <event start="T4" end="T5">zi</event>
      <event start="T5" end="T6">cuningon</event>
      <event start="T6" end="T7">/</event>
      <event start="T7" end="T8">uuerd&amp;</event>
      <event start="T8" end="T9">ír</event>
      <event start="T9" end="T10">gileitte</event>
      <event start="T10" end="T11">thuruh</event>
      <event start="T11" end="T12">mih</event>
    </tier>
    <tier id="TIE2" category="align" type="a" display-name="align"/>
    <tier id="TIE3" category="pos" type="a" display-name="pos">
      <event start="T0" end="T1">CONJ</event>
      <event start="T1" end="T2">P</event>
      <event start="T2" end="T3">N</event>
      <event start="T3" end="T4">CONJ</event>
      <event start="T4" end="T5">P</event>
      <event start="T5" end="T6">N</event>
      <event start="T7" end="T8">VAUX</event>
      <event start="T8" end="T9">PRONPRS</event>
      <event start="T9" end="T10">VN</event>
      <event start="T10" end="T11">P</event>
      <event start="T11" end="T12">PRONPRS</event>
    </tier>
    <tier id="TIE4" category="cat" type="a" display-name="cat">
      <event start="T1" end="T6">PP</event>
      <event start="T7" end="T8">VP</event>
      <event start="T8" end="T9">NP</event>
      <event start="T9" end="T10">VP</event>
      <event start="T10" end="T12">PP</event>
    </tier>
    <tier id="TIE10" category="clause-status" type="a" display-name="clause-status">
      <event start="T1" end="T12">MAINDECL</event>
    </tier>
    <tier id="TIE5" category="gf" type="a" display-name="gf">
      <event start="T1" end="T6">PO</event>
      <event start="T7" end="T8">VFIN</event>
      <event start="T8" end="T9">SUBJ</event>
      <event start="T9" end="T10">PARTPF</event>
      <event start="T10" end="T12">PO</event>
    </tier>
    <tier id="TIE6" category="syl_no" type="a" display-name="syl_no">
      <event start="T1" end="T6">9</event>
      <event start="T7" end="T8">2</event>
      <event start="T8" end="T9">1</event>
      <event start="T9" end="T10">3</event>
      <event start="T10" end="T12">3</event>
    </tier>
    <tier id="TIE7" category="givenness" type="a" display-name="givenness">
      <event start="T2" end="T3">NEW</event>
      <event start="T5" end="T6">NEW</event>
      <event start="T8" end="T9">GIV</event>
      <event start="T11" end="T12">GIV</event>
    </tier>
    <tier id="TIE8" category="top-comm" type="a" display-name="top-comm"/>
    <tier id="TIE13" category="aboutness" type="a" display-name="aboutness"/>
    <tier id="TIE14" category="position" type="a" display-name="position"/>
    <tier id="TIE15" category="topic-marker" type="a" display-name="topic-marker"/>
    <tier id="TIE16" category="definiteness" type="a" display-name="definiteness">
      <event start="T2" end="T3">INDEF</event>
      <event start="T5" end="T6">INDEF</event>
      <event start="T8" end="T9">DEF</event>
      <event start="T11" end="T12">DEF</event>
    </tier>
    <tier id="TIE9" category="foc-bg" type="a" display-name="foc-bg">
      <event start="T1" end="T12">NIF</event>
    </tier>
    <tier id="TIE17" category="foc-marker" type="a" display-name="foc-marker"/>
    <tier id="TIE18" category="context" type="a" display-name="context">
      <event start="T0" end="T12">AR (Fokus im Vorfeld)</event>
    </tier>
    <tier id="TIE11" category="comment" type="a" display-name="comment">
      <event start="T0" end="T12">Passivauflösung Vfin &gt;Partizip; Subjekt eingefügt nach V2 bei besetztem Vorfeld</event>
    </tier>
    <tier id="TIE12" category="bibl" type="d" display-name="bibl">
      <event start="T0" end="T12">T 77, 26-27 Beta Mt 10</event>
    </tier>
  </basic-body>
</basic-transcription>
