<?xml version="1.0" encoding="UTF-8"?>
<!-- (c) http://www.rrz.uni-hamburg.de/exmaralda -->
<basic-transcription>
  <head>
    <meta-information>
      <project-name/>
      <transcription-name/>
      <referenced-file url=""/>
      <ud-meta-information>
        <ud-information attribute-name="corpus-code">T</ud-information>
        <ud-information attribute-name="page">078</ud-information>
        <ud-information attribute-name="line">09</ud-information>
        <ud-information attribute-name="writer">beta</ud-information>
      </ud-meta-information>
      <comment/>
      <transcription-convention/>
    </meta-information>
    <speakertable>
      <speaker id="SPK0">
        <abbreviation>X</abbreviation>
        <sex value="m"/>
        <languages-used/>
        <l1/>
        <l2/>
        <ud-speaker-information>
</ud-speaker-information>
        <comment/>
      </speaker>
    </speakertable>
  </head>
  <basic-body>
    <common-timeline>
      <tli id="T0"/>
      <tli id="T1"/>
      <tli id="T2"/>
      <tli id="T3"/>
      <tli id="T4"/>
      <tli id="T5"/>
    </common-timeline>
    <tier id="TIE0" category="LAT" type="a" display-name="LAT">
      <event start="T0" end="T1">&amp;</event>
      <event start="T2" end="T3">morte</event>
      <event start="T3" end="T4">eos</event>
      <event start="T4" end="T5">afficient</event>
    </tier>
    <tier id="TIE1" category="words" type="t" display-name="ahd">
      <event start="T0" end="T1">Inti</event>
      <event start="T1" end="T2">mít</event>
      <event start="T2" end="T3">todu</event>
      <event start="T3" end="T4">uueigent</event>
      <event start="T4" end="T5">sie</event>
    </tier>
    <tier id="TIE2" category="align" type="a" display-name="align">
      <event start="T3" end="T4">=L4</event>
      <event start="T4" end="T5">=L3</event>
    </tier>
    <tier id="TIE3" category="pos" type="a" display-name="pos">
      <event start="T0" end="T1">CONJ</event>
      <event start="T1" end="T2">P</event>
      <event start="T2" end="T3">N</event>
      <event start="T3" end="T4">V</event>
      <event start="T4" end="T5">PRONPRS</event>
    </tier>
    <tier id="TIE4" category="cat" type="a" display-name="cat">
      <event start="T1" end="T3">PP</event>
      <event start="T3" end="T4">VP</event>
      <event start="T4" end="T5">NP</event>
    </tier>
    <tier id="TIE10" category="clause-status" type="a" display-name="clause-status">
      <event start="T1" end="T5">MAINDECL</event>
    </tier>
    <tier id="TIE5" category="gf" type="a" display-name="gf">
      <event start="T1" end="T3">PO</event>
      <event start="T3" end="T4">VFIN</event>
      <event start="T4" end="T5">DO</event>
    </tier>
    <tier id="TIE6" category="syl_no" type="a" display-name="syl_no">
      <event start="T1" end="T3">3</event>
      <event start="T3" end="T4">2</event>
      <event start="T4" end="T5">1</event>
    </tier>
    <tier id="TIE7" category="givenness" type="a" display-name="givenness">
      <event start="T4" end="T5">GIV</event>
    </tier>
    <tier id="TIE8" category="top-comm" type="a" display-name="top-comm"/>
    <tier id="TIE13" category="aboutness" type="a" display-name="aboutness"/>
    <tier id="TIE14" category="position" type="a" display-name="position"/>
    <tier id="TIE15" category="topic-marker" type="a" display-name="topic-marker"/>
    <tier id="TIE16" category="definiteness" type="a" display-name="definiteness">
      <event start="T4" end="T5">DEF</event>
    </tier>
    <tier id="TIE9" category="foc-bg" type="a" display-name="foc-bg">
      <event start="T1" end="T4">NIF</event>
    </tier>
    <tier id="TIE17" category="foc-marker" type="a" display-name="foc-marker"/>
    <tier id="TIE18" category="context" type="a" display-name="context"/>
    <tier id="TIE11" category="comment" type="a" display-name="comment">
      <event start="T0" end="T5">subjektlos; V2 bei Forfeldfokus und Umstellung des pronominalen DO nach Vfin</event>
    </tier>
    <tier id="TIE12" category="bibl" type="d" display-name="bibl">
      <event start="T0" end="T5">T 78, 9 Beta Mt 10</event>
    </tier>
  </basic-body>
</basic-transcription>
