<?xml version="1.0" encoding="UTF-8"?>
<!-- (c) http://www.rrz.uni-hamburg.de/exmaralda -->
<basic-transcription>
  <head>
    <meta-information>
      <project-name/>
      <transcription-name/>
      <referenced-file url=""/>
      <ud-meta-information>
        <ud-information attribute-name="corpus-code">T</ud-information>
        <ud-information attribute-name="page">081</ud-information>
        <ud-information attribute-name="line">14</ud-information>
        <ud-information attribute-name="writer">beta</ud-information>
      </ud-meta-information>
      <comment/>
      <transcription-convention/>
    </meta-information>
    <speakertable>
      <speaker id="SPK0">
        <abbreviation>X</abbreviation>
        <sex value="m"/>
        <languages-used/>
        <l1/>
        <l2/>
        <ud-speaker-information>
</ud-speaker-information>
        <comment/>
      </speaker>
    </speakertable>
  </head>
  <basic-body>
    <common-timeline>
      <tli id="T10"/>
      <tli id="T11"/>
      <tli id="T12"/>
      <tli id="T13"/>
      <tli id="T14"/>
    </common-timeline>
    <tier id="TIE0" category="LAT" type="a" display-name="LAT">
      <event start="T12" end="T13">canan</event>
      <event start="T13" end="T14">galileae</event>
    </tier>
    <tier id="TIE1" category="words" type="t" display-name="ahd">
      <event start="T10" end="T11">thiu</event>
      <event start="T11" end="T12">hiéz</event>
      <event start="T12" end="T13">canan</event>
      <event start="T13" end="T14">galilee</event>
    </tier>
    <tier id="TIE2" category="align" type="a" display-name="align"/>
    <tier id="TIE3" category="pos" type="a" display-name="pos">
      <event start="T10" end="T11">PRONREL</event>
      <event start="T11" end="T12">VCOP</event>
      <event start="T12" end="T13">N</event>
      <event start="T13" end="T14">N</event>
    </tier>
    <tier id="TIE4" category="cat" type="a" display-name="cat">
      <event start="T10" end="T11">NP</event>
      <event start="T11" end="T12">VP</event>
      <event start="T12" end="T14">NP</event>
    </tier>
    <tier id="TIE10" category="clause-status" type="a" display-name="clause-status">
      <event start="T10" end="T14">REL</event>
    </tier>
    <tier id="TIE5" category="gf" type="a" display-name="gf">
      <event start="T10" end="T11">SUBJ</event>
      <event start="T11" end="T12">VFIN</event>
      <event start="T12" end="T14">PRDNOM</event>
    </tier>
    <tier id="TIE6" category="syl_no" type="a" display-name="syl_no">
      <event start="T10" end="T11">1</event>
      <event start="T11" end="T12">1</event>
      <event start="T12" end="T14">6</event>
    </tier>
    <tier id="TIE7" category="givenness" type="a" display-name="givenness"/>
    <tier id="TIE8" category="top-comm" type="a" display-name="top-comm"/>
    <tier id="TIE13" category="aboutness" type="a" display-name="aboutness"/>
    <tier id="TIE14" category="position" type="a" display-name="position"/>
    <tier id="TIE15" category="topic-marker" type="a" display-name="topic-marker"/>
    <tier id="TIE16" category="definiteness" type="a" display-name="definiteness"/>
    <tier id="TIE9" category="foc-bg" type="a" display-name="foc-bg">
      <event start="T11" end="T14">NIF</event>
    </tier>
    <tier id="TIE17" category="foc-marker" type="a" display-name="foc-marker"/>
    <tier id="TIE18" category="context" type="a" display-name="context"/>
    <tier id="TIE11" category="comment" type="a" display-name="comment">
      <event start="T10" end="T14">eingefügter Relativsatz mit Kopulaverb (V2)</event>
    </tier>
    <tier id="TIE12" category="bibl" type="d" display-name="bibl">
      <event start="T10" end="T14">T 81, 13-14 Beta Io 2</event>
    </tier>
  </basic-body>
</basic-transcription>
