<?xml version="1.0" encoding="UTF-8"?>
<!-- (c) http://www.rrz.uni-hamburg.de/exmaralda -->
<basic-transcription>
  <head>
    <meta-information>
      <project-name/>
      <transcription-name/>
      <referenced-file url=""/>
      <ud-meta-information>
        <ud-information attribute-name="corpus-code">T</ud-information>
        <ud-information attribute-name="page">080</ud-information>
        <ud-information attribute-name="line">14</ud-information>
        <ud-information attribute-name="writer">beta</ud-information>
      </ud-meta-information>
      <comment/>
      <transcription-convention/>
    </meta-information>
    <speakertable>
      <speaker id="SPK0">
        <abbreviation>X</abbreviation>
        <sex value="m"/>
        <languages-used/>
        <l1/>
        <l2/>
        <ud-speaker-information>
</ud-speaker-information>
        <comment/>
      </speaker>
    </speakertable>
  </head>
  <basic-body>
    <common-timeline>
      <tli id="T0"/>
      <tli id="T6"/>
      <tli id="T7"/>
      <tli id="T1"/>
      <tli id="T2"/>
      <tli id="T3"/>
      <tli id="T4"/>
      <tli id="T5"/>
    </common-timeline>
    <tier id="TIE0" category="LAT" type="a" display-name="LAT">
      <event start="T0" end="T6">&amp; qui amat filium aut filiam super mé.'/</event>
      <event start="T6" end="T1">non</event>
      <event start="T1" end="T2">est</event>
      <event start="T3" end="T4">mé</event>
      <event start="T4" end="T5">dignus</event>
    </tier>
    <tier id="TIE1" category="words" type="t" display-name="ahd">
      <event start="T0" end="T6">Inti thiethar niinphahit...</event>
      <event start="T6" end="T7">n+</event>
      <event start="T7" end="T1">ist</event>
      <event start="T1" end="T2"/>
      <event start="T2" end="T3">hér</event>
      <event start="T3" end="T4">mín</event>
      <event start="T4" end="T5">uuirdig</event>
    </tier>
    <tier id="TIE2" category="align" type="a" display-name="align"/>
    <tier id="TIE3" category="pos" type="a" display-name="pos">
      <event start="T6" end="T7">NEG</event>
      <event start="T7" end="T1">VCOP</event>
      <event start="T2" end="T3">PRONPRS</event>
      <event start="T3" end="T4">PRONPOS</event>
      <event start="T4" end="T5">A</event>
    </tier>
    <tier id="TIE4" category="cat" type="a" display-name="cat">
      <event start="T0" end="T6">CP</event>
      <event start="T6" end="T1">VP</event>
      <event start="T2" end="T3">NP</event>
      <event start="T3" end="T4">NP</event>
    </tier>
    <tier id="TIE10" category="clause-status" type="a" display-name="clause-status">
      <event start="T0" end="T5">MAINDECL</event>
    </tier>
    <tier id="TIE5" category="gf" type="a" display-name="gf">
      <event start="T0" end="T6">SUBJ</event>
      <event start="T6" end="T1">VFIN</event>
      <event start="T2" end="T3">SUBJ</event>
      <event start="T3" end="T4">IO</event>
      <event start="T4" end="T5">PRDNOM</event>
    </tier>
    <tier id="TIE6" category="syl_no" type="a" display-name="syl_no">
      <event start="T0" end="T6">12</event>
      <event start="T6" end="T1">1</event>
      <event start="T2" end="T3">1</event>
      <event start="T3" end="T4">1</event>
      <event start="T4" end="T5">2</event>
    </tier>
    <tier id="TIE7" category="givenness" type="a" display-name="givenness">
      <event start="T0" end="T6">NEW</event>
      <event start="T2" end="T3">GIV</event>
      <event start="T3" end="T4">GIV</event>
    </tier>
    <tier id="TIE8" category="top-comm" type="a" display-name="top-comm"/>
    <tier id="TIE13" category="aboutness" type="a" display-name="aboutness"/>
    <tier id="TIE14" category="position" type="a" display-name="position"/>
    <tier id="TIE15" category="topic-marker" type="a" display-name="topic-marker"/>
    <tier id="TIE16" category="definiteness" type="a" display-name="definiteness">
      <event start="T2" end="T3">DEF</event>
      <event start="T3" end="T4">DEF</event>
    </tier>
    <tier id="TIE9" category="foc-bg" type="a" display-name="foc-bg">
      <event start="T6" end="T5">NIF</event>
    </tier>
    <tier id="TIE17" category="foc-marker" type="a" display-name="foc-marker"/>
    <tier id="TIE18" category="context" type="a" display-name="context">
      <event start="T0" end="T5">AR (zum vorangehenden verallgemeinernden RS; aber V1 bei negiertem Prädikat)</event>
    </tier>
    <tier id="TIE11" category="comment" type="a" display-name="comment">
      <event start="T0" end="T5">eingefügtes Subjektspronomen; so auch 80, 12</event>
    </tier>
    <tier id="TIE12" category="bibl" type="d" display-name="bibl">
      <event start="T0" end="T5">T 80, 14 Beta Mt 10</event>
    </tier>
  </basic-body>
</basic-transcription>
