<?xml version="1.0" encoding="UTF-8"?>
<!-- (c) http://www.rrz.uni-hamburg.de/exmaralda -->
<basic-transcription>
  <head>
    <meta-information>
      <project-name/>
      <transcription-name/>
      <referenced-file url=""/>
      <ud-meta-information>
        <ud-information attribute-name="corpus-code">T</ud-information>
        <ud-information attribute-name="page">083</ud-information>
        <ud-information attribute-name="line">02-03</ud-information>
        <ud-information attribute-name="writer">beta</ud-information>
      </ud-meta-information>
      <comment/>
      <transcription-convention/>
    </meta-information>
    <speakertable>
      <speaker id="SPK0">
        <abbreviation>X</abbreviation>
        <sex value="m"/>
        <languages-used/>
        <l1/>
        <l2/>
        <ud-speaker-information>
</ud-speaker-information>
        <comment/>
      </speaker>
    </speakertable>
  </head>
  <basic-body>
    <common-timeline>
      <tli id="T0"/>
      <tli id="T5"/>
      <tli id="T1"/>
      <tli id="T2"/>
      <tli id="T3"/>
      <tli id="T4"/>
      <tli id="T6"/>
    </common-timeline>
    <tier id="TIE0" category="LAT" type="a" display-name="LAT">
      <event start="T0" end="T5">At</event>
      <event start="T5" end="T1">ille</event>
      <event start="T1" end="T2">egressus</event>
      <event start="T2" end="T3">coepit</event>
      <event start="T3" end="T4">/</event>
      <event start="T4" end="T6">praedicare</event>
    </tier>
    <tier id="TIE1" category="words" type="t" display-name="ahd">
      <event start="T0" end="T5">her</event>
      <event start="T5" end="T1">thó</event>
      <event start="T1" end="T2">uzganganti</event>
      <event start="T2" end="T3">bigonda</event>
      <event start="T3" end="T4">/</event>
      <event start="T4" end="T6">predigon</event>
    </tier>
    <tier id="TIE2" category="align" type="a" display-name="align">
      <event start="T0" end="T5">=L1</event>
      <event start="T5" end="T1">=L0</event>
    </tier>
    <tier id="TIE3" category="pos" type="a" display-name="pos">
      <event start="T0" end="T5">PRONPRS</event>
      <event start="T5" end="T1">ADV</event>
      <event start="T1" end="T2">VN</event>
      <event start="T2" end="T3">V</event>
      <event start="T4" end="T6">V</event>
    </tier>
    <tier id="TIE4" category="cat" type="a" display-name="cat">
      <event start="T0" end="T5">NP</event>
      <event start="T5" end="T1">ADVP</event>
      <event start="T1" end="T2">VP</event>
      <event start="T2" end="T3">VP</event>
      <event start="T4" end="T6">VP</event>
    </tier>
    <tier id="TIE10" category="clause-status" type="a" display-name="clause-status">
      <event start="T0" end="T6">MAINDECL</event>
    </tier>
    <tier id="TIE5" category="gf" type="a" display-name="gf">
      <event start="T0" end="T5">SUBJ</event>
      <event start="T5" end="T1">ADVTEMP</event>
      <event start="T1" end="T2">ATTR</event>
      <event start="T2" end="T3">VFIN</event>
      <event start="T4" end="T6">INF</event>
    </tier>
    <tier id="TIE6" category="syl_no" type="a" display-name="syl_no">
      <event start="T0" end="T5">1</event>
      <event start="T5" end="T1">1</event>
      <event start="T1" end="T2">4</event>
      <event start="T2" end="T3">3</event>
      <event start="T4" end="T6">3</event>
    </tier>
    <tier id="TIE7" category="givenness" type="a" display-name="givenness">
      <event start="T0" end="T5">GIV</event>
    </tier>
    <tier id="TIE8" category="top-comm" type="a" display-name="top-comm">
      <event start="T0" end="T5">TOP</event>
      <event start="T5" end="T6">COMM</event>
    </tier>
    <tier id="TIE13" category="aboutness" type="a" display-name="aboutness">
      <event start="T0" end="T5">AB</event>
    </tier>
    <tier id="TIE14" category="position" type="a" display-name="position">
      <event start="T0" end="T5">GV</event>
    </tier>
    <tier id="TIE15" category="topic-marker" type="a" display-name="topic-marker">
      <event start="T5" end="T1">thó</event>
    </tier>
    <tier id="TIE16" category="definiteness" type="a" display-name="definiteness">
      <event start="T0" end="T5">DEF</event>
    </tier>
    <tier id="TIE9" category="foc-bg" type="a" display-name="foc-bg">
      <event start="T5" end="T6">NIF</event>
    </tier>
    <tier id="TIE17" category="foc-marker" type="a" display-name="foc-marker"/>
    <tier id="TIE18" category="context" type="a" display-name="context">
      <event start="T0" end="T6">TW (Jesus-der geheilte Aussätzige)</event>
    </tier>
    <tier id="TIE11" category="comment" type="a" display-name="comment">
      <event start="T0" end="T6">her thó ist der Geheilte; markiert duch thó</event>
    </tier>
    <tier id="TIE12" category="bibl" type="d" display-name="bibl">
      <event start="T0" end="T6">T  Beta 83, 2-3, Mc 1, 45</event>
    </tier>
  </basic-body>
</basic-transcription>
