<?xml version="1.0" encoding="UTF-8"?>
<!-- (c) http://www.rrz.uni-hamburg.de/exmaralda -->
<basic-transcription>
  <head>
    <meta-information>
      <project-name/>
      <transcription-name/>
      <referenced-file url=""/>
      <ud-meta-information>
        <ud-information attribute-name="corpus-code">T</ud-information>
        <ud-information attribute-name="page">087</ud-information>
        <ud-information attribute-name="line">12-13</ud-information>
        <ud-information attribute-name="writer">beta</ud-information>
      </ud-meta-information>
      <comment/>
      <transcription-convention/>
    </meta-information>
    <speakertable>
      <speaker id="SPK0">
        <abbreviation>X</abbreviation>
        <sex value="m"/>
        <languages-used/>
        <l1/>
        <l2/>
        <ud-speaker-information>
</ud-speaker-information>
        <comment/>
      </speaker>
    </speakertable>
  </head>
  <basic-body>
    <common-timeline>
      <tli id="T0"/>
      <tli id="T1"/>
      <tli id="T2"/>
      <tli id="T3"/>
      <tli id="T4"/>
      <tli id="T5"/>
      <tli id="T6"/>
      <tli id="T7"/>
      <tli id="T8"/>
      <tli id="T9"/>
      <tli id="T10"/>
      <tli id="T11"/>
    </common-timeline>
    <tier id="TIE0" category="LAT" type="a" display-name="LAT">
      <event start="T0" end="T1">&amp;</event>
      <event start="T1" end="T2">neque</event>
      <event start="T3" end="T4">catenis</event>
      <event start="T4" end="T5">/</event>
      <event start="T5" end="T6">iam</event>
      <event start="T6" end="T7">quisquam</event>
      <event start="T7" end="T8">eum</event>
      <event start="T9" end="T10">poterat</event>
      <event start="T10" end="T11">ligare</event>
    </tier>
    <tier id="TIE1" category="words" type="t" display-name="ahd">
      <event start="T0" end="T1"/>
      <event start="T1" end="T2">noh</event>
      <event start="T2" end="T3">mit</event>
      <event start="T3" end="T4">k&amp;inon</event>
      <event start="T4" end="T5">/</event>
      <event start="T5" end="T6">giu</event>
      <event start="T6" end="T7">mohta</event>
      <event start="T7" end="T8">ín</event>
      <event start="T8" end="T9">einig</event>
      <event start="T9" end="T10">mán</event>
      <event start="T10" end="T11">gibintan</event>
    </tier>
    <tier id="TIE2" category="align" type="a" display-name="align">
      <event start="T6" end="T7">=L9</event>
      <event start="T8" end="T10">=L6</event>
    </tier>
    <tier id="TIE3" category="pos" type="a" display-name="pos">
      <event start="T1" end="T2">CONJ</event>
      <event start="T2" end="T3">P</event>
      <event start="T3" end="T4">N</event>
      <event start="T5" end="T6">ADV</event>
      <event start="T6" end="T7">VMOD</event>
      <event start="T7" end="T8">PRONPRS</event>
      <event start="T8" end="T9">PRONINDEF</event>
      <event start="T9" end="T10">N</event>
      <event start="T10" end="T11">V</event>
    </tier>
    <tier id="TIE4" category="cat" type="a" display-name="cat">
      <event start="T2" end="T4">PP</event>
      <event start="T5" end="T6">ADVP</event>
      <event start="T6" end="T7">VP</event>
      <event start="T7" end="T8">NP</event>
      <event start="T8" end="T10">NP</event>
      <event start="T10" end="T11">VP</event>
    </tier>
    <tier id="TIE10" category="clause-status" type="a" display-name="clause-status">
      <event start="T1" end="T11">MAINDECL</event>
    </tier>
    <tier id="TIE5" category="gf" type="a" display-name="gf">
      <event start="T2" end="T4">PO</event>
      <event start="T5" end="T6">ADVTEMP</event>
      <event start="T6" end="T7">VFIN</event>
      <event start="T7" end="T8">DO</event>
      <event start="T8" end="T10">SUBJ</event>
      <event start="T10" end="T11">INF</event>
    </tier>
    <tier id="TIE6" category="syl_no" type="a" display-name="syl_no">
      <event start="T1" end="T2">1</event>
      <event start="T2" end="T4">4</event>
      <event start="T5" end="T6">1</event>
      <event start="T6" end="T7">2</event>
      <event start="T7" end="T8">1</event>
      <event start="T8" end="T10">3</event>
      <event start="T10" end="T11">3</event>
    </tier>
    <tier id="TIE7" category="givenness" type="a" display-name="givenness">
      <event start="T3" end="T4">NEW</event>
      <event start="T7" end="T8">GIV</event>
      <event start="T8" end="T10">NEW</event>
    </tier>
    <tier id="TIE8" category="top-comm" type="a" display-name="top-comm"/>
    <tier id="TIE13" category="aboutness" type="a" display-name="aboutness"/>
    <tier id="TIE14" category="position" type="a" display-name="position"/>
    <tier id="TIE15" category="topic-marker" type="a" display-name="topic-marker"/>
    <tier id="TIE16" category="definiteness" type="a" display-name="definiteness">
      <event start="T3" end="T4">INDEF</event>
      <event start="T7" end="T8">DEF</event>
      <event start="T8" end="T10">INDEF</event>
    </tier>
    <tier id="TIE9" category="foc-bg" type="a" display-name="foc-bg">
      <event start="T1" end="T11">NIF</event>
    </tier>
    <tier id="TIE17" category="foc-marker" type="a" display-name="foc-marker"/>
    <tier id="TIE18" category="context" type="a" display-name="context"/>
    <tier id="TIE11" category="comment" type="a" display-name="comment">
      <event start="T0" end="T11">Früherstellung des Vfin als im Original;</event>
    </tier>
    <tier id="TIE12" category="bibl" type="d" display-name="bibl">
      <event start="T0" end="T11">T 87, 12-13 Beta Mc 5</event>
    </tier>
  </basic-body>
</basic-transcription>
