<?xml version="1.0" encoding="UTF-8"?>
<!-- (c) http://www.rrz.uni-hamburg.de/exmaralda -->
<basic-transcription>
  <head>
    <meta-information>
      <project-name/>
      <transcription-name/>
      <referenced-file url=""/>
      <ud-meta-information>
        <ud-information attribute-name="corpus-code">T</ud-information>
        <ud-information attribute-name="page">086</ud-information>
        <ud-information attribute-name="line">14-15</ud-information>
        <ud-information attribute-name="writer">beta</ud-information>
      </ud-meta-information>
      <comment/>
      <transcription-convention/>
    </meta-information>
    <speakertable>
      <speaker id="SPK0">
        <abbreviation>X</abbreviation>
        <sex value="m"/>
        <languages-used/>
        <l1/>
        <l2/>
        <ud-speaker-information>
</ud-speaker-information>
        <comment/>
      </speaker>
    </speakertable>
  </head>
  <basic-body>
    <common-timeline>
      <tli id="T0"/>
      <tli id="T5"/>
      <tli id="T1"/>
      <tli id="T2"/>
      <tli id="T3"/>
      <tli id="T4"/>
      <tli id="T6"/>
      <tli id="T7"/>
      <tli id="T8"/>
      <tli id="T9"/>
    </common-timeline>
    <tier id="TIE0" category="LAT" type="a" display-name="LAT">
      <event start="T0" end="T5">ita ut</event>
      <event start="T1" end="T2">nauicula</event>
      <event start="T2" end="T3">/</event>
      <event start="T3" end="T4">operir&amp;ur</event>
      <event start="T8" end="T9">fluctibus</event>
    </tier>
    <tier id="TIE1" category="words" type="t" display-name="ahd">
      <event start="T0" end="T5">só thaz</event>
      <event start="T5" end="T1">thaz</event>
      <event start="T1" end="T2">scef</event>
      <event start="T2" end="T3">/</event>
      <event start="T3" end="T4">uuard</event>
      <event start="T4" end="T6">bithekit</event>
      <event start="T6" end="T7">mit</event>
      <event start="T7" end="T8">then</event>
      <event start="T8" end="T9">undon</event>
    </tier>
    <tier id="TIE2" category="align" type="a" display-name="align"/>
    <tier id="TIE3" category="pos" type="a" display-name="pos">
      <event start="T0" end="T5">CONJ</event>
      <event start="T5" end="T1">PRONDEM</event>
      <event start="T1" end="T2">N</event>
      <event start="T3" end="T4">VAUX</event>
      <event start="T4" end="T6">VN</event>
      <event start="T6" end="T7">P</event>
      <event start="T7" end="T8">PRONDEM</event>
      <event start="T8" end="T9">N</event>
    </tier>
    <tier id="TIE4" category="cat" type="a" display-name="cat">
      <event start="T5" end="T2">NP</event>
      <event start="T3" end="T6">VP</event>
      <event start="T6" end="T9">PP</event>
    </tier>
    <tier id="TIE10" category="clause-status" type="a" display-name="clause-status">
      <event start="T0" end="T9">SUBCONS</event>
    </tier>
    <tier id="TIE5" category="gf" type="a" display-name="gf">
      <event start="T5" end="T2">SUBJ</event>
      <event start="T3" end="T4">VFIN</event>
      <event start="T4" end="T6">PARTPF</event>
      <event start="T6" end="T9">PO</event>
    </tier>
    <tier id="TIE6" category="syl_no" type="a" display-name="syl_no">
      <event start="T0" end="T5">2</event>
      <event start="T5" end="T2">2</event>
      <event start="T3" end="T4">1</event>
      <event start="T4" end="T6">3</event>
      <event start="T6" end="T9">4</event>
    </tier>
    <tier id="TIE7" category="givenness" type="a" display-name="givenness">
      <event start="T5" end="T2">GIV</event>
    </tier>
    <tier id="TIE8" category="top-comm" type="a" display-name="top-comm">
      <event start="T5" end="T2">TOP</event>
      <event start="T3" end="T9">COMM</event>
    </tier>
    <tier id="TIE13" category="aboutness" type="a" display-name="aboutness">
      <event start="T5" end="T2">AB</event>
    </tier>
    <tier id="TIE14" category="position" type="a" display-name="position"/>
    <tier id="TIE15" category="topic-marker" type="a" display-name="topic-marker"/>
    <tier id="TIE16" category="definiteness" type="a" display-name="definiteness">
      <event start="T5" end="T2">DEF</event>
    </tier>
    <tier id="TIE9" category="foc-bg" type="a" display-name="foc-bg">
      <event start="T3" end="T9">NIF</event>
    </tier>
    <tier id="TIE17" category="foc-marker" type="a" display-name="foc-marker"/>
    <tier id="TIE18" category="context" type="a" display-name="context">
      <event start="T0" end="T9">AR</event>
    </tier>
    <tier id="TIE11" category="comment" type="a" display-name="comment">
      <event start="T0" end="T9">V2 bei Passivauflösung;</event>
    </tier>
    <tier id="TIE12" category="bibl" type="d" display-name="bibl">
      <event start="T0" end="T9">T  86, 14-15 Beta Mt 8, 26</event>
    </tier>
  </basic-body>
</basic-transcription>
