<?xml version="1.0" encoding="UTF-8"?>
<!-- (c) http://www.rrz.uni-hamburg.de/exmaralda -->
<basic-transcription>
  <head>
    <meta-information>
      <project-name/>
      <transcription-name/>
      <referenced-file url=""/>
      <ud-meta-information>
        <ud-information attribute-name="corpus-code">T</ud-information>
        <ud-information attribute-name="page">094</ud-information>
        <ud-information attribute-name="line">22-23</ud-information>
        <ud-information attribute-name="writer">beta</ud-information>
      </ud-meta-information>
      <comment/>
      <transcription-convention/>
    </meta-information>
    <speakertable>
      <speaker id="SPK0">
        <abbreviation>X</abbreviation>
        <sex value="m"/>
        <languages-used/>
        <l1/>
        <l2/>
        <ud-speaker-information>
</ud-speaker-information>
        <comment/>
      </speaker>
    </speakertable>
  </head>
  <basic-body>
    <common-timeline>
      <tli id="T0"/>
      <tli id="T1"/>
      <tli id="T2"/>
      <tli id="T3"/>
      <tli id="T4"/>
      <tli id="T5"/>
      <tli id="T6"/>
      <tli id="T7"/>
      <tli id="T8"/>
      <tli id="T9"/>
      <tli id="T10"/>
      <tli id="T11"/>
    </common-timeline>
    <tier id="TIE0" category="LAT" type="a" display-name="LAT">
      <event start="T0" end="T1">ipse</event>
      <event start="T2" end="T3">meus</event>
      <event start="T3" end="T4">&amp;</event>
      <event start="T4" end="T5">frater</event>
      <event start="T5" end="T6">/</event>
      <event start="T6" end="T7">&amp;</event>
      <event start="T7" end="T8">soror</event>
      <event start="T8" end="T9">&amp;</event>
      <event start="T9" end="T10">mater</event>
      <event start="T10" end="T11">est</event>
    </tier>
    <tier id="TIE1" category="words" type="t" display-name="ahd">
      <event start="T0" end="T1">ther</event>
      <event start="T1" end="T2">ist</event>
      <event start="T2" end="T3">mín</event>
      <event start="T3" end="T4"/>
      <event start="T4" end="T5">bruoder</event>
      <event start="T5" end="T6">/</event>
      <event start="T6" end="T7">Inti</event>
      <event start="T7" end="T8">suester</event>
      <event start="T8" end="T9">inti</event>
      <event start="T9" end="T10">muoter</event>
      <event start="T10" end="T11"/>
    </tier>
    <tier id="TIE2" category="align" type="a" display-name="align">
      <event start="T1" end="T2">=L10</event>
    </tier>
    <tier id="TIE3" category="pos" type="a" display-name="pos">
      <event start="T0" end="T1">PRONDEM</event>
      <event start="T1" end="T2">VCOP</event>
      <event start="T2" end="T3">PRONPOS</event>
      <event start="T4" end="T5">N</event>
      <event start="T6" end="T7">CONJ</event>
      <event start="T7" end="T8">N</event>
      <event start="T8" end="T9">CONJ</event>
      <event start="T9" end="T10">N</event>
    </tier>
    <tier id="TIE4" category="cat" type="a" display-name="cat">
      <event start="T0" end="T1">NP</event>
      <event start="T1" end="T2">VP</event>
      <event start="T2" end="T5">NP</event>
      <event start="T7" end="T8">NP</event>
      <event start="T9" end="T10">NP</event>
    </tier>
    <tier id="TIE10" category="clause-status" type="a" display-name="clause-status">
      <event start="T0" end="T10">MAINDECL</event>
    </tier>
    <tier id="TIE5" category="gf" type="a" display-name="gf">
      <event start="T0" end="T1">SUBJ</event>
      <event start="T1" end="T2">VFIN</event>
      <event start="T2" end="T5">PRDNOM</event>
      <event start="T7" end="T8">PRDNOM</event>
      <event start="T9" end="T10">PRDNOM</event>
    </tier>
    <tier id="TIE6" category="syl_no" type="a" display-name="syl_no">
      <event start="T0" end="T1">1</event>
      <event start="T1" end="T2">1</event>
      <event start="T2" end="T5">3</event>
      <event start="T6" end="T7">2</event>
      <event start="T7" end="T8">2</event>
      <event start="T8" end="T9">2</event>
      <event start="T9" end="T10">2</event>
    </tier>
    <tier id="TIE7" category="givenness" type="a" display-name="givenness">
      <event start="T0" end="T1">GIV</event>
    </tier>
    <tier id="TIE8" category="top-comm" type="a" display-name="top-comm">
      <event start="T0" end="T1">TOP</event>
      <event start="T1" end="T10">COMM</event>
    </tier>
    <tier id="TIE13" category="aboutness" type="a" display-name="aboutness">
      <event start="T0" end="T1">AB</event>
    </tier>
    <tier id="TIE14" category="position" type="a" display-name="position">
      <event start="T0" end="T1">GV</event>
    </tier>
    <tier id="TIE15" category="topic-marker" type="a" display-name="topic-marker"/>
    <tier id="TIE16" category="definiteness" type="a" display-name="definiteness">
      <event start="T0" end="T1">DEF</event>
    </tier>
    <tier id="TIE9" category="foc-bg" type="a" display-name="foc-bg">
      <event start="T1" end="T10">NIF</event>
    </tier>
    <tier id="TIE17" category="foc-marker" type="a" display-name="foc-marker"/>
    <tier id="TIE18" category="context" type="a" display-name="context">
      <event start="T0" end="T11">AR (Nach verallgemeinerndem RS als Vorsatz)</event>
    </tier>
    <tier id="TIE11" category="comment" type="a" display-name="comment">
      <event start="T0" end="T11">V2 gegen Original; Verletzung der Zeilengrenze</event>
    </tier>
    <tier id="TIE12" category="bibl" type="d" display-name="bibl">
      <event start="T0" end="T11">T 94, 22-23 Beta Mt 12</event>
    </tier>
  </basic-body>
</basic-transcription>
