<?xml version="1.0" encoding="UTF-8"?>
<!-- (c) http://www.rrz.uni-hamburg.de/exmaralda -->
<basic-transcription>
  <head>
    <meta-information>
      <project-name/>
      <transcription-name/>
      <referenced-file url=""/>
      <ud-meta-information>
        <ud-information attribute-name="corpus-code">T</ud-information>
        <ud-information attribute-name="page">100</ud-information>
        <ud-information attribute-name="line">20</ud-information>
        <ud-information attribute-name="writer">beta</ud-information>
      </ud-meta-information>
      <comment/>
      <transcription-convention/>
    </meta-information>
    <speakertable>
      <speaker id="SPK0">
        <abbreviation>X</abbreviation>
        <sex value="m"/>
        <languages-used/>
        <l1/>
        <l2/>
        <ud-speaker-information>
</ud-speaker-information>
        <comment/>
      </speaker>
    </speakertable>
  </head>
  <basic-body>
    <common-timeline>
      <tli id="T0"/>
      <tli id="T5"/>
      <tli id="T1"/>
      <tli id="T2"/>
    </common-timeline>
    <tier id="TIE0" category="LAT" type="a" display-name="LAT">
      <event start="T0" end="T5">pauperes</event>
      <event start="T5" end="T2">euangelizatur</event>
    </tier>
    <tier id="TIE1" category="words" type="t" display-name="ahd">
      <event start="T0" end="T5">thurftige</event>
      <event start="T5" end="T1">sint</event>
      <event start="T1" end="T2">gipredigot</event>
    </tier>
    <tier id="TIE2" category="align" type="a" display-name="align"/>
    <tier id="TIE3" category="pos" type="a" display-name="pos">
      <event start="T0" end="T5">N</event>
      <event start="T5" end="T1">VAUX</event>
      <event start="T1" end="T2">VN</event>
    </tier>
    <tier id="TIE4" category="cat" type="a" display-name="cat">
      <event start="T0" end="T5">NP</event>
      <event start="T5" end="T2">VP</event>
    </tier>
    <tier id="TIE10" category="clause-status" type="a" display-name="clause-status">
      <event start="T0" end="T2">MAINDECL</event>
    </tier>
    <tier id="TIE5" category="gf" type="a" display-name="gf">
      <event start="T0" end="T5">SUBJ</event>
      <event start="T5" end="T1">VFIN</event>
      <event start="T1" end="T2">PARTPF</event>
    </tier>
    <tier id="TIE6" category="syl_no" type="a" display-name="syl_no">
      <event start="T0" end="T5">3</event>
      <event start="T5" end="T1">1</event>
      <event start="T1" end="T2">4</event>
    </tier>
    <tier id="TIE7" category="givenness" type="a" display-name="givenness">
      <event start="T0" end="T5">ACC</event>
    </tier>
    <tier id="TIE8" category="top-comm" type="a" display-name="top-comm">
      <event start="T0" end="T5">TOP</event>
      <event start="T5" end="T2">COMM</event>
    </tier>
    <tier id="TIE13" category="aboutness" type="a" display-name="aboutness">
      <event start="T0" end="T5">AB</event>
    </tier>
    <tier id="TIE14" category="position" type="a" display-name="position">
      <event start="T0" end="T5">GV</event>
    </tier>
    <tier id="TIE15" category="topic-marker" type="a" display-name="topic-marker"/>
    <tier id="TIE16" category="definiteness" type="a" display-name="definiteness">
      <event start="T0" end="T5">INDEF</event>
    </tier>
    <tier id="TIE9" category="foc-bg" type="a" display-name="foc-bg">
      <event start="T5" end="T2">NIF</event>
    </tier>
    <tier id="TIE17" category="foc-marker" type="a" display-name="foc-marker"/>
    <tier id="TIE18" category="context" type="a" display-name="context">
      <event start="T0" end="T2">V2 in generischen Aussagen (100, 16-20)</event>
    </tier>
    <tier id="TIE11" category="comment" type="a" display-name="comment">
      <event start="T0" end="T2">Auflösung des synthetischen Passivs durch sein+Partizip unflektiert; V2-Stellung des Finitums</event>
    </tier>
    <tier id="TIE12" category="bibl" type="d" display-name="bibl">
      <event start="T0" end="T2">T 100, 20 Beta Lc 7, 19</event>
    </tier>
  </basic-body>
</basic-transcription>
