<?xml version="1.0" encoding="UTF-8"?>
<!-- (c) http://www.rrz.uni-hamburg.de/exmaralda -->
<basic-transcription>
  <head>
    <meta-information>
      <project-name/>
      <transcription-name/>
      <referenced-file url=""/>
      <ud-meta-information>
        <ud-information attribute-name="corpus-code">T</ud-information>
        <ud-information attribute-name="page">103</ud-information>
        <ud-information attribute-name="line">26-27</ud-information>
        <ud-information attribute-name="writer">beta</ud-information>
      </ud-meta-information>
      <comment/>
      <transcription-convention/>
    </meta-information>
    <speakertable>
      <speaker id="SPK0">
        <abbreviation>X</abbreviation>
        <sex value="m"/>
        <languages-used/>
        <l1/>
        <l2/>
        <ud-speaker-information>
</ud-speaker-information>
        <comment/>
      </speaker>
    </speakertable>
  </head>
  <basic-body>
    <common-timeline>
      <tli id="T0"/>
      <tli id="T1"/>
      <tli id="T2"/>
      <tli id="T3"/>
      <tli id="T4"/>
      <tli id="T5"/>
      <tli id="T6"/>
      <tli id="T7"/>
      <tli id="T8"/>
    </common-timeline>
    <tier id="TIE0" category="LAT" type="a" display-name="LAT">
      <event start="T0" end="T1">quod</event>
      <event start="T1" end="T2">nomina</event>
      <event start="T2" end="T3">uestra</event>
      <event start="T3" end="T4">scripta</event>
      <event start="T4" end="T5">sunt</event>
      <event start="T5" end="T6">/</event>
      <event start="T6" end="T7">in</event>
      <event start="T7" end="T8">celis</event>
    </tier>
    <tier id="TIE1" category="words" type="t" display-name="ahd">
      <event start="T0" end="T1">thaz</event>
      <event start="T1" end="T2">íuuere</event>
      <event start="T2" end="T3">namon</event>
      <event start="T3" end="T4">sint</event>
      <event start="T4" end="T5">giscribane</event>
      <event start="T5" end="T6">/</event>
      <event start="T6" end="T7">in</event>
      <event start="T7" end="T8">himile</event>
    </tier>
    <tier id="TIE2" category="align" type="a" display-name="align">
      <event start="T3" end="T4">=L4</event>
      <event start="T4" end="T5">=L3</event>
    </tier>
    <tier id="TIE3" category="pos" type="a" display-name="pos">
      <event start="T0" end="T1">CONJ</event>
      <event start="T1" end="T2">PRONPOS</event>
      <event start="T2" end="T3">N</event>
      <event start="T3" end="T4">VAUX</event>
      <event start="T4" end="T5">VN</event>
      <event start="T6" end="T7">P</event>
      <event start="T7" end="T8">N</event>
    </tier>
    <tier id="TIE4" category="cat" type="a" display-name="cat">
      <event start="T1" end="T3">NP</event>
      <event start="T3" end="T5">VP</event>
      <event start="T6" end="T8">PP</event>
    </tier>
    <tier id="TIE10" category="clause-status" type="a" display-name="clause-status">
      <event start="T0" end="T8">SUB</event>
    </tier>
    <tier id="TIE5" category="gf" type="a" display-name="gf">
      <event start="T1" end="T3">SUBJ</event>
      <event start="T3" end="T4">VFIN</event>
      <event start="T4" end="T5">PARTPF</event>
      <event start="T6" end="T8">ADVLOC</event>
    </tier>
    <tier id="TIE6" category="syl_no" type="a" display-name="syl_no">
      <event start="T0" end="T1">1</event>
      <event start="T1" end="T3">5</event>
      <event start="T3" end="T5">5</event>
      <event start="T6" end="T8">4</event>
    </tier>
    <tier id="TIE7" category="givenness" type="a" display-name="givenness">
      <event start="T1" end="T3">ACC</event>
    </tier>
    <tier id="TIE8" category="top-comm" type="a" display-name="top-comm"/>
    <tier id="TIE13" category="aboutness" type="a" display-name="aboutness"/>
    <tier id="TIE14" category="position" type="a" display-name="position"/>
    <tier id="TIE15" category="topic-marker" type="a" display-name="topic-marker"/>
    <tier id="TIE16" category="definiteness" type="a" display-name="definiteness">
      <event start="T1" end="T3">DEF</event>
    </tier>
    <tier id="TIE9" category="foc-bg" type="a" display-name="foc-bg"/>
    <tier id="TIE17" category="foc-marker" type="a" display-name="foc-marker"/>
    <tier id="TIE18" category="context" type="a" display-name="context">
      <event start="T0" end="T8">AR (V2 im NS)</event>
    </tier>
    <tier id="TIE11" category="comment" type="a" display-name="comment">
      <event start="T0" end="T8">Umstellung hin zu V2 bei AR im NS</event>
    </tier>
    <tier id="TIE12" category="bibl" type="d" display-name="bibl">
      <event start="T0" end="T8">T 103, 26-27 Beta Lc 10</event>
    </tier>
  </basic-body>
</basic-transcription>
