<?xml version="1.0" encoding="UTF-8"?>
<!-- (c) http://www.rrz.uni-hamburg.de/exmaralda -->
<basic-transcription>
  <head>
    <meta-information>
      <project-name/>
      <transcription-name/>
      <referenced-file url=""/>
      <ud-meta-information>
        <ud-information attribute-name="corpus-code">T</ud-information>
        <ud-information attribute-name="page">104</ud-information>
        <ud-information attribute-name="line">31a</ud-information>
        <ud-information attribute-name="writer">beta</ud-information>
      </ud-meta-information>
      <comment/>
      <transcription-convention/>
    </meta-information>
    <speakertable>
      <speaker id="SPK0">
        <abbreviation>X</abbreviation>
        <sex value="m"/>
        <languages-used/>
        <l1/>
        <l2/>
        <ud-speaker-information>
</ud-speaker-information>
        <comment/>
      </speaker>
    </speakertable>
  </head>
  <basic-body>
    <common-timeline>
      <tli id="T7"/>
      <tli id="T8"/>
      <tli id="T9"/>
    </common-timeline>
    <tier id="TIE0" category="LAT" type="a" display-name="LAT">
      <event start="T7" end="T8">inludere</event>
      <event start="T8" end="T9">ei</event>
    </tier>
    <tier id="TIE1" category="words" type="t" display-name="ahd">
      <event start="T7" end="T8">inan</event>
      <event start="T8" end="T9">bismaron</event>
    </tier>
    <tier id="TIE2" category="align" type="a" display-name="align">
      <event start="T7" end="T8">=L1</event>
      <event start="T8" end="T9">=L0</event>
    </tier>
    <tier id="TIE3" category="pos" type="a" display-name="pos">
      <event start="T7" end="T8">PRONPRS</event>
      <event start="T8" end="T9">V</event>
    </tier>
    <tier id="TIE4" category="cat" type="a" display-name="cat">
      <event start="T7" end="T8">NP</event>
      <event start="T8" end="T9">VP</event>
    </tier>
    <tier id="TIE10" category="clause-status" type="a" display-name="clause-status">
      <event start="T7" end="T9">INFCLAUSE</event>
    </tier>
    <tier id="TIE5" category="gf" type="a" display-name="gf">
      <event start="T7" end="T8">DO</event>
      <event start="T8" end="T9">INF</event>
    </tier>
    <tier id="TIE6" category="syl_no" type="a" display-name="syl_no">
      <event start="T7" end="T8">2</event>
      <event start="T8" end="T9">3</event>
    </tier>
    <tier id="TIE7" category="givenness" type="a" display-name="givenness">
      <event start="T7" end="T8">GIV</event>
    </tier>
    <tier id="TIE8" category="top-comm" type="a" display-name="top-comm"/>
    <tier id="TIE13" category="aboutness" type="a" display-name="aboutness"/>
    <tier id="TIE14" category="position" type="a" display-name="position"/>
    <tier id="TIE15" category="topic-marker" type="a" display-name="topic-marker"/>
    <tier id="TIE16" category="definiteness" type="a" display-name="definiteness">
      <event start="T7" end="T8">DEF</event>
    </tier>
    <tier id="TIE9" category="foc-bg" type="a" display-name="foc-bg"/>
    <tier id="TIE17" category="foc-marker" type="a" display-name="foc-marker"/>
    <tier id="TIE18" category="context" type="a" display-name="context">
      <event start="T7" end="T9">AR</event>
    </tier>
    <tier id="TIE11" category="comment" type="a" display-name="comment">
      <event start="T7" end="T9">Infinitiv rechtsperipher</event>
    </tier>
    <tier id="TIE12" category="bibl" type="d" display-name="bibl">
      <event start="T7" end="T9">T 104, 31Beta Lc 14, 26</event>
    </tier>
  </basic-body>
</basic-transcription>
