<?xml version="1.0" encoding="UTF-8"?>
<!-- (c) http://www.rrz.uni-hamburg.de/exmaralda -->
<basic-transcription>
  <head>
    <meta-information>
      <project-name/>
      <transcription-name/>
      <referenced-file url=""/>
      <ud-meta-information>
        <ud-information attribute-name="corpus-code">T</ud-information>
        <ud-information attribute-name="page">125</ud-information>
        <ud-information attribute-name="line">18</ud-information>
        <ud-information attribute-name="writer">gamma</ud-information>
      </ud-meta-information>
      <comment/>
      <transcription-convention/>
    </meta-information>
    <speakertable>
      <speaker id="SPK0">
        <abbreviation>X</abbreviation>
        <sex value="m"/>
        <languages-used/>
        <l1/>
        <l2/>
        <ud-speaker-information>
</ud-speaker-information>
        <comment/>
      </speaker>
    </speakertable>
  </head>
  <basic-body>
    <common-timeline>
      <tli id="T0"/>
      <tli id="T5"/>
      <tli id="T1"/>
      <tli id="T2"/>
      <tli id="T3"/>
      <tli id="T4"/>
    </common-timeline>
    <tier id="TIE0" category="LAT" type="a" display-name="LAT">
      <event start="T0" end="T5">numquid</event>
      <event start="T5" end="T1">&amp;</event>
      <event start="T1" end="T2">uos</event>
      <event start="T2" end="T3">uultis</event>
      <event start="T3" end="T4">abire</event>
    </tier>
    <tier id="TIE1" category="words" type="t" display-name="ahd">
      <event start="T0" end="T5">enonu</event>
      <event start="T5" end="T1"/>
      <event start="T1" end="T2">uuollet</event>
      <event start="T2" end="T3">ir</event>
      <event start="T3" end="T4">faran</event>
    </tier>
    <tier id="TIE2" category="align" type="a" display-name="align">
      <event start="T1" end="T2">=L3</event>
      <event start="T2" end="T3">=L2</event>
    </tier>
    <tier id="TIE3" category="pos" type="a" display-name="pos">
      <event start="T0" end="T5">PTC</event>
      <event start="T1" end="T2">VMOD</event>
      <event start="T2" end="T3">PRONPRS</event>
      <event start="T3" end="T4">V</event>
    </tier>
    <tier id="TIE4" category="cat" type="a" display-name="cat">
      <event start="T1" end="T2">VP</event>
      <event start="T2" end="T3">NP</event>
      <event start="T3" end="T4">VP</event>
    </tier>
    <tier id="TIE10" category="clause-status" type="a" display-name="clause-status">
      <event start="T0" end="T4">MAININTERR</event>
    </tier>
    <tier id="TIE5" category="gf" type="a" display-name="gf">
      <event start="T1" end="T2">VFIN</event>
      <event start="T2" end="T3">SUBJ</event>
      <event start="T3" end="T4">INF</event>
    </tier>
    <tier id="TIE6" category="syl_no" type="a" display-name="syl_no">
      <event start="T1" end="T2">2</event>
      <event start="T2" end="T3">1</event>
      <event start="T3" end="T4">2</event>
    </tier>
    <tier id="TIE7" category="givenness" type="a" display-name="givenness">
      <event start="T2" end="T3">GIV</event>
    </tier>
    <tier id="TIE8" category="top-comm" type="a" display-name="top-comm"/>
    <tier id="TIE13" category="aboutness" type="a" display-name="aboutness"/>
    <tier id="TIE14" category="position" type="a" display-name="position"/>
    <tier id="TIE15" category="topic-marker" type="a" display-name="topic-marker"/>
    <tier id="TIE16" category="definiteness" type="a" display-name="definiteness">
      <event start="T2" end="T3">DEF</event>
    </tier>
    <tier id="TIE9" category="foc-bg" type="a" display-name="foc-bg">
      <event start="T2" end="T3">CF</event>
    </tier>
    <tier id="TIE17" category="foc-marker" type="a" display-name="foc-marker">
      <event start="T5" end="T1">&amp;</event>
    </tier>
    <tier id="TIE18" category="context" type="a" display-name="context"/>
    <tier id="TIE11" category="comment" type="a" display-name="comment">
      <event start="T0" end="T4">Personalpronomen in Kontrastlesart (Jünger vs. andere)</event>
    </tier>
    <tier id="TIE12" category="bibl" type="d" display-name="bibl">
      <event start="T0" end="T4">T 125, 18 Gamma Io 6, 67</event>
    </tier>
  </basic-body>
</basic-transcription>
