<?xml version="1.0" encoding="UTF-8"?>
<!-- (c) http://www.rrz.uni-hamburg.de/exmaralda -->
<basic-transcription>
  <head>
    <meta-information>
      <project-name/>
      <transcription-name/>
      <referenced-file url=""/>
      <ud-meta-information>
        <ud-information attribute-name="corpus-code">T</ud-information>
        <ud-information attribute-name="page">129</ud-information>
        <ud-information attribute-name="line">31-32</ud-information>
        <ud-information attribute-name="writer">gamma</ud-information>
      </ud-meta-information>
      <comment/>
      <transcription-convention/>
    </meta-information>
    <speakertable>
      <speaker id="SPK0">
        <abbreviation>X</abbreviation>
        <sex value="m"/>
        <languages-used/>
        <l1/>
        <l2/>
        <ud-speaker-information>
</ud-speaker-information>
        <comment/>
      </speaker>
    </speakertable>
  </head>
  <basic-body>
    <common-timeline>
      <tli id="T0"/>
      <tli id="T1"/>
      <tli id="T2"/>
      <tli id="T3"/>
      <tli id="T4"/>
      <tli id="T5"/>
      <tli id="T6"/>
      <tli id="T7"/>
      <tli id="T8"/>
      <tli id="T9"/>
      <tli id="T10"/>
    </common-timeline>
    <tier id="TIE0" category="LAT" type="a" display-name="LAT">
      <event start="T0" end="T1">&amp;</event>
      <event start="T1" end="T2">sanata</event>
      <event start="T3" end="T4">est</event>
      <event start="T4" end="T5">/</event>
      <event start="T5" end="T6">filia</event>
      <event start="T6" end="T7">illius</event>
      <event start="T7" end="T8">ex</event>
      <event start="T8" end="T9">illa</event>
      <event start="T9" end="T10">hora</event>
    </tier>
    <tier id="TIE1" category="words" type="t" display-name="ahd">
      <event start="T0" end="T1">inti</event>
      <event start="T1" end="T2">uuas</event>
      <event start="T2" end="T3">tho</event>
      <event start="T3" end="T4">giheilit</event>
      <event start="T4" end="T5">/</event>
      <event start="T5" end="T6">ira</event>
      <event start="T6" end="T7">tohter</event>
      <event start="T7" end="T8">fon</event>
      <event start="T8" end="T9">dero</event>
      <event start="T9" end="T10">ziti</event>
    </tier>
    <tier id="TIE2" category="align" type="a" display-name="align">
      <event start="T1" end="T2">=L3</event>
      <event start="T3" end="T4">=L1</event>
    </tier>
    <tier id="TIE3" category="pos" type="a" display-name="pos">
      <event start="T0" end="T1">CONJ</event>
      <event start="T1" end="T2">VAUX</event>
      <event start="T2" end="T3">ADV</event>
      <event start="T3" end="T4">VN</event>
      <event start="T5" end="T6">PRONPOS</event>
      <event start="T6" end="T7">N</event>
      <event start="T7" end="T8">P</event>
      <event start="T8" end="T9">PRONDEM</event>
      <event start="T9" end="T10">N</event>
    </tier>
    <tier id="TIE4" category="cat" type="a" display-name="cat">
      <event start="T1" end="T2">vp+</event>
      <event start="T3" end="T4">VP</event>
      <event start="T5" end="T7">NP</event>
      <event start="T7" end="T10">PP</event>
    </tier>
    <tier id="TIE5" category="clause-status" type="a" display-name="clause-status">
      <event start="T1" end="T10">MAINDECL</event>
    </tier>
    <tier id="TIE6" category="gf" type="a" display-name="gf">
      <event start="T1" end="T2">VFIN</event>
      <event start="T2" end="T3">ADVTEMP</event>
      <event start="T3" end="T4">PARTPF</event>
      <event start="T5" end="T7">SUBJ</event>
      <event start="T7" end="T10">ADVTEMP</event>
    </tier>
    <tier id="TIE7" category="syl_no" type="a" display-name="syl_no">
      <event start="T1" end="T2">1</event>
      <event start="T2" end="T3">1</event>
      <event start="T3" end="T4">3</event>
      <event start="T5" end="T7">4</event>
      <event start="T7" end="T10">5</event>
    </tier>
    <tier id="TIE8" category="givenness" type="a" display-name="givenness">
      <event start="T5" end="T7">GIV</event>
    </tier>
    <tier id="TIE9" category="top-comm" type="a" display-name="top-comm"/>
    <tier id="TIE10" category="aboutness" type="a" display-name="aboutness"/>
    <tier id="TIE11" category="position" type="a" display-name="position"/>
    <tier id="TIE12" category="topic-marker" type="a" display-name="topic-marker"/>
    <tier id="TIE13" category="definiteness" type="a" display-name="definiteness">
      <event start="T5" end="T7">DEF</event>
    </tier>
    <tier id="TIE14" category="foc-bg" type="a" display-name="foc-bg"/>
    <tier id="TIE15" category="foc-marker" type="a" display-name="foc-marker"/>
    <tier id="TIE16" category="context" type="a" display-name="context"/>
    <tier id="TIE17" category="comment" type="a" display-name="comment">
      <event start="T0" end="T10">thô; V1 im HS nach Voranstellung</event>
    </tier>
    <tier id="TIE18" category="bibl" type="d" display-name="bibl">
      <event start="T0" end="T10">T 129, 31 - 32 Gamma Mt 15, 28</event>
    </tier>
  </basic-body>
</basic-transcription>
