<?xml version="1.0" encoding="UTF-8"?>
<!-- (c) http://www.rrz.uni-hamburg.de/exmaralda -->
<basic-transcription>
  <head>
    <meta-information>
      <project-name/>
      <transcription-name/>
      <referenced-file url=""/>
      <ud-meta-information>
        <ud-information attribute-name="corpus-code">T</ud-information>
        <ud-information attribute-name="page">122</ud-information>
        <ud-information attribute-name="line">24-25</ud-information>
        <ud-information attribute-name="writer">beta</ud-information>
      </ud-meta-information>
      <comment/>
      <transcription-convention/>
    </meta-information>
    <speakertable>
      <speaker id="SPK0">
        <abbreviation>X</abbreviation>
        <sex value="m"/>
        <languages-used/>
        <l1/>
        <l2/>
        <ud-speaker-information>
</ud-speaker-information>
        <comment/>
      </speaker>
    </speakertable>
  </head>
  <basic-body>
    <common-timeline>
      <tli id="T0"/>
      <tli id="T1"/>
      <tli id="T2"/>
      <tli id="T3"/>
      <tli id="T4"/>
      <tli id="T5"/>
      <tli id="T6"/>
      <tli id="T7"/>
      <tli id="T8"/>
      <tli id="T9"/>
    </common-timeline>
    <tier id="TIE0" category="LAT" type="a" display-name="LAT">
      <event start="T0" end="T1">ut</event>
      <event start="T1" end="T2">omne</event>
      <event start="T2" end="T3">...</event>
      <event start="T3" end="T4">/</event>
      <event start="T5" end="T6">non</event>
      <event start="T6" end="T7">perdam</event>
      <event start="T7" end="T8">ex</event>
      <event start="T8" end="T9">eo</event>
    </tier>
    <tier id="TIE1" category="words" type="t" display-name="ahd">
      <event start="T0" end="T1">thaz</event>
      <event start="T1" end="T2">al</event>
      <event start="T2" end="T3"/>
      <event start="T3" end="T4">/</event>
      <event start="T4" end="T5">ih</event>
      <event start="T5" end="T6">ni+</event>
      <event start="T6" end="T7">furliose</event>
      <event start="T7" end="T8">fon</event>
      <event start="T8" end="T9">themo</event>
    </tier>
    <tier id="TIE2" category="align" type="a" display-name="align"/>
    <tier id="TIE3" category="pos" type="a" display-name="pos">
      <event start="T0" end="T1">CONJ</event>
      <event start="T1" end="T2">PRONINDEF</event>
      <event start="T4" end="T5">PRONPRS</event>
      <event start="T5" end="T6">NEG</event>
      <event start="T6" end="T7">V</event>
      <event start="T7" end="T8">P</event>
      <event start="T8" end="T9">PRONDEM</event>
    </tier>
    <tier id="TIE4" category="cat" type="a" display-name="cat">
      <event start="T1" end="T2">NP</event>
      <event start="T4" end="T5">NP</event>
      <event start="T5" end="T7">VP</event>
      <event start="T7" end="T9">PP</event>
    </tier>
    <tier id="TIE10" category="clause-status" type="a" display-name="clause-status">
      <event start="T0" end="T9">SUBFINAL</event>
    </tier>
    <tier id="TIE5" category="gf" type="a" display-name="gf">
      <event start="T1" end="T2">DO</event>
      <event start="T4" end="T5">SUBJ</event>
      <event start="T5" end="T7">VFIN</event>
      <event start="T7" end="T9">PO</event>
    </tier>
    <tier id="TIE6" category="syl_no" type="a" display-name="syl_no">
      <event start="T0" end="T1">1</event>
      <event start="T1" end="T2">1</event>
      <event start="T4" end="T5">1</event>
      <event start="T5" end="T7">4</event>
      <event start="T7" end="T9">3</event>
    </tier>
    <tier id="TIE7" category="givenness" type="a" display-name="givenness">
      <event start="T4" end="T5">GIV</event>
      <event start="T8" end="T9">GIV</event>
    </tier>
    <tier id="TIE8" category="top-comm" type="a" display-name="top-comm"/>
    <tier id="TIE13" category="aboutness" type="a" display-name="aboutness"/>
    <tier id="TIE14" category="position" type="a" display-name="position"/>
    <tier id="TIE15" category="topic-marker" type="a" display-name="topic-marker"/>
    <tier id="TIE16" category="definiteness" type="a" display-name="definiteness">
      <event start="T4" end="T5">DEF</event>
      <event start="T8" end="T9">DEF</event>
    </tier>
    <tier id="TIE9" category="foc-bg" type="a" display-name="foc-bg">
      <event start="T1" end="T9">CF</event>
    </tier>
    <tier id="TIE17" category="foc-marker" type="a" display-name="foc-marker"/>
    <tier id="TIE18" category="context" type="a" display-name="context"/>
    <tier id="TIE11" category="comment" type="a" display-name="comment">
      <event start="T0" end="T9">eingefügtes Subjektspronomen vor vfin im NS</event>
    </tier>
    <tier id="TIE12" category="bibl" type="d" display-name="bibl">
      <event start="T0" end="T9">T 122, 24-25 Beta Io 6</event>
    </tier>
  </basic-body>
</basic-transcription>
