<?xml version="1.0" encoding="UTF-8"?>
<!-- (c) http://www.rrz.uni-hamburg.de/exmaralda -->
<basic-transcription>
  <head>
    <meta-information>
      <project-name/>
      <transcription-name/>
      <referenced-file url=""/>
      <ud-meta-information>
        <ud-information attribute-name="corpus-code">T</ud-information>
        <ud-information attribute-name="page">126</ud-information>
        <ud-information attribute-name="line">04-05</ud-information>
        <ud-information attribute-name="writer">gamma</ud-information>
      </ud-meta-information>
      <comment/>
      <transcription-convention/>
    </meta-information>
    <speakertable>
      <speaker id="SPK0">
        <abbreviation>X</abbreviation>
        <sex value="m"/>
        <languages-used/>
        <l1/>
        <l2/>
        <ud-speaker-information>
</ud-speaker-information>
        <comment/>
      </speaker>
    </speakertable>
  </head>
  <basic-body>
    <common-timeline>
      <tli id="T0"/>
      <tli id="T5"/>
      <tli id="T1"/>
      <tli id="T2"/>
      <tli id="T3"/>
      <tli id="T4"/>
      <tli id="T6"/>
      <tli id="T7"/>
      <tli id="T8"/>
      <tli id="T9"/>
    </common-timeline>
    <tier id="TIE0" category="LAT" type="a" display-name="LAT">
      <event start="T0" end="T5">Phariseus</event>
      <event start="T5" end="T1">autem</event>
      <event start="T2" end="T3">coepit</event>
      <event start="T3" end="T4">intra</event>
      <event start="T4" end="T6">se</event>
      <event start="T6" end="T7">/</event>
      <event start="T7" end="T8">reputans</event>
      <event start="T8" end="T9">dicere</event>
    </tier>
    <tier id="TIE1" category="words" type="t" display-name="ahd">
      <event start="T0" end="T5">bigonda</event>
      <event start="T5" end="T1"/>
      <event start="T1" end="T2">ther</event>
      <event start="T2" end="T3">phariseus</event>
      <event start="T3" end="T4">innan</event>
      <event start="T4" end="T6">imo</event>
      <event start="T6" end="T7">/</event>
      <event start="T7" end="T8">ahtonti</event>
      <event start="T8" end="T9">queden</event>
    </tier>
    <tier id="TIE2" category="align" type="a" display-name="align">
      <event start="T0" end="T5">=L3</event>
      <event start="T2" end="T3">=L0</event>
    </tier>
    <tier id="TIE3" category="pos" type="a" display-name="pos">
      <event start="T0" end="T5">V</event>
      <event start="T1" end="T2">PRONDEM</event>
      <event start="T2" end="T3">N</event>
      <event start="T3" end="T4">P</event>
      <event start="T4" end="T6">PRONPRS</event>
      <event start="T7" end="T8">VN</event>
      <event start="T8" end="T9">V</event>
    </tier>
    <tier id="TIE4" category="cat" type="a" display-name="cat">
      <event start="T0" end="T5">VP</event>
      <event start="T1" end="T3">NP</event>
      <event start="T3" end="T6">PP</event>
      <event start="T7" end="T8">AP</event>
      <event start="T8" end="T9">VP</event>
    </tier>
    <tier id="TIE10" category="clause-status" type="a" display-name="clause-status">
      <event start="T0" end="T9">MAINDECL</event>
    </tier>
    <tier id="TIE5" category="gf" type="a" display-name="gf">
      <event start="T0" end="T5">VFIN</event>
      <event start="T1" end="T3">SUBJ</event>
      <event start="T3" end="T8">ADVCOM</event>
      <event start="T8" end="T9">INF</event>
    </tier>
    <tier id="TIE6" category="syl_no" type="a" display-name="syl_no">
      <event start="T0" end="T5">3</event>
      <event start="T1" end="T3">5</event>
      <event start="T3" end="T8">7</event>
      <event start="T8" end="T9">2</event>
    </tier>
    <tier id="TIE7" category="givenness" type="a" display-name="givenness">
      <event start="T1" end="T3">GIV</event>
    </tier>
    <tier id="TIE8" category="top-comm" type="a" display-name="top-comm"/>
    <tier id="TIE13" category="aboutness" type="a" display-name="aboutness"/>
    <tier id="TIE14" category="position" type="a" display-name="position"/>
    <tier id="TIE15" category="topic-marker" type="a" display-name="topic-marker"/>
    <tier id="TIE16" category="definiteness" type="a" display-name="definiteness">
      <event start="T1" end="T3">DEF</event>
    </tier>
    <tier id="TIE9" category="foc-bg" type="a" display-name="foc-bg">
      <event start="T0" end="T9">NIF</event>
    </tier>
    <tier id="TIE17" category="foc-marker" type="a" display-name="foc-marker"/>
    <tier id="TIE18" category="context" type="a" display-name="context"/>
    <tier id="TIE11" category="comment" type="a" display-name="comment">
      <event start="T0" end="T9">V1 nach Umstellung</event>
    </tier>
    <tier id="TIE12" category="bibl" type="d" display-name="bibl">
      <event start="T0" end="T9">T 126, 4 - 5 Gamma Lc 11, 38</event>
    </tier>
  </basic-body>
</basic-transcription>
