<?xml version="1.0" encoding="UTF-8"?>
<!-- (c) http://www.rrz.uni-hamburg.de/exmaralda -->
<basic-transcription>
  <head>
    <meta-information>
      <project-name/>
      <transcription-name/>
      <referenced-file url=""/>
      <ud-meta-information>
        <ud-information attribute-name="corpus-code">T</ud-information>
        <ud-information attribute-name="page">140</ud-information>
        <ud-information attribute-name="line">10-11</ud-information>
        <ud-information attribute-name="writer">gamma</ud-information>
      </ud-meta-information>
      <comment/>
      <transcription-convention/>
    </meta-information>
    <speakertable>
      <speaker id="SPK0">
        <abbreviation>X</abbreviation>
        <sex value="m"/>
        <languages-used/>
        <l1/>
        <l2/>
        <ud-speaker-information>
</ud-speaker-information>
        <comment/>
      </speaker>
    </speakertable>
  </head>
  <basic-body>
    <common-timeline>
      <tli id="T5"/>
      <tli id="T1"/>
      <tli id="T2"/>
      <tli id="T3"/>
      <tli id="T0"/>
      <tli id="T4"/>
      <tli id="T6"/>
      <tli id="T7"/>
      <tli id="T8"/>
    </common-timeline>
    <tier id="TIE0" category="LAT" type="a" display-name="LAT">
      <event start="T5" end="T1">Si</event>
      <event start="T1" end="T2">autem</event>
      <event start="T3" end="T0">illius</event>
      <event start="T0" end="T4">litteris</event>
      <event start="T4" end="T6">/</event>
      <event start="T6" end="T7">non</event>
      <event start="T7" end="T8">creditis</event>
    </tier>
    <tier id="TIE1" category="words" type="t" display-name="ahd">
      <event start="T5" end="T1">oba</event>
      <event start="T1" end="T2"/>
      <event start="T2" end="T3">ir</event>
      <event start="T3" end="T0">sinen</event>
      <event start="T0" end="T4">buohstabon</event>
      <event start="T4" end="T6">/</event>
      <event start="T6" end="T7">ni+</event>
      <event start="T7" end="T8">giloubet</event>
    </tier>
    <tier id="TIE2" category="align" type="a" display-name="align"/>
    <tier id="TIE3" category="pos" type="a" display-name="pos">
      <event start="T5" end="T1">CONJ</event>
      <event start="T2" end="T3">PRONPRS</event>
      <event start="T3" end="T0">PRONPOS</event>
      <event start="T0" end="T4">N</event>
      <event start="T6" end="T7">NEG</event>
      <event start="T7" end="T8">V</event>
    </tier>
    <tier id="TIE4" category="cat" type="a" display-name="cat">
      <event start="T2" end="T3">NP</event>
      <event start="T3" end="T4">NP</event>
      <event start="T6" end="T8">VP</event>
    </tier>
    <tier id="TIE10" category="clause-status" type="a" display-name="clause-status">
      <event start="T5" end="T8">SUBCOND</event>
    </tier>
    <tier id="TIE5" category="gf" type="a" display-name="gf">
      <event start="T5" end="T1"/>
      <event start="T2" end="T3">SUBJ</event>
      <event start="T3" end="T4">DO</event>
      <event start="T7" end="T8">VFIN</event>
    </tier>
    <tier id="TIE6" category="syl_no" type="a" display-name="syl_no">
      <event start="T5" end="T1">2</event>
      <event start="T2" end="T3">1</event>
      <event start="T3" end="T4">5</event>
      <event start="T6" end="T7">1</event>
      <event start="T7" end="T8">3</event>
    </tier>
    <tier id="TIE7" category="givenness" type="a" display-name="givenness">
      <event start="T2" end="T3">GIV</event>
      <event start="T0" end="T4">NEW</event>
    </tier>
    <tier id="TIE8" category="top-comm" type="a" display-name="top-comm"/>
    <tier id="TIE13" category="aboutness" type="a" display-name="aboutness"/>
    <tier id="TIE14" category="position" type="a" display-name="position"/>
    <tier id="TIE15" category="topic-marker" type="a" display-name="topic-marker"/>
    <tier id="TIE16" category="definiteness" type="a" display-name="definiteness">
      <event start="T2" end="T3">DEF</event>
      <event start="T0" end="T4">DEF</event>
    </tier>
    <tier id="TIE9" category="foc-bg" type="a" display-name="foc-bg"/>
    <tier id="TIE17" category="foc-marker" type="a" display-name="foc-marker"/>
    <tier id="TIE18" category="context" type="a" display-name="context"/>
    <tier id="TIE11" category="comment" type="a" display-name="comment">
      <event start="T5" end="T8">VEnd im NS wie Vorlage, SP präverbal eingefügt</event>
    </tier>
    <tier id="TIE12" category="bibl" type="d" display-name="bibl">
      <event start="T5" end="T8">T 140, 10 - 11 Gamma Io 5, 47</event>
    </tier>
  </basic-body>
</basic-transcription>
