<?xml version="1.0" encoding="UTF-8"?>
<!-- (c) http://www.rrz.uni-hamburg.de/exmaralda -->
<basic-transcription>
  <head>
    <meta-information>
      <project-name/>
      <transcription-name/>
      <referenced-file url=""/>
      <ud-meta-information>
        <ud-information attribute-name="corpus-code">T</ud-information>
        <ud-information attribute-name="page">140</ud-information>
        <ud-information attribute-name="line">25</ud-information>
        <ud-information attribute-name="writer">gamma</ud-information>
      </ud-meta-information>
      <comment/>
      <transcription-convention/>
    </meta-information>
    <speakertable>
      <speaker id="SPK0">
        <abbreviation>X</abbreviation>
        <sex value="m"/>
        <languages-used/>
        <l1/>
        <l2/>
        <ud-speaker-information>
</ud-speaker-information>
        <comment/>
      </speaker>
    </speakertable>
  </head>
  <basic-body>
    <common-timeline>
      <tli id="T0"/>
      <tli id="T1"/>
      <tli id="T2"/>
      <tli id="T3"/>
      <tli id="T4"/>
      <tli id="T5"/>
      <tli id="T6"/>
      <tli id="T7"/>
    </common-timeline>
    <tier id="TIE0" category="LAT" type="a" display-name="LAT">
      <event start="T0" end="T1">ut</event>
      <event start="T2" end="T3">saturemus</event>
      <event start="T5" end="T6">turbam</event>
      <event start="T6" end="T7">tantam</event>
    </tier>
    <tier id="TIE1" category="words" type="t" display-name="ahd">
      <event start="T0" end="T1">daz</event>
      <event start="T1" end="T2">uuir</event>
      <event start="T2" end="T3">satomes</event>
      <event start="T3" end="T4">so</event>
      <event start="T4" end="T5">michila</event>
      <event start="T5" end="T6">menigi</event>
      <event start="T6" end="T7"/>
    </tier>
    <tier id="TIE2" category="align" type="a" display-name="align">
      <event start="T3" end="T5">=L6</event>
    </tier>
    <tier id="TIE3" category="pos" type="a" display-name="pos">
      <event start="T0" end="T1">CONJ</event>
      <event start="T1" end="T2">PRONPRS</event>
      <event start="T2" end="T3">V</event>
      <event start="T3" end="T4">ADV</event>
      <event start="T4" end="T5">A</event>
      <event start="T5" end="T6">N</event>
    </tier>
    <tier id="TIE4" category="cat" type="a" display-name="cat">
      <event start="T1" end="T2">NP</event>
      <event start="T2" end="T3">VP</event>
      <event start="T3" end="T6">NP</event>
    </tier>
    <tier id="TIE5" category="clause-status" type="a" display-name="clause-status">
      <event start="T0" end="T6">SUBFINAL</event>
    </tier>
    <tier id="TIE6" category="gf" type="a" display-name="gf">
      <event start="T0" end="T1"/>
      <event start="T1" end="T2">SUBJ</event>
      <event start="T2" end="T3">VFIN</event>
      <event start="T3" end="T6">DO</event>
    </tier>
    <tier id="TIE7" category="syl_no" type="a" display-name="syl_no">
      <event start="T0" end="T1">1</event>
      <event start="T1" end="T2">1</event>
      <event start="T2" end="T3">3</event>
      <event start="T3" end="T6">7</event>
    </tier>
    <tier id="TIE8" category="givenness" type="a" display-name="givenness">
      <event start="T1" end="T2">GIV</event>
    </tier>
    <tier id="TIE9" category="top-comm" type="a" display-name="top-comm"/>
    <tier id="TIE10" category="aboutness" type="a" display-name="aboutness"/>
    <tier id="TIE11" category="position" type="a" display-name="position"/>
    <tier id="TIE12" category="topic-marker" type="a" display-name="topic-marker"/>
    <tier id="TIE13" category="definiteness" type="a" display-name="definiteness">
      <event start="T1" end="T2">DEF</event>
    </tier>
    <tier id="TIE14" category="foc-bg" type="a" display-name="foc-bg"/>
    <tier id="TIE15" category="foc-marker" type="a" display-name="foc-marker"/>
    <tier id="TIE16" category="context" type="a" display-name="context"/>
    <tier id="TIE17" category="comment" type="a" display-name="comment">
      <event start="T0" end="T7">VSpäter im NS nach eingefügtem SP</event>
    </tier>
    <tier id="TIE18" category="bibl" type="d" display-name="bibl">
      <event start="T0" end="T7">T 140, 25 Gamma Mt 15, 33</event>
    </tier>
  </basic-body>
</basic-transcription>
