<?xml version="1.0" encoding="UTF-8"?>
<!-- (c) http://www.rrz.uni-hamburg.de/exmaralda -->
<basic-transcription>
  <head>
    <meta-information>
      <project-name/>
      <transcription-name/>
      <referenced-file url=""/>
      <ud-meta-information>
        <ud-information attribute-name="corpus-code">T</ud-information>
        <ud-information attribute-name="page">155</ud-information>
        <ud-information attribute-name="line">17-18</ud-information>
        <ud-information attribute-name="writer">gamma</ud-information>
      </ud-meta-information>
      <comment/>
      <transcription-convention/>
    </meta-information>
    <speakertable>
      <speaker id="SPK0">
        <abbreviation>X</abbreviation>
        <sex value="m"/>
        <languages-used/>
        <l1/>
        <l2/>
        <ud-speaker-information>
</ud-speaker-information>
        <comment/>
      </speaker>
    </speakertable>
  </head>
  <basic-body>
    <common-timeline>
      <tli id="T5"/>
      <tli id="T1"/>
      <tli id="T2"/>
      <tli id="T0"/>
      <tli id="T4"/>
      <tli id="T6"/>
      <tli id="T7"/>
      <tli id="T8"/>
      <tli id="T9"/>
      <tli id="T10"/>
    </common-timeline>
    <tier id="TIE0" category="LAT" type="a" display-name="LAT">
      <event start="T5" end="T1">pater</event>
      <event start="T2" end="T0">peccaui</event>
      <event start="T0" end="T4">/</event>
      <event start="T4" end="T6">in</event>
      <event start="T6" end="T7">caelum</event>
      <event start="T7" end="T8">&amp;</event>
      <event start="T8" end="T9">coram</event>
      <event start="T9" end="T10">te</event>
    </tier>
    <tier id="TIE1" category="words" type="t" display-name="ahd">
      <event start="T5" end="T1">fater</event>
      <event start="T1" end="T2">ih</event>
      <event start="T2" end="T0">suntota</event>
      <event start="T0" end="T4">/</event>
      <event start="T4" end="T6">in</event>
      <event start="T6" end="T7">himil</event>
      <event start="T7" end="T8">inti</event>
      <event start="T8" end="T9">fora</event>
      <event start="T9" end="T10">thir</event>
    </tier>
    <tier id="TIE2" category="align" type="a" display-name="align"/>
    <tier id="TIE3" category="pos" type="a" display-name="pos">
      <event start="T5" end="T1">N</event>
      <event start="T1" end="T2">PRONPRS</event>
      <event start="T2" end="T0">V</event>
      <event start="T4" end="T6">P</event>
      <event start="T6" end="T7">N</event>
      <event start="T7" end="T8">CONJ</event>
      <event start="T8" end="T9">P</event>
      <event start="T9" end="T10">PRONPRS</event>
    </tier>
    <tier id="TIE4" category="cat" type="a" display-name="cat">
      <event start="T5" end="T1">NP</event>
      <event start="T1" end="T2">NP</event>
      <event start="T2" end="T0">VP</event>
      <event start="T4" end="T7">PP</event>
      <event start="T8" end="T10">PP</event>
    </tier>
    <tier id="TIE10" category="clause-status" type="a" display-name="clause-status">
      <event start="T5" end="T10">MAINDECL</event>
    </tier>
    <tier id="TIE5" category="gf" type="a" display-name="gf">
      <event start="T5" end="T1">VOC</event>
      <event start="T1" end="T2">SUBJ</event>
      <event start="T2" end="T0">VFIN</event>
      <event start="T4" end="T10">ADVLOC</event>
    </tier>
    <tier id="TIE6" category="syl_no" type="a" display-name="syl_no">
      <event start="T5" end="T1">2</event>
      <event start="T1" end="T2">1</event>
      <event start="T2" end="T0">3</event>
      <event start="T4" end="T10">8</event>
    </tier>
    <tier id="TIE7" category="givenness" type="a" display-name="givenness">
      <event start="T1" end="T2">GIV</event>
    </tier>
    <tier id="TIE8" category="top-comm" type="a" display-name="top-comm">
      <event start="T1" end="T2">TOP</event>
      <event start="T2" end="T10">COMM</event>
    </tier>
    <tier id="TIE13" category="aboutness" type="a" display-name="aboutness">
      <event start="T1" end="T2">AB</event>
    </tier>
    <tier id="TIE14" category="position" type="a" display-name="position">
      <event start="T1" end="T2">GV</event>
    </tier>
    <tier id="TIE15" category="topic-marker" type="a" display-name="topic-marker"/>
    <tier id="TIE16" category="definiteness" type="a" display-name="definiteness">
      <event start="T1" end="T2">DEF</event>
    </tier>
    <tier id="TIE9" category="foc-bg" type="a" display-name="foc-bg"/>
    <tier id="TIE17" category="foc-marker" type="a" display-name="foc-marker"/>
    <tier id="TIE18" category="context" type="a" display-name="context"/>
    <tier id="TIE11" category="comment" type="a" display-name="comment">
      <event start="T5" end="T10">V2 im HS nach ergänztem SP</event>
    </tier>
    <tier id="TIE12" category="bibl" type="d" display-name="bibl">
      <event start="T5" end="T10">T 155, 17 - 18 Gamma Lc 15, 18</event>
    </tier>
  </basic-body>
</basic-transcription>
