<?xml version="1.0" encoding="UTF-8"?>
<!-- (c) http://www.rrz.uni-hamburg.de/exmaralda -->
<basic-transcription>
  <head>
    <meta-information>
      <project-name/>
      <transcription-name/>
      <referenced-file url=""/>
      <ud-meta-information>
        <ud-information attribute-name="corpus-code">T</ud-information>
        <ud-information attribute-name="page">152</ud-information>
        <ud-information attribute-name="line">17</ud-information>
        <ud-information attribute-name="writer">gamma</ud-information>
      </ud-meta-information>
      <comment/>
      <transcription-convention/>
    </meta-information>
    <speakertable>
      <speaker id="SPK0">
        <abbreviation>X</abbreviation>
        <sex value="m"/>
        <languages-used/>
        <l1/>
        <l2/>
        <ud-speaker-information>
</ud-speaker-information>
        <comment/>
      </speaker>
    </speakertable>
  </head>
  <basic-body>
    <common-timeline>
      <tli id="T5"/>
      <tli id="T1"/>
      <tli id="T2"/>
      <tli id="T3"/>
      <tli id="T0"/>
      <tli id="T4"/>
      <tli id="T6"/>
      <tli id="T7"/>
    </common-timeline>
    <tier id="TIE0" category="LAT" type="a" display-name="LAT">
      <event start="T5" end="T1">Bonum</event>
      <event start="T1" end="T2">tibi</event>
      <event start="T2" end="T3">est</event>
      <event start="T3" end="T0">ad</event>
      <event start="T0" end="T4">uitam</event>
      <event start="T4" end="T6">ingredi</event>
      <event start="T6" end="T7">/ debilem uel claudum</event>
    </tier>
    <tier id="TIE1" category="words" type="t" display-name="ahd">
      <event start="T5" end="T1">guot</event>
      <event start="T1" end="T2">ist</event>
      <event start="T2" end="T3">thir</event>
      <event start="T3" end="T0">zi</event>
      <event start="T0" end="T4">libe</event>
      <event start="T4" end="T6">ingangan</event>
      <event start="T6" end="T7">/ uuanaheilan odo halzan</event>
    </tier>
    <tier id="TIE2" category="align" type="a" display-name="align">
      <event start="T1" end="T2">=L2</event>
      <event start="T2" end="T3">=L1</event>
    </tier>
    <tier id="TIE3" category="pos" type="a" display-name="pos">
      <event start="T5" end="T1">A</event>
      <event start="T1" end="T2">VCOP</event>
      <event start="T2" end="T3">PRONPRS</event>
      <event start="T3" end="T0">P</event>
      <event start="T0" end="T4">N</event>
      <event start="T4" end="T6">V</event>
    </tier>
    <tier id="TIE4" category="cat" type="a" display-name="cat">
      <event start="T5" end="T1">AP</event>
      <event start="T1" end="T2">VP</event>
      <event start="T2" end="T3">NP</event>
      <event start="T3" end="T6">CP</event>
    </tier>
    <tier id="TIE10" category="clause-status" type="a" display-name="clause-status">
      <event start="T5" end="T7">MAINDECL</event>
    </tier>
    <tier id="TIE5" category="gf" type="a" display-name="gf">
      <event start="T5" end="T1">PRDNOM</event>
      <event start="T1" end="T2">VFIN</event>
      <event start="T2" end="T3">IO</event>
      <event start="T3" end="T6">SUBJ</event>
    </tier>
    <tier id="TIE6" category="syl_no" type="a" display-name="syl_no">
      <event start="T5" end="T1">1</event>
      <event start="T1" end="T2">1</event>
      <event start="T2" end="T3">1</event>
      <event start="T3" end="T6">6</event>
    </tier>
    <tier id="TIE7" category="givenness" type="a" display-name="givenness">
      <event start="T2" end="T3">GIV</event>
    </tier>
    <tier id="TIE8" category="top-comm" type="a" display-name="top-comm"/>
    <tier id="TIE13" category="aboutness" type="a" display-name="aboutness"/>
    <tier id="TIE14" category="position" type="a" display-name="position"/>
    <tier id="TIE15" category="topic-marker" type="a" display-name="topic-marker"/>
    <tier id="TIE16" category="definiteness" type="a" display-name="definiteness">
      <event start="T2" end="T3">DEF</event>
    </tier>
    <tier id="TIE9" category="foc-bg" type="a" display-name="foc-bg"/>
    <tier id="TIE17" category="foc-marker" type="a" display-name="foc-marker"/>
    <tier id="TIE18" category="context" type="a" display-name="context"/>
    <tier id="TIE11" category="comment" type="a" display-name="comment">
      <event start="T5" end="T7">V2 im HS nach Umstellung; ohne Subjekt</event>
    </tier>
    <tier id="TIE12" category="bibl" type="d" display-name="bibl">
      <event start="T5" end="T7">T 152, 17 Gamma Mt 18, 8</event>
    </tier>
  </basic-body>
</basic-transcription>
