<?xml version="1.0" encoding="UTF-8"?>
<!-- (c) http://www.rrz.uni-hamburg.de/exmaralda -->
<basic-transcription>
  <head>
    <meta-information>
      <project-name/>
      <transcription-name/>
      <referenced-file url=""/>
      <ud-meta-information>
        <ud-information attribute-name="corpus-code">T</ud-information>
        <ud-information attribute-name="page">162</ud-information>
        <ud-information attribute-name="line">17-18</ud-information>
        <ud-information attribute-name="writer">gamma</ud-information>
      </ud-meta-information>
      <comment/>
      <transcription-convention/>
    </meta-information>
    <speakertable>
      <speaker id="SPK0">
        <abbreviation>X</abbreviation>
        <sex value="m"/>
        <languages-used/>
        <l1/>
        <l2/>
        <ud-speaker-information>
</ud-speaker-information>
        <comment/>
      </speaker>
    </speakertable>
  </head>
  <basic-body>
    <common-timeline>
      <tli id="T5"/>
      <tli id="T1"/>
      <tli id="T2"/>
      <tli id="T3"/>
      <tli id="T0"/>
      <tli id="T4"/>
      <tli id="T6"/>
      <tli id="T7"/>
      <tli id="T8"/>
    </common-timeline>
    <tier id="TIE0" category="LAT" type="a" display-name="LAT">
      <event start="T5" end="T1">Aderant</event>
      <event start="T1" end="T2">autem</event>
      <event start="T2" end="T3">quidam</event>
      <event start="T0" end="T4">/</event>
      <event start="T4" end="T6">ipso</event>
      <event start="T6" end="T7">in</event>
      <event start="T7" end="T8">tempore</event>
    </tier>
    <tier id="TIE1" category="words" type="t" display-name="ahd">
      <event start="T5" end="T1">uuarun</event>
      <event start="T1" end="T2">thar</event>
      <event start="T2" end="T3">sume</event>
      <event start="T3" end="T0">az</event>
      <event start="T0" end="T4">/</event>
      <event start="T4" end="T6">in</event>
      <event start="T6" end="T7">theru</event>
      <event start="T7" end="T8">ziti</event>
    </tier>
    <tier id="TIE2" category="align" type="a" display-name="align"/>
    <tier id="TIE3" category="pos" type="a" display-name="pos">
      <event start="T5" end="T1">VCOP</event>
      <event start="T1" end="T2">ADV</event>
      <event start="T2" end="T3">PRONINDEF</event>
      <event start="T3" end="T0">ADV</event>
      <event start="T4" end="T6">P</event>
      <event start="T6" end="T7">PRONDEM</event>
      <event start="T7" end="T8">N</event>
    </tier>
    <tier id="TIE4" category="cat" type="a" display-name="cat">
      <event start="T5" end="T1">VP</event>
      <event start="T1" end="T2">ADVP</event>
      <event start="T2" end="T3">NP</event>
      <event start="T3" end="T0">VP</event>
      <event start="T4" end="T8">PP</event>
    </tier>
    <tier id="TIE10" category="clause-status" type="a" display-name="clause-status">
      <event start="T5" end="T8">MAINDECL</event>
    </tier>
    <tier id="TIE5" category="gf" type="a" display-name="gf">
      <event start="T5" end="T1">VFIN</event>
      <event start="T1" end="T2">ADVLOC</event>
      <event start="T2" end="T3">SUBJ</event>
      <event start="T3" end="T0">DIR</event>
      <event start="T4" end="T8">ADVTEMP</event>
    </tier>
    <tier id="TIE6" category="syl_no" type="a" display-name="syl_no">
      <event start="T5" end="T1">2</event>
      <event start="T1" end="T2">1</event>
      <event start="T2" end="T3">2</event>
      <event start="T3" end="T0">1</event>
      <event start="T4" end="T8">5</event>
    </tier>
    <tier id="TIE7" category="givenness" type="a" display-name="givenness">
      <event start="T2" end="T3">NEW</event>
    </tier>
    <tier id="TIE8" category="top-comm" type="a" display-name="top-comm"/>
    <tier id="TIE13" category="aboutness" type="a" display-name="aboutness"/>
    <tier id="TIE14" category="position" type="a" display-name="position"/>
    <tier id="TIE15" category="topic-marker" type="a" display-name="topic-marker"/>
    <tier id="TIE16" category="definiteness" type="a" display-name="definiteness">
      <event start="T2" end="T3">INDEF</event>
    </tier>
    <tier id="TIE9" category="foc-bg" type="a" display-name="foc-bg"/>
    <tier id="TIE17" category="foc-marker" type="a" display-name="foc-marker"/>
    <tier id="TIE18" category="context" type="a" display-name="context"/>
    <tier id="TIE11" category="comment" type="a" display-name="comment">
      <event start="T5" end="T8">thar; V1 in HS wie in Vorlage unter Klammerbildung mit abtrennbarer Vorsilbe?; thar = autem</event>
    </tier>
    <tier id="TIE12" category="bibl" type="d" display-name="bibl">
      <event start="T5" end="T8">T 162, 17 - 18 Gamma Lc 13, 1</event>
    </tier>
  </basic-body>
</basic-transcription>
