<?xml version="1.0" encoding="UTF-8"?>
<!-- (c) http://www.rrz.uni-hamburg.de/exmaralda -->
<basic-transcription>
  <head>
    <meta-information>
      <project-name/>
      <transcription-name/>
      <referenced-file url=""/>
      <ud-meta-information>
        <ud-information attribute-name="corpus-code">T</ud-information>
        <ud-information attribute-name="page">164</ud-information>
        <ud-information attribute-name="line">13</ud-information>
        <ud-information attribute-name="writer">gamma</ud-information>
      </ud-meta-information>
      <comment/>
      <transcription-convention/>
    </meta-information>
    <speakertable>
      <speaker id="SPK0">
        <abbreviation>X</abbreviation>
        <sex value="m"/>
        <languages-used/>
        <l1/>
        <l2/>
        <ud-speaker-information>
</ud-speaker-information>
        <comment/>
      </speaker>
    </speakertable>
  </head>
  <basic-body>
    <common-timeline>
      <tli id="T5"/>
      <tli id="T1"/>
      <tli id="T2"/>
      <tli id="T3"/>
      <tli id="T4"/>
      <tli id="T0"/>
      <tli id="T6"/>
      <tli id="T7"/>
    </common-timeline>
    <tier id="TIE0" category="LAT" type="a" display-name="LAT">
      <event start="T5" end="T1">quia</event>
      <event start="T2" end="T3">sabbato</event>
      <event start="T3" end="T4">/</event>
      <event start="T0" end="T6">curass&amp;</event>
      <event start="T6" end="T7">ihesus</event>
    </tier>
    <tier id="TIE1" category="words" type="t" display-name="ahd">
      <event start="T5" end="T1">thaz</event>
      <event start="T1" end="T2">in</event>
      <event start="T2" end="T3">sambuztag</event>
      <event start="T3" end="T4">/</event>
      <event start="T4" end="T0">ther</event>
      <event start="T0" end="T6">heilant</event>
      <event start="T6" end="T7">heilta</event>
    </tier>
    <tier id="TIE2" category="align" type="a" display-name="align">
      <event start="T0" end="T6">=L6</event>
      <event start="T6" end="T7">=L5</event>
    </tier>
    <tier id="TIE3" category="pos" type="a" display-name="pos">
      <event start="T5" end="T1">CONJ</event>
      <event start="T1" end="T2">P</event>
      <event start="T2" end="T3">N</event>
      <event start="T4" end="T0">PRONDEM</event>
      <event start="T0" end="T6">N</event>
      <event start="T6" end="T7">V</event>
    </tier>
    <tier id="TIE4" category="cat" type="a" display-name="cat">
      <event start="T1" end="T3">PP</event>
      <event start="T4" end="T6">NP</event>
      <event start="T6" end="T7">VP</event>
    </tier>
    <tier id="TIE10" category="clause-status" type="a" display-name="clause-status">
      <event start="T5" end="T7">CAUSAL</event>
    </tier>
    <tier id="TIE5" category="gf" type="a" display-name="gf">
      <event start="T5" end="T1"/>
      <event start="T1" end="T3">ADVTEMP</event>
      <event start="T4" end="T6">SUBJ</event>
      <event start="T6" end="T7">VFIN</event>
    </tier>
    <tier id="TIE6" category="syl_no" type="a" display-name="syl_no">
      <event start="T5" end="T1">1</event>
      <event start="T1" end="T3">4</event>
      <event start="T4" end="T6">3</event>
      <event start="T6" end="T7">2</event>
    </tier>
    <tier id="TIE7" category="givenness" type="a" display-name="givenness">
      <event start="T4" end="T6">GIV</event>
    </tier>
    <tier id="TIE8" category="top-comm" type="a" display-name="top-comm"/>
    <tier id="TIE13" category="aboutness" type="a" display-name="aboutness"/>
    <tier id="TIE14" category="position" type="a" display-name="position"/>
    <tier id="TIE15" category="topic-marker" type="a" display-name="topic-marker"/>
    <tier id="TIE16" category="definiteness" type="a" display-name="definiteness">
      <event start="T4" end="T6">DEF</event>
    </tier>
    <tier id="TIE9" category="foc-bg" type="a" display-name="foc-bg"/>
    <tier id="TIE17" category="foc-marker" type="a" display-name="foc-marker"/>
    <tier id="TIE18" category="context" type="a" display-name="context"/>
    <tier id="TIE11" category="comment" type="a" display-name="comment">
      <event start="T5" end="T7">VEnd in Kausalsatz nach Umstellung</event>
    </tier>
    <tier id="TIE12" category="bibl" type="d" display-name="bibl">
      <event start="T5" end="T7">T 164, 13 Gamma Lc 13, 14</event>
    </tier>
  </basic-body>
</basic-transcription>
