<?xml version="1.0" encoding="UTF-8"?>
<!-- (c) http://www.rrz.uni-hamburg.de/exmaralda -->
<basic-transcription>
  <head>
    <meta-information>
      <project-name/>
      <transcription-name/>
      <referenced-file url=""/>
      <ud-meta-information>
        <ud-information attribute-name="corpus-code">T</ud-information>
        <ud-information attribute-name="page">160</ud-information>
        <ud-information attribute-name="line">15-17</ud-information>
        <ud-information attribute-name="writer">gamma</ud-information>
      </ud-meta-information>
      <comment/>
      <transcription-convention/>
    </meta-information>
    <speakertable>
      <speaker id="SPK0">
        <abbreviation>X</abbreviation>
        <sex value="m"/>
        <languages-used/>
        <l1/>
        <l2/>
        <ud-speaker-information>
</ud-speaker-information>
        <comment/>
      </speaker>
    </speakertable>
  </head>
  <basic-body>
    <common-timeline>
      <tli id="T5"/>
      <tli id="T1"/>
      <tli id="T2"/>
      <tli id="T3"/>
      <tli id="T0"/>
      <tli id="T4"/>
      <tli id="T6"/>
      <tli id="T7"/>
      <tli id="T8"/>
      <tli id="T9"/>
      <tli id="T10"/>
      <tli id="T11"/>
      <tli id="T12"/>
      <tli id="T13"/>
      <tli id="T14"/>
    </common-timeline>
    <tier id="TIE0" category="LAT" type="a" display-name="LAT">
      <event start="T5" end="T1">licet</event>
      <event start="T2" end="T3">homini</event>
      <event start="T3" end="T0">/</event>
      <event start="T4" end="T6">dimittere</event>
      <event start="T6" end="T7">uxorem</event>
      <event start="T7" end="T8">suam</event>
      <event start="T8" end="T9">/</event>
      <event start="T10" end="T12">quacumque</event>
      <event start="T12" end="T13">ex</event>
      <event start="T13" end="T14">causa</event>
    </tier>
    <tier id="TIE1" category="words" type="t" display-name="ahd">
      <event start="T5" end="T1">ist</event>
      <event start="T1" end="T2">arloubit</event>
      <event start="T2" end="T3">manne</event>
      <event start="T3" end="T0">/</event>
      <event start="T0" end="T4">zi</event>
      <event start="T4" end="T6">uorlazzanna</event>
      <event start="T6" end="T7">sina</event>
      <event start="T7" end="T8">quenun</event>
      <event start="T8" end="T9">/</event>
      <event start="T9" end="T10">fon</event>
      <event start="T10" end="T11">sih</event>
      <event start="T11" end="T12">uuelicheru</event>
      <event start="T12" end="T13"/>
      <event start="T13" end="T14">sachu</event>
    </tier>
    <tier id="TIE2" category="align" type="a" display-name="align">
      <event start="T9" end="T10">=L12</event>
    </tier>
    <tier id="TIE3" category="pos" type="a" display-name="pos">
      <event start="T5" end="T1">VCOP</event>
      <event start="T1" end="T2">VN</event>
      <event start="T2" end="T3">N</event>
      <event start="T0" end="T4">P</event>
      <event start="T4" end="T6">V</event>
      <event start="T6" end="T7">PRONPOS</event>
      <event start="T7" end="T8">N</event>
      <event start="T9" end="T10">P</event>
      <event start="T10" end="T12">PRONINDEF</event>
      <event start="T13" end="T14">N</event>
    </tier>
    <tier id="TIE4" category="cat" type="a" display-name="cat">
      <event start="T5" end="T2">VP</event>
      <event start="T2" end="T3">NP</event>
      <event start="T0" end="T6">VP</event>
      <event start="T6" end="T8">NP</event>
      <event start="T9" end="T14">PP</event>
    </tier>
    <tier id="TIE10" category="clause-status" type="a" display-name="clause-status">
      <event start="T5" end="T14">MAININTERR</event>
    </tier>
    <tier id="TIE5" category="gf" type="a" display-name="gf">
      <event start="T5" end="T1">VFIN</event>
      <event start="T1" end="T2">PARTPF</event>
      <event start="T2" end="T3">IO</event>
      <event start="T4" end="T6">INF</event>
      <event start="T6" end="T8">DO</event>
      <event start="T9" end="T14">ADVCAUS</event>
    </tier>
    <tier id="TIE6" category="syl_no" type="a" display-name="syl_no">
      <event start="T5" end="T1">1</event>
      <event start="T1" end="T2">3</event>
      <event start="T2" end="T3">2</event>
      <event start="T4" end="T6">4</event>
      <event start="T6" end="T8">4</event>
      <event start="T9" end="T14">8</event>
    </tier>
    <tier id="TIE7" category="givenness" type="a" display-name="givenness"/>
    <tier id="TIE8" category="top-comm" type="a" display-name="top-comm"/>
    <tier id="TIE13" category="aboutness" type="a" display-name="aboutness"/>
    <tier id="TIE14" category="position" type="a" display-name="position"/>
    <tier id="TIE15" category="topic-marker" type="a" display-name="topic-marker"/>
    <tier id="TIE16" category="definiteness" type="a" display-name="definiteness">
      <event start="T2" end="T3">INDEF</event>
    </tier>
    <tier id="TIE9" category="foc-bg" type="a" display-name="foc-bg"/>
    <tier id="TIE17" category="foc-marker" type="a" display-name="foc-marker"/>
    <tier id="TIE18" category="context" type="a" display-name="context"/>
    <tier id="TIE11" category="comment" type="a" display-name="comment">
      <event start="T5" end="T14">V1 in Entscheidungsfrage bei freier Fragekonstruktion</event>
    </tier>
    <tier id="TIE12" category="bibl" type="d" display-name="bibl">
      <event start="T5" end="T14">T 160, 15 - 17 Gamma Mt 19, 3</event>
    </tier>
  </basic-body>
</basic-transcription>
