<?xml version="1.0" encoding="UTF-8"?>
<!-- (c) http://www.rrz.uni-hamburg.de/exmaralda -->
<basic-transcription>
  <head>
    <meta-information>
      <project-name/>
      <transcription-name/>
      <referenced-file url=""/>
      <ud-meta-information>
        <ud-information attribute-name="corpus-code">T</ud-information>
        <ud-information attribute-name="page">163</ud-information>
        <ud-information attribute-name="line">17-19</ud-information>
        <ud-information attribute-name="writer">gamma</ud-information>
      </ud-meta-information>
      <comment/>
      <transcription-convention/>
    </meta-information>
    <speakertable>
      <speaker id="SPK0">
        <abbreviation>X</abbreviation>
        <sex value="m"/>
        <languages-used/>
        <l1/>
        <l2/>
        <ud-speaker-information>
</ud-speaker-information>
        <comment/>
      </speaker>
    </speakertable>
  </head>
  <basic-body>
    <common-timeline>
      <tli id="T5"/>
      <tli id="T1"/>
      <tli id="T2"/>
      <tli id="T3"/>
      <tli id="T4"/>
      <tli id="T0"/>
      <tli id="T6"/>
      <tli id="T7"/>
      <tli id="T8"/>
      <tli id="T9"/>
      <tli id="T10"/>
      <tli id="T11"/>
    </common-timeline>
    <tier id="TIE0" category="LAT" type="a" display-name="LAT">
      <event start="T5" end="T1">ex</event>
      <event start="T1" end="T2">quo</event>
      <event start="T2" end="T3"/>
      <event start="T3" end="T4">uenio</event>
      <event start="T4" end="T0">/</event>
      <event start="T0" end="T6">quaerens</event>
      <event start="T6" end="T7">fructum</event>
      <event start="T7" end="T8">/</event>
      <event start="T8" end="T9">in</event>
      <event start="T9" end="T10">ficulnea</event>
      <event start="T10" end="T11">hac</event>
    </tier>
    <tier id="TIE1" category="words" type="t" display-name="ahd">
      <event start="T5" end="T1">fon</event>
      <event start="T1" end="T2">thiu</event>
      <event start="T2" end="T3">ih</event>
      <event start="T3" end="T4">quementi</event>
      <event start="T4" end="T0">/</event>
      <event start="T0" end="T6">suochen</event>
      <event start="T6" end="T7">uuahsmon</event>
      <event start="T7" end="T8">/</event>
      <event start="T8" end="T9">in</event>
      <event start="T9" end="T10">thesemo</event>
      <event start="T10" end="T11">phigboume</event>
    </tier>
    <tier id="TIE2" category="align" type="a" display-name="align">
      <event start="T5" end="T1"/>
      <event start="T1" end="T2"/>
      <event start="T4" end="T0"/>
      <event start="T9" end="T10">=L10</event>
      <event start="T10" end="T11">=L9</event>
    </tier>
    <tier id="TIE3" category="pos" type="a" display-name="pos">
      <event start="T5" end="T1">P</event>
      <event start="T1" end="T2">PRONDEM</event>
      <event start="T2" end="T3">PRONPRS</event>
      <event start="T3" end="T4">VN</event>
      <event start="T0" end="T6">V</event>
      <event start="T6" end="T7">N</event>
      <event start="T8" end="T9">P</event>
      <event start="T9" end="T10">PRONDEM</event>
      <event start="T10" end="T11">N</event>
    </tier>
    <tier id="TIE4" category="cat" type="a" display-name="cat">
      <event start="T2" end="T3">NP</event>
      <event start="T3" end="T4">AP</event>
      <event start="T0" end="T6">VP</event>
      <event start="T6" end="T7">NP</event>
      <event start="T8" end="T11">PP</event>
    </tier>
    <tier id="TIE10" category="clause-status" type="a" display-name="clause-status">
      <event start="T5" end="T11">SUBTEMP</event>
    </tier>
    <tier id="TIE5" category="gf" type="a" display-name="gf">
      <event start="T5" end="T2">ADVLOC</event>
      <event start="T2" end="T3">SUBJ</event>
      <event start="T3" end="T4">PARTPR</event>
      <event start="T0" end="T6">VFIN</event>
      <event start="T6" end="T7">DO</event>
      <event start="T8" end="T11">ADVLOC</event>
    </tier>
    <tier id="TIE6" category="syl_no" type="a" display-name="syl_no">
      <event start="T5" end="T2">2</event>
      <event start="T2" end="T3">1</event>
      <event start="T3" end="T4">3</event>
      <event start="T0" end="T6">2</event>
      <event start="T6" end="T7">2</event>
      <event start="T8" end="T11">7</event>
    </tier>
    <tier id="TIE7" category="givenness" type="a" display-name="givenness">
      <event start="T2" end="T3">GIV</event>
    </tier>
    <tier id="TIE8" category="top-comm" type="a" display-name="top-comm"/>
    <tier id="TIE13" category="aboutness" type="a" display-name="aboutness"/>
    <tier id="TIE14" category="position" type="a" display-name="position"/>
    <tier id="TIE15" category="topic-marker" type="a" display-name="topic-marker"/>
    <tier id="TIE16" category="definiteness" type="a" display-name="definiteness">
      <event start="T2" end="T3">DEF</event>
    </tier>
    <tier id="TIE9" category="foc-bg" type="a" display-name="foc-bg"/>
    <tier id="TIE17" category="foc-marker" type="a" display-name="foc-marker"/>
    <tier id="TIE18" category="context" type="a" display-name="context"/>
    <tier id="TIE11" category="comment" type="a" display-name="comment">
      <event start="T5" end="T11">VSpäter im NS nach abweichender Satzgestaltung; SP präverbal eingefügt</event>
    </tier>
    <tier id="TIE12" category="bibl" type="d" display-name="bibl">
      <event start="T5" end="T11">T 163, 17 - 19 Gamma Lc 13, 7</event>
    </tier>
  </basic-body>
</basic-transcription>
