<?xml version="1.0" encoding="UTF-8"?>
<!-- (c) http://www.rrz.uni-hamburg.de/exmaralda -->
<basic-transcription>
  <head>
    <meta-information>
      <project-name/>
      <transcription-name/>
      <referenced-file url=""/>
      <ud-meta-information>
        <ud-information attribute-name="corpus-code">T</ud-information>
        <ud-information attribute-name="page">199</ud-information>
        <ud-information attribute-name="line">33</ud-information>
        <ud-information attribute-name="writer">alpha-bar</ud-information>
      </ud-meta-information>
      <comment/>
      <transcription-convention/>
    </meta-information>
    <speakertable>
      <speaker id="SPK0">
        <abbreviation>X</abbreviation>
        <sex value="m"/>
        <languages-used/>
        <l1/>
        <l2/>
        <ud-speaker-information>
</ud-speaker-information>
        <comment/>
      </speaker>
    </speakertable>
  </head>
  <basic-body>
    <common-timeline>
      <tli id="T0"/>
      <tli id="T1"/>
      <tli id="T2"/>
      <tli id="T3"/>
      <tli id="T4"/>
      <tli id="T5"/>
    </common-timeline>
    <tier id="TIE0" category="LAT" type="a" display-name="LAT">
      <event start="T1" end="T2">discipuli</event>
      <event start="T2" end="T4">mirati_sunt</event>
    </tier>
    <tier id="TIE1" category="words" type="t" display-name="ahd">
      <event start="T0" end="T1">thie</event>
      <event start="T1" end="T2">iungiron</event>
      <event start="T2" end="T4">uuvntorotun</event>
      <event start="T4" end="T5">thrato</event>
    </tier>
    <tier id="TIE2" category="align" type="a" display-name="align"/>
    <tier id="TIE3" category="pos" type="a" display-name="pos">
      <event start="T0" end="T1">PRONDEM</event>
      <event start="T1" end="T2">N</event>
      <event start="T2" end="T4">V</event>
      <event start="T4" end="T5">ADV</event>
    </tier>
    <tier id="TIE4" category="cat" type="a" display-name="cat">
      <event start="T0" end="T2">NP</event>
      <event start="T2" end="T4">VP</event>
    </tier>
    <tier id="TIE5" category="clause-status" type="a" display-name="clause-status">
      <event start="T0" end="T5">MAINDECL</event>
    </tier>
    <tier id="TIE6" category="gf" type="a" display-name="gf">
      <event start="T0" end="T2">SUBJ</event>
      <event start="T2" end="T4">VFIN</event>
      <event start="T4" end="T5">ADVMOD</event>
    </tier>
    <tier id="TIE7" category="syl_no" type="a" display-name="syl_no">
      <event start="T0" end="T2">4</event>
      <event start="T2" end="T4">4</event>
      <event start="T4" end="T5">2</event>
    </tier>
    <tier id="TIE8" category="givenness" type="a" display-name="givenness">
      <event start="T0" end="T2">GIV</event>
    </tier>
    <tier id="TIE9" category="top-comm" type="a" display-name="top-comm">
      <event start="T0" end="T2">TOP</event>
      <event start="T2" end="T5">COMM</event>
    </tier>
    <tier id="TIE10" category="aboutness" type="a" display-name="aboutness">
      <event start="T0" end="T2">AB</event>
    </tier>
    <tier id="TIE11" category="position" type="a" display-name="position">
      <event start="T0" end="T2">GV</event>
    </tier>
    <tier id="TIE12" category="topic-marker" type="a" display-name="topic-marker"/>
    <tier id="TIE13" category="definiteness" type="a" display-name="definiteness">
      <event start="T0" end="T2">DEF</event>
    </tier>
    <tier id="TIE14" category="foc-bg" type="a" display-name="foc-bg">
      <event start="T2" end="T5">NIF</event>
    </tier>
    <tier id="TIE15" category="foc-marker" type="a" display-name="foc-marker"/>
    <tier id="TIE16" category="context" type="a" display-name="context">
      <event start="T0" end="T5">Wiederaufnahme (die Jünger)</event>
    </tier>
    <tier id="TIE17" category="comment" type="a" display-name="comment">
      <event start="T0" end="T5">V2 gegen Vend im HS</event>
    </tier>
    <tier id="TIE18" category="bibl" type="d" display-name="bibl">
      <event start="T0" end="T5">T 199, 33 Alpha´ Mt 21</event>
    </tier>
  </basic-body>
</basic-transcription>
