<?xml version="1.0" encoding="UTF-8"?>
<!-- (c) http://www.rrz.uni-hamburg.de/exmaralda -->
<basic-transcription>
  <head>
    <meta-information>
      <project-name/>
      <transcription-name/>
      <referenced-file url=""/>
      <ud-meta-information>
        <ud-information attribute-name="corpus-code">T</ud-information>
        <ud-information attribute-name="page">200</ud-information>
        <ud-information attribute-name="line">28</ud-information>
        <ud-information attribute-name="writer">alpha-bar</ud-information>
      </ud-meta-information>
      <comment/>
      <transcription-convention/>
    </meta-information>
    <speakertable>
      <speaker id="SPK0">
        <abbreviation>X</abbreviation>
        <sex value="m"/>
        <languages-used/>
        <l1/>
        <l2/>
        <ud-speaker-information>
</ud-speaker-information>
        <comment/>
      </speaker>
    </speakertable>
  </head>
  <basic-body>
    <common-timeline>
      <tli id="T0"/>
      <tli id="T1"/>
      <tli id="T9"/>
      <tli id="T8"/>
      <tli id="T2"/>
      <tli id="T3"/>
      <tli id="T10"/>
      <tli id="T11"/>
      <tli id="T4"/>
      <tli id="T5"/>
      <tli id="T6"/>
    </common-timeline>
    <tier id="TIE0" category="LAT" type="a" display-name="LAT">
      <event start="T0" end="T1">Dicebat</event>
      <event start="T1" end="T9">autem</event>
      <event start="T2" end="T3">&amp;</event>
      <event start="T3" end="T10">parabolam</event>
      <event start="T4" end="T5">ad</event>
      <event start="T5" end="T6">illos</event>
    </tier>
    <tier id="TIE1" category="words" type="t" display-name="ahd">
      <event start="T0" end="T1">quad</event>
      <event start="T1" end="T9">thô</event>
      <event start="T9" end="T8">zi</event>
      <event start="T8" end="T2">In</event>
      <event start="T2" end="T3"/>
      <event start="T3" end="T10">glîhnessi</event>
      <event start="T10" end="T11">Inti</event>
      <event start="T11" end="T4">bilidi</event>
      <event start="T4" end="T5"/>
      <event start="T5" end="T6"/>
    </tier>
    <tier id="TIE2" category="align" type="a" display-name="align">
      <event start="T9" end="T8">=L8</event>
      <event start="T8" end="T2">=L9</event>
    </tier>
    <tier id="TIE3" category="pos" type="a" display-name="pos">
      <event start="T0" end="T1">V</event>
      <event start="T1" end="T9">ADV</event>
      <event start="T9" end="T8">P</event>
      <event start="T8" end="T2">PRONPRS</event>
      <event start="T3" end="T10">N</event>
      <event start="T10" end="T11">CONJ</event>
      <event start="T11" end="T4">N</event>
    </tier>
    <tier id="TIE4" category="cat" type="a" display-name="cat">
      <event start="T0" end="T1">VP</event>
      <event start="T9" end="T2">PP</event>
      <event start="T3" end="T4">NP</event>
    </tier>
    <tier id="TIE10" category="clause-status" type="a" display-name="clause-status">
      <event start="T0" end="T6">MAINDECL</event>
    </tier>
    <tier id="TIE5" category="gf" type="a" display-name="gf">
      <event start="T0" end="T1">VFIN</event>
      <event start="T1" end="T9">ADVTEMP</event>
      <event start="T9" end="T2">PO</event>
      <event start="T3" end="T4">DO</event>
    </tier>
    <tier id="TIE6" category="syl_no" type="a" display-name="syl_no">
      <event start="T0" end="T1">1</event>
      <event start="T1" end="T9">1</event>
      <event start="T9" end="T2">2</event>
      <event start="T3" end="T4">8</event>
    </tier>
    <tier id="TIE7" category="givenness" type="a" display-name="givenness">
      <event start="T8" end="T2">GIV</event>
      <event start="T3" end="T10">NEW</event>
      <event start="T11" end="T4">NEW</event>
    </tier>
    <tier id="TIE8" category="top-comm" type="a" display-name="top-comm"/>
    <tier id="TIE13" category="aboutness" type="a" display-name="aboutness"/>
    <tier id="TIE14" category="position" type="a" display-name="position"/>
    <tier id="TIE15" category="topic-marker" type="a" display-name="topic-marker"/>
    <tier id="TIE16" category="definiteness" type="a" display-name="definiteness">
      <event start="T8" end="T2">DEF</event>
      <event start="T3" end="T10">INDEF</event>
      <event start="T11" end="T4">INDEF</event>
    </tier>
    <tier id="TIE9" category="foc-bg" type="a" display-name="foc-bg"/>
    <tier id="TIE17" category="foc-marker" type="a" display-name="foc-marker"/>
    <tier id="TIE18" category="context" type="a" display-name="context">
      <event start="T0" end="T6">Situationswechsel (Sprecherwechsel und Beginn eines neuen Erzählabschnitts; Initiale im lat. Text)</event>
    </tier>
    <tier id="TIE11" category="comment" type="a" display-name="comment">
      <event start="T0" end="T6">V1 wie Vorlage; satzinternes tho, pronominale vor vollen Elementen im Mittelfeld</event>
    </tier>
    <tier id="TIE12" category="bibl" type="d" display-name="bibl">
      <event start="T0" end="T6">T 200, 28 Alpha´ Lc 18</event>
    </tier>
  </basic-body>
</basic-transcription>
