<?xml version="1.0" encoding="UTF-8"?>
<!-- (c) http://www.rrz.uni-hamburg.de/exmaralda -->
<basic-transcription>
  <head>
    <meta-information>
      <project-name/>
      <transcription-name/>
      <referenced-file url=""/>
      <ud-meta-information>
        <ud-information attribute-name="corpus-code">T</ud-information>
        <ud-information attribute-name="page">204</ud-information>
        <ud-information attribute-name="line">28-29</ud-information>
        <ud-information attribute-name="writer">alpha-bar</ud-information>
      </ud-meta-information>
      <comment/>
      <transcription-convention/>
    </meta-information>
    <speakertable>
      <speaker id="SPK0">
        <abbreviation>X</abbreviation>
        <sex value="m"/>
        <languages-used/>
        <l1/>
        <l2/>
        <ud-speaker-information>
</ud-speaker-information>
        <comment/>
      </speaker>
    </speakertable>
  </head>
  <basic-body>
    <common-timeline>
      <tli id="T0"/>
      <tli id="T1"/>
      <tli id="T2"/>
      <tli id="T3"/>
      <tli id="T4"/>
      <tli id="T5"/>
      <tli id="T6"/>
      <tli id="T7"/>
      <tli id="T8"/>
    </common-timeline>
    <tier id="TIE0" category="LAT" type="a" display-name="LAT">
      <event start="T0" end="T1">Simile</event>
      <event start="T1" end="T2">factum</event>
      <event start="T2" end="T3">est</event>
      <event start="T3" end="T4">regnum</event>
      <event start="T4" end="T5">caelorum</event>
      <event start="T5" end="T6">/</event>
      <event start="T6" end="T7">homini</event>
      <event start="T7" end="T8">regi</event>
    </tier>
    <tier id="TIE1" category="words" type="t" display-name="ahd">
      <event start="T0" end="T1">gilîh</event>
      <event start="T1" end="T2">ist</event>
      <event start="T2" end="T3">gitân</event>
      <event start="T3" end="T4">himilo</event>
      <event start="T4" end="T5">rîhhi</event>
      <event start="T5" end="T6">/</event>
      <event start="T6" end="T7">manne</event>
      <event start="T7" end="T8">cuninge</event>
    </tier>
    <tier id="TIE2" category="align" type="a" display-name="align">
      <event start="T1" end="T2">=L2</event>
      <event start="T2" end="T3">=L1</event>
    </tier>
    <tier id="TIE3" category="pos" type="a" display-name="pos">
      <event start="T0" end="T1">A</event>
      <event start="T1" end="T2">VAUX</event>
      <event start="T2" end="T3">VN</event>
      <event start="T3" end="T4">N</event>
      <event start="T4" end="T5">N</event>
      <event start="T6" end="T7">N</event>
      <event start="T7" end="T8">N</event>
    </tier>
    <tier id="TIE4" category="cat" type="a" display-name="cat">
      <event start="T0" end="T1">NP</event>
      <event start="T1" end="T3">VP</event>
      <event start="T3" end="T5">NP</event>
      <event start="T6" end="T8">NP</event>
    </tier>
    <tier id="TIE10" category="clause-status" type="a" display-name="clause-status">
      <event start="T0" end="T8">MAINDECL</event>
    </tier>
    <tier id="TIE5" category="gf" type="a" display-name="gf">
      <event start="T0" end="T1">PRDNOM</event>
      <event start="T1" end="T2">VFIN</event>
      <event start="T2" end="T3">PARTPF</event>
      <event start="T3" end="T5">SUBJ</event>
      <event start="T6" end="T8">IO</event>
    </tier>
    <tier id="TIE6" category="syl_no" type="a" display-name="syl_no">
      <event start="T0" end="T1">2</event>
      <event start="T1" end="T2">1</event>
      <event start="T2" end="T3">2</event>
      <event start="T3" end="T5">5</event>
      <event start="T6" end="T8">5</event>
    </tier>
    <tier id="TIE7" category="givenness" type="a" display-name="givenness">
      <event start="T3" end="T5">ACC</event>
      <event start="T6" end="T8">NEW</event>
    </tier>
    <tier id="TIE8" category="top-comm" type="a" display-name="top-comm"/>
    <tier id="TIE13" category="aboutness" type="a" display-name="aboutness"/>
    <tier id="TIE14" category="position" type="a" display-name="position"/>
    <tier id="TIE15" category="topic-marker" type="a" display-name="topic-marker"/>
    <tier id="TIE16" category="definiteness" type="a" display-name="definiteness"/>
    <tier id="TIE9" category="foc-bg" type="a" display-name="foc-bg">
      <event start="T0" end="T8">NIF</event>
    </tier>
    <tier id="TIE17" category="foc-marker" type="a" display-name="foc-marker"/>
    <tier id="TIE18" category="context" type="a" display-name="context">
      <event start="T0" end="T8">Situationswechsel (Beginn eines neuen Erzählabschnitts. lat. Großschreibung und Konkordanzwechsel)</event>
    </tier>
    <tier id="TIE11" category="comment" type="a" display-name="comment">
      <event start="T0" end="T8">V2, all-nifus</event>
    </tier>
    <tier id="TIE12" category="bibl" type="d" display-name="bibl">
      <event start="T0" end="T8">T 204, 28-29 Alpha´ Mt 22</event>
    </tier>
  </basic-body>
</basic-transcription>
