<?xml version="1.0" encoding="UTF-8"?>
<!-- (c) http://www.rrz.uni-hamburg.de/exmaralda -->
<basic-transcription>
  <head>
    <meta-information>
      <project-name/>
      <transcription-name/>
      <referenced-file url=""/>
      <ud-meta-information>
        <ud-information attribute-name="corpus-code">T</ud-information>
        <ud-information attribute-name="page">205</ud-information>
        <ud-information attribute-name="line">06-07</ud-information>
        <ud-information attribute-name="writer">alpha-bar</ud-information>
      </ud-meta-information>
      <comment/>
      <transcription-convention/>
    </meta-information>
    <speakertable>
      <speaker id="SPK0">
        <abbreviation>X</abbreviation>
        <sex value="m"/>
        <languages-used/>
        <l1/>
        <l2/>
        <ud-speaker-information>
</ud-speaker-information>
        <comment/>
      </speaker>
    </speakertable>
  </head>
  <basic-body>
    <common-timeline>
      <tli id="T0"/>
      <tli id="T1"/>
      <tli id="T2"/>
      <tli id="T3"/>
      <tli id="T10"/>
      <tli id="T4"/>
      <tli id="T11"/>
      <tli id="T12"/>
      <tli id="T5"/>
      <tli id="T6"/>
      <tli id="T7"/>
      <tli id="T8"/>
    </common-timeline>
    <tier id="TIE0" category="LAT" type="a" display-name="LAT">
      <event start="T0" end="T1">&amp;</event>
      <event start="T1" end="T2">necesse</event>
      <event start="T2" end="T3">/</event>
      <event start="T3" end="T10">habeo</event>
      <event start="T11" end="T5">exire</event>
      <event start="T5" end="T6">&amp;</event>
      <event start="T6" end="T7">uidere</event>
      <event start="T7" end="T8">illam</event>
    </tier>
    <tier id="TIE1" category="words" type="t" display-name="ahd">
      <event start="T0" end="T1">Inti</event>
      <event start="T1" end="T2">nôtthurft</event>
      <event start="T2" end="T3">/</event>
      <event start="T3" end="T10">haben</event>
      <event start="T10" end="T4">ih</event>
      <event start="T4" end="T11">ûz</event>
      <event start="T11" end="T12">zi+</event>
      <event start="T12" end="T5">ganganne</event>
      <event start="T5" end="T6">Inti</event>
      <event start="T6" end="T7">gisehen</event>
      <event start="T7" end="T8">Iz</event>
    </tier>
    <tier id="TIE2" category="align" type="a" display-name="align"/>
    <tier id="TIE3" category="pos" type="a" display-name="pos">
      <event start="T0" end="T1">CONJ</event>
      <event start="T1" end="T2">N</event>
      <event start="T3" end="T10">V</event>
      <event start="T10" end="T4">PRONPRS</event>
    </tier>
    <tier id="TIE4" category="cat" type="a" display-name="cat">
      <event start="T1" end="T2">NP</event>
      <event start="T3" end="T10">VP</event>
      <event start="T10" end="T4">NP</event>
      <event start="T4" end="T8">CP</event>
    </tier>
    <tier id="TIE10" category="clause-status" type="a" display-name="clause-status">
      <event start="T1" end="T4">MAINDECL</event>
      <event start="T4" end="T8"/>
    </tier>
    <tier id="TIE5" category="gf" type="a" display-name="gf">
      <event start="T1" end="T2">DO</event>
      <event start="T3" end="T10">VFIN</event>
      <event start="T10" end="T4">SUBJ</event>
    </tier>
    <tier id="TIE6" category="syl_no" type="a" display-name="syl_no">
      <event start="T0" end="T1">2</event>
      <event start="T1" end="T2">2</event>
      <event start="T3" end="T10">2</event>
      <event start="T10" end="T4">1</event>
      <event start="T4" end="T11">1</event>
      <event start="T11" end="T5">4</event>
      <event start="T5" end="T6">2</event>
      <event start="T6" end="T8">4</event>
    </tier>
    <tier id="TIE7" category="givenness" type="a" display-name="givenness">
      <event start="T10" end="T4">GIV</event>
    </tier>
    <tier id="TIE8" category="top-comm" type="a" display-name="top-comm"/>
    <tier id="TIE13" category="aboutness" type="a" display-name="aboutness"/>
    <tier id="TIE14" category="position" type="a" display-name="position"/>
    <tier id="TIE15" category="topic-marker" type="a" display-name="topic-marker"/>
    <tier id="TIE16" category="definiteness" type="a" display-name="definiteness">
      <event start="T10" end="T4">DEF</event>
    </tier>
    <tier id="TIE9" category="foc-bg" type="a" display-name="foc-bg">
      <event start="T1" end="T8">NIF</event>
    </tier>
    <tier id="TIE17" category="foc-marker" type="a" display-name="foc-marker"/>
    <tier id="TIE18" category="context" type="a" display-name="context">
      <event start="T0" end="T8">präverbaler Fokus gemäß Original und durch Zeilenbruch bedingt</event>
    </tier>
    <tier id="TIE11" category="comment" type="a" display-name="comment">
      <event start="T0" end="T8">Subjektspronomen nach V2 bei besetztem Vorfeld eingefügt</event>
    </tier>
    <tier id="TIE12" category="bibl" type="d" display-name="bibl">
      <event start="T0" end="T8">T 205, 6-7 Alpha´ Lc 14</event>
    </tier>
  </basic-body>
</basic-transcription>
