<?xml version="1.0" encoding="UTF-8"?>
<!-- (c) http://www.rrz.uni-hamburg.de/exmaralda -->
<basic-transcription>
  <head>
    <meta-information>
      <project-name/>
      <transcription-name/>
      <referenced-file url=""/>
      <ud-meta-information>
        <ud-information attribute-name="corpus-code">T</ud-information>
        <ud-information attribute-name="page">219</ud-information>
        <ud-information attribute-name="line">08-09</ud-information>
        <ud-information attribute-name="writer">epsilon</ud-information>
      </ud-meta-information>
      <comment/>
      <transcription-convention/>
    </meta-information>
    <speakertable>
      <speaker id="SPK0">
        <abbreviation>X</abbreviation>
        <sex value="m"/>
        <languages-used/>
        <l1/>
        <l2/>
        <ud-speaker-information>
</ud-speaker-information>
        <comment/>
      </speaker>
    </speakertable>
  </head>
  <basic-body>
    <common-timeline>
      <tli id="T0"/>
      <tli id="T5"/>
      <tli id="T1"/>
      <tli id="T2"/>
      <tli id="T3"/>
      <tli id="T4"/>
      <tli id="T6"/>
    </common-timeline>
    <tier id="TIE0" category="LAT" type="a" display-name="LAT">
      <event start="T0" end="T5">ego</event>
      <event start="T5" end="T1">demonium</event>
      <event start="T2" end="T3">/</event>
      <event start="T3" end="T4">non</event>
      <event start="T4" end="T6">habeo</event>
    </tier>
    <tier id="TIE1" category="words" type="t" display-name="ahd">
      <event start="T0" end="T5">ih</event>
      <event start="T5" end="T1"/>
      <event start="T1" end="T2">ni</event>
      <event start="T2" end="T3">/</event>
      <event start="T3" end="T4">haben</event>
      <event start="T4" end="T6">diuual</event>
    </tier>
    <tier id="TIE2" category="align" type="a" display-name="align">
      <event start="T1" end="T2">=L4</event>
      <event start="T3" end="T4">=L5</event>
      <event start="T4" end="T6">=L1</event>
    </tier>
    <tier id="TIE3" category="pos" type="a" display-name="pos">
      <event start="T0" end="T5">PRONPRS</event>
      <event start="T1" end="T2">NEG</event>
      <event start="T3" end="T4">V</event>
      <event start="T4" end="T6">N</event>
    </tier>
    <tier id="TIE4" category="cat" type="a" display-name="cat">
      <event start="T0" end="T5">NP</event>
      <event start="T1" end="T4">VP</event>
      <event start="T4" end="T6">NP</event>
    </tier>
    <tier id="TIE10" category="clause-status" type="a" display-name="clause-status">
      <event start="T0" end="T6">MAINDECL</event>
    </tier>
    <tier id="TIE5" category="gf" type="a" display-name="gf">
      <event start="T0" end="T5">SUBJ</event>
      <event start="T3" end="T4">VFIN</event>
      <event start="T4" end="T6">DO</event>
    </tier>
    <tier id="TIE6" category="syl_no" type="a" display-name="syl_no">
      <event start="T0" end="T5">1</event>
      <event start="T1" end="T4">3</event>
      <event start="T4" end="T6">2</event>
    </tier>
    <tier id="TIE7" category="givenness" type="a" display-name="givenness">
      <event start="T0" end="T5">GIV</event>
    </tier>
    <tier id="TIE8" category="top-comm" type="a" display-name="top-comm">
      <event start="T0" end="T5">TOP</event>
      <event start="T1" end="T6">COMM</event>
    </tier>
    <tier id="TIE13" category="aboutness" type="a" display-name="aboutness">
      <event start="T0" end="T5">AB</event>
    </tier>
    <tier id="TIE14" category="position" type="a" display-name="position">
      <event start="T0" end="T5">GV</event>
    </tier>
    <tier id="TIE15" category="topic-marker" type="a" display-name="topic-marker"/>
    <tier id="TIE16" category="definiteness" type="a" display-name="definiteness">
      <event start="T0" end="T5">DEF</event>
    </tier>
    <tier id="TIE9" category="foc-bg" type="a" display-name="foc-bg">
      <event start="T5" end="T6">NIF</event>
    </tier>
    <tier id="TIE17" category="foc-marker" type="a" display-name="foc-marker"/>
    <tier id="TIE18" category="context" type="a" display-name="context"/>
    <tier id="TIE11" category="comment" type="a" display-name="comment">
      <event start="T0" end="T6">V2 nach Umstellung; Verletzung des Zeilenumbruchs</event>
    </tier>
    <tier id="TIE12" category="bibl" type="d" display-name="bibl">
      <event start="T0" end="T6">T 219, 8 - 9 Epsilon Io 8, 49</event>
    </tier>
  </basic-body>
</basic-transcription>
