<?xml version="1.0" encoding="UTF-8"?>
<!-- (c) http://www.rrz.uni-hamburg.de/exmaralda -->
<basic-transcription>
  <head>
    <meta-information>
      <project-name/>
      <transcription-name/>
      <referenced-file url=""/>
      <ud-meta-information>
        <ud-information attribute-name="corpus-code">T</ud-information>
        <ud-information attribute-name="page">211</ud-information>
        <ud-information attribute-name="line">24-25</ud-information>
        <ud-information attribute-name="writer">alpha-bar</ud-information>
      </ud-meta-information>
      <comment/>
      <transcription-convention/>
    </meta-information>
    <speakertable>
      <speaker id="SPK0">
        <abbreviation>X</abbreviation>
        <sex value="m"/>
        <languages-used/>
        <l1/>
        <l2/>
        <ud-speaker-information>
</ud-speaker-information>
        <comment/>
      </speaker>
    </speakertable>
  </head>
  <basic-body>
    <common-timeline>
      <tli id="T0"/>
      <tli id="T7"/>
      <tli id="T1"/>
      <tli id="T2"/>
      <tli id="T3"/>
      <tli id="T4"/>
      <tli id="T5"/>
      <tli id="T6"/>
      <tli id="T10"/>
      <tli id="T8"/>
      <tli id="T9"/>
    </common-timeline>
    <tier id="TIE0" category="LAT" type="a" display-name="LAT">
      <event start="T0" end="T1">adhuc</event>
      <event start="T1" end="T2">/</event>
      <event start="T2" end="T3">módicum</event>
      <event start="T3" end="T4">tempos</event>
      <event start="T6" end="T8">uobiscum</event>
      <event start="T8" end="T9">sum</event>
    </tier>
    <tier id="TIE1" category="words" type="t" display-name="ahd">
      <event start="T0" end="T7">noh</event>
      <event start="T7" end="T1">nu</event>
      <event start="T1" end="T2">/</event>
      <event start="T2" end="T3">luzila</event>
      <event start="T3" end="T4">stunta</event>
      <event start="T4" end="T5">bin</event>
      <event start="T5" end="T6">ih</event>
      <event start="T6" end="T10">mit</event>
      <event start="T10" end="T8">íu</event>
      <event start="T8" end="T9"/>
    </tier>
    <tier id="TIE2" category="align" type="a" display-name="align">
      <event start="T4" end="T5">=L9</event>
    </tier>
    <tier id="TIE3" category="pos" type="a" display-name="pos">
      <event start="T0" end="T7">ADV</event>
      <event start="T7" end="T1">ADV</event>
      <event start="T2" end="T3">A</event>
      <event start="T3" end="T4">N</event>
      <event start="T4" end="T5">VCOP</event>
      <event start="T5" end="T6">PRONPRS</event>
      <event start="T6" end="T10">P</event>
      <event start="T10" end="T8">PRONPRS</event>
    </tier>
    <tier id="TIE4" category="cat" type="a" display-name="cat">
      <event start="T2" end="T4">NP</event>
      <event start="T4" end="T5">VP</event>
      <event start="T5" end="T6">NP</event>
      <event start="T6" end="T8">PP</event>
    </tier>
    <tier id="TIE10" category="clause-status" type="a" display-name="clause-status">
      <event start="T0" end="T9">MAINDECL</event>
    </tier>
    <tier id="TIE5" category="gf" type="a" display-name="gf">
      <event start="T0" end="T1">ADVTEMP</event>
      <event start="T2" end="T4">ADVTEMP</event>
      <event start="T4" end="T5">VFIN</event>
      <event start="T5" end="T6">SUBJ</event>
      <event start="T6" end="T8">ADVLOC</event>
    </tier>
    <tier id="TIE6" category="syl_no" type="a" display-name="syl_no">
      <event start="T0" end="T1">2</event>
      <event start="T2" end="T4">5</event>
      <event start="T4" end="T5">1</event>
      <event start="T5" end="T6">1</event>
      <event start="T6" end="T8">2</event>
    </tier>
    <tier id="TIE7" category="givenness" type="a" display-name="givenness">
      <event start="T5" end="T6">GIV</event>
      <event start="T10" end="T8">GIV</event>
    </tier>
    <tier id="TIE8" category="top-comm" type="a" display-name="top-comm"/>
    <tier id="TIE13" category="aboutness" type="a" display-name="aboutness"/>
    <tier id="TIE14" category="position" type="a" display-name="position"/>
    <tier id="TIE15" category="topic-marker" type="a" display-name="topic-marker"/>
    <tier id="TIE16" category="definiteness" type="a" display-name="definiteness">
      <event start="T5" end="T6">DEF</event>
      <event start="T10" end="T8">DEF</event>
    </tier>
    <tier id="TIE9" category="foc-bg" type="a" display-name="foc-bg"/>
    <tier id="TIE17" category="foc-marker" type="a" display-name="foc-marker"/>
    <tier id="TIE18" category="context" type="a" display-name="context">
      <event start="T0" end="T9">AR (deiktischer Bezug)</event>
    </tier>
    <tier id="TIE11" category="comment" type="a" display-name="comment">
      <event start="T0" end="T9">V2 gegen Vend im HS; Vorfeldfokus, Subjektspronomen nach V2 bei besetztem Vorfeld eingefügt</event>
    </tier>
    <tier id="TIE12" category="bibl" type="d" display-name="bibl">
      <event start="T0" end="T9">T 211, 24-25 Alpha´ Io 7</event>
    </tier>
  </basic-body>
</basic-transcription>
