<?xml version="1.0" encoding="UTF-8"?>
<!-- (c) http://www.rrz.uni-hamburg.de/exmaralda -->
<basic-transcription>
  <head>
    <meta-information>
      <project-name/>
      <transcription-name/>
      <referenced-file url=""/>
      <ud-meta-information>
        <ud-information attribute-name="corpus-code">T</ud-information>
        <ud-information attribute-name="page">217</ud-information>
        <ud-information attribute-name="line">27-28</ud-information>
        <ud-information attribute-name="writer">epsilon</ud-information>
      </ud-meta-information>
      <comment/>
      <transcription-convention/>
    </meta-information>
    <speakertable>
      <speaker id="SPK0">
        <abbreviation>X</abbreviation>
        <sex value="m"/>
        <languages-used/>
        <l1/>
        <l2/>
        <ud-speaker-information>
</ud-speaker-information>
        <comment/>
      </speaker>
    </speakertable>
  </head>
  <basic-body>
    <common-timeline>
      <tli id="T0"/>
      <tli id="T5"/>
      <tli id="T1"/>
      <tli id="T2"/>
      <tli id="T3"/>
      <tli id="T4"/>
      <tli id="T6"/>
      <tli id="T7"/>
    </common-timeline>
    <tier id="TIE0" category="LAT" type="a" display-name="LAT">
      <event start="T0" end="T5">quae</event>
      <event start="T1" end="T2">uidistis</event>
      <event start="T2" end="T3">apud</event>
      <event start="T3" end="T4">patrem</event>
      <event start="T4" end="T6">/</event>
      <event start="T6" end="T7">uestrum</event>
    </tier>
    <tier id="TIE1" category="words" type="t" display-name="ahd">
      <event start="T0" end="T5">thiu</event>
      <event start="T5" end="T1">Ir</event>
      <event start="T1" end="T2">gisahut</event>
      <event start="T2" end="T3">mit</event>
      <event start="T3" end="T4">fater</event>
      <event start="T4" end="T6">/</event>
      <event start="T6" end="T7">iûuaremo</event>
    </tier>
    <tier id="TIE2" category="align" type="a" display-name="align"/>
    <tier id="TIE3" category="pos" type="a" display-name="pos">
      <event start="T0" end="T5">PRONREL</event>
      <event start="T5" end="T1">PRONPRS</event>
      <event start="T1" end="T2">V</event>
      <event start="T2" end="T3">P</event>
      <event start="T3" end="T4">N</event>
      <event start="T6" end="T7">PRONPOS</event>
    </tier>
    <tier id="TIE4" category="cat" type="a" display-name="cat">
      <event start="T0" end="T5">NP</event>
      <event start="T5" end="T1">NP</event>
      <event start="T1" end="T2">VP</event>
      <event start="T2" end="T7">PP</event>
    </tier>
    <tier id="TIE10" category="clause-status" type="a" display-name="clause-status">
      <event start="T0" end="T7">REL</event>
    </tier>
    <tier id="TIE5" category="gf" type="a" display-name="gf">
      <event start="T0" end="T5">DO</event>
      <event start="T5" end="T1">SUBJ</event>
      <event start="T1" end="T2">VFIN</event>
      <event start="T2" end="T7">ADVLOC</event>
    </tier>
    <tier id="TIE6" category="syl_no" type="a" display-name="syl_no">
      <event start="T0" end="T5">1</event>
      <event start="T5" end="T1">1</event>
      <event start="T1" end="T2">3</event>
      <event start="T2" end="T7">7</event>
    </tier>
    <tier id="TIE7" category="givenness" type="a" display-name="givenness"/>
    <tier id="TIE8" category="top-comm" type="a" display-name="top-comm"/>
    <tier id="TIE13" category="aboutness" type="a" display-name="aboutness"/>
    <tier id="TIE14" category="position" type="a" display-name="position"/>
    <tier id="TIE15" category="topic-marker" type="a" display-name="topic-marker"/>
    <tier id="TIE16" category="definiteness" type="a" display-name="definiteness"/>
    <tier id="TIE9" category="foc-bg" type="a" display-name="foc-bg">
      <event start="T6" end="T7">CF</event>
    </tier>
    <tier id="TIE17" category="foc-marker" type="a" display-name="foc-marker">
</tier>
    <tier id="TIE18" category="context" type="a" display-name="context">
</tier>
    <tier id="TIE11" category="comment" type="a" display-name="comment">
      <event start="T0" end="T7">Subjektspronomen eingefügt; ir vorab als freies Thema</event>
    </tier>
    <tier id="TIE12" category="bibl" type="d" display-name="bibl">
      <event start="T0" end="T7">T 217, 27 - 28 Epsilon Io 8, 38</event>
    </tier>
  </basic-body>
</basic-transcription>
