<?xml version="1.0" encoding="UTF-8"?>
<!-- (c) http://www.rrz.uni-hamburg.de/exmaralda -->
<basic-transcription>
  <head>
    <meta-information>
      <project-name/>
      <transcription-name/>
      <referenced-file url=""/>
      <ud-meta-information>
        <ud-information attribute-name="corpus-code">T</ud-information>
        <ud-information attribute-name="page">219</ud-information>
        <ud-information attribute-name="line">25</ud-information>
        <ud-information attribute-name="writer">epsilon</ud-information>
      </ud-meta-information>
      <comment/>
      <transcription-convention/>
    </meta-information>
    <speakertable>
      <speaker id="SPK0">
        <abbreviation>X</abbreviation>
        <sex value="m"/>
        <languages-used/>
        <l1/>
        <l2/>
        <ud-speaker-information>
</ud-speaker-information>
        <comment/>
      </speaker>
    </speakertable>
  </head>
  <basic-body>
    <common-timeline>
      <tli id="T0"/>
      <tli id="T5"/>
      <tli id="T1"/>
      <tli id="T2"/>
      <tli id="T3"/>
      <tli id="T4"/>
    </common-timeline>
    <tier id="TIE0" category="LAT" type="a" display-name="LAT">
      <event start="T0" end="T5">quem</event>
      <event start="T5" end="T1">te</event>
      <event start="T2" end="T3">ipsum</event>
      <event start="T3" end="T4">facis</event>
    </tier>
    <tier id="TIE1" category="words" type="t" display-name="ahd">
      <event start="T0" end="T5">uuen</event>
      <event start="T5" end="T1">tuos</event>
      <event start="T1" end="T2">thu</event>
      <event start="T2" end="T3">thih</event>
      <event start="T3" end="T4">selbon</event>
    </tier>
    <tier id="TIE2" category="align" type="a" display-name="align">
      <event start="T5" end="T1">=L4</event>
      <event start="T2" end="T3">=L1</event>
      <event start="T3" end="T4">=L3</event>
    </tier>
    <tier id="TIE3" category="pos" type="a" display-name="pos">
      <event start="T0" end="T5">PRONINTERR</event>
      <event start="T5" end="T1">V</event>
      <event start="T1" end="T2">PRONPRS</event>
      <event start="T2" end="T3">PRONRFL</event>
      <event start="T3" end="T4">A</event>
    </tier>
    <tier id="TIE4" category="cat" type="a" display-name="cat">
      <event start="T0" end="T5">NP</event>
      <event start="T5" end="T1">VP</event>
      <event start="T1" end="T2">NP</event>
      <event start="T2" end="T4">NP</event>
    </tier>
    <tier id="TIE10" category="clause-status" type="a" display-name="clause-status">
      <event start="T0" end="T4">MAININTERR</event>
    </tier>
    <tier id="TIE5" category="gf" type="a" display-name="gf">
      <event start="T0" end="T5">DO</event>
      <event start="T5" end="T1">VFIN</event>
      <event start="T1" end="T2">SUBJ</event>
      <event start="T2" end="T4">DO</event>
    </tier>
    <tier id="TIE6" category="syl_no" type="a" display-name="syl_no">
      <event start="T0" end="T5">1</event>
      <event start="T5" end="T1">1</event>
      <event start="T1" end="T2">1</event>
      <event start="T2" end="T4">3</event>
    </tier>
    <tier id="TIE7" category="givenness" type="a" display-name="givenness">
      <event start="T1" end="T2">GIV</event>
    </tier>
    <tier id="TIE8" category="top-comm" type="a" display-name="top-comm"/>
    <tier id="TIE13" category="aboutness" type="a" display-name="aboutness"/>
    <tier id="TIE14" category="position" type="a" display-name="position"/>
    <tier id="TIE15" category="topic-marker" type="a" display-name="topic-marker"/>
    <tier id="TIE16" category="definiteness" type="a" display-name="definiteness">
      <event start="T1" end="T2">DEF</event>
    </tier>
    <tier id="TIE9" category="foc-bg" type="a" display-name="foc-bg"/>
    <tier id="TIE17" category="foc-marker" type="a" display-name="foc-marker">
      <event start="T0" end="T5">WH</event>
    </tier>
    <tier id="TIE18" category="context" type="a" display-name="context"/>
    <tier id="TIE11" category="comment" type="a" display-name="comment">
      <event start="T0" end="T4">Fragesatz mit V2 nach Umstellung; Subjektspronomen eingefügt; postfinit nach mit Fragepronomen besetztem Vorfeld</event>
    </tier>
    <tier id="TIE12" category="bibl" type="d" display-name="bibl">
      <event start="T0" end="T4">T 219, 25 Epsilon Io 8, 53</event>
    </tier>
  </basic-body>
</basic-transcription>
