<?xml version="1.0" encoding="UTF-8"?>
<!-- (c) http://www.rrz.uni-hamburg.de/exmaralda -->
<basic-transcription>
  <head>
    <meta-information>
      <project-name/>
      <transcription-name/>
      <referenced-file url=""/>
      <ud-meta-information>
        <ud-information attribute-name="corpus-code">T</ud-information>
        <ud-information attribute-name="page">216</ud-information>
        <ud-information attribute-name="line">20-21</ud-information>
        <ud-information attribute-name="writer">epsilon</ud-information>
      </ud-meta-information>
      <comment/>
      <transcription-convention/>
    </meta-information>
    <speakertable>
      <speaker id="SPK0">
        <abbreviation>X</abbreviation>
        <sex value="m"/>
        <languages-used/>
        <l1/>
        <l2/>
        <ud-speaker-information>
</ud-speaker-information>
        <comment/>
      </speaker>
    </speakertable>
  </head>
  <basic-body>
    <common-timeline>
      <tli id="T0"/>
      <tli id="T5"/>
      <tli id="T1"/>
      <tli id="T2"/>
      <tli id="T3"/>
      <tli id="T4"/>
      <tli id="T6"/>
      <tli id="T7"/>
      <tli id="T8"/>
      <tli id="T9"/>
      <tli id="T10"/>
    </common-timeline>
    <tier id="TIE0" category="LAT" type="a" display-name="LAT">
      <event start="T0" end="T5">multa</event>
      <event start="T5" end="T1">habeo</event>
      <event start="T2" end="T3">.</event>
      <event start="T3" end="T4">/</event>
      <event start="T4" end="T6">de</event>
      <event start="T6" end="T7">uobis</event>
      <event start="T7" end="T8">loqui</event>
      <event start="T8" end="T9">&amp;</event>
      <event start="T9" end="T10">Iudicare</event>
    </tier>
    <tier id="TIE1" category="words" type="t" display-name="ahd">
      <event start="T0" end="T5">managu</event>
      <event start="T5" end="T1">haben</event>
      <event start="T1" end="T2">ih</event>
      <event start="T2" end="T3">.</event>
      <event start="T3" end="T4">/</event>
      <event start="T4" end="T6">fon</event>
      <event start="T6" end="T7">Iú</event>
      <event start="T7" end="T8">zisprehhanne</event>
      <event start="T8" end="T9">Intj</event>
      <event start="T9" end="T10">zituomenne</event>
    </tier>
    <tier id="TIE2" category="align" type="a" display-name="align"/>
    <tier id="TIE3" category="pos" type="a" display-name="pos">
      <event start="T0" end="T5">A</event>
      <event start="T5" end="T1">V</event>
      <event start="T1" end="T2">PRONPRS</event>
      <event start="T4" end="T6">P</event>
      <event start="T6" end="T7">PRONPRS</event>
      <event start="T7" end="T8">VN</event>
      <event start="T8" end="T9">CONJ</event>
      <event start="T9" end="T10">VN</event>
    </tier>
    <tier id="TIE4" category="cat" type="a" display-name="cat">
      <event start="T0" end="T5">AP</event>
      <event start="T5" end="T1">VP</event>
      <event start="T1" end="T2">NP</event>
      <event start="T4" end="T7">PP</event>
      <event start="T7" end="T10">VP</event>
    </tier>
    <tier id="TIE10" category="clause-status" type="a" display-name="clause-status">
      <event start="T0" end="T10">MAINDECL</event>
    </tier>
    <tier id="TIE5" category="gf" type="a" display-name="gf">
      <event start="T0" end="T5">DO</event>
      <event start="T5" end="T1">VFIN</event>
      <event start="T1" end="T2">SUBJ</event>
      <event start="T4" end="T7">PO</event>
      <event start="T7" end="T8">GERUND</event>
      <event start="T9" end="T10">GERUND</event>
    </tier>
    <tier id="TIE6" category="syl_no" type="a" display-name="syl_no">
      <event start="T0" end="T5">3</event>
      <event start="T5" end="T1">2</event>
      <event start="T1" end="T2">1</event>
      <event start="T4" end="T7">2</event>
      <event start="T7" end="T10">10</event>
    </tier>
    <tier id="TIE7" category="givenness" type="a" display-name="givenness">
      <event start="T1" end="T2">GIV</event>
      <event start="T6" end="T7">GIV</event>
    </tier>
    <tier id="TIE8" category="top-comm" type="a" display-name="top-comm"/>
    <tier id="TIE13" category="aboutness" type="a" display-name="aboutness"/>
    <tier id="TIE14" category="position" type="a" display-name="position"/>
    <tier id="TIE15" category="topic-marker" type="a" display-name="topic-marker"/>
    <tier id="TIE16" category="definiteness" type="a" display-name="definiteness">
      <event start="T1" end="T2">DEF</event>
      <event start="T6" end="T7">DEF</event>
    </tier>
    <tier id="TIE9" category="foc-bg" type="a" display-name="foc-bg">
      <event start="T0" end="T5">NIF</event>
    </tier>
    <tier id="TIE17" category="foc-marker" type="a" display-name="foc-marker"/>
    <tier id="TIE18" category="context" type="a" display-name="context"/>
    <tier id="TIE11" category="comment" type="a" display-name="comment">
      <event start="T0" end="T10">Subjektspronomen bei besetztem Vorfeld postverbal eingefügt; V2, präverbaler Fokus gemäß Original</event>
    </tier>
    <tier id="TIE12" category="bibl" type="d" display-name="bibl">
      <event start="T0" end="T10">T 216, 20 - 21 Epsilon Io 8, 26</event>
    </tier>
  </basic-body>
</basic-transcription>
