<?xml version="1.0" encoding="UTF-8"?>
<!-- (c) http://www.rrz.uni-hamburg.de/exmaralda -->
<basic-transcription>
  <head>
    <meta-information>
      <project-name/>
      <transcription-name/>
      <referenced-file url=""/>
      <ud-meta-information>
        <ud-information attribute-name="corpus-code">T</ud-information>
        <ud-information attribute-name="page">211</ud-information>
        <ud-information attribute-name="line">30</ud-information>
        <ud-information attribute-name="writer">alpha-bar</ud-information>
      </ud-meta-information>
      <comment/>
      <transcription-convention/>
    </meta-information>
    <speakertable>
      <speaker id="SPK0">
        <abbreviation>X</abbreviation>
        <sex value="m"/>
        <languages-used/>
        <l1/>
        <l2/>
        <ud-speaker-information>
</ud-speaker-information>
        <comment/>
      </speaker>
    </speakertable>
  </head>
  <basic-body>
    <common-timeline>
      <tli id="T0"/>
      <tli id="T1"/>
      <tli id="T2"/>
      <tli id="T3"/>
      <tli id="T4"/>
    </common-timeline>
    <tier id="TIE0" category="LAT" type="a" display-name="LAT">
      <event start="T0" end="T1">quo</event>
      <event start="T1" end="T2">hic</event>
      <event start="T2" end="T3">Iturus est</event>
    </tier>
    <tier id="TIE1" category="words" type="t" display-name="ahd">
      <event start="T0" end="T1">uuara</event>
      <event start="T1" end="T2">ferit</event>
      <event start="T2" end="T3">theser</event>
      <event start="T3" end="T4"/>
    </tier>
    <tier id="TIE2" category="align" type="a" display-name="align">
      <event start="T1" end="T2">=L2</event>
      <event start="T2" end="T3">=L1</event>
    </tier>
    <tier id="TIE3" category="pos" type="a" display-name="pos">
      <event start="T0" end="T1">PRONINTERR</event>
      <event start="T1" end="T2">V</event>
      <event start="T2" end="T3">PRONDEM</event>
    </tier>
    <tier id="TIE4" category="cat" type="a" display-name="cat">
      <event start="T1" end="T2">VP</event>
      <event start="T2" end="T3">NP</event>
    </tier>
    <tier id="TIE5" category="clause-status" type="a" display-name="clause-status">
      <event start="T0" end="T3">MAININTERR</event>
    </tier>
    <tier id="TIE6" category="gf" type="a" display-name="gf">
      <event start="T0" end="T1">ADVMOD</event>
      <event start="T1" end="T2">VFIN</event>
      <event start="T2" end="T3">SUBJ</event>
    </tier>
    <tier id="TIE7" category="syl_no" type="a" display-name="syl_no">
      <event start="T0" end="T1">2</event>
      <event start="T1" end="T2">2</event>
      <event start="T2" end="T3">2</event>
    </tier>
    <tier id="TIE8" category="givenness" type="a" display-name="givenness">
      <event start="T2" end="T3">GIV</event>
    </tier>
    <tier id="TIE9" category="top-comm" type="a" display-name="top-comm"/>
    <tier id="TIE10" category="aboutness" type="a" display-name="aboutness"/>
    <tier id="TIE11" category="position" type="a" display-name="position"/>
    <tier id="TIE12" category="topic-marker" type="a" display-name="topic-marker"/>
    <tier id="TIE13" category="definiteness" type="a" display-name="definiteness">
      <event start="T2" end="T3">DEF</event>
    </tier>
    <tier id="TIE14" category="foc-bg" type="a" display-name="foc-bg"/>
    <tier id="TIE15" category="foc-marker" type="a" display-name="foc-marker">
      <event start="T0" end="T1">WH</event>
    </tier>
    <tier id="TIE16" category="context" type="a" display-name="context"/>
    <tier id="TIE17" category="comment" type="a" display-name="comment">
      <event start="T0" end="T4">direkte Ergänzungsfrage mit V2 gegen Vend im Original</event>
    </tier>
    <tier id="TIE18" category="bibl" type="d" display-name="bibl">
      <event start="T0" end="T4">T 211, 30 Alpha´ Io 7</event>
    </tier>
  </basic-body>
</basic-transcription>
