<?xml version="1.0" encoding="UTF-8"?>
<!-- (c) http://www.rrz.uni-hamburg.de/exmaralda -->
<basic-transcription>
  <head>
    <meta-information>
      <project-name/>
      <transcription-name/>
      <referenced-file url=""/>
      <ud-meta-information>
        <ud-information attribute-name="corpus-code">T</ud-information>
        <ud-information attribute-name="page">216</ud-information>
        <ud-information attribute-name="line">23</ud-information>
        <ud-information attribute-name="writer">epsilon</ud-information>
      </ud-meta-information>
      <comment/>
      <transcription-convention/>
    </meta-information>
    <speakertable>
      <speaker id="SPK0">
        <abbreviation>X</abbreviation>
        <sex value="m"/>
        <languages-used/>
        <l1/>
        <l2/>
        <ud-speaker-information>
</ud-speaker-information>
        <comment/>
      </speaker>
    </speakertable>
  </head>
  <basic-body>
    <common-timeline>
      <tli id="T0"/>
      <tli id="T5"/>
      <tli id="T1"/>
      <tli id="T2"/>
      <tli id="T3"/>
      <tli id="T4"/>
    </common-timeline>
    <tier id="TIE0" category="LAT" type="a" display-name="LAT">
      <event start="T0" end="T5">ego</event>
      <event start="T5" end="T1">quae</event>
      <event start="T1" end="T2">audiui</event>
      <event start="T2" end="T3">ab</event>
      <event start="T3" end="T4">eo</event>
    </tier>
    <tier id="TIE1" category="words" type="t" display-name="ahd">
      <event start="T0" end="T5">thiu</event>
      <event start="T5" end="T1">Ih</event>
      <event start="T1" end="T2">gihorta</event>
      <event start="T2" end="T3">fon</event>
      <event start="T3" end="T4">Imo</event>
    </tier>
    <tier id="TIE2" category="align" type="a" display-name="align">
      <event start="T0" end="T5">=L1</event>
      <event start="T5" end="T1">=L0</event>
    </tier>
    <tier id="TIE3" category="pos" type="a" display-name="pos">
      <event start="T0" end="T5">PRONREL</event>
      <event start="T5" end="T1">PRONPRS</event>
      <event start="T1" end="T2">V</event>
      <event start="T2" end="T3">P</event>
      <event start="T3" end="T4">PRONPRS</event>
    </tier>
    <tier id="TIE4" category="cat" type="a" display-name="cat">
      <event start="T5" end="T1">NP</event>
      <event start="T1" end="T2">VP</event>
      <event start="T2" end="T4">PP</event>
    </tier>
    <tier id="TIE10" category="clause-status" type="a" display-name="clause-status">
      <event start="T0" end="T4">REL</event>
    </tier>
    <tier id="TIE5" category="gf" type="a" display-name="gf">
      <event start="T0" end="T5">DO</event>
      <event start="T5" end="T1">SUBJ</event>
      <event start="T1" end="T2">VFIN</event>
      <event start="T2" end="T4">ADVLOC</event>
    </tier>
    <tier id="TIE6" category="syl_no" type="a" display-name="syl_no">
      <event start="T0" end="T5">1</event>
      <event start="T5" end="T1">1</event>
      <event start="T1" end="T2">3</event>
      <event start="T2" end="T4">3</event>
    </tier>
    <tier id="TIE7" category="givenness" type="a" display-name="givenness">
      <event start="T5" end="T1">GIV</event>
      <event start="T3" end="T4">GIV</event>
    </tier>
    <tier id="TIE8" category="top-comm" type="a" display-name="top-comm"/>
    <tier id="TIE13" category="aboutness" type="a" display-name="aboutness"/>
    <tier id="TIE14" category="position" type="a" display-name="position"/>
    <tier id="TIE15" category="topic-marker" type="a" display-name="topic-marker"/>
    <tier id="TIE16" category="definiteness" type="a" display-name="definiteness">
      <event start="T5" end="T1">DEF</event>
      <event start="T3" end="T4">DEF</event>
    </tier>
    <tier id="TIE9" category="foc-bg" type="a" display-name="foc-bg">
      <event start="T2" end="T4">CF</event>
    </tier>
    <tier id="TIE17" category="foc-marker" type="a" display-name="foc-marker"/>
    <tier id="TIE18" category="context" type="a" display-name="context"/>
    <tier id="TIE11" category="comment" type="a" display-name="comment">
      <event start="T0" end="T4">Umstellung des Relativpronomens und des Subjekts; enger Fokus nach Vfin</event>
    </tier>
    <tier id="TIE12" category="bibl" type="d" display-name="bibl">
      <event start="T0" end="T4">T 216, 23 Epsilon Io 8, 26</event>
    </tier>
  </basic-body>
</basic-transcription>
