<?xml version="1.0" standalone="no"?>
<!DOCTYPE sfb632_standard SYSTEM "sfb632_mark.dtd">


<sfb632_standard version="1.0">
<header sfb_id="urml.maz-4282_tok" type="tok"/>

<markList xmlns:xlink="http://www.w3.org/1999/xlink" type="tok" xml:base="urml.maz-4282.text.xml">
<mark id="tok_1" xlink:href="#xpointer(string-range(//body,'',1,9))"/><!-- Steilpass -->
<mark id="tok_2" xlink:href="#xpointer(string-range(//body,'',11,6))"/><!-- Wunder -->
<mark id="tok_3" xlink:href="#xpointer(string-range(//body,'',18,4))"/><!-- gibt -->
<mark id="tok_4" xlink:href="#xpointer(string-range(//body,'',23,2))"/><!-- es -->
<mark id="tok_5" xlink:href="#xpointer(string-range(//body,'',26,5))"/><!-- immer -->
<mark id="tok_6" xlink:href="#xpointer(string-range(//body,'',32,6))"/><!-- wieder -->
<mark id="tok_7" xlink:href="#xpointer(string-range(//body,'',39,1))"/><!-- ! -->
<mark id="tok_8" xlink:href="#xpointer(string-range(//body,'',41,4))"/><!-- Erst -->
<mark id="tok_9" xlink:href="#xpointer(string-range(//body,'',46,7))"/><!-- spielen -->
<mark id="tok_10" xlink:href="#xpointer(string-range(//body,'',54,3))"/><!-- die -->
<mark id="tok_11" xlink:href="#xpointer(string-range(//body,'',58,9))"/><!-- Dallgower -->
<mark id="tok_12" xlink:href="#xpointer(string-range(//body,'',68,17))"/><!-- Gemeindevertreter -->
<mark id="tok_13" xlink:href="#xpointer(string-range(//body,'',86,2))"/><!-- so -->
<mark id="tok_14" xlink:href="#xpointer(string-range(//body,'',89,8))"/><!-- statisch -->
<mark id="tok_15" xlink:href="#xpointer(string-range(//body,'',98,3))"/><!-- und -->
<mark id="tok_16" xlink:href="#xpointer(string-range(//body,'',102,7))"/><!-- verzagt -->
<mark id="tok_17" xlink:href="#xpointer(string-range(//body,'',110,3))"/><!-- wie -->
<mark id="tok_18" xlink:href="#xpointer(string-range(//body,'',114,3))"/><!-- die -->
<mark id="tok_19" xlink:href="#xpointer(string-range(//body,'',118,8))"/><!-- deutsche -->
<mark id="tok_20" xlink:href="#xpointer(string-range(//body,'',127,11))"/><!-- Abwehrreihe -->
<mark id="tok_21" xlink:href="#xpointer(string-range(//body,'',139,3))"/><!-- der -->
<mark id="tok_22" xlink:href="#xpointer(string-range(//body,'',143,13))"/><!-- FuÃballkicker -->
<mark id="tok_23" xlink:href="#xpointer(string-range(//body,'',157,1))"/><!-- . -->
<mark id="tok_24" xlink:href="#xpointer(string-range(//body,'',159,3))"/><!-- Und -->
<mark id="tok_25" xlink:href="#xpointer(string-range(//body,'',163,4))"/><!-- dann -->
<mark id="tok_26" xlink:href="#xpointer(string-range(//body,'',168,5))"/><!-- kommt -->
<mark id="tok_27" xlink:href="#xpointer(string-range(//body,'',174,3))"/><!-- aus -->
<mark id="tok_28" xlink:href="#xpointer(string-range(//body,'',178,3))"/><!-- der -->
<mark id="tok_29" xlink:href="#xpointer(string-range(//body,'',182,5))"/><!-- Tiefe -->
<mark id="tok_30" xlink:href="#xpointer(string-range(//body,'',188,5))"/><!-- solch -->
<mark id="tok_31" xlink:href="#xpointer(string-range(//body,'',194,3))"/><!-- ein -->
<mark id="tok_32" xlink:href="#xpointer(string-range(//body,'',198,11))"/><!-- fulminanter -->
<mark id="tok_33" xlink:href="#xpointer(string-range(//body,'',210,9))"/><!-- Steilpass -->
<mark id="tok_34" xlink:href="#xpointer(string-range(//body,'',220,1))"/><!-- , -->
<mark id="tok_35" xlink:href="#xpointer(string-range(//body,'',222,3))"/><!-- von -->
<mark id="tok_36" xlink:href="#xpointer(string-range(//body,'',226,3))"/><!-- dem -->
<mark id="tok_37" xlink:href="#xpointer(string-range(//body,'',230,3))"/><!-- man -->
<mark id="tok_38" xlink:href="#xpointer(string-range(//body,'',234,5))"/><!-- hofft -->
<mark id="tok_39" xlink:href="#xpointer(string-range(//body,'',240,1))"/><!-- , -->
<mark id="tok_40" xlink:href="#xpointer(string-range(//body,'',242,4))"/><!-- dass -->
<mark id="tok_41" xlink:href="#xpointer(string-range(//body,'',247,3))"/><!-- die -->
<mark id="tok_42" xlink:href="#xpointer(string-range(//body,'',251,9))"/><!-- Seeburger -->
<mark id="tok_43" xlink:href="#xpointer(string-range(//body,'',261,4))"/><!-- oder -->
<mark id="tok_44" xlink:href="#xpointer(string-range(//body,'',266,15))"/><!-- GroÃ_Glienicker -->
<mark id="tok_45" xlink:href="#xpointer(string-range(//body,'',282,10))"/><!-- Mitspieler -->
<mark id="tok_46" xlink:href="#xpointer(string-range(//body,'',293,3))"/><!-- ihn -->
<mark id="tok_47" xlink:href="#xpointer(string-range(//body,'',297,9))"/><!-- aufnehmen -->
<mark id="tok_48" xlink:href="#xpointer(string-range(//body,'',307,6))"/><!-- kÃ¶nnen -->
<mark id="tok_49" xlink:href="#xpointer(string-range(//body,'',314,1))"/><!-- . -->
<mark id="tok_50" xlink:href="#xpointer(string-range(//body,'',316,3))"/><!-- Ein -->
<mark id="tok_51" xlink:href="#xpointer(string-range(//body,'',320,16))"/><!-- Befreiungsschlag -->
<mark id="tok_52" xlink:href="#xpointer(string-range(//body,'',337,3))"/><!-- ist -->
<mark id="tok_53" xlink:href="#xpointer(string-range(//body,'',341,2))"/><!-- es -->
<mark id="tok_54" xlink:href="#xpointer(string-range(//body,'',344,10))"/><!-- allerdings -->
<mark id="tok_55" xlink:href="#xpointer(string-range(//body,'',355,5))"/><!-- nicht -->
<mark id="tok_56" xlink:href="#xpointer(string-range(//body,'',361,1))"/><!-- , -->
<mark id="tok_57" xlink:href="#xpointer(string-range(//body,'',363,4))"/><!-- weil -->
<mark id="tok_58" xlink:href="#xpointer(string-range(//body,'',368,2))"/><!-- es -->
<mark id="tok_59" xlink:href="#xpointer(string-range(//body,'',371,7))"/><!-- vorerst -->
<mark id="tok_60" xlink:href="#xpointer(string-range(//body,'',379,5))"/><!-- keine -->
<mark id="tok_61" xlink:href="#xpointer(string-range(//body,'',385,6))"/><!-- Gefahr -->
<mark id="tok_62" xlink:href="#xpointer(string-range(//body,'',392,4))"/><!-- fÃ¼rs -->
<mark id="tok_63" xlink:href="#xpointer(string-range(//body,'',397,9))"/><!-- Dallgower -->
<mark id="tok_64" xlink:href="#xpointer(string-range(//body,'',407,3))"/><!-- Tor -->
<mark id="tok_65" xlink:href="#xpointer(string-range(//body,'',411,3))"/><!-- gab -->
<mark id="tok_66" xlink:href="#xpointer(string-range(//body,'',415,1))"/><!-- . -->
<mark id="tok_67" xlink:href="#xpointer(string-range(//body,'',417,3))"/><!-- Die -->
<mark id="tok_68" xlink:href="#xpointer(string-range(//body,'',421,9))"/><!-- Seeburger -->
<mark id="tok_69" xlink:href="#xpointer(string-range(//body,'',431,3))"/><!-- und -->
<mark id="tok_70" xlink:href="#xpointer(string-range(//body,'',435,6))"/><!-- einige -->
<mark id="tok_71" xlink:href="#xpointer(string-range(//body,'',442,15))"/><!-- GroÃ_Glienicker -->
<mark id="tok_72" xlink:href="#xpointer(string-range(//body,'',458,5))"/><!-- haben -->
<mark id="tok_73" xlink:href="#xpointer(string-range(//body,'',464,3))"/><!-- den -->
<mark id="tok_74" xlink:href="#xpointer(string-range(//body,'',468,4))"/><!-- Ball -->
<mark id="tok_75" xlink:href="#xpointer(string-range(//body,'',473,4))"/><!-- erst -->
<mark id="tok_76" xlink:href="#xpointer(string-range(//body,'',478,14))"/><!-- zurÃ¼ckgespielt -->
<mark id="tok_77" xlink:href="#xpointer(string-range(//body,'',493,3))"/><!-- und -->
<mark id="tok_78" xlink:href="#xpointer(string-range(//body,'',497,4))"/><!-- dann -->
<mark id="tok_79" xlink:href="#xpointer(string-range(//body,'',502,2))"/><!-- um -->
<mark id="tok_80" xlink:href="#xpointer(string-range(//body,'',505,2))"/><!-- so -->
<mark id="tok_81" xlink:href="#xpointer(string-range(//body,'',508,10))"/><!-- drÃ¤ngender -->
<mark id="tok_82" xlink:href="#xpointer(string-range(//body,'',519,6))"/><!-- wieder -->
<mark id="tok_83" xlink:href="#xpointer(string-range(//body,'',526,9))"/><!-- gefordert -->
<mark id="tok_84" xlink:href="#xpointer(string-range(//body,'',536,1))"/><!-- . -->
<mark id="tok_85" xlink:href="#xpointer(string-range(//body,'',538,3))"/><!-- Nun -->
<mark id="tok_86" xlink:href="#xpointer(string-range(//body,'',542,6))"/><!-- sollen -->
<mark id="tok_87" xlink:href="#xpointer(string-range(//body,'',549,3))"/><!-- sie -->
<mark id="tok_88" xlink:href="#xpointer(string-range(//body,'',553,6))"/><!-- zeigen -->
<mark id="tok_89" xlink:href="#xpointer(string-range(//body,'',560,1))"/><!-- , -->
<mark id="tok_90" xlink:href="#xpointer(string-range(//body,'',562,3))"/><!-- wie -->
<mark id="tok_91" xlink:href="#xpointer(string-range(//body,'',566,3))"/><!-- sie -->
<mark id="tok_92" xlink:href="#xpointer(string-range(//body,'',570,3))"/><!-- die -->
<mark id="tok_93" xlink:href="#xpointer(string-range(//body,'',574,6))"/><!-- Chance -->
<mark id="tok_94" xlink:href="#xpointer(string-range(//body,'',581,9))"/><!-- verwerten -->
<mark id="tok_95" xlink:href="#xpointer(string-range(//body,'',591,1))"/><!-- . -->
<mark id="tok_96" xlink:href="#xpointer(string-range(//body,'',593,4))"/><!-- Eine -->
<mark id="tok_97" xlink:href="#xpointer(string-range(//body,'',598,10))"/><!-- Diskussion -->
<mark id="tok_98" xlink:href="#xpointer(string-range(//body,'',609,1))"/><!-- , -->
<mark id="tok_99" xlink:href="#xpointer(string-range(//body,'',611,2))"/><!-- wo -->
<mark id="tok_100" xlink:href="#xpointer(string-range(//body,'',614,7))"/><!-- kÃ¼nftig -->
<mark id="tok_101" xlink:href="#xpointer(string-range(//body,'',622,3))"/><!-- die -->
<mark id="tok_102" xlink:href="#xpointer(string-range(//body,'',626,13))"/><!-- Trainerkabine -->
<mark id="tok_103" xlink:href="#xpointer(string-range(//body,'',640,6))"/><!-- stehen -->
<mark id="tok_104" xlink:href="#xpointer(string-range(//body,'',647,4))"/><!-- soll -->
<mark id="tok_105" xlink:href="#xpointer(string-range(//body,'',652,1))"/><!-- , -->
<mark id="tok_106" xlink:href="#xpointer(string-range(//body,'',654,4))"/><!-- wÃ¤re -->
<mark id="tok_107" xlink:href="#xpointer(string-range(//body,'',659,2))"/><!-- in -->
<mark id="tok_108" xlink:href="#xpointer(string-range(//body,'',662,3))"/><!-- der -->
<mark id="tok_109" xlink:href="#xpointer(string-range(//body,'',666,8))"/><!-- jetzigen -->
<mark id="tok_110" xlink:href="#xpointer(string-range(//body,'',675,14))"/><!-- Spielsituation -->
<mark id="tok_111" xlink:href="#xpointer(string-range(//body,'',690,10))"/><!-- verheerend -->
<mark id="tok_112" xlink:href="#xpointer(string-range(//body,'',701,1))"/><!-- . -->
<mark id="tok_113" xlink:href="#xpointer(string-range(//body,'',703,3))"/><!-- Und -->
<mark id="tok_114" xlink:href="#xpointer(string-range(//body,'',707,4))"/><!-- eine -->
<mark id="tok_115" xlink:href="#xpointer(string-range(//body,'',712,9))"/><!-- Parallele -->
<mark id="tok_116" xlink:href="#xpointer(string-range(//body,'',722,2))"/><!-- zu -->
<mark id="tok_117" xlink:href="#xpointer(string-range(//body,'',725,3))"/><!-- den -->
<mark id="tok_118" xlink:href="#xpointer(string-range(//body,'',729,9))"/><!-- deutschen -->
<mark id="tok_119" xlink:href="#xpointer(string-range(//body,'',739,15))"/><!-- Grotten_Kickern -->
<mark id="tok_120" xlink:href="#xpointer(string-range(//body,'',755,4))"/><!-- gibt -->
<mark id="tok_121" xlink:href="#xpointer(string-range(//body,'',760,2))"/><!-- es -->
<mark id="tok_122" xlink:href="#xpointer(string-range(//body,'',763,5))"/><!-- immer -->
<mark id="tok_123" xlink:href="#xpointer(string-range(//body,'',769,4))"/><!-- noch -->
<mark id="tok_124" xlink:href="#xpointer(string-range(//body,'',774,1))"/><!-- . -->
<mark id="tok_125" xlink:href="#xpointer(string-range(//body,'',776,4))"/><!-- Auch -->
<mark id="tok_126" xlink:href="#xpointer(string-range(//body,'',781,4))"/><!-- wenn -->
<mark id="tok_127" xlink:href="#xpointer(string-range(//body,'',786,3))"/><!-- die -->
<mark id="tok_128" xlink:href="#xpointer(string-range(//body,'',790,7))"/><!-- Spieler -->
<mark id="tok_129" xlink:href="#xpointer(string-range(//body,'',798,3))"/><!-- aus -->
<mark id="tok_130" xlink:href="#xpointer(string-range(//body,'',802,3))"/><!-- den -->
<mark id="tok_131" xlink:href="#xpointer(string-range(//body,'',806,13))"/><!-- verschiedenen -->
<mark id="tok_132" xlink:href="#xpointer(string-range(//body,'',820,8))"/><!-- Vereinen -->
<mark id="tok_133" xlink:href="#xpointer(string-range(//body,'',829,17))"/><!-- zusammengewÃ¼rfelt -->
<mark id="tok_134" xlink:href="#xpointer(string-range(//body,'',847,4))"/><!-- sind -->
<mark id="tok_135" xlink:href="#xpointer(string-range(//body,'',852,1))"/><!-- , -->
<mark id="tok_136" xlink:href="#xpointer(string-range(//body,'',854,3))"/><!-- sie -->
<mark id="tok_137" xlink:href="#xpointer(string-range(//body,'',858,6))"/><!-- mÃ¼ssen -->
<mark id="tok_138" xlink:href="#xpointer(string-range(//body,'',865,4))"/><!-- sich -->
<mark id="tok_139" xlink:href="#xpointer(string-range(//body,'',870,5))"/><!-- daran -->
<mark id="tok_140" xlink:href="#xpointer(string-range(//body,'',876,8))"/><!-- gewÃ¶hnen -->
<mark id="tok_141" xlink:href="#xpointer(string-range(//body,'',885,1))"/><!-- , -->
<mark id="tok_142" xlink:href="#xpointer(string-range(//body,'',887,4))"/><!-- dass -->
<mark id="tok_143" xlink:href="#xpointer(string-range(//body,'',892,3))"/><!-- sie -->
<mark id="tok_144" xlink:href="#xpointer(string-range(//body,'',896,3))"/><!-- nun -->
<mark id="tok_145" xlink:href="#xpointer(string-range(//body,'',900,2))"/><!-- in -->
<mark id="tok_146" xlink:href="#xpointer(string-range(//body,'',903,5))"/><!-- einer -->
<mark id="tok_147" xlink:href="#xpointer(string-range(//body,'',909,10))"/><!-- Mannschaft -->
<mark id="tok_148" xlink:href="#xpointer(string-range(//body,'',920,1))"/><!-- " -->
<mark id="tok_149" xlink:href="#xpointer(string-range(//body,'',922,10))"/><!-- DÃ¶beritzer -->
<mark id="tok_150" xlink:href="#xpointer(string-range(//body,'',933,5))"/><!-- Heide -->
<mark id="tok_151" xlink:href="#xpointer(string-range(//body,'',939,1))"/><!-- " -->
<mark id="tok_152" xlink:href="#xpointer(string-range(//body,'',941,7))"/><!-- spielen -->
<mark id="tok_153" xlink:href="#xpointer(string-range(//body,'',949,1))"/><!-- . -->
<mark id="tok_154" xlink:href="#xpointer(string-range(//body,'',951,3))"/><!-- Und -->
<mark id="tok_155" xlink:href="#xpointer(string-range(//body,'',955,3))"/><!-- das -->
<mark id="tok_156" xlink:href="#xpointer(string-range(//body,'',959,5))"/><!-- heiÃt -->
<mark id="tok_157" xlink:href="#xpointer(string-range(//body,'',965,9))"/><!-- gemeinsam -->
<mark id="tok_158" xlink:href="#xpointer(string-range(//body,'',975,3))"/><!-- und -->
<mark id="tok_159" xlink:href="#xpointer(string-range(//body,'',979,5))"/><!-- nicht -->
<mark id="tok_160" xlink:href="#xpointer(string-range(//body,'',985,13))"/><!-- gegeneinander -->
<mark id="tok_161" xlink:href="#xpointer(string-range(//body,'',999,1))"/><!-- . -->
<mark id="tok_162" xlink:href="#xpointer(string-range(//body,'',1001,11))"/><!-- Ermahnungen -->
<mark id="tok_163" xlink:href="#xpointer(string-range(//body,'',1013,3))"/><!-- von -->
<mark id="tok_164" xlink:href="#xpointer(string-range(//body,'',1017,3))"/><!-- der -->
<mark id="tok_165" xlink:href="#xpointer(string-range(//body,'',1021,11))"/><!-- Seitenlinie -->
<mark id="tok_166" xlink:href="#xpointer(string-range(//body,'',1033,1))"/><!-- , -->
<mark id="tok_167" xlink:href="#xpointer(string-range(//body,'',1035,11))"/><!-- miteinander -->
<mark id="tok_168" xlink:href="#xpointer(string-range(//body,'',1047,4))"/><!-- fair -->
<mark id="tok_169" xlink:href="#xpointer(string-range(//body,'',1052,9))"/><!-- umzugehen -->
<mark id="tok_170" xlink:href="#xpointer(string-range(//body,'',1062,3))"/><!-- und -->
<mark id="tok_171" xlink:href="#xpointer(string-range(//body,'',1066,4))"/><!-- sich -->
<mark id="tok_172" xlink:href="#xpointer(string-range(//body,'',1071,5))"/><!-- nicht -->
<mark id="tok_173" xlink:href="#xpointer(string-range(//body,'',1077,4))"/><!-- beim -->
<mark id="tok_174" xlink:href="#xpointer(string-range(//body,'',1082,9))"/><!-- kleinsten -->
<mark id="tok_175" xlink:href="#xpointer(string-range(//body,'',1092,8))"/><!-- Schubser -->
<mark id="tok_176" xlink:href="#xpointer(string-range(//body,'',1101,11))"/><!-- gegenseitig -->
<mark id="tok_177" xlink:href="#xpointer(string-range(//body,'',1113,2))"/><!-- zu -->
<mark id="tok_178" xlink:href="#xpointer(string-range(//body,'',1116,12))"/><!-- zerfleischen -->
<mark id="tok_179" xlink:href="#xpointer(string-range(//body,'',1129,1))"/><!-- , -->
<mark id="tok_180" xlink:href="#xpointer(string-range(//body,'',1131,4))"/><!-- sind -->
<mark id="tok_181" xlink:href="#xpointer(string-range(//body,'',1136,13))"/><!-- normalerweise -->
<mark id="tok_182" xlink:href="#xpointer(string-range(//body,'',1150,11))"/><!-- Ã¼berflÃ¼ssig -->
<mark id="tok_183" xlink:href="#xpointer(string-range(//body,'',1162,1))"/><!-- . -->
<mark id="tok_184" xlink:href="#xpointer(string-range(//body,'',1164,7))"/><!-- Vorerst -->
<mark id="tok_185" xlink:href="#xpointer(string-range(//body,'',1172,10))"/><!-- allerdings -->
<mark id="tok_186" xlink:href="#xpointer(string-range(//body,'',1183,9))"/><!-- hilfreich -->
<mark id="tok_187" xlink:href="#xpointer(string-range(//body,'',1193,1))"/><!-- . -->
</markList>
</sfb632_standard>
