<?xml version="1.0" standalone="no"?>


<!DOCTYPE sfb632_standard SYSTEM "sfb632_feat.dtd">
<sfb632_standard version="1.0">

<header sfb_id="urml.maz-4282_func" type="func"/>

<featList xmlns:xlink="http://www.w3.org/1999/xlink" type="func" xml:base="urml.maz-4282.const.xml">

<feat xlink:href="#rel_1" value="nucleus"/><!--teilpas...-->
<feat xlink:href="#rel_2" value="satellite"/>
<feat xlink:href="#rel_3" value="nucleus"/><!--nd eine...-->
<feat xlink:href="#rel_4" value="satellite"/>
<feat xlink:href="#rel_5" value="nucleus"/><!--uch wen...-->
<feat xlink:href="#rel_6" value="satellite"/><!--nd das ...-->
<feat xlink:href="#rel_7" value="nucleus"/><!--rmahnun...-->
<feat xlink:href="#rel_8" value="satellite"/><!--orerst ...-->
<feat xlink:href="#rel_9" value="nucleus"/>
<feat xlink:href="#rel_10" value="satellite"/><!--under g...-->
<feat xlink:href="#rel_11" value="nucleus"/>
<feat xlink:href="#rel_12" value="satellite"/>
<feat xlink:href="#rel_13" value="nucleus"/>
<feat xlink:href="#rel_14" value="satellite"/>
<feat xlink:href="#rel_15" value="nucleus"/><!--rst spi...-->
<feat xlink:href="#rel_16" value="nucleus"/><!--nd dann...-->
<feat xlink:href="#rel_17" value="nucleus"/>
<feat xlink:href="#rel_18" value="satellite"/>
<feat xlink:href="#rel_19" value="nucleus"/>
<feat xlink:href="#rel_20" value="satellite"/>
<feat xlink:href="#rel_21" value="nucleus"/><!--in Befr...-->
<feat xlink:href="#rel_22" value="satellite"/>
<feat xlink:href="#rel_23" value="nucleus"/><!--eil es ...-->
<feat xlink:href="#rel_24" value="satellite"/><!--ie Seeb...-->
<feat xlink:href="#rel_25" value="nucleus"/><!--un soll...-->
<feat xlink:href="#rel_26" value="satellite"/>
<feat xlink:href="#rel_27" value="nucleus"/><!--ine Dis...-->
<feat xlink:href="#rel_28" value="satellite"/><!--Ã¤re in ...-->
</featList>

</sfb632_standard>
