<?xml version="1.0" standalone="no"?>


<!DOCTYPE sfb632_standard SYSTEM "sfb632_feat.dtd">
<sfb632_standard version="1.0">

<header sfb_id="urml.maz-4282_pos" type="pos"/>

<featList xmlns:xlink="http://www.w3.org/1999/xlink" type="pos" xml:base="urml.maz-4282.tok.xml">

<feat xlink:href="#tok_1" value="NE"/><!-- Steilpass -->
<feat xlink:href="#tok_2" value="NN"/><!-- Wunder -->
<feat xlink:href="#tok_3" value="VVFIN"/><!-- gibt -->
<feat xlink:href="#tok_4" value="PPER"/><!-- es -->
<feat xlink:href="#tok_5" value="ADV"/><!-- immer -->
<feat xlink:href="#tok_6" value="ADV"/><!-- wieder -->
<feat xlink:href="#tok_7" value="$."/><!-- ! -->
<feat xlink:href="#tok_8" value="ADV"/><!-- Erst -->
<feat xlink:href="#tok_9" value="VVFIN"/><!-- spielen -->
<feat xlink:href="#tok_10" value="ART"/><!-- die -->
<feat xlink:href="#tok_11" value="ADJA"/><!-- Dallgower -->
<feat xlink:href="#tok_12" value="NN"/><!-- Gemeindevertreter -->
<feat xlink:href="#tok_13" value="ADV"/><!-- so -->
<feat xlink:href="#tok_14" value="ADJD"/><!-- statisch -->
<feat xlink:href="#tok_15" value="KON"/><!-- und -->
<feat xlink:href="#tok_16" value="ADJD"/><!-- verzagt -->
<feat xlink:href="#tok_17" value="KOKOM"/><!-- wie -->
<feat xlink:href="#tok_18" value="ART"/><!-- die -->
<feat xlink:href="#tok_19" value="ADJA"/><!-- deutsche -->
<feat xlink:href="#tok_20" value="NN"/><!-- Abwehrreihe -->
<feat xlink:href="#tok_21" value="ART"/><!-- der -->
<feat xlink:href="#tok_22" value="NN"/><!-- FuÃballkicker -->
<feat xlink:href="#tok_23" value="$."/><!-- . -->
<feat xlink:href="#tok_24" value="KON"/><!-- Und -->
<feat xlink:href="#tok_25" value="ADV"/><!-- dann -->
<feat xlink:href="#tok_26" value="VVFIN"/><!-- kommt -->
<feat xlink:href="#tok_27" value="APPR"/><!-- aus -->
<feat xlink:href="#tok_28" value="ART"/><!-- der -->
<feat xlink:href="#tok_29" value="NN"/><!-- Tiefe -->
<feat xlink:href="#tok_30" value="PIDAT"/><!-- solch -->
<feat xlink:href="#tok_31" value="ART"/><!-- ein -->
<feat xlink:href="#tok_32" value="ADJA"/><!-- fulminanter -->
<feat xlink:href="#tok_33" value="NN"/><!-- Steilpass -->
<feat xlink:href="#tok_34" value="$,"/><!-- , -->
<feat xlink:href="#tok_35" value="APPR"/><!-- von -->
<feat xlink:href="#tok_36" value="PRELS"/><!-- dem -->
<feat xlink:href="#tok_37" value="PIS"/><!-- man -->
<feat xlink:href="#tok_38" value="VVFIN"/><!-- hofft -->
<feat xlink:href="#tok_39" value="$,"/><!-- , -->
<feat xlink:href="#tok_40" value="KOUS"/><!-- dass -->
<feat xlink:href="#tok_41" value="ART"/><!-- die -->
<feat xlink:href="#tok_42" value="ADJA"/><!-- Seeburger -->
<feat xlink:href="#tok_43" value="KON"/><!-- oder -->
<feat xlink:href="#tok_44" value="ADJA"/><!-- GroÃ_Glienicker -->
<feat xlink:href="#tok_45" value="NN"/><!-- Mitspieler -->
<feat xlink:href="#tok_46" value="PPER"/><!-- ihn -->
<feat xlink:href="#tok_47" value="VVINF"/><!-- aufnehmen -->
<feat xlink:href="#tok_48" value="VMINF"/><!-- kÃ¶nnen -->
<feat xlink:href="#tok_49" value="$."/><!-- . -->
<feat xlink:href="#tok_50" value="ART"/><!-- Ein -->
<feat xlink:href="#tok_51" value="NN"/><!-- Befreiungsschlag -->
<feat xlink:href="#tok_52" value="VAFIN"/><!-- ist -->
<feat xlink:href="#tok_53" value="PPER"/><!-- es -->
<feat xlink:href="#tok_54" value="ADV"/><!-- allerdings -->
<feat xlink:href="#tok_55" value="PTKNEG"/><!-- nicht -->
<feat xlink:href="#tok_56" value="$,"/><!-- , -->
<feat xlink:href="#tok_57" value="KOUS"/><!-- weil -->
<feat xlink:href="#tok_58" value="PPER"/><!-- es -->
<feat xlink:href="#tok_59" value="ADV"/><!-- vorerst -->
<feat xlink:href="#tok_60" value="PIAT"/><!-- keine -->
<feat xlink:href="#tok_61" value="NN"/><!-- Gefahr -->
<feat xlink:href="#tok_62" value="APPRART"/><!-- fÃ¼rs -->
<feat xlink:href="#tok_63" value="ADJA"/><!-- Dallgower -->
<feat xlink:href="#tok_64" value="NN"/><!-- Tor -->
<feat xlink:href="#tok_65" value="VVFIN"/><!-- gab -->
<feat xlink:href="#tok_66" value="$."/><!-- . -->
<feat xlink:href="#tok_67" value="ART"/><!-- Die -->
<feat xlink:href="#tok_68" value="ADJA"/><!-- Seeburger -->
<feat xlink:href="#tok_69" value="KON"/><!-- und -->
<feat xlink:href="#tok_70" value="PIAT"/><!-- einige -->
<feat xlink:href="#tok_71" value="NN"/><!-- GroÃ_Glienicker -->
<feat xlink:href="#tok_72" value="VAFIN"/><!-- haben -->
<feat xlink:href="#tok_73" value="ART"/><!-- den -->
<feat xlink:href="#tok_74" value="NN"/><!-- Ball -->
<feat xlink:href="#tok_75" value="ADV"/><!-- erst -->
<feat xlink:href="#tok_76" value="VVPP"/><!-- zurÃ¼ckgespielt -->
<feat xlink:href="#tok_77" value="KON"/><!-- und -->
<feat xlink:href="#tok_78" value="ADV"/><!-- dann -->
<feat xlink:href="#tok_79" value="APPR"/><!-- um -->
<feat xlink:href="#tok_80" value="ADV"/><!-- so -->
<feat xlink:href="#tok_81" value="ADJA"/><!-- drÃ¤ngender -->
<feat xlink:href="#tok_82" value="ADV"/><!-- wieder -->
<feat xlink:href="#tok_83" value="VVPP"/><!-- gefordert -->
<feat xlink:href="#tok_84" value="$."/><!-- . -->
<feat xlink:href="#tok_85" value="ADV"/><!-- Nun -->
<feat xlink:href="#tok_86" value="VMFIN"/><!-- sollen -->
<feat xlink:href="#tok_87" value="PPER"/><!-- sie -->
<feat xlink:href="#tok_88" value="VVINF"/><!-- zeigen -->
<feat xlink:href="#tok_89" value="$,"/><!-- , -->
<feat xlink:href="#tok_90" value="PWAV"/><!-- wie -->
<feat xlink:href="#tok_91" value="PPER"/><!-- sie -->
<feat xlink:href="#tok_92" value="ART"/><!-- die -->
<feat xlink:href="#tok_93" value="NN"/><!-- Chance -->
<feat xlink:href="#tok_94" value="VVINF"/><!-- verwerten -->
<feat xlink:href="#tok_95" value="$."/><!-- . -->
<feat xlink:href="#tok_96" value="ART"/><!-- Eine -->
<feat xlink:href="#tok_97" value="NN"/><!-- Diskussion -->
<feat xlink:href="#tok_98" value="$,"/><!-- , -->
<feat xlink:href="#tok_99" value="PWAV"/><!-- wo -->
<feat xlink:href="#tok_100" value="ADJD"/><!-- kÃ¼nftig -->
<feat xlink:href="#tok_101" value="ART"/><!-- die -->
<feat xlink:href="#tok_102" value="NN"/><!-- Trainerkabine -->
<feat xlink:href="#tok_103" value="VVINF"/><!-- stehen -->
<feat xlink:href="#tok_104" value="VMFIN"/><!-- soll -->
<feat xlink:href="#tok_105" value="$,"/><!-- , -->
<feat xlink:href="#tok_106" value="VAFIN"/><!-- wÃ¤re -->
<feat xlink:href="#tok_107" value="APPR"/><!-- in -->
<feat xlink:href="#tok_108" value="ART"/><!-- der -->
<feat xlink:href="#tok_109" value="ADJA"/><!-- jetzigen -->
<feat xlink:href="#tok_110" value="NN"/><!-- Spielsituation -->
<feat xlink:href="#tok_111" value="ADJD"/><!-- verheerend -->
<feat xlink:href="#tok_112" value="$."/><!-- . -->
<feat xlink:href="#tok_113" value="KON"/><!-- Und -->
<feat xlink:href="#tok_114" value="ART"/><!-- eine -->
<feat xlink:href="#tok_115" value="NN"/><!-- Parallele -->
<feat xlink:href="#tok_116" value="APPR"/><!-- zu -->
<feat xlink:href="#tok_117" value="ART"/><!-- den -->
<feat xlink:href="#tok_118" value="ADJA"/><!-- deutschen -->
<feat xlink:href="#tok_119" value="NN"/><!-- Grotten_Kickern -->
<feat xlink:href="#tok_120" value="VVFIN"/><!-- gibt -->
<feat xlink:href="#tok_121" value="PPER"/><!-- es -->
<feat xlink:href="#tok_122" value="ADV"/><!-- immer -->
<feat xlink:href="#tok_123" value="ADV"/><!-- noch -->
<feat xlink:href="#tok_124" value="$."/><!-- . -->
<feat xlink:href="#tok_125" value="ADV"/><!-- Auch -->
<feat xlink:href="#tok_126" value="KOUS"/><!-- wenn -->
<feat xlink:href="#tok_127" value="ART"/><!-- die -->
<feat xlink:href="#tok_128" value="NN"/><!-- Spieler -->
<feat xlink:href="#tok_129" value="APPR"/><!-- aus -->
<feat xlink:href="#tok_130" value="ART"/><!-- den -->
<feat xlink:href="#tok_131" value="ADJA"/><!-- verschiedenen -->
<feat xlink:href="#tok_132" value="NN"/><!-- Vereinen -->
<feat xlink:href="#tok_133" value="VVPP"/><!-- zusammengewÃ¼rfelt -->
<feat xlink:href="#tok_134" value="VAFIN"/><!-- sind -->
<feat xlink:href="#tok_135" value="$,"/><!-- , -->
<feat xlink:href="#tok_136" value="PPER"/><!-- sie -->
<feat xlink:href="#tok_137" value="VMFIN"/><!-- mÃ¼ssen -->
<feat xlink:href="#tok_138" value="PRF"/><!-- sich -->
<feat xlink:href="#tok_139" value="PROAV"/><!-- daran -->
<feat xlink:href="#tok_140" value="VVINF"/><!-- gewÃ¶hnen -->
<feat xlink:href="#tok_141" value="$,"/><!-- , -->
<feat xlink:href="#tok_142" value="KOUS"/><!-- dass -->
<feat xlink:href="#tok_143" value="PPER"/><!-- sie -->
<feat xlink:href="#tok_144" value="ADV"/><!-- nun -->
<feat xlink:href="#tok_145" value="APPR"/><!-- in -->
<feat xlink:href="#tok_146" value="ART"/><!-- einer -->
<feat xlink:href="#tok_147" value="NN"/><!-- Mannschaft -->
<feat xlink:href="#tok_148" value="$("/><!-- " -->
<feat xlink:href="#tok_149" value="NE"/><!-- DÃ¶beritzer -->
<feat xlink:href="#tok_150" value="NE"/><!-- Heide -->
<feat xlink:href="#tok_151" value="$("/><!-- " -->
<feat xlink:href="#tok_152" value="VVFIN"/><!-- spielen -->
<feat xlink:href="#tok_153" value="$."/><!-- . -->
<feat xlink:href="#tok_154" value="KON"/><!-- Und -->
<feat xlink:href="#tok_155" value="PDS"/><!-- das -->
<feat xlink:href="#tok_156" value="VVFIN"/><!-- heiÃt -->
<feat xlink:href="#tok_157" value="ADJD"/><!-- gemeinsam -->
<feat xlink:href="#tok_158" value="KON"/><!-- und -->
<feat xlink:href="#tok_159" value="PTKNEG"/><!-- nicht -->
<feat xlink:href="#tok_160" value="ADV"/><!-- gegeneinander -->
<feat xlink:href="#tok_161" value="$."/><!-- . -->
<feat xlink:href="#tok_162" value="NN"/><!-- Ermahnungen -->
<feat xlink:href="#tok_163" value="APPR"/><!-- von -->
<feat xlink:href="#tok_164" value="ART"/><!-- der -->
<feat xlink:href="#tok_165" value="NN"/><!-- Seitenlinie -->
<feat xlink:href="#tok_166" value="$,"/><!-- , -->
<feat xlink:href="#tok_167" value="ADV"/><!-- miteinander -->
<feat xlink:href="#tok_168" value="ADJD"/><!-- fair -->
<feat xlink:href="#tok_169" value="VVIZU"/><!-- umzugehen -->
<feat xlink:href="#tok_170" value="KON"/><!-- und -->
<feat xlink:href="#tok_171" value="PRF"/><!-- sich -->
<feat xlink:href="#tok_172" value="PTKNEG"/><!-- nicht -->
<feat xlink:href="#tok_173" value="APPRART"/><!-- beim -->
<feat xlink:href="#tok_174" value="ADJA"/><!-- kleinsten -->
<feat xlink:href="#tok_175" value="NN"/><!-- Schubser -->
<feat xlink:href="#tok_176" value="ADJD"/><!-- gegenseitig -->
<feat xlink:href="#tok_177" value="PTKZU"/><!-- zu -->
<feat xlink:href="#tok_178" value="VVINF"/><!-- zerfleischen -->
<feat xlink:href="#tok_179" value="$,"/><!-- , -->
<feat xlink:href="#tok_180" value="VAFIN"/><!-- sind -->
<feat xlink:href="#tok_181" value="ADV"/><!-- normalerweise -->
<feat xlink:href="#tok_182" value="ADJD"/><!-- Ã¼berflÃ¼ssig -->
<feat xlink:href="#tok_183" value="$."/><!-- . -->
<feat xlink:href="#tok_184" value="ADV"/><!-- Vorerst -->
<feat xlink:href="#tok_185" value="ADV"/><!-- allerdings -->
<feat xlink:href="#tok_186" value="ADJD"/><!-- hilfreich -->
<feat xlink:href="#tok_187" value="$."/><!-- . -->
</featList>

</sfb632_standard>
