<?xml version="1.0" standalone="no"?>
<!DOCTYPE sfb632_standard SYSTEM "sfb632_mark.dtd">


<sfb632_standard version="1.0">
<header sfb_id="urml.maz-4282_seg" type="seg"/>

<markList xmlns:xlink="http://www.w3.org/1999/xlink" type="seg" xml:base="urml.maz-4282.tok.xml">

<mark id="seg_1" xlink:href="#tok_1"/><!-- Steilpass [..] Steilpass -->
<mark id="seg_2" xlink:href="#xpointer(id('tok_2')/range-to(id('tok_7')))"/><!-- Wunder [..] ! -->
<mark id="seg_3" xlink:href="#xpointer(id('tok_8')/range-to(id('tok_23')))"/><!-- Erst [..] . -->
<mark id="seg_4" xlink:href="#xpointer(id('tok_24')/range-to(id('tok_49')))"/><!-- Und [..] . -->
<mark id="seg_5" xlink:href="#xpointer(id('tok_50')/range-to(id('tok_56')))"/><!-- Ein [..] , -->
<mark id="seg_6" xlink:href="#xpointer(id('tok_57')/range-to(id('tok_66')))"/><!-- weil [..] . -->
<mark id="seg_7" xlink:href="#xpointer(id('tok_67')/range-to(id('tok_84')))"/><!-- Die [..] . -->
<mark id="seg_8" xlink:href="#xpointer(id('tok_85')/range-to(id('tok_95')))"/><!-- Nun [..] . -->
<mark id="seg_9" xlink:href="#xpointer(id('tok_96')/range-to(id('tok_105')))"/><!-- Eine [..] , -->
<mark id="seg_10" xlink:href="#xpointer(id('tok_106')/range-to(id('tok_112')))"/><!-- wÃ¤re [..] . -->
<mark id="seg_11" xlink:href="#xpointer(id('tok_113')/range-to(id('tok_124')))"/><!-- Und [..] . -->
<mark id="seg_12" xlink:href="#xpointer(id('tok_125')/range-to(id('tok_153')))"/><!-- Auch [..] . -->
<mark id="seg_13" xlink:href="#xpointer(id('tok_154')/range-to(id('tok_161')))"/><!-- Und [..] . -->
<mark id="seg_14" xlink:href="#xpointer(id('tok_162')/range-to(id('tok_183')))"/><!-- Ermahnungen [..] . -->
<mark id="seg_15" xlink:href="#xpointer(id('tok_184')/range-to(id('tok_187')))"/><!-- Vorerst [..] . -->
</markList>
</sfb632_standard>
