<?xml version="1.0" standalone="no"?>
<!DOCTYPE sfb632_standard SYSTEM "sfb632_mark.dtd">


<sfb632_standard version="1.0">
<header sfb_id="mmax.maz-11766_primmarkSeg" type="primmarkSeg"/>

<markList xmlns:xlink="http://www.w3.org/1999/xlink" type="primmarkSeg" xml:base="urml.maz-11766.tok.xml">
<mark id="primmarkSeg_1000136" xlink:href="#tok_137"/>
<mark id="primmarkSeg_47" xlink:href="#xpointer(id('tok_98')/range-to(id('tok_100')))"/>
<mark id="primmarkSeg_5" xlink:href="#xpointer(id('tok_4')/range-to(id('tok_7')))"/>
<mark id="primmarkSeg_75" xlink:href="(#tok_162,#tok_163)"/>
<mark id="primmarkSeg_69" xlink:href="(#tok_144,#tok_145)"/>
<mark id="primmarkSeg_83" xlink:href="(#tok_171,#tok_172)"/>
<mark id="primmarkSeg_100056" xlink:href="#tok_57"/>
<mark id="primmarkSeg_1000181" xlink:href="#tok_182"/>
<mark id="primmarkSeg_44" xlink:href="#xpointer(id('tok_93')/range-to(id('tok_95')))"/>
<mark id="primmarkSeg_66" xlink:href="#xpointer(id('tok_130')/range-to(id('tok_134')))"/>
<mark id="primmarkSeg_14" xlink:href="#xpointer(id('tok_22')/range-to(id('tok_25')))"/>
<mark id="primmarkSeg_78" xlink:href="#xpointer(id('tok_166')/range-to(id('tok_169')))"/>
<mark id="primmarkSeg_11" xlink:href="(#tok_28,#tok_29)"/>
<mark id="primmarkSeg_100027" xlink:href="#tok_28"/>
<mark id="primmarkSeg_6" xlink:href="#xpointer(id('tok_10')/range-to(id('tok_15')))"/>
<mark id="primmarkSeg_100050" xlink:href="#tok_51"/>
<mark id="primmarkSeg_58" xlink:href="#xpointer(id('tok_118')/range-to(id('tok_119')))"/>
<mark id="primmarkSeg_1000147" xlink:href="#tok_148"/>
<mark id="primmarkSeg_4" xlink:href="(#tok_16,#tok_17)"/>
<mark id="primmarkSeg_84" xlink:href="(#tok_174,#tok_175)"/>
<mark id="primmarkSeg_48" xlink:href="(#tok_102,#tok_103)"/>
<mark id="primmarkSeg_37" xlink:href="#xpointer(id('tok_79')/range-to(id('tok_82')))"/>
<mark id="primmarkSeg_86" xlink:href="#xpointer(id('tok_171')/range-to(id('tok_175')))"/>
<mark id="primmarkSeg_41" xlink:href="(#xpointer(id('tok_69')/range-to(id('tok_70'))),#xpointer(id('tok_72')/range-to(id('tok_76'))))"/>
<mark id="primmarkSeg_100052" xlink:href="#tok_53"/>
<mark id="primmarkSeg_15" xlink:href="#xpointer(id('tok_26')/range-to(id('tok_29')))"/>
<mark id="primmarkSeg_63" xlink:href="#xpointer(id('tok_132')/range-to(id('tok_134')))"/>
<mark id="primmarkSeg_38" xlink:href="(#tok_83,#tok_84)"/>
<mark id="primmarkSeg_10" xlink:href="(#tok_24,#tok_25)"/>
<mark id="primmarkSeg_3" xlink:href="#xpointer(id('tok_13')/range-to(id('tok_15')))"/>
<mark id="primmarkSeg_2" xlink:href="(#tok_8,#tok_9)"/>
<mark id="primmarkSeg_77" xlink:href="#xpointer(id('tok_152')/range-to(id('tok_155')))"/>
<mark id="primmarkSeg_29" xlink:href="#xpointer(id('tok_61')/range-to(id('tok_64')))"/>
<mark id="primmarkSeg_35" xlink:href="(#tok_72,#tok_73)"/>
</markList>
</sfb632_standard>
