<?xml version="1.0" standalone="no"?>
<!DOCTYPE sfb632_standard SYSTEM "sfb632_feat.dtd">


<sfb632_standard version="1.0">

<header sfb_id="mmax.maz-11766_type" type="type"/>

<featList xmlns:xlink="http://www.w3.org/1999/xlink" type="type" xml:base="mmax.maz-11766.primmarkSeg.xml">
<feat xlink:href="#primmarkSeg_1000136" value="anaphoric"/>
<feat xlink:href="#primmarkSeg_47" value="none"/>
<feat xlink:href="#primmarkSeg_5" value="none"/>
<feat xlink:href="#primmarkSeg_75" value="none"/>
<feat xlink:href="#primmarkSeg_69" value="none"/>
<feat xlink:href="#primmarkSeg_83" value="none"/>
<feat xlink:href="#primmarkSeg_100056" value="anaphoric"/>
<feat xlink:href="#primmarkSeg_1000181" value="anaphoric"/>
<feat xlink:href="#primmarkSeg_44" value="anaphoric"/>
<feat xlink:href="#primmarkSeg_66" value="none"/>
<feat xlink:href="#primmarkSeg_14" value="none"/>
<feat xlink:href="#primmarkSeg_78" value="none"/>
<feat xlink:href="#primmarkSeg_11" value="none"/>
<feat xlink:href="#primmarkSeg_100027" value="anaphoric"/>
<feat xlink:href="#primmarkSeg_6" value="none"/>
<feat xlink:href="#primmarkSeg_100050" value="anaphoric"/>
<feat xlink:href="#primmarkSeg_58" value="none"/>
<feat xlink:href="#primmarkSeg_1000147" value="anaphoric"/>
<feat xlink:href="#primmarkSeg_4" value="none"/>
<feat xlink:href="#primmarkSeg_84" value="none"/>
<feat xlink:href="#primmarkSeg_48" value="none"/>
<feat xlink:href="#primmarkSeg_37" value="none"/>
<feat xlink:href="#primmarkSeg_86" value="none"/>
<feat xlink:href="#primmarkSeg_41" value="none"/>
<feat xlink:href="#primmarkSeg_100052" value="anaphoric"/>
<feat xlink:href="#primmarkSeg_15" value="none"/>
<feat xlink:href="#primmarkSeg_63" value="none"/>
<feat xlink:href="#primmarkSeg_38" value="none"/>
<feat xlink:href="#primmarkSeg_10" value="none"/>
<feat xlink:href="#primmarkSeg_3" value="none"/>
<feat xlink:href="#primmarkSeg_2" value="none"/>
<feat xlink:href="#primmarkSeg_77" value="none"/>
<feat xlink:href="#primmarkSeg_29" value="none"/>
<feat xlink:href="#primmarkSeg_35" value="anaphoric"/>
</featList>
</sfb632_standard>
