<?xml version="1.0" standalone="no"?>
<!DOCTYPE sfb632_standard SYSTEM "sfb632_feat.dtd">


<sfb632_standard version="1.0">

<header sfb_id="mmax.maz-11766_ambiguity" type="ambiguity"/>

<featList xmlns:xlink="http://www.w3.org/1999/xlink" type="ambiguity" xml:base="mmax.maz-11766.primmarkSeg.xml">
<feat xlink:href="#primmarkSeg_1000136" value="not_ambig"/>
<feat xlink:href="#primmarkSeg_47" value="not_ambig"/>
<feat xlink:href="#primmarkSeg_5" value="not_ambig"/>
<feat xlink:href="#primmarkSeg_75" value="not_ambig"/>
<feat xlink:href="#primmarkSeg_69" value="not_ambig"/>
<feat xlink:href="#primmarkSeg_83" value="not_ambig"/>
<feat xlink:href="#primmarkSeg_100056" value="not_ambig"/>
<feat xlink:href="#primmarkSeg_1000181" value="not_ambig"/>
<feat xlink:href="#primmarkSeg_44" value="not_ambig"/>
<feat xlink:href="#primmarkSeg_66" value="not_ambig"/>
<feat xlink:href="#primmarkSeg_14" value="not_ambig"/>
<feat xlink:href="#primmarkSeg_78" value="not_ambig"/>
<feat xlink:href="#primmarkSeg_11" value="not_ambig"/>
<feat xlink:href="#primmarkSeg_100027" value="not_ambig"/>
<feat xlink:href="#primmarkSeg_6" value="not_ambig"/>
<feat xlink:href="#primmarkSeg_100050" value="not_ambig"/>
<feat xlink:href="#primmarkSeg_58" value="not_ambig"/>
<feat xlink:href="#primmarkSeg_1000147" value="not_ambig"/>
<feat xlink:href="#primmarkSeg_4" value="not_ambig"/>
<feat xlink:href="#primmarkSeg_84" value="not_ambig"/>
<feat xlink:href="#primmarkSeg_48" value="not_ambig"/>
<feat xlink:href="#primmarkSeg_37" value="not_ambig"/>
<feat xlink:href="#primmarkSeg_86" value="not_ambig"/>
<feat xlink:href="#primmarkSeg_41" value="not_ambig"/>
<feat xlink:href="#primmarkSeg_100052" value="not_ambig"/>
<feat xlink:href="#primmarkSeg_15" value="not_ambig"/>
<feat xlink:href="#primmarkSeg_63" value="not_ambig"/>
<feat xlink:href="#primmarkSeg_38" value="not_ambig"/>
<feat xlink:href="#primmarkSeg_10" value="not_ambig"/>
<feat xlink:href="#primmarkSeg_3" value="not_ambig"/>
<feat xlink:href="#primmarkSeg_2" value="not_ambig"/>
<feat xlink:href="#primmarkSeg_77" value="not_ambig"/>
<feat xlink:href="#primmarkSeg_29" value="not_ambig"/>
<feat xlink:href="#primmarkSeg_35" value="not_ambig"/>
</featList>
</sfb632_standard>
