<?xml version="1.0" standalone="no"?>
<!DOCTYPE sfb632_standard SYSTEM "sfb632_feat.dtd">


<sfb632_standard version="1.0">

<header sfb_id="mmax.maz-11766_complex_np" type="complex_np"/>

<featList xmlns:xlink="http://www.w3.org/1999/xlink" type="complex_np" xml:base="mmax.maz-11766.primmarkSeg.xml">
<feat xlink:href="#primmarkSeg_1000136" value="no"/>
<feat xlink:href="#primmarkSeg_47" value="no"/>
<feat xlink:href="#primmarkSeg_5" value="yes"/>
<feat xlink:href="#primmarkSeg_75" value="no"/>
<feat xlink:href="#primmarkSeg_69" value="no"/>
<feat xlink:href="#primmarkSeg_83" value="no"/>
<feat xlink:href="#primmarkSeg_100056" value="no"/>
<feat xlink:href="#primmarkSeg_1000181" value="no"/>
<feat xlink:href="#primmarkSeg_44" value="no"/>
<feat xlink:href="#primmarkSeg_66" value="yes"/>
<feat xlink:href="#primmarkSeg_14" value="yes"/>
<feat xlink:href="#primmarkSeg_78" value="yes"/>
<feat xlink:href="#primmarkSeg_11" value="no"/>
<feat xlink:href="#primmarkSeg_100027" value="no"/>
<feat xlink:href="#primmarkSeg_6" value="yes"/>
<feat xlink:href="#primmarkSeg_100050" value="no"/>
<feat xlink:href="#primmarkSeg_58" value="no"/>
<feat xlink:href="#primmarkSeg_1000147" value="no"/>
<feat xlink:href="#primmarkSeg_4" value="no"/>
<feat xlink:href="#primmarkSeg_84" value="no"/>
<feat xlink:href="#primmarkSeg_48" value="no"/>
<feat xlink:href="#primmarkSeg_37" value="no"/>
<feat xlink:href="#primmarkSeg_86" value="yes"/>
<feat xlink:href="#primmarkSeg_41" value="yes"/>
<feat xlink:href="#primmarkSeg_100052" value="no"/>
<feat xlink:href="#primmarkSeg_15" value="yes"/>
<feat xlink:href="#primmarkSeg_63" value="no"/>
<feat xlink:href="#primmarkSeg_38" value="no"/>
<feat xlink:href="#primmarkSeg_10" value="no"/>
<feat xlink:href="#primmarkSeg_3" value="no"/>
<feat xlink:href="#primmarkSeg_2" value="no"/>
<feat xlink:href="#primmarkSeg_77" value="no"/>
<feat xlink:href="#primmarkSeg_29" value="no"/>
<feat xlink:href="#primmarkSeg_35" value="no"/>
</featList>
</sfb632_standard>
