<?xml version="1.0" standalone="no"?>
<!DOCTYPE sfb632_standard SYSTEM "sfb632_feat.dtd">


<sfb632_standard version="1.0">

<header sfb_id="mmax.maz-11766_anaphor_type" type="anaphor_type"/>

<featList xmlns:xlink="http://www.w3.org/1999/xlink" type="anaphor_type" xml:base="mmax.maz-11766.primmarkSeg.xml">
<feat xlink:href="#primmarkSeg_1000136" value="anaphor_nominal"/>
<feat xlink:href="#primmarkSeg_100056" value="anaphor_nominal"/>
<feat xlink:href="#primmarkSeg_1000181" value="anaphor_nominal"/>
<feat xlink:href="#primmarkSeg_44" value="anaphor_nominal"/>
<feat xlink:href="#primmarkSeg_100027" value="anaphor_nominal"/>
<feat xlink:href="#primmarkSeg_100050" value="anaphor_nominal"/>
<feat xlink:href="#primmarkSeg_1000147" value="anaphor_nominal"/>
<feat xlink:href="#primmarkSeg_100052" value="anaphor_nominal"/>
<feat xlink:href="#primmarkSeg_35" value="anaphor_nominal"/>
</featList>
</sfb632_standard>
