<?xml version="1.0" standalone="no"?>
<!DOCTYPE sfb632_standard SYSTEM "sfb632_feat.dtd">


<sfb632_standard version="1.0">

<header sfb_id="mmax.maz-11766_grammatical_role" type="grammatical_role"/>

<featList xmlns:xlink="http://www.w3.org/1999/xlink" type="grammatical_role" xml:base="mmax.maz-11766.primmarkSeg.xml">
<feat xlink:href="#primmarkSeg_1000136" value="other"/>
<feat xlink:href="#primmarkSeg_47" value="other"/>
<feat xlink:href="#primmarkSeg_5" value="sbj"/>
<feat xlink:href="#primmarkSeg_75" value="other"/>
<feat xlink:href="#primmarkSeg_69" value="sbj"/>
<feat xlink:href="#primmarkSeg_83" value="other"/>
<feat xlink:href="#primmarkSeg_100056" value="sbj"/>
<feat xlink:href="#primmarkSeg_1000181" value="dir-obj"/>
<feat xlink:href="#primmarkSeg_44" value="other"/>
<feat xlink:href="#primmarkSeg_66" value="indir-obj"/>
<feat xlink:href="#primmarkSeg_14" value="sbj"/>
<feat xlink:href="#primmarkSeg_78" value="sbj"/>
<feat xlink:href="#primmarkSeg_11" value="other"/>
<feat xlink:href="#primmarkSeg_100027" value="other"/>
<feat xlink:href="#primmarkSeg_6" value="other"/>
<feat xlink:href="#primmarkSeg_100050" value="other"/>
<feat xlink:href="#primmarkSeg_58" value="dir-obj"/>
<feat xlink:href="#primmarkSeg_1000147" value="other"/>
<feat xlink:href="#primmarkSeg_4" value="other"/>
<feat xlink:href="#primmarkSeg_84" value="other"/>
<feat xlink:href="#primmarkSeg_48" value="sbj"/>
<feat xlink:href="#primmarkSeg_37" value="other"/>
<feat xlink:href="#primmarkSeg_86" value="sbj"/>
<feat xlink:href="#primmarkSeg_41" value="other"/>
<feat xlink:href="#primmarkSeg_100052" value="dir-obj"/>
<feat xlink:href="#primmarkSeg_15" value="other"/>
<feat xlink:href="#primmarkSeg_63" value="other"/>
<feat xlink:href="#primmarkSeg_38" value="other"/>
<feat xlink:href="#primmarkSeg_10" value="other"/>
<feat xlink:href="#primmarkSeg_3" value="other"/>
<feat xlink:href="#primmarkSeg_2" value="indir-obj"/>
<feat xlink:href="#primmarkSeg_77" value="dir-obj"/>
<feat xlink:href="#primmarkSeg_29" value="other"/>
<feat xlink:href="#primmarkSeg_35" value="dir-obj"/>
</featList>
</sfb632_standard>
