<?xml version="1.0" standalone="no"?>
<!DOCTYPE sfb632_standard SYSTEM "sfb632_feat.dtd">


<sfb632_standard version="1.0">

<header sfb_id="mmax.maz-11766_dir_speech" type="dir_speech"/>

<featList xmlns:xlink="http://www.w3.org/1999/xlink" type="dir_speech" xml:base="mmax.maz-11766.primmarkSeg.xml">
<feat xlink:href="#primmarkSeg_1000136" value="text_level"/>
<feat xlink:href="#primmarkSeg_47" value="text_level"/>
<feat xlink:href="#primmarkSeg_5" value="text_level"/>
<feat xlink:href="#primmarkSeg_75" value="text_level"/>
<feat xlink:href="#primmarkSeg_69" value="text_level"/>
<feat xlink:href="#primmarkSeg_83" value="text_level"/>
<feat xlink:href="#primmarkSeg_100056" value="text_level"/>
<feat xlink:href="#primmarkSeg_1000181" value="text_level"/>
<feat xlink:href="#primmarkSeg_44" value="text_level"/>
<feat xlink:href="#primmarkSeg_66" value="text_level"/>
<feat xlink:href="#primmarkSeg_14" value="text_level"/>
<feat xlink:href="#primmarkSeg_78" value="text_level"/>
<feat xlink:href="#primmarkSeg_11" value="text_level"/>
<feat xlink:href="#primmarkSeg_100027" value="text_level"/>
<feat xlink:href="#primmarkSeg_6" value="text_level"/>
<feat xlink:href="#primmarkSeg_100050" value="text_level"/>
<feat xlink:href="#primmarkSeg_58" value="text_level"/>
<feat xlink:href="#primmarkSeg_1000147" value="text_level"/>
<feat xlink:href="#primmarkSeg_4" value="text_level"/>
<feat xlink:href="#primmarkSeg_84" value="text_level"/>
<feat xlink:href="#primmarkSeg_48" value="text_level"/>
<feat xlink:href="#primmarkSeg_37" value="text_level"/>
<feat xlink:href="#primmarkSeg_86" value="text_level"/>
<feat xlink:href="#primmarkSeg_41" value="text_level"/>
<feat xlink:href="#primmarkSeg_100052" value="text_level"/>
<feat xlink:href="#primmarkSeg_15" value="text_level"/>
<feat xlink:href="#primmarkSeg_63" value="text_level"/>
<feat xlink:href="#primmarkSeg_38" value="text_level"/>
<feat xlink:href="#primmarkSeg_10" value="text_level"/>
<feat xlink:href="#primmarkSeg_3" value="text_level"/>
<feat xlink:href="#primmarkSeg_2" value="text_level"/>
<feat xlink:href="#primmarkSeg_77" value="text_level"/>
<feat xlink:href="#primmarkSeg_29" value="text_level"/>
<feat xlink:href="#primmarkSeg_35" value="text_level"/>
</featList>
</sfb632_standard>
