<?xml version="1.0" standalone="no"?>
<!DOCTYPE sfb632_standard SYSTEM "sfb632_feat.dtd">


<sfb632_standard version="1.0">

<header sfb_id="mmax.maz-11766_phrase_type" type="phrase_type"/>

<featList xmlns:xlink="http://www.w3.org/1999/xlink" type="phrase_type" xml:base="mmax.maz-11766.primmarkSeg.xml">
<feat xlink:href="#primmarkSeg_1000136" value="np"/>
<feat xlink:href="#primmarkSeg_47" value="pp"/>
<feat xlink:href="#primmarkSeg_5" value="np"/>
<feat xlink:href="#primmarkSeg_75" value="pp"/>
<feat xlink:href="#primmarkSeg_69" value="np"/>
<feat xlink:href="#primmarkSeg_83" value="np"/>
<feat xlink:href="#primmarkSeg_100056" value="np"/>
<feat xlink:href="#primmarkSeg_1000181" value="np"/>
<feat xlink:href="#primmarkSeg_44" value="pp"/>
<feat xlink:href="#primmarkSeg_66" value="np"/>
<feat xlink:href="#primmarkSeg_14" value="np"/>
<feat xlink:href="#primmarkSeg_78" value="np"/>
<feat xlink:href="#primmarkSeg_11" value="np"/>
<feat xlink:href="#primmarkSeg_100027" value="np"/>
<feat xlink:href="#primmarkSeg_6" value="pp"/>
<feat xlink:href="#primmarkSeg_100050" value="pp"/>
<feat xlink:href="#primmarkSeg_58" value="np"/>
<feat xlink:href="#primmarkSeg_1000147" value="pp"/>
<feat xlink:href="#primmarkSeg_4" value="pp"/>
<feat xlink:href="#primmarkSeg_84" value="np"/>
<feat xlink:href="#primmarkSeg_48" value="np"/>
<feat xlink:href="#primmarkSeg_37" value="pp"/>
<feat xlink:href="#primmarkSeg_86" value="np"/>
<feat xlink:href="#primmarkSeg_41" value="np"/>
<feat xlink:href="#primmarkSeg_100052" value="np"/>
<feat xlink:href="#primmarkSeg_15" value="pp"/>
<feat xlink:href="#primmarkSeg_63" value="pp"/>
<feat xlink:href="#primmarkSeg_38" value="pp"/>
<feat xlink:href="#primmarkSeg_10" value="np"/>
<feat xlink:href="#primmarkSeg_3" value="np"/>
<feat xlink:href="#primmarkSeg_2" value="np"/>
<feat xlink:href="#primmarkSeg_77" value="np"/>
<feat xlink:href="#primmarkSeg_29" value="pp"/>
<feat xlink:href="#primmarkSeg_35" value="np"/>
</featList>
</sfb632_standard>
