<?xml version="1.0" standalone="no"?>
<!DOCTYPE sfb632_standard SYSTEM "sfb632_feat.dtd">


<sfb632_standard version="1.0">

<header sfb_id="mmax.maz-11766_anaphor_antecedent" type="anaphor_antecedent"/>

<featList xmlns:xlink="http://www.w3.org/1999/xlink" type="anaphor_antecedent" xml:base="mmax.maz-11766.primmarkSeg.xml">
<feat xlink:href="#primmarkSeg_1000136" value="default" target="#primmarkSeg_63"/>
<feat xlink:href="#primmarkSeg_47" value="default" target="empty"/>
<feat xlink:href="#primmarkSeg_5" value="default" target="empty"/>
<feat xlink:href="#primmarkSeg_75" value="default" target="empty"/>
<feat xlink:href="#primmarkSeg_69" value="default" target="empty"/>
<feat xlink:href="#primmarkSeg_83" value="default" target="empty"/>
<feat xlink:href="#primmarkSeg_100056" value="default" target="#primmarkSeg_5"/>
<feat xlink:href="#primmarkSeg_1000181" value="default" target="#primmarkSeg_100056"/>
<feat xlink:href="#primmarkSeg_44" value="default" target="#primmarkSeg_35"/>
<feat xlink:href="#primmarkSeg_66" value="default" target="empty"/>
<feat xlink:href="#primmarkSeg_14" value="default" target="empty"/>
<feat xlink:href="#primmarkSeg_78" value="default" target="empty"/>
<feat xlink:href="#primmarkSeg_11" value="default" target="empty"/>
<feat xlink:href="#primmarkSeg_100027" value="default" target="#primmarkSeg_14"/>
<feat xlink:href="#primmarkSeg_6" value="default" target="empty"/>
<feat xlink:href="#primmarkSeg_100050" value="default" target="empty"/>
<feat xlink:href="#primmarkSeg_58" value="default" target="empty"/>
<feat xlink:href="#primmarkSeg_1000147" value="default" target="empty"/>
<feat xlink:href="#primmarkSeg_4" value="default" target="empty"/>
<feat xlink:href="#primmarkSeg_84" value="default" target="empty"/>
<feat xlink:href="#primmarkSeg_48" value="default" target="empty"/>
<feat xlink:href="#primmarkSeg_37" value="default" target="empty"/>
<feat xlink:href="#primmarkSeg_86" value="default" target="empty"/>
<feat xlink:href="#primmarkSeg_41" value="default" target="empty"/>
<feat xlink:href="#primmarkSeg_100052" value="default" target="#primmarkSeg_1000182"/>
<feat xlink:href="#primmarkSeg_15" value="default" target="empty"/>
<feat xlink:href="#primmarkSeg_63" value="default" target="empty"/>
<feat xlink:href="#primmarkSeg_38" value="default" target="empty"/>
<feat xlink:href="#primmarkSeg_10" value="default" target="empty"/>
<feat xlink:href="#primmarkSeg_3" value="default" target="empty"/>
<feat xlink:href="#primmarkSeg_2" value="default" target="empty"/>
<feat xlink:href="#primmarkSeg_77" value="default" target="empty"/>
<feat xlink:href="#primmarkSeg_29" value="default" target="empty"/>
<feat xlink:href="#primmarkSeg_35" value="default" target="#primmarkSeg_29"/>
</featList>
</sfb632_standard>
