<?xml version="1.0" standalone="no"?>
<!DOCTYPE sfb632_standard SYSTEM "sfb632_feat.dtd">



<sfb632_standard version="1.0">

<header sfb_id="mmax.maz-11766_sent" type="sent"/>

<featList xmlns:xlink="http://www.w3.org/1999/xlink" type="sentence" xml:base="urml.maz-11766.tok.xml">
<feat value="S" xlink:href="#tok_1"/>
<feat value="S" xlink:href="#xpointer(id('tok_2')/range-to(id('tok_19')))"/>
<feat value="S" xlink:href="#xpointer(id('tok_20')/range-to(id('tok_36')))"/>
<feat value="S" xlink:href="#xpointer(id('tok_37')/range-to(id('tok_44')))"/>
<feat value="S" xlink:href="#xpointer(id('tok_45')/range-to(id('tok_56')))"/>
<feat value="S" xlink:href="#xpointer(id('tok_57')/range-to(id('tok_67')))"/>
<feat value="S" xlink:href="#xpointer(id('tok_68')/range-to(id('tok_86')))"/>
<feat value="S" xlink:href="#xpointer(id('tok_87')/range-to(id('tok_96')))"/>
<feat value="S" xlink:href="#xpointer(id('tok_97')/range-to(id('tok_117')))"/>
<feat value="S" xlink:href="#xpointer(id('tok_129')/range-to(id('tok_143')))"/>
<feat value="S" xlink:href="#xpointer(id('tok_144')/range-to(id('tok_150')))"/>
<feat value="S" xlink:href="#xpointer(id('tok_151')/range-to(id('tok_170')))"/>
<feat value="S" xlink:href="#xpointer(id('tok_171')/range-to(id('tok_188')))"/>
<feat value="S" xlink:href="#xpointer(id('tok_118')/range-to(id('tok_128')))"/>
</featList>

</sfb632_standard>

