<?xml version="1.0" standalone="no"?>
<!DOCTYPE sfb632_standard SYSTEM "sfb632_feat.dtd">


<sfb632_standard version="1.0">

<header sfb_id="mmax.maz-11766_np_form" type="np_form"/>

<featList xmlns:xlink="http://www.w3.org/1999/xlink" type="np_form" xml:base="mmax.maz-11766.primmarkSeg.xml">
<feat xlink:href="#primmarkSeg_1000136" value="pds"/>
<feat xlink:href="#primmarkSeg_47" value="defnp"/>
<feat xlink:href="#primmarkSeg_5" value="defnp"/>
<feat xlink:href="#primmarkSeg_75" value="defnp"/>
<feat xlink:href="#primmarkSeg_69" value="ne"/>
<feat xlink:href="#primmarkSeg_83" value="defnp"/>
<feat xlink:href="#primmarkSeg_100056" value="ne"/>
<feat xlink:href="#primmarkSeg_1000181" value="ne"/>
<feat xlink:href="#primmarkSeg_44" value="defnp"/>
<feat xlink:href="#primmarkSeg_66" value="defnp"/>
<feat xlink:href="#primmarkSeg_14" value="defnp"/>
<feat xlink:href="#primmarkSeg_78" value="defnp"/>
<feat xlink:href="#primmarkSeg_11" value="defnp"/>
<feat xlink:href="#primmarkSeg_100027" value="ppos"/>
<feat xlink:href="#primmarkSeg_6" value="defnp"/>
<feat xlink:href="#primmarkSeg_100050" value="padv"/>
<feat xlink:href="#primmarkSeg_58" value="defnp"/>
<feat xlink:href="#primmarkSeg_1000147" value="padv"/>
<feat xlink:href="#primmarkSeg_4" value="defnp"/>
<feat xlink:href="#primmarkSeg_84" value="defnp"/>
<feat xlink:href="#primmarkSeg_48" value="defnp"/>
<feat xlink:href="#primmarkSeg_37" value="defnp"/>
<feat xlink:href="#primmarkSeg_86" value="defnp"/>
<feat xlink:href="#primmarkSeg_41" value="defnp"/>
<feat xlink:href="#primmarkSeg_100052" value="pper"/>
<feat xlink:href="#primmarkSeg_15" value="defnp"/>
<feat xlink:href="#primmarkSeg_63" value="ne"/>
<feat xlink:href="#primmarkSeg_38" value="defnp"/>
<feat xlink:href="#primmarkSeg_10" value="defnp"/>
<feat xlink:href="#primmarkSeg_3" value="defnp"/>
<feat xlink:href="#primmarkSeg_2" value="defnp"/>
<feat xlink:href="#primmarkSeg_77" value="defnp"/>
<feat xlink:href="#primmarkSeg_29" value="defnp"/>
<feat xlink:href="#primmarkSeg_35" value="defnp"/>
</featList>
</sfb632_standard>
