<?xml version="1.0" standalone="no"?>
<!DOCTYPE sfb632_standard SYSTEM "sfb632_feat.dtd">


<sfb632_standard version="1.0">

<header sfb_id="mmax.maz-11766_referentiality" type="referentiality"/>

<featList xmlns:xlink="http://www.w3.org/1999/xlink" type="referentiality" xml:base="mmax.maz-11766.primmarkSeg.xml">
<feat xlink:href="#primmarkSeg_1000136" value="referring"/>
<feat xlink:href="#primmarkSeg_47" value="discourse-new"/>
<feat xlink:href="#primmarkSeg_5" value="discourse-new"/>
<feat xlink:href="#primmarkSeg_75" value="discourse-new"/>
<feat xlink:href="#primmarkSeg_69" value="discourse-new"/>
<feat xlink:href="#primmarkSeg_83" value="discourse-new"/>
<feat xlink:href="#primmarkSeg_100056" value="referring"/>
<feat xlink:href="#primmarkSeg_1000181" value="referring"/>
<feat xlink:href="#primmarkSeg_44" value="referring"/>
<feat xlink:href="#primmarkSeg_66" value="not_specified"/>
<feat xlink:href="#primmarkSeg_14" value="discourse-new"/>
<feat xlink:href="#primmarkSeg_78" value="discourse-new"/>
<feat xlink:href="#primmarkSeg_11" value="discourse-new"/>
<feat xlink:href="#primmarkSeg_100027" value="referring"/>
<feat xlink:href="#primmarkSeg_6" value="discourse-new"/>
<feat xlink:href="#primmarkSeg_100050" value="referring"/>
<feat xlink:href="#primmarkSeg_58" value="discourse-new"/>
<feat xlink:href="#primmarkSeg_1000147" value="referring"/>
<feat xlink:href="#primmarkSeg_4" value="discourse-new"/>
<feat xlink:href="#primmarkSeg_84" value="discourse-new"/>
<feat xlink:href="#primmarkSeg_48" value="discourse-new"/>
<feat xlink:href="#primmarkSeg_37" value="discourse-new"/>
<feat xlink:href="#primmarkSeg_86" value="discourse-new"/>
<feat xlink:href="#primmarkSeg_41" value="discourse-new"/>
<feat xlink:href="#primmarkSeg_100052" value="referring"/>
<feat xlink:href="#primmarkSeg_15" value="discourse-new"/>
<feat xlink:href="#primmarkSeg_63" value="discourse-new"/>
<feat xlink:href="#primmarkSeg_38" value="discourse-new"/>
<feat xlink:href="#primmarkSeg_10" value="discourse-new"/>
<feat xlink:href="#primmarkSeg_3" value="discourse-new"/>
<feat xlink:href="#primmarkSeg_2" value="discourse-new"/>
<feat xlink:href="#primmarkSeg_77" value="discourse-new"/>
<feat xlink:href="#primmarkSeg_29" value="discourse-new"/>
<feat xlink:href="#primmarkSeg_35" value="referring"/>
</featList>
</sfb632_standard>
