<?xml version="1.0" encoding="UTF-8" standalone="no"?>


<!DOCTYPE sfb632_standard SYSTEM "sfb632_feat.dtd">
<sfb632_standard version="1.0">

<header sfb_id="exmaralda.maz-5010_NP" type="NP"/>

<featList xmlns:xlink="http://www.w3.org/1999/xlink" type="NP" xml:base="urml.maz-5010.tok.xml">

<feat xlink:href="#xpointer(id('tok_2')/range-to(id('tok_3')))" value="NP"/><!-- Die...US_Regierung -->
<feat xlink:href="#xpointer(id('tok_5')/range-to(id('tok_6')))" value="NP"/><!-- dieser...Tage -->
<feat xlink:href="#tok_7" value="NP"/><!-- Druck -->
<feat xlink:href="#tok_9" value="NP"/><!-- Fernsehstationen -->
<feat xlink:href="#tok_11" value="NP"/><!-- Video_Ansprachen -->
<feat xlink:href="#xpointer(id('tok_12')/range-to(id('tok_14')))" value="NP"/><!-- Osama...Ladens -->
<feat xlink:href="#tok_25" value="NP"/><!-- Das -->
<feat xlink:href="#xpointer(id('tok_28')/range-to(id('tok_29')))" value="NP"/><!-- ein...Eingriff -->
<feat xlink:href="#xpointer(id('tok_31')/range-to(id('tok_32')))" value="NP"/><!-- die...Pressefreiheit -->
<feat xlink:href="#xpointer(id('tok_40')/range-to(id('tok_41')))" value="NP"/><!-- versteckte...Botschaften -->
<feat xlink:href="#tok_44" value="NP"/><!-- Aufwecken -->
<feat xlink:href="#xpointer(id('tok_46')/range-to(id('tok_50')))" value="NP"/><!-- so..." -->
<feat xlink:href="#tok_51" value="NP"/><!-- darin -->
<feat xlink:href="#xpointer(id('tok_55')/range-to(id('tok_57')))" value="NP"/><!-- Eine...Journalistengruppe -->
<feat xlink:href="#tok_60" value="NP"/><!-- Einladung -->
<feat xlink:href="#xpointer(id('tok_61')/range-to(id('tok_62')))" value="NP"/><!-- der...Taliban -->
<feat xlink:href="#xpointer(id('tok_63')/range-to(id('tok_65')))" value="NP"/><!-- ein...Dorf -->
<feat xlink:href="#tok_67" value="NP"/><!-- Afghanistan -->
<feat xlink:href="#xpointer(id('tok_69')/range-to(id('tok_71')))" value="NP"/><!-- Ein...Ortstermin -->
<feat xlink:href="#xpointer(id('tok_75')/range-to(id('tok_76')))" value="NP"/><!-- die...Berichterstatter -->
<feat xlink:href="#tok_81" value="NP"/><!-- sie -->
<feat xlink:href="#xpointer(id('tok_84')/range-to(id('tok_85')))" value="NP"/><!-- eigenen...Augen -->
<feat xlink:href="#tok_95" value="NP"/><!-- es -->
<feat xlink:href="#xpointer(id('tok_100')/range-to(id('tok_101')))" value="NP"/><!-- wessen...Werkzeug -->
<feat xlink:href="#xpointer(id('tok_103')/range-to(id('tok_104')))" value="NP"/><!-- ihre...Reportagen -->
<feat xlink:href="#tok_106" value="NP"/><!-- Ende -->
<feat xlink:href="#xpointer(id('tok_108')/range-to(id('tok_110')))" value="NP"/><!-- Allzu...Treffer_Bilder -->
<feat xlink:href="#tok_112" value="NP"/><!-- Washington -->
<feat xlink:href="#xpointer(id('tok_118')/range-to(id('tok_119')))" value="NP"/><!-- rasche...Meldungen -->
<feat xlink:href="#xpointer(id('tok_121')/range-to(id('tok_123')))" value="NP"/><!-- dem...Chaos -->
<feat xlink:href="#xpointer(id('tok_125')/range-to(id('tok_126')))" value="NP"/><!-- hohe...Opferzahlen -->
<feat xlink:href="#xpointer(id('tok_128')/range-to(id('tok_129')))" value="NP"/><!-- der...ZivilbevÃ¶lkerung -->
<feat xlink:href="#tok_132" value="NP"/><!-- Nachrichten -->
<feat xlink:href="#xpointer(id('tok_135')/range-to(id('tok_136')))" value="NP"/><!-- einer...Quelle -->
<feat xlink:href="#xpointer(id('tok_140')/range-to(id('tok_141')))" value="NP"/><!-- dieser...Tage -->
<feat xlink:href="#xpointer(id('tok_144')/range-to(id('tok_145')))" value="NP"/><!-- den...Lotto_Zahlen -->
<feat xlink:href="#xpointer(id('tok_149')/range-to(id('tok_150')))" value="NP"/><!-- keine...GewÃ¤hr -->
</featList>

</sfb632_standard>
