<?xml version="1.0" encoding="UTF-8" standalone="no"?>


<!DOCTYPE sfb632_standard SYSTEM "sfb632_feat.dtd">
<sfb632_standard version="1.0">

<header sfb_id="exmaralda.maz-5010_PP" type="PP"/>

<featList xmlns:xlink="http://www.w3.org/1999/xlink" type="PP" xml:base="urml.maz-5010.tok.xml">

<feat xlink:href="#xpointer(id('tok_8')/range-to(id('tok_9')))" value="PP"/><!-- auf...Fernsehstationen -->
<feat xlink:href="#xpointer(id('tok_30')/range-to(id('tok_32')))" value="PP"/><!-- in...Pressefreiheit -->
<feat xlink:href="#xpointer(id('tok_42')/range-to(id('tok_50')))" value="PP"/><!-- zum..." -->
<feat xlink:href="#xpointer(id('tok_59')/range-to(id('tok_62')))" value="PP"/><!-- auf...Taliban -->
<feat xlink:href="#xpointer(id('tok_66')/range-to(id('tok_67')))" value="PP"/><!-- in...Afghanistan -->
<feat xlink:href="#xpointer(id('tok_83')/range-to(id('tok_85')))" value="PP"/><!-- mit...Augen -->
<feat xlink:href="#xpointer(id('tok_105')/range-to(id('tok_106')))" value="PP"/><!-- am...Ende -->
<feat xlink:href="#xpointer(id('tok_111')/range-to(id('tok_112')))" value="PP"/><!-- aus...Washington -->
<feat xlink:href="#xpointer(id('tok_120')/range-to(id('tok_123')))" value="PP"/><!-- aus...Chaos -->
<feat xlink:href="#xpointer(id('tok_124')/range-to(id('tok_126')))" value="PP"/><!-- Ã¼ber...Opferzahlen -->
<feat xlink:href="#xpointer(id('tok_127')/range-to(id('tok_129')))" value="PP"/><!-- unter...ZivilbevÃ¶lkerung -->
<feat xlink:href="#xpointer(id('tok_131')/range-to(id('tok_132')))" value="PP"/><!-- Bei...Nachrichten -->
<feat xlink:href="#xpointer(id('tok_133')/range-to(id('tok_136')))" value="PP"/><!-- aus...Quelle -->
<feat xlink:href="#xpointer(id('tok_143')/range-to(id('tok_145')))" value="PP"/><!-- mit...Lotto_Zahlen -->
</featList>

</sfb632_standard>
