<?xml version="1.0" encoding="UTF-8" standalone="no"?>


<!DOCTYPE sfb632_standard SYSTEM "sfb632_feat.dtd">
<sfb632_standard version="1.0">

<header sfb_id="exmaralda.maz-5010_Topic" type="Topic"/>

<featList xmlns:xlink="http://www.w3.org/1999/xlink" type="Topic" xml:base="urml.maz-5010.tok.xml">

<feat xlink:href="#xpointer(id('tok_2')/range-to(id('tok_3')))" value="ab"/><!-- Die...US_Regierung -->
<feat xlink:href="#xpointer(id('tok_5')/range-to(id('tok_6')))" value="fs"/><!-- dieser...Tage -->
<feat xlink:href="#tok_25" value="ab"/><!-- Das -->
<feat xlink:href="#xpointer(id('tok_55')/range-to(id('tok_57')))" value="ab"/><!-- Eine...Journalistengruppe -->
<feat xlink:href="#xpointer(id('tok_75')/range-to(id('tok_76')))" value="ab"/><!-- die...Berichterstatter -->
<feat xlink:href="#tok_81" value="ab"/><!-- sie -->
<feat xlink:href="#xpointer(id('tok_103')/range-to(id('tok_104')))" value="ab"/><!-- ihre...Reportagen -->
<feat xlink:href="#xpointer(id('tok_108')/range-to(id('tok_112')))" value="ab"/><!-- Allzu...Washington -->
<feat xlink:href="#xpointer(id('tok_117')/range-to(id('tok_119')))" value="ab"/><!-- verblÃ¼ffend...Meldungen -->
<feat xlink:href="#xpointer(id('tok_131')/range-to(id('tok_136')))" value="ab"/><!-- Bei...Quelle -->
</featList>

</sfb632_standard>
