<?xml version="1.0" encoding="UTF-8" standalone="no"?>


<!DOCTYPE sfb632_standard SYSTEM "sfb632_feat.dtd">
<sfb632_standard version="1.0">

<header sfb_id="exmaralda.maz-5010_Inf-Stat" type="Inf-Stat"/>

<featList xmlns:xlink="http://www.w3.org/1999/xlink" type="Inf-Stat" xml:base="urml.maz-5010.tok.xml">

<feat xlink:href="#xpointer(id('tok_2')/range-to(id('tok_3')))" value="acc-gen"/><!-- Die...US_Regierung -->
<feat xlink:href="#xpointer(id('tok_5')/range-to(id('tok_6')))" value="acc-gen"/><!-- dieser...Tage -->
<feat xlink:href="#tok_9" value="new"/><!-- Fernsehstationen -->
<feat xlink:href="#tok_11" value="new"/><!-- Video_Ansprachen -->
<feat xlink:href="#xpointer(id('tok_12')/range-to(id('tok_14')))" value="acc-gen"/><!-- Osama...Ladens -->
<feat xlink:href="#tok_25" value="giv-active"/><!-- Das -->
<feat xlink:href="#xpointer(id('tok_31')/range-to(id('tok_32')))" value="acc-inf"/><!-- die...Pressefreiheit -->
<feat xlink:href="#xpointer(id('tok_40')/range-to(id('tok_41')))" value="acc-inf"/><!-- versteckte...Botschaften -->
<feat xlink:href="#tok_44" value="idiom"/><!-- Aufwecken -->
<feat xlink:href="#xpointer(id('tok_46')/range-to(id('tok_50')))" value="new"/><!-- so..." -->
<feat xlink:href="#tok_51" value="giv-active"/><!-- darin -->
<feat xlink:href="#xpointer(id('tok_55')/range-to(id('tok_57')))" value="new"/><!-- Eine...Journalistengruppe -->
<feat xlink:href="#xpointer(id('tok_61')/range-to(id('tok_62')))" value="acc-gen"/><!-- der...Taliban -->
<feat xlink:href="#xpointer(id('tok_63')/range-to(id('tok_65')))" value="new"/><!-- ein...Dorf -->
<feat xlink:href="#tok_67" value="acc-gen"/><!-- Afghanistan -->
<feat xlink:href="#xpointer(id('tok_69')/range-to(id('tok_71')))" value="acc-inf"/><!-- Ein...Ortstermin -->
<feat xlink:href="#xpointer(id('tok_75')/range-to(id('tok_76')))" value="giv-active"/><!-- die...Berichterstatter -->
<feat xlink:href="#tok_81" value="giv-active"/><!-- sie -->
<feat xlink:href="#xpointer(id('tok_84')/range-to(id('tok_85')))" value="idiom"/><!-- eigenen...Augen -->
<feat xlink:href="#xpointer(id('tok_103')/range-to(id('tok_104')))" value="acc-inf"/><!-- ihre...Reportagen -->
<feat xlink:href="#xpointer(id('tok_108')/range-to(id('tok_110')))" value="new"/><!-- Allzu...Treffer_Bilder -->
<feat xlink:href="#tok_112" value="acc-gen"/><!-- Washington -->
<feat xlink:href="#xpointer(id('tok_118')/range-to(id('tok_119')))" value="new"/><!-- rasche...Meldungen -->
<feat xlink:href="#xpointer(id('tok_121')/range-to(id('tok_123')))" value="acc-inf"/><!-- dem...Chaos -->
<feat xlink:href="#xpointer(id('tok_125')/range-to(id('tok_126')))" value="acc-inf"/><!-- hohe...Opferzahlen -->
<feat xlink:href="#xpointer(id('tok_128')/range-to(id('tok_129')))" value="new"/><!-- der...ZivilbevÃ¶lkerung -->
<feat xlink:href="#tok_132" value="acc-inf"/><!-- Nachrichten -->
<feat xlink:href="#xpointer(id('tok_135')/range-to(id('tok_136')))" value="new"/><!-- einer...Quelle -->
<feat xlink:href="#xpointer(id('tok_140')/range-to(id('tok_141')))" value="giv-inactive"/><!-- dieser...Tage -->
<feat xlink:href="#xpointer(id('tok_144')/range-to(id('tok_145')))" value="acc-gen"/><!-- den...Lotto_Zahlen -->
<feat xlink:href="#xpointer(id('tok_149')/range-to(id('tok_150')))" value="idiom"/><!-- keine...GewÃ¤hr -->
</featList>

</sfb632_standard>
