<?xml version="1.0" encoding="UTF-8" standalone="no"?>


<!DOCTYPE sfb632_standard SYSTEM "sfb632_feat.dtd">
<sfb632_standard version="1.0">

<header sfb_id="exmaralda.maz-5010_Focus_newInf" type="Focus_newInf"/>

<featList xmlns:xlink="http://www.w3.org/1999/xlink" type="Focus_newInf" xml:base="urml.maz-5010.tok.xml">

<feat xlink:href="#tok_4" value="nf-unsol"/><!-- macht -->
<feat xlink:href="#xpointer(id('tok_7')/range-to(id('tok_23')))" value="nf-unsol"/><!-- Druck...senden -->
<feat xlink:href="#xpointer(id('tok_26')/range-to(id('tok_53')))" value="nf-unsol"/><!-- ist...sind -->
<feat xlink:href="#xpointer(id('tok_58')/range-to(id('tok_67')))" value="nf-unsol"/><!-- besucht...Afghanistan -->
<feat xlink:href="#xpointer(id('tok_113')/range-to(id('tok_116')))" value="nf-unsol"/><!-- machen...wie -->
<feat xlink:href="#xpointer(id('tok_120')/range-to(id('tok_129')))" value="nf-unsol"/><!-- aus...ZivilbevÃ¶lkerung -->
<feat xlink:href="#xpointer(id('tok_137')/range-to(id('tok_150')))" value="nf-unsol"/><!-- verhÃ¤lt...GewÃ¤hr -->
</featList>

</sfb632_standard>
