<?xml version="1.0" encoding="UTF-8" standalone="no"?>


<!DOCTYPE sfb632_standard SYSTEM "sfb632_feat.dtd">
<sfb632_standard version="1.0">

<header sfb_id="exmaralda.maz-5010_Sent" type="Sent"/>

<featList xmlns:xlink="http://www.w3.org/1999/xlink" type="Sent" xml:base="urml.maz-5010.tok.xml">

<feat xlink:href="#xpointer(id('tok_2')/range-to(id('tok_24')))" value="s"/><!-- Die.... -->
<feat xlink:href="#xpointer(id('tok_25')/range-to(id('tok_54')))" value="s"/><!-- Das.... -->
<feat xlink:href="#xpointer(id('tok_55')/range-to(id('tok_68')))" value="s"/><!-- Eine.... -->
<feat xlink:href="#xpointer(id('tok_69')/range-to(id('tok_87')))" value="s"/><!-- Ein...: -->
<feat xlink:href="#xpointer(id('tok_88')/range-to(id('tok_92')))" value="s"/><!-- Was...? -->
<feat xlink:href="#xpointer(id('tok_93')/range-to(id('tok_97')))" value="s"/><!-- Wer...? -->
<feat xlink:href="#xpointer(id('tok_98')/range-to(id('tok_107')))" value="s"/><!-- Und...? -->
<feat xlink:href="#xpointer(id('tok_108')/range-to(id('tok_130')))" value="s"/><!-- Allzu.... -->
<feat xlink:href="#xpointer(id('tok_131')/range-to(id('tok_146')))" value="s"/><!-- Bei...: -->
<feat xlink:href="#xpointer(id('tok_147')/range-to(id('tok_150')))" value="s"/><!-- Es...GewÃ¤hr -->
</featList>

</sfb632_standard>
