<?xml version="1.0" encoding="UTF-8" standalone="no"?>
<!DOCTYPE paula SYSTEM "paula_struct.dtd">

<paula version="1.0">
 <header paula_id="merged.maz-4282.annoSet" />
 <structList xmlns:xlink="http://www.w3.org/1999/xlink" type="annoSet">
  <struct id="anno_1">
   <rel id="rel_1" xlink:href="urml.rst.maz-4282.discUnit.xml" />
  </struct>
  <struct id="anno_2">
   <rel id="rel_2" xlink:href="merged.maz-4282.text.xml" />
  </struct>
  <struct id="anno_3">
   <rel id="rel_3" xlink:href="exmaralda.is.maz-4282.NPSeg.xml" />
   <rel id="rel_4" xlink:href="exmaralda.is.maz-4282.NPSeg_NP.xml" />
  </struct>
  <struct id="anno_4">
   <rel id="rel_5" xlink:href="mmax.pocos.maz-4282.secmarkSeg.xml" />
   <rel id="rel_6" xlink:href="mmax.pocos.maz-4282.secmarkSeg_ambiguity.xml" />
   <rel id="rel_7" xlink:href="mmax.pocos.maz-4282.secmarkSeg_complex_np.xml" />
   <rel id="rel_8" xlink:href="mmax.pocos.maz-4282.secmarkSeg_dir_speech.xml" />
   <rel id="rel_9" xlink:href="mmax.pocos.maz-4282.secmarkSeg_grammatical_role.xml" />
   <rel id="rel_10" xlink:href="mmax.pocos.maz-4282.secmarkSeg_np_form.xml" />
   <rel id="rel_11" xlink:href="mmax.pocos.maz-4282.secmarkSeg_phrase_type.xml" />
   <rel id="rel_12" xlink:href="mmax.pocos.maz-4282.secmarkSeg_referentiality.xml" />
  </struct>
  <struct id="anno_5">
   <rel id="rel_13" xlink:href="exmaralda.is.maz-4282.PPSeg.xml" />
   <rel id="rel_14" xlink:href="exmaralda.is.maz-4282.PPSeg_PP.xml" />
  </struct>
  <struct id="anno_6">
   <rel id="rel_15" xlink:href="urml.rst.maz-4282.const.xml" />
   <rel id="rel_16" xlink:href="urml.rst.maz-4282.const_func.xml" />
   <rel id="rel_17" xlink:href="urml.rst.maz-4282.const_rst_relation.xml" />
   <rel id="rel_18" xlink:href="urml.rst.maz-4282.const_rstRel_type.xml" />
  </struct>
  <struct id="anno_7">
   <rel id="rel_19" xlink:href="mmax.pocos.maz-4282.groupsSeg.xml" />
  </struct>
  <struct id="anno_8">
   <rel id="rel_20" xlink:href="merged.maz-4282.anno_feat.xml" />
  </struct>
  <struct id="anno_9">
   <rel id="rel_21" xlink:href="mmax.pocos.maz-4282.primmarkSeg.xml" />
   <rel id="rel_22" xlink:href="mmax.pocos.maz-4282.primmarkSeg_ambiguity.xml" />
   <rel id="rel_23" xlink:href="mmax.pocos.maz-4282.primmarkSeg_anaphor_antecedent.xml" />
   <rel id="rel_24" xlink:href="mmax.pocos.maz-4282.primmarkSeg_anaphor_type.xml" />
   <rel id="rel_25" xlink:href="mmax.pocos.maz-4282.primmarkSeg_complex_np.xml" />
   <rel id="rel_26" xlink:href="mmax.pocos.maz-4282.primmarkSeg_dir_speech.xml" />
   <rel id="rel_27" xlink:href="mmax.pocos.maz-4282.primmarkSeg_grammatical_role.xml" />
   <rel id="rel_28" xlink:href="mmax.pocos.maz-4282.primmarkSeg_np_form.xml" />
   <rel id="rel_29" xlink:href="mmax.pocos.maz-4282.primmarkSeg_phrase_type.xml" />
   <rel id="rel_30" xlink:href="mmax.pocos.maz-4282.primmarkSeg_referentiality.xml" />
   <rel id="rel_31" xlink:href="mmax.pocos.maz-4282.primmarkSeg_type.xml" />
  </struct>
  <struct id="anno_10">
   <rel id="rel_32" xlink:href="merged.maz-4282.tok.xml" />
   <rel id="rel_33" xlink:href="tiger.syntax.maz-4282.tok_lemma.xml" />
   <rel id="rel_34" xlink:href="tiger.syntax.maz-4282.tok_morph.xml" />
   <rel id="rel_35" xlink:href="tiger.syntax.maz-4282.tok_pos.xml" />
  </struct>
  <struct id="anno_11">
   <rel id="rel_36" xlink:href="exmaralda.is.maz-4282.Foc_contrSeg.xml" />
   <rel id="rel_37" xlink:href="exmaralda.is.maz-4282.Foc_contrSeg_Foc_contr.xml" />
  </struct>
  <struct id="anno_12">
   <rel id="rel_38" xlink:href="exmaralda.is.maz-4282.Focus_newInfSeg.xml" />
   <rel id="rel_39" xlink:href="exmaralda.is.maz-4282.Focus_newInfSeg_Focus_newInf.xml" />
  </struct>
  <struct id="anno_13">
   <rel id="rel_40" xlink:href="exmaralda.is.maz-4282.Inf-StatSeg.xml" />
   <rel id="rel_41" xlink:href="exmaralda.is.maz-4282.Inf-StatSeg_Inf-Stat.xml" />
  </struct>
  <struct id="anno_14">
   <rel id="rel_42" xlink:href="mmax.pocos.maz-4282.sentenceSeg.xml" />
  </struct>
  <struct id="anno_15">
   <rel id="rel_43" xlink:href="tiger.syntax.maz-4282.const.xml" />
   <rel id="rel_44" xlink:href="tiger.syntax.maz-4282.const_cat.xml" />
   <rel id="rel_45" xlink:href="tiger.syntax.maz-4282.const_func.xml" />
  </struct>
  <struct id="anno_16">
   <rel id="rel_46" xlink:href="exmaralda.is.maz-4282.SentSeg.xml" />
   <rel id="rel_47" xlink:href="exmaralda.is.maz-4282.SentSeg_Sent.xml" />
  </struct>
  <struct id="anno_17">
   <rel id="rel_48" xlink:href="merged.maz-4282.tok.xml" />
  </struct>
  <struct id="anno_18">
   <rel id="rel_49" xlink:href="exmaralda.is.maz-4282.TopicSeg.xml" />
   <rel id="rel_50" xlink:href="exmaralda.is.maz-4282.TopicSeg_Topic.xml" />
  </struct>
 </structList>
</paula>