<?xml version="1.0" standalone="no"?>
<!DOCTYPE paula SYSTEM "paula_feat.dtd">


<paula version="1.0">

<header paula_id="mmax.pocos.maz-4282_primmarkSeg_np_form"/>

<featList xmlns:xlink="http://www.w3.org/1999/xlink" type="np_form" xml:base="mmax.pocos.maz-4282.primmarkSeg.xml">
<feat xlink:href="#primmarkSeg_28" value="defnp"/>
<feat xlink:href="#primmarkSeg_32" value="defnp"/>
<feat xlink:href="#primmarkSeg_23" value="defnp"/>
<feat xlink:href="#primmarkSeg_16" value="defnp"/>
<feat xlink:href="#primmarkSeg_56" value="defnp"/>
<feat xlink:href="#primmarkSeg_72" value="defnp"/>
<feat xlink:href="#primmarkSeg_7" value="defnp"/>
<feat xlink:href="#primmarkSeg_46" value="defnp"/>
<feat xlink:href="#primmarkSeg_60" value="ne"/>
<feat xlink:href="#primmarkSeg_1000159" value="ne"/>
<feat xlink:href="#primmarkSeg_39" value="defnp"/>
<feat xlink:href="#primmarkSeg_1000154" value="pds"/>
<feat xlink:href="#primmarkSeg_6" value="defnp"/>
<feat xlink:href="#primmarkSeg_45" value="defnp"/>
<feat xlink:href="#primmarkSeg_100086" value="pper"/>
<feat xlink:href="#primmarkSeg_1000161" value="ne"/>
<feat xlink:href="#primmarkSeg_12" value="defnp"/>
<feat xlink:href="#primmarkSeg_4" value="defnp"/>
<feat xlink:href="#primmarkSeg_100090" value="pper"/>
<feat xlink:href="#primmarkSeg_100045" value="pper"/>
<feat xlink:href="#primmarkSeg_51" value="defnp"/>
<feat xlink:href="#primmarkSeg_1000155" value="ne"/>
<feat xlink:href="#primmarkSeg_1000142" value="pper"/>
<feat xlink:href="#primmarkSeg_74" value="defnp"/>
<feat xlink:href="#primmarkSeg_57" value="defnp"/>
<feat xlink:href="#primmarkSeg_1000158" value="ne"/>
<feat xlink:href="#primmarkSeg_1000135" value="pper"/>
<feat xlink:href="#primmarkSeg_30" value="defnp"/>
</featList>
</paula>
