<?xml version="1.0" standalone="no"?>


<!DOCTYPE paula SYSTEM "paula_feat.dtd">
<paula version="1.0">

<header paula_id="tiger.syntax.maz-4282_lemma"/>

<featList xmlns:xlink="http://www.w3.org/1999/xlink" type="lemma" xml:base="merged.maz-4282.tok.xml">

<feat xlink:href="#tok_1" value="Steilpass"/><!--  -->
<feat xlink:href="#tok_2" value="Wunder"/><!--  -->
<feat xlink:href="#tok_3" value="geben"/><!--  -->
<feat xlink:href="#tok_4" value="es"/><!--  -->
<feat xlink:href="#tok_5" value="immer"/><!--  -->
<feat xlink:href="#tok_6" value="wieder"/><!--  -->
<feat xlink:href="#tok_7" value="!"/><!--  -->
<feat xlink:href="#tok_8" value="erst"/><!--  -->
<feat xlink:href="#tok_9" value="spielen"/><!--  -->
<feat xlink:href="#tok_10" value="der"/><!--  -->
<feat xlink:href="#tok_11" value="Dallgower"/><!--  -->
<feat xlink:href="#tok_12" value="Gemeindevertreter"/><!--  -->
<feat xlink:href="#tok_13" value="so"/><!--  -->
<feat xlink:href="#tok_14" value="statisch"/><!--  -->
<feat xlink:href="#tok_15" value="und"/><!--  -->
<feat xlink:href="#tok_16" value="verzagt"/><!--  -->
<feat xlink:href="#tok_17" value="wie"/><!--  -->
<feat xlink:href="#tok_18" value="der"/><!--  -->
<feat xlink:href="#tok_19" value="deutsch"/><!--  -->
<feat xlink:href="#tok_20" value="Abwehrreihe"/><!--  -->
<feat xlink:href="#tok_21" value="der"/><!--  -->
<feat xlink:href="#tok_22" value="Fu&#xDF;ballkicker"/><!--  -->
<feat xlink:href="#tok_23" value="."/><!--  -->
<feat xlink:href="#tok_24" value="und"/><!--  -->
<feat xlink:href="#tok_25" value="dann"/><!--  -->
<feat xlink:href="#tok_26" value="kommen"/><!--  -->
<feat xlink:href="#tok_27" value="aus"/><!--  -->
<feat xlink:href="#tok_28" value="der"/><!--  -->
<feat xlink:href="#tok_29" value="Tiefe"/><!--  -->
<feat xlink:href="#tok_30" value="solcher"/><!--  -->
<feat xlink:href="#tok_31" value="ein"/><!--  -->
<feat xlink:href="#tok_32" value="fulminant"/><!--  -->
<feat xlink:href="#tok_33" value="Steilpass"/><!--  -->
<feat xlink:href="#tok_34" value=","/><!--  -->
<feat xlink:href="#tok_35" value="von"/><!--  -->
<feat xlink:href="#tok_36" value="der"/><!--  -->
<feat xlink:href="#tok_37" value="man"/><!--  -->
<feat xlink:href="#tok_38" value="hoffen"/><!--  -->
<feat xlink:href="#tok_39" value=","/><!--  -->
<feat xlink:href="#tok_40" value="dass"/><!--  -->
<feat xlink:href="#tok_41" value="der"/><!--  -->
<feat xlink:href="#tok_42" value="Seeburg"/><!--  -->
<feat xlink:href="#tok_43" value="oder"/><!--  -->
<feat xlink:href="#tok_44" value="Gro&#xDF;-Glienick"/><!--  -->
<feat xlink:href="#tok_45" value="Mitspieler"/><!--  -->
<feat xlink:href="#tok_46" value="ihn"/><!--  -->
<feat xlink:href="#tok_47" value="aufnehmen"/><!--  -->
<feat xlink:href="#tok_48" value="k&#xF6;nnen"/><!--  -->
<feat xlink:href="#tok_49" value="."/><!--  -->
<feat xlink:href="#tok_50" value="ein"/><!--  -->
<feat xlink:href="#tok_51" value="Befreiungsschlag"/><!--  -->
<feat xlink:href="#tok_52" value="sein"/><!--  -->
<feat xlink:href="#tok_53" value="es"/><!--  -->
<feat xlink:href="#tok_54" value="allerdings"/><!--  -->
<feat xlink:href="#tok_55" value="nicht"/><!--  -->
<feat xlink:href="#tok_56" value=","/><!--  -->
<feat xlink:href="#tok_57" value="weil"/><!--  -->
<feat xlink:href="#tok_58" value="es"/><!--  -->
<feat xlink:href="#tok_59" value="vorerst"/><!--  -->
<feat xlink:href="#tok_60" value="kein"/><!--  -->
<feat xlink:href="#tok_61" value="Gefahr"/><!--  -->
<feat xlink:href="#tok_62" value="f&#xFC;r"/><!--  -->
<feat xlink:href="#tok_63" value="Dallgower"/><!--  -->
<feat xlink:href="#tok_64" value="Tor"/><!--  -->
<feat xlink:href="#tok_65" value="geben"/><!--  -->
<feat xlink:href="#tok_66" value="."/><!--  -->
<feat xlink:href="#tok_67" value="der"/><!--  -->
<feat xlink:href="#tok_68" value="Seeburger"/><!--  -->
<feat xlink:href="#tok_69" value="und"/><!--  -->
<feat xlink:href="#tok_70" value="einiger"/><!--  -->
<feat xlink:href="#tok_71" value="Gro&#xDF;-Glienicker"/><!--  -->
<feat xlink:href="#tok_72" value="haben"/><!--  -->
<feat xlink:href="#tok_73" value="der"/><!--  -->
<feat xlink:href="#tok_74" value="Ball"/><!--  -->
<feat xlink:href="#tok_75" value="erst"/><!--  -->
<feat xlink:href="#tok_76" value="zur&#xFC;ckspielen"/><!--  -->
<feat xlink:href="#tok_77" value="und"/><!--  -->
<feat xlink:href="#tok_78" value="dann"/><!--  -->
<feat xlink:href="#tok_79" value="um"/><!--  -->
<feat xlink:href="#tok_80" value="so"/><!--  -->
<feat xlink:href="#tok_81" value="dr&#xE4;ngend"/><!--  -->
<feat xlink:href="#tok_82" value="wieder"/><!--  -->
<feat xlink:href="#tok_83" value="fordern"/><!--  -->
<feat xlink:href="#tok_84" value="."/><!--  -->
<feat xlink:href="#tok_85" value="nun"/><!--  -->
<feat xlink:href="#tok_86" value="sollen"/><!--  -->
<feat xlink:href="#tok_87" value="sie"/><!--  -->
<feat xlink:href="#tok_88" value="zeigen"/><!--  -->
<feat xlink:href="#tok_89" value=","/><!--  -->
<feat xlink:href="#tok_90" value="wie"/><!--  -->
<feat xlink:href="#tok_91" value="sie"/><!--  -->
<feat xlink:href="#tok_92" value="der"/><!--  -->
<feat xlink:href="#tok_93" value="Chance"/><!--  -->
<feat xlink:href="#tok_94" value="verwerten"/><!--  -->
<feat xlink:href="#tok_95" value="."/><!--  -->
<feat xlink:href="#tok_96" value="ein"/><!--  -->
<feat xlink:href="#tok_97" value="Diskussion"/><!--  -->
<feat xlink:href="#tok_98" value=","/><!--  -->
<feat xlink:href="#tok_99" value="wo"/><!--  -->
<feat xlink:href="#tok_100" value="k&#xFC;nftig"/><!--  -->
<feat xlink:href="#tok_101" value="der"/><!--  -->
<feat xlink:href="#tok_102" value="Trainerkabine"/><!--  -->
<feat xlink:href="#tok_103" value="stehen"/><!--  -->
<feat xlink:href="#tok_104" value="sollen"/><!--  -->
<feat xlink:href="#tok_105" value=","/><!--  -->
<feat xlink:href="#tok_106" value="sein"/><!--  -->
<feat xlink:href="#tok_107" value="in"/><!--  -->
<feat xlink:href="#tok_108" value="der"/><!--  -->
<feat xlink:href="#tok_109" value="jetziger"/><!--  -->
<feat xlink:href="#tok_110" value="Spielsituation"/><!--  -->
<feat xlink:href="#tok_111" value="verheerend"/><!--  -->
<feat xlink:href="#tok_112" value="."/><!--  -->
<feat xlink:href="#tok_113" value="und"/><!--  -->
<feat xlink:href="#tok_114" value="ein"/><!--  -->
<feat xlink:href="#tok_115" value="Parallele"/><!--  -->
<feat xlink:href="#tok_116" value="zu"/><!--  -->
<feat xlink:href="#tok_117" value="der"/><!--  -->
<feat xlink:href="#tok_118" value="deutsch"/><!--  -->
<feat xlink:href="#tok_119" value="Grotten-Kicker"/><!--  -->
<feat xlink:href="#tok_120" value="geben"/><!--  -->
<feat xlink:href="#tok_121" value="es"/><!--  -->
<feat xlink:href="#tok_122" value="immer"/><!--  -->
<feat xlink:href="#tok_123" value="noch"/><!--  -->
<feat xlink:href="#tok_124" value="."/><!--  -->
<feat xlink:href="#tok_125" value="auch"/><!--  -->
<feat xlink:href="#tok_126" value="wenn"/><!--  -->
<feat xlink:href="#tok_127" value="der"/><!--  -->
<feat xlink:href="#tok_128" value="Spieler"/><!--  -->
<feat xlink:href="#tok_129" value="aus"/><!--  -->
<feat xlink:href="#tok_130" value="der"/><!--  -->
<feat xlink:href="#tok_131" value="verschieden"/><!--  -->
<feat xlink:href="#tok_132" value="Verein"/><!--  -->
<feat xlink:href="#tok_133" value="zusammenw&#xFC;rfeln"/><!--  -->
<feat xlink:href="#tok_134" value="sein"/><!--  -->
<feat xlink:href="#tok_135" value=","/><!--  -->
<feat xlink:href="#tok_136" value="sie"/><!--  -->
<feat xlink:href="#tok_137" value="m&#xFC;ssen"/><!--  -->
<feat xlink:href="#tok_138" value="sich"/><!--  -->
<feat xlink:href="#tok_139" value="daran"/><!--  -->
<feat xlink:href="#tok_140" value="gew&#xF6;hnen"/><!--  -->
<feat xlink:href="#tok_141" value=","/><!--  -->
<feat xlink:href="#tok_142" value="dass"/><!--  -->
<feat xlink:href="#tok_143" value="sie"/><!--  -->
<feat xlink:href="#tok_144" value="nun"/><!--  -->
<feat xlink:href="#tok_145" value="in"/><!--  -->
<feat xlink:href="#tok_146" value="ein"/><!--  -->
<feat xlink:href="#tok_147" value="Mannschaft"/><!--  -->
<feat xlink:href="#tok_148" value="&quot;"/><!--  -->
<feat xlink:href="#tok_149" value="D&#xF6;beritzer"/><!--  -->
<feat xlink:href="#tok_150" value="Heide"/><!--  -->
<feat xlink:href="#tok_151" value="&quot;"/><!--  -->
<feat xlink:href="#tok_152" value="spielen"/><!--  -->
<feat xlink:href="#tok_153" value="."/><!--  -->
<feat xlink:href="#tok_154" value="und"/><!--  -->
<feat xlink:href="#tok_155" value="der"/><!--  -->
<feat xlink:href="#tok_156" value="hei&#xDF;en"/><!--  -->
<feat xlink:href="#tok_157" value="gemeinsam"/><!--  -->
<feat xlink:href="#tok_158" value="und"/><!--  -->
<feat xlink:href="#tok_159" value="nicht"/><!--  -->
<feat xlink:href="#tok_160" value="gegeneinander"/><!--  -->
<feat xlink:href="#tok_161" value="."/><!--  -->
<feat xlink:href="#tok_162" value="Ermahnung"/><!--  -->
<feat xlink:href="#tok_163" value="von"/><!--  -->
<feat xlink:href="#tok_164" value="der"/><!--  -->
<feat xlink:href="#tok_165" value="Seitenlinie"/><!--  -->
<feat xlink:href="#tok_166" value=","/><!--  -->
<feat xlink:href="#tok_167" value="miteinander"/><!--  -->
<feat xlink:href="#tok_168" value="fair"/><!--  -->
<feat xlink:href="#tok_169" value="umgehen"/><!--  -->
<feat xlink:href="#tok_170" value="und"/><!--  -->
<feat xlink:href="#tok_171" value="sich"/><!--  -->
<feat xlink:href="#tok_172" value="nicht"/><!--  -->
<feat xlink:href="#tok_173" value="bei"/><!--  -->
<feat xlink:href="#tok_174" value="klein"/><!--  -->
<feat xlink:href="#tok_175" value="Schubser"/><!--  -->
<feat xlink:href="#tok_176" value="gegenseitig"/><!--  -->
<feat xlink:href="#tok_177" value="zu"/><!--  -->
<feat xlink:href="#tok_178" value="zerfleischen"/><!--  -->
<feat xlink:href="#tok_179" value=","/><!--  -->
<feat xlink:href="#tok_180" value="sein"/><!--  -->
<feat xlink:href="#tok_181" value="normalerweise"/><!--  -->
<feat xlink:href="#tok_182" value="&#xFC;berfl&#xFC;ssig"/><!--  -->
<feat xlink:href="#tok_183" value="."/><!--  -->
<feat xlink:href="#tok_184" value="vorerst"/><!--  -->
<feat xlink:href="#tok_185" value="allerdings"/><!--  -->
<feat xlink:href="#tok_186" value="hilfreich"/><!--  -->
<feat xlink:href="#tok_187" value="."/><!--  -->
</featList>

</paula>
