<?xml version="1.0" standalone="no"?>


<!DOCTYPE paula SYSTEM "paula_feat.dtd">
<paula version="1.0">

<header paula_id="tiger.syntax.maz-4282_morph"/>

<featList xmlns:xlink="http://www.w3.org/1999/xlink" type="morph" xml:base="merged.maz-4282.tok.xml">

<feat xlink:href="#tok_1" value="Nom.Sg.Masc"/><!--  -->
<feat xlink:href="#tok_2" value="Acc.Pl.Neut"/><!--  -->
<feat xlink:href="#tok_3" value="3.Sg.Pres.Ind"/><!--  -->
<feat xlink:href="#tok_4" value="3.Nom.Sg.Neut"/><!--  -->
<feat xlink:href="#tok_5" value="--"/><!--  -->
<feat xlink:href="#tok_6" value="--"/><!--  -->
<feat xlink:href="#tok_7" value="--"/><!--  -->
<feat xlink:href="#tok_8" value="--"/><!--  -->
<feat xlink:href="#tok_9" value="3.Pl.Pres.Ind"/><!--  -->
<feat xlink:href="#tok_10" value="Nom.Pl.Masc"/><!--  -->
<feat xlink:href="#tok_11" value="Pos.*.*.*"/><!--  -->
<feat xlink:href="#tok_12" value="Nom.Pl.Masc"/><!--  -->
<feat xlink:href="#tok_13" value="--"/><!--  -->
<feat xlink:href="#tok_14" value="Pos"/><!--  -->
<feat xlink:href="#tok_15" value="--"/><!--  -->
<feat xlink:href="#tok_16" value="Pos"/><!--  -->
<feat xlink:href="#tok_17" value="--"/><!--  -->
<feat xlink:href="#tok_18" value="Nom.Sg.Fem"/><!--  -->
<feat xlink:href="#tok_19" value="Pos.Nom.Sg.Fem"/><!--  -->
<feat xlink:href="#tok_20" value="Nom.Sg.Fem"/><!--  -->
<feat xlink:href="#tok_21" value="Gen.Pl.Masc"/><!--  -->
<feat xlink:href="#tok_22" value="Gen.Pl.Masc"/><!--  -->
<feat xlink:href="#tok_23" value="--"/><!--  -->
<feat xlink:href="#tok_24" value="--"/><!--  -->
<feat xlink:href="#tok_25" value="--"/><!--  -->
<feat xlink:href="#tok_26" value="3.Sg.Pres.Ind"/><!--  -->
<feat xlink:href="#tok_27" value="--"/><!--  -->
<feat xlink:href="#tok_28" value="Dat.Sg.Fem"/><!--  -->
<feat xlink:href="#tok_29" value="Dat.Sg.Fem"/><!--  -->
<feat xlink:href="#tok_30" value="*.*.*"/><!--  -->
<feat xlink:href="#tok_31" value="Nom.Sg.Masc"/><!--  -->
<feat xlink:href="#tok_32" value="Pos.Nom.Sg.Masc"/><!--  -->
<feat xlink:href="#tok_33" value="Nom.Sg.Masc"/><!--  -->
<feat xlink:href="#tok_34" value="--"/><!--  -->
<feat xlink:href="#tok_35" value="--"/><!--  -->
<feat xlink:href="#tok_36" value="Dat.Sg.Masc"/><!--  -->
<feat xlink:href="#tok_37" value="Nom.Sg.*"/><!--  -->
<feat xlink:href="#tok_38" value="3.Sg.Pres.Ind"/><!--  -->
<feat xlink:href="#tok_39" value="--"/><!--  -->
<feat xlink:href="#tok_40" value="--"/><!--  -->
<feat xlink:href="#tok_41" value="Nom.Pl.Masc"/><!--  -->
<feat xlink:href="#tok_42" value="Pos.*.*.*"/><!--  -->
<feat xlink:href="#tok_43" value="--"/><!--  -->
<feat xlink:href="#tok_44" value="Pos.*.*.*"/><!--  -->
<feat xlink:href="#tok_45" value="Nom.Pl.Masc"/><!--  -->
<feat xlink:href="#tok_46" value="3.Acc.Sg.Masc"/><!--  -->
<feat xlink:href="#tok_47" value="Inf"/><!--  -->
<feat xlink:href="#tok_48" value="3.Pl.Pres.Ind"/><!--  -->
<feat xlink:href="#tok_49" value="--"/><!--  -->
<feat xlink:href="#tok_50" value="Nom.Sg.Masc"/><!--  -->
<feat xlink:href="#tok_51" value="Nom.Sg.Masc"/><!--  -->
<feat xlink:href="#tok_52" value="3.Sg.Pres.Ind"/><!--  -->
<feat xlink:href="#tok_53" value="3.Nom.Sg.Neut"/><!--  -->
<feat xlink:href="#tok_54" value="--"/><!--  -->
<feat xlink:href="#tok_55" value="--"/><!--  -->
<feat xlink:href="#tok_56" value="--"/><!--  -->
<feat xlink:href="#tok_57" value="--"/><!--  -->
<feat xlink:href="#tok_58" value="3.Nom.Sg.Neut"/><!--  -->
<feat xlink:href="#tok_59" value="--"/><!--  -->
<feat xlink:href="#tok_60" value="Acc.Sg.Fem"/><!--  -->
<feat xlink:href="#tok_61" value="Acc.Sg.Fem"/><!--  -->
<feat xlink:href="#tok_62" value="Acc.Sg.Neut"/><!--  -->
<feat xlink:href="#tok_63" value="Pos.*.*.*"/><!--  -->
<feat xlink:href="#tok_64" value="Acc.Sg.Neut"/><!--  -->
<feat xlink:href="#tok_65" value="3.Sg.Past.Ind"/><!--  -->
<feat xlink:href="#tok_66" value="--"/><!--  -->
<feat xlink:href="#tok_67" value="Nom.Pl.Masc"/><!--  -->
<feat xlink:href="#tok_68" value="Nom.Pl.Masc"/><!--  -->
<feat xlink:href="#tok_69" value="--"/><!--  -->
<feat xlink:href="#tok_70" value="Nom.Pl.Masc"/><!--  -->
<feat xlink:href="#tok_71" value="Nom.Pl.Masc"/><!--  -->
<feat xlink:href="#tok_72" value="3.Pl.Pres.Ind"/><!--  -->
<feat xlink:href="#tok_73" value="Acc.Sg.Masc"/><!--  -->
<feat xlink:href="#tok_74" value="Acc.Sg.Masc"/><!--  -->
<feat xlink:href="#tok_75" value="--"/><!--  -->
<feat xlink:href="#tok_76" value="Psp"/><!--  -->
<feat xlink:href="#tok_77" value="--"/><!--  -->
<feat xlink:href="#tok_78" value="--"/><!--  -->
<feat xlink:href="#tok_79" value="--"/><!--  -->
<feat xlink:href="#tok_80" value="--"/><!--  -->
<feat xlink:href="#tok_81" value="Pos"/><!--  -->
<feat xlink:href="#tok_82" value="--"/><!--  -->
<feat xlink:href="#tok_83" value="Psp"/><!--  -->
<feat xlink:href="#tok_84" value="--"/><!--  -->
<feat xlink:href="#tok_85" value="--"/><!--  -->
<feat xlink:href="#tok_86" value="3.Pl.Pres.Ind"/><!--  -->
<feat xlink:href="#tok_87" value="3.Nom.Pl.*"/><!--  -->
<feat xlink:href="#tok_88" value="Inf"/><!--  -->
<feat xlink:href="#tok_89" value="--"/><!--  -->
<feat xlink:href="#tok_90" value="--"/><!--  -->
<feat xlink:href="#tok_91" value="3.Nom.Pl.*"/><!--  -->
<feat xlink:href="#tok_92" value="Acc.Sg.Fem"/><!--  -->
<feat xlink:href="#tok_93" value="Acc.Sg.Fem"/><!--  -->
<feat xlink:href="#tok_94" value="3.Pl.Pres.Ind"/><!--  -->
<feat xlink:href="#tok_95" value="--"/><!--  -->
<feat xlink:href="#tok_96" value="Nom.Sg.Fem"/><!--  -->
<feat xlink:href="#tok_97" value="Nom.Sg.Fem"/><!--  -->
<feat xlink:href="#tok_98" value="--"/><!--  -->
<feat xlink:href="#tok_99" value="--"/><!--  -->
<feat xlink:href="#tok_100" value="Pos"/><!--  -->
<feat xlink:href="#tok_101" value="Nom.Sg.Fem"/><!--  -->
<feat xlink:href="#tok_102" value="Nom.Sg.Fem"/><!--  -->
<feat xlink:href="#tok_103" value="Inf"/><!--  -->
<feat xlink:href="#tok_104" value="3.Sg.Pres.Ind"/><!--  -->
<feat xlink:href="#tok_105" value="--"/><!--  -->
<feat xlink:href="#tok_106" value="3.Sg.Past.Subj"/><!--  -->
<feat xlink:href="#tok_107" value="--"/><!--  -->
<feat xlink:href="#tok_108" value="Dat.Sg.Fem"/><!--  -->
<feat xlink:href="#tok_109" value="Pos.Dat.Sg.Fem"/><!--  -->
<feat xlink:href="#tok_110" value="Dat.Sg.Fem"/><!--  -->
<feat xlink:href="#tok_111" value="Pos"/><!--  -->
<feat xlink:href="#tok_112" value="--"/><!--  -->
<feat xlink:href="#tok_113" value="--"/><!--  -->
<feat xlink:href="#tok_114" value="Acc.Sg.Fem"/><!--  -->
<feat xlink:href="#tok_115" value="Acc.Sg.Fem"/><!--  -->
<feat xlink:href="#tok_116" value="--"/><!--  -->
<feat xlink:href="#tok_117" value="Dat.Pl.Masc"/><!--  -->
<feat xlink:href="#tok_118" value="Pos.Dat.Pl.Masc"/><!--  -->
<feat xlink:href="#tok_119" value="Dat.Pl.Masc"/><!--  -->
<feat xlink:href="#tok_120" value="3.Sg.Pres.Ind"/><!--  -->
<feat xlink:href="#tok_121" value="3.Nom.Sg.Neut"/><!--  -->
<feat xlink:href="#tok_122" value="--"/><!--  -->
<feat xlink:href="#tok_123" value="--"/><!--  -->
<feat xlink:href="#tok_124" value="--"/><!--  -->
<feat xlink:href="#tok_125" value="--"/><!--  -->
<feat xlink:href="#tok_126" value="--"/><!--  -->
<feat xlink:href="#tok_127" value="Nom.Pl.Masc"/><!--  -->
<feat xlink:href="#tok_128" value="Nom.Pl.Masc"/><!--  -->
<feat xlink:href="#tok_129" value="--"/><!--  -->
<feat xlink:href="#tok_130" value="Dat.Pl.Masc"/><!--  -->
<feat xlink:href="#tok_131" value="Pos.Dat.Pl.Masc"/><!--  -->
<feat xlink:href="#tok_132" value="Dat.Pl.Masc"/><!--  -->
<feat xlink:href="#tok_133" value="Psp"/><!--  -->
<feat xlink:href="#tok_134" value="3.Pl.Pres.Ind"/><!--  -->
<feat xlink:href="#tok_135" value="--"/><!--  -->
<feat xlink:href="#tok_136" value="3.Nom.Pl.Masc"/><!--  -->
<feat xlink:href="#tok_137" value="3.Pl.Pres.Ind"/><!--  -->
<feat xlink:href="#tok_138" value="3.Acc.Pl"/><!--  -->
<feat xlink:href="#tok_139" value="--"/><!--  -->
<feat xlink:href="#tok_140" value="Inf"/><!--  -->
<feat xlink:href="#tok_141" value="--"/><!--  -->
<feat xlink:href="#tok_142" value="--"/><!--  -->
<feat xlink:href="#tok_143" value="3.Nom.Pl.Masc"/><!--  -->
<feat xlink:href="#tok_144" value="--"/><!--  -->
<feat xlink:href="#tok_145" value="--"/><!--  -->
<feat xlink:href="#tok_146" value="Dat.Sg.Fem"/><!--  -->
<feat xlink:href="#tok_147" value="Dat.Sg.Fem"/><!--  -->
<feat xlink:href="#tok_148" value="--"/><!--  -->
<feat xlink:href="#tok_149" value="Pos.*.*.*"/><!--  -->
<feat xlink:href="#tok_150" value="Nom.Sg.Fem"/><!--  -->
<feat xlink:href="#tok_151" value="--"/><!--  -->
<feat xlink:href="#tok_152" value="3.Pl.Pres.Ind"/><!--  -->
<feat xlink:href="#tok_153" value="--"/><!--  -->
<feat xlink:href="#tok_154" value="--"/><!--  -->
<feat xlink:href="#tok_155" value="Nom.Sg.Neut"/><!--  -->
<feat xlink:href="#tok_156" value="3.Sg.Pres.Ind"/><!--  -->
<feat xlink:href="#tok_157" value="Pos"/><!--  -->
<feat xlink:href="#tok_158" value="--"/><!--  -->
<feat xlink:href="#tok_159" value="--"/><!--  -->
<feat xlink:href="#tok_160" value="--"/><!--  -->
<feat xlink:href="#tok_161" value="--"/><!--  -->
<feat xlink:href="#tok_162" value="Nom.Pl.Fem"/><!--  -->
<feat xlink:href="#tok_163" value="--"/><!--  -->
<feat xlink:href="#tok_164" value="Dat.Sg.Fem"/><!--  -->
<feat xlink:href="#tok_165" value="Dat.Sg.Fem"/><!--  -->
<feat xlink:href="#tok_166" value="--"/><!--  -->
<feat xlink:href="#tok_167" value="--"/><!--  -->
<feat xlink:href="#tok_168" value="Pos"/><!--  -->
<feat xlink:href="#tok_169" value="--"/><!--  -->
<feat xlink:href="#tok_170" value="--"/><!--  -->
<feat xlink:href="#tok_171" value="3.Acc.Pl"/><!--  -->
<feat xlink:href="#tok_172" value="--"/><!--  -->
<feat xlink:href="#tok_173" value="Dat.Sg.Masc"/><!--  -->
<feat xlink:href="#tok_174" value="Sup.Dat.Sg.Masc"/><!--  -->
<feat xlink:href="#tok_175" value="Dat.Sg.Masc"/><!--  -->
<feat xlink:href="#tok_176" value="Pos"/><!--  -->
<feat xlink:href="#tok_177" value="--"/><!--  -->
<feat xlink:href="#tok_178" value="Inf"/><!--  -->
<feat xlink:href="#tok_179" value="--"/><!--  -->
<feat xlink:href="#tok_180" value="3.Pl.Pres.Ind"/><!--  -->
<feat xlink:href="#tok_181" value="--"/><!--  -->
<feat xlink:href="#tok_182" value="Pos"/><!--  -->
<feat xlink:href="#tok_183" value="--"/><!--  -->
<feat xlink:href="#tok_184" value="--"/><!--  -->
<feat xlink:href="#tok_185" value="--"/><!--  -->
<feat xlink:href="#tok_186" value="Pos"/><!--  -->
<feat xlink:href="#tok_187" value="--"/><!--  -->
</featList>

</paula>
