<?xml version="1.0" standalone="no"?>


<!DOCTYPE paula SYSTEM "paula_feat.dtd">
<paula version="1.0">

<header paula_id="tiger.syntax.maz-4282_cat"/>

<featList xmlns:xlink="http://www.w3.org/1999/xlink" type="cat" xml:base="tiger.syntax.maz-4282.const.xml">

<feat xlink:href="#const_1" value="AVP"/>
<feat xlink:href="#const_2" value="S"/>
<feat xlink:href="#const_3" value="NP"/>
<feat xlink:href="#const_4" value="CAP"/>
<feat xlink:href="#const_5" value="NP"/>
<feat xlink:href="#const_6" value="NP"/>
<feat xlink:href="#const_7" value="AVP"/>
<feat xlink:href="#const_8" value="AP"/>
<feat xlink:href="#const_9" value="S"/>
<feat xlink:href="#const_10" value="PP"/>
<feat xlink:href="#const_11" value="PP"/>
<feat xlink:href="#const_12" value="CAP"/>
<feat xlink:href="#const_13" value="VP"/>
<feat xlink:href="#const_14" value="NP"/>
<feat xlink:href="#const_15" value="S"/>
<feat xlink:href="#const_16" value="S"/>
<feat xlink:href="#const_17" value="NP"/>
<feat xlink:href="#const_18" value="S"/>
<feat xlink:href="#const_19" value="NP"/>
<feat xlink:href="#const_20" value="PP"/>
<feat xlink:href="#const_21" value="NP"/>
<feat xlink:href="#const_22" value="S"/>
<feat xlink:href="#const_23" value="S"/>
<feat xlink:href="#const_24" value="NP"/>
<feat xlink:href="#const_25" value="NP"/>
<feat xlink:href="#const_26" value="NP"/>
<feat xlink:href="#const_27" value="AVP"/>
<feat xlink:href="#const_28" value="CNP"/>
<feat xlink:href="#const_29" value="VP"/>
<feat xlink:href="#const_30" value="AP"/>
<feat xlink:href="#const_31" value="VP"/>
<feat xlink:href="#const_32" value="CVP"/>
<feat xlink:href="#const_33" value="S"/>
<feat xlink:href="#const_34" value="NP"/>
<feat xlink:href="#const_35" value="S"/>
<feat xlink:href="#const_36" value="VP"/>
<feat xlink:href="#const_37" value="S"/>
<feat xlink:href="#const_38" value="VP"/>
<feat xlink:href="#const_39" value="NP"/>
<feat xlink:href="#const_40" value="PP"/>
<feat xlink:href="#const_41" value="S"/>
<feat xlink:href="#const_42" value="NP"/>
<feat xlink:href="#const_43" value="S"/>
<feat xlink:href="#const_44" value="PP"/>
<feat xlink:href="#const_45" value="AVP"/>
<feat xlink:href="#const_46" value="NP"/>
<feat xlink:href="#const_47" value="S"/>
<feat xlink:href="#const_48" value="NP"/>
<feat xlink:href="#const_49" value="PP"/>
<feat xlink:href="#const_50" value="NP"/>
<feat xlink:href="#const_51" value="VP"/>
<feat xlink:href="#const_52" value="PN"/>
<feat xlink:href="#const_53" value="S"/>
<feat xlink:href="#const_54" value="PP"/>
<feat xlink:href="#const_55" value="S"/>
<feat xlink:href="#const_56" value="PP"/>
<feat xlink:href="#const_57" value="VP"/>
<feat xlink:href="#const_58" value="S"/>
<feat xlink:href="#const_59" value="AVP"/>
<feat xlink:href="#const_60" value="CO"/>
<feat xlink:href="#const_61" value="S"/>
<feat xlink:href="#const_62" value="PP"/>
<feat xlink:href="#const_63" value="VP"/>
<feat xlink:href="#const_64" value="PP"/>
<feat xlink:href="#const_65" value="VZ"/>
<feat xlink:href="#const_66" value="VP"/>
<feat xlink:href="#const_67" value="CVP"/>
<feat xlink:href="#const_68" value="NP"/>
<feat xlink:href="#const_69" value="S"/>
<feat xlink:href="#const_70" value="S"/>
</featList>

</paula>
